{
    "dire_score": 24,
    "duration": 1594,
    "lobby_type": 7,
    "match_id": 7916170484,
    "metadata": null,
    "players": [
        {
            "abandons": 0,
            "actions_per_min": 224,
            "ancient_kills": 3,
            "assists": 12,
            "benchmarks": {
                "gold_per_min": {
                    "pct": 0.9175642807505212,
                    "raw": 484
                },
                "hero_damage_per_min": {
                    "pct": 0.8700486448922863,
                    "raw": 731.2547051442912
                },
                "hero_healing_per_min": {
                    "pct": 0.7868311327310632,
                    "raw": 85.8594730238394
                },
                "kills_per_min": {
                    "pct": 0.9253822098679638,
                    "raw": 0.26348808030112925
                },
                "last_hits_per_min": {
                    "pct": 0.9283356497567755,
                    "raw": 3.9146800501882058
                },
                "tower_damage": {
                    "pct": 0.9457088255733148,
                    "raw": 2385
                },
                "xp_per_min": {
                    "pct": 0.603544127866574,
                    "raw": 604
                }
            },
            "buyback_count": 0,
            "camps_stacked": 1,
            "courier_kills": 0,
            "creeps_stacked": 2,
            "deaths": 4,
            "denies": 10,
            "gold": 1872,
            "gold_per_min": 484,
            "gold_spent": 11245,
            "hero_damage": 19427,
            "hero_healing": 2281,
            "hero_id": 131,
            "hero_kills": 7,
            "hero_variant": 1,
            "is_roaming": false,
            "item_uses": {
                "bottle": 43,
                "branches": 1,
                "clarity": 2,
                "great_famango": 1,
                "magic_wand": 5,
                "manta": 2,
                "tango": 3,
                "tpscroll": 3,
                "ward_dispenser": 9,
                "ward_observer": 3,
                "ward_sentry": 1
            },
            "kda": 3.8,
            "kill_streaks": {
                "3": 1
            },
            "kills": 7,
            "kills_per_min": 0.26348808030112925,
            "lane": 2,
            "lane_efficiency": 0.8658043654001617,
            "lane_efficiency_pct": 86,
            "lane_kills": 94,
            "lane_role": 2,
            "last_hits": 104,
            "leaver_status": 0,
            "level": 17,
            "life_state": {
                "0": 1438,
                "1": 16,
                "2": 142
            },
            "life_state_dead": 158,
            "lose": 0,
            "multi_kills": {},
            "necronomicon_kills": 0,
            "net_worth": 12427,
            "neutral_kills": 13,
            "neutral_tokens_log": [],
            "obs": {
                "118": {
                    "126": 1
                },
                "124": {
                    "131": 1
                },
                "144": {
                    "122": 1
                }
            },
            "obs_left_log": [
                {
                    "attackername": "npc_dota_hero_ringmaster",
                    "ehandle": 13125867,
                    "entityleft": true,
                    "key": "[118,126]",
                    "player_slot": 0,
                    "slot": 0,
                    "time": 470,
                    "type": "obs_left_log",
                    "x": 118.3,
                    "y": 126.4,
                    "z": 129
                },
                {
                    "attackername": "npc_dota_hero_ringmaster",
                    "ehandle": 12289770,
                    "entityleft": true,
                    "key": "[144,122]",
                    "player_slot": 0,
                    "slot": 0,
                    "time": 805,
                    "type": "obs_left_log",
                    "x": 144,
                    "y": 122.1,
                    "z": 132.1
                },
                {
                    "attackername": "npc_dota_hero_ringmaster",
                    "ehandle": 11683746,
                    "entityleft": true,
                    "key": "[124,131]",
                    "player_slot": 0,
                    "slot": 0,
                    "time": 901,
                    "type": "obs_left_log",
                    "x": 123.9,
                    "y": 130.6,
                    "z": 129
                }
            ],
            "obs_log": [
                {
                    "ehandle": 13125867,
                    "entityleft": false,
                    "key": "[118,126]",
                    "player_slot": 0,
                    "slot": 0,
                    "time": 110,
                    "type": "obs_log",
                    "x": 118.3,
                    "y": 126.4,
                    "z": 129
                },
                {
                    "ehandle": 12289770,
                    "entityleft": false,
                    "key": "[144,122]",
                    "player_slot": 0,
                    "slot": 0,
                    "time": 445,
                    "type": "obs_log",
                    "x": 144,
                    "y": 122.1,
                    "z": 132.1
                },
                {
                    "ehandle": 11683746,
                    "entityleft": false,
                    "key": "[124,131]",
                    "player_slot": 0,
                    "slot": 0,
                    "time": 541,
                    "type": "obs_log",
                    "x": 123.9,
                    "y": 130.6,
                    "z": 129
                }
            ],
            "obs_placed": 3,
            "observer_kills": 2,
            "observer_uses": 3,
            "observers_placed": 3,
            "pings": 10,
            "player_slot": 0,
            "purchase": {
                "blade_of_alacrity": 1,
                "blitz_knuckles": 1,
                "boots": 1,
                "boots_of_elves": 1,
                "bottle": 1,
                "branches": 3,
                "chainmail": 1,
                "circlet": 1,
                "clarity": 2,
                "diadem": 1,
                "gloves": 1,
                "great_famango": 1,
                "magic_stick": 1,
                "magic_wand": 1,
                "manta": 1,
                "mantle": 2,
                "null_talisman": 1,
                "oblivion_staff": 1,
                "power_treads": 1,
                "recipe_magic_wand": 1,
                "recipe_manta": 1,
                "recipe_null_talisman": 2,
                "recipe_witch_blade": 1,
                "recipe_yasha": 1,
                "robe": 2,
                "sobi_mask": 1,
                "tango": 1,
                "ward_dispenser": 3,
                "ward_observer": 3,
                "ward_sentry": 2,
                "witch_blade": 1,
                "yasha": 1
            },
            "purchase_ward_observer": 3,
            "purchase_ward_sentry": 2,
            "rank_tier": null,
            "roshan_kills": 0,
            "rune_pickups": 10,
            "runes": {
                "2": 1,
                "4": 1,
                "5": 3,
                "6": 1,
                "7": 2,
                "8": 1,
                "9": 1
            },
            "sen": {
                "122": {
                    "130": 1
                },
                "127": {
                    "114": 1
                },
                "131": {
                    "124": 1
                },
                "138": {
                    "124": 1
                }
            },
            "sen_left_log": [
                {
                    "attackername": "npc_dota_hero_ringmaster",
                    "ehandle": 15581701,
                    "entityleft": true,
                    "key": "[131,124]",
                    "player_slot": 0,
                    "slot": 0,
                    "time": 363,
                    "type": "sen_left_log",
                    "x": 131,
                    "y": 123.6,
                    "z": 128
                },
                {
                    "attackername": "npc_dota_hero_ringmaster",
                    "ehandle": 10979525,
                    "entityleft": true,
                    "key": "[122,130]",
                    "player_slot": 0,
                    "slot": 0,
                    "time": 526,
                    "type": "sen_left_log",
                    "x": 121.8,
                    "y": 130.1,
                    "z": 128
                },
                {
                    "attackername": "npc_dota_hero_ringmaster",
                    "ehandle": 2688708,
                    "entityleft": true,
                    "key": "[127,114]",
                    "player_slot": 0,
                    "slot": 0,
                    "time": 608,
                    "type": "sen_left_log",
                    "x": 126.9,
                    "y": 114.3,
                    "z": 130
                },
                {
                    "attackername": "npc_dota_hero_ringmaster",
                    "ehandle": 11814773,
                    "entityleft": true,
                    "key": "[138,124]",
                    "player_slot": 0,
                    "slot": 0,
                    "time": 863,
                    "type": "sen_left_log",
                    "x": 137.5,
                    "y": 123.7,
                    "z": 128.9
                }
            ],
            "sen_log": [
                {
                    "ehandle": 15581701,
                    "entityleft": false,
                    "key": "[131,124]",
                    "player_slot": 0,
                    "slot": 0,
                    "time": -57,
                    "type": "sen_log",
                    "x": 131,
                    "y": 123.6,
                    "z": 128
                },
                {
                    "ehandle": 10979525,
                    "entityleft": false,
                    "key": "[122,130]",
                    "player_slot": 0,
                    "slot": 0,
                    "time": 106,
                    "type": "sen_log",
                    "x": 121.8,
                    "y": 130.1,
                    "z": 128
                },
                {
                    "ehandle": 2688708,
                    "entityleft": false,
                    "key": "[127,114]",
                    "player_slot": 0,
                    "slot": 0,
                    "time": 188,
                    "type": "sen_log",
                    "x": 126.9,
                    "y": 114.3,
                    "z": 130
                },
                {
                    "ehandle": 11814773,
                    "entityleft": false,
                    "key": "[138,124]",
                    "player_slot": 0,
                    "slot": 0,
                    "time": 443,
                    "type": "sen_log",
                    "x": 137.5,
                    "y": 123.7,
                    "z": 128.9
                }
            ],
            "sen_placed": 4,
            "sentry_kills": 0,
            "sentry_uses": 1,
            "stuns": 44.76693,
            "teamfight_participation": 0.4871795,
            "total_gold": 12858,
            "total_xp": 16046,
            "tower_damage": 2385,
            "tower_kills": 1,
            "win": 1,
            "xp_per_min": 604
        },
        {
            "abandons": 0,
            "account_id": 274391892,
            "actions_per_min": 194,
            "ancient_kills": 0,
            "assists": 15,
            "benchmarks": {
                "gold_per_min": {
                    "pct": 0.1090245174752217,
                    "raw": 320
                },
                "hero_damage_per_min": {
                    "pct": 0.1784037558685446,
                    "raw": 390.8657465495608
                },
                "hero_healing_per_min": {
                    "pct": 0.995565988523735,
                    "raw": 52.99874529485571
                },
                "kills_per_min": {
                    "pct": 0.4029733959311424,
                    "raw": 0.15056461731493098
                },
                "last_hits_per_min": {
                    "pct": 0.0693792383933229,
                    "raw": 1.2045169385194479
                },
                "tower_damage": {
                    "pct": 0.47861241523213355,
                    "raw": 2075
                },
                "xp_per_min": {
                    "pct": 0.1356285863328117,
                    "raw": 438
                }
            },
            "buyback_count": 0,
            "camps_stacked": 0,
            "courier_kills": 0,
            "creeps_stacked": 0,
            "deaths": 5,
            "denies": 4,
            "gold": 556,
            "gold_per_min": 320,
            "gold_spent": 8160,
            "hero_damage": 10384,
            "hero_healing": 1408,
            "hero_id": 74,
            "hero_kills": 4,
            "hero_variant": 1,
            "is_roaming": false,
            "item_uses": {
                "blink": 1,
                "blood_grenade": 1,
                "branches": 1,
                "clarity": 1,
                "enchanted_mango": 1,
                "spirit_vessel": 10,
                "tango": 12,
                "tpscroll": 4,
                "ward_dispenser": 16,
                "ward_sentry": 5
            },
            "kda": 3.17,
            "kill_streaks": {},
            "kills": 4,
            "kills_per_min": 0.15056461731493098,
            "lane": 1,
            "lane_efficiency": 0.43270008084074374,
            "lane_efficiency_pct": 43,
            "lane_kills": 20,
            "lane_role": 1,
            "last_hits": 32,
            "leaver_status": 0,
            "level": 14,
            "life_state": {
                "0": 1443,
                "1": 18,
                "2": 135
            },
            "life_state_dead": 153,
            "lose": 0,
            "multi_kills": {},
            "necronomicon_kills": 0,
            "net_worth": 7741,
            "neutral_kills": 9,
            "neutral_tokens_log": [],
            "obs": {
                "122": {
                    "156": 3
                },
                "136": {
                    "154": 1
                },
                "166": {
                    "151": 1
                },
                "174": {
                    "163": 1
                }
            },
            "obs_left_log": [
                {
                    "attackername": "npc_dota_hero_techies",
                    "ehandle": 8849639,
                    "entityleft": true,
                    "key": "[122,156]",
                    "player_slot": 1,
                    "slot": 1,
                    "time": 895,
                    "type": "obs_left_log",
                    "x": 121.9,
                    "y": 156,
                    "z": 132.1
                },
                {
                    "attackername": "npc_dota_hero_rubick",
                    "ehandle": 1984872,
                    "entityleft": true,
                    "key": "[136,154]",
                    "player_slot": 1,
                    "slot": 1,
                    "time": 947,
                    "type": "obs_left_log",
                    "x": 136,
                    "y": 153.9,
                    "z": 131.1
                },
                {
                    "attackername": "npc_dota_hero_dark_willow",
                    "ehandle": 13977961,
                    "entityleft": true,
                    "key": "[122,156]",
                    "player_slot": 1,
                    "slot": 1,
                    "time": 1071,
                    "type": "obs_left_log",
                    "x": 121.9,
                    "y": 156.1,
                    "z": 132.1
                }
            ],
            "obs_log": [
                {
                    "ehandle": 8849639,
                    "entityleft": false,
                    "key": "[122,156]",
                    "player_slot": 1,
                    "slot": 1,
                    "time": 753,
                    "type": "obs_log",
                    "x": 121.9,
                    "y": 156,
                    "z": 132.1
                },
                {
                    "ehandle": 13977961,
                    "entityleft": false,
                    "key": "[122,156]",
                    "player_slot": 1,
                    "slot": 1,
                    "time": 929,
                    "type": "obs_log",
                    "x": 121.9,
                    "y": 156.1,
                    "z": 132.1
                },
                {
                    "ehandle": 1984872,
                    "entityleft": false,
                    "key": "[136,154]",
                    "player_slot": 1,
                    "slot": 1,
                    "time": 937,
                    "type": "obs_log",
                    "x": 136,
                    "y": 153.9,
                    "z": 131.1
                },
                {
                    "ehandle": 10389934,
                    "entityleft": false,
                    "key": "[122,156]",
                    "player_slot": 1,
                    "slot": 1,
                    "time": 1272,
                    "type": "obs_log",
                    "x": 121.9,
                    "y": 156,
                    "z": 132.1
                },
                {
                    "ehandle": 1214175,
                    "entityleft": false,
                    "key": "[166,151]",
                    "player_slot": 1,
                    "slot": 1,
                    "time": 1430,
                    "type": "obs_log",
                    "x": 165.5,
                    "y": 150.9,
                    "z": 130
                },
                {
                    "ehandle": 8358213,
                    "entityleft": false,
                    "key": "[174,163]",
                    "player_slot": 1,
                    "slot": 1,
                    "time": 1563,
                    "type": "obs_log",
                    "x": 173.8,
                    "y": 163.4,
                    "z": 130
                }
            ],
            "obs_placed": 6,
            "observer_kills": 3,
            "observer_uses": 0,
            "observers_placed": 6,
            "pings": 7,
            "player_slot": 1,
            "purchase": {
                "aghanims_shard": 1,
                "blink": 1,
                "blood_grenade": 1,
                "boots": 1,
                "branches": 1,
                "circlet": 1,
                "clarity": 1,
                "enchanted_mango": 1,
                "fluffy_hat": 1,
                "recipe_spirit_vessel": 1,
                "recipe_urn_of_shadows": 1,
                "ring_of_protection": 1,
                "sobi_mask": 1,
                "spirit_vessel": 1,
                "tango": 4,
                "urn_of_shadows": 1,
                "vitality_booster": 1,
                "ward_dispenser": 11,
                "ward_observer": 6,
                "ward_sentry": 9
            },
            "purchase_ward_observer": 6,
            "purchase_ward_sentry": 9,
            "rank_tier": 43,
            "roshan_kills": 0,
            "rune_pickups": 6,
            "runes": {
                "3": 1,
                "5": 5
            },
            "sen": {
                "122": {
                    "156": 2
                },
                "124": {
                    "140": 1
                },
                "136": {
                    "154": 1
                },
                "158": {
                    "92": 1
                },
                "166": {
                    "97": 1
                },
                "169": {
                    "164": 1
                },
                "171": {
                    "163": 1
                },
                "174": {
                    "163": 1
                }
            },
            "sen_left_log": [
                {
                    "attackername": "npc_dota_hero_invoker",
                    "ehandle": 6621212,
                    "entityleft": true,
                    "key": "[158,92]",
                    "player_slot": 1,
                    "slot": 1,
                    "time": 603,
                    "type": "sen_left_log",
                    "x": 158.3,
                    "y": 91.7,
                    "z": 132.2
                },
                {
                    "attackername": "npc_dota_hero_invoker",
                    "ehandle": 6949277,
                    "entityleft": true,
                    "key": "[166,97]",
                    "player_slot": 1,
                    "slot": 1,
                    "time": 794,
                    "type": "sen_left_log",
                    "x": 166,
                    "y": 96.8,
                    "z": 129
                },
                {
                    "attackername": "npc_dota_hero_dark_willow",
                    "ehandle": 13402957,
                    "entityleft": true,
                    "key": "[122,156]",
                    "player_slot": 1,
                    "slot": 1,
                    "time": 882,
                    "type": "sen_left_log",
                    "x": 122,
                    "y": 156.1,
                    "z": 132.1
                },
                {
                    "attackername": "npc_dota_hero_dark_willow",
                    "ehandle": 4933335,
                    "entityleft": true,
                    "key": "[136,154]",
                    "player_slot": 1,
                    "slot": 1,
                    "time": 1014,
                    "type": "sen_left_log",
                    "x": 135.8,
                    "y": 153.9,
                    "z": 131.1
                },
                {
                    "attackername": "npc_dota_hero_dark_willow",
                    "ehandle": 345774,
                    "entityleft": true,
                    "key": "[122,156]",
                    "player_slot": 1,
                    "slot": 1,
                    "time": 1069,
                    "type": "sen_left_log",
                    "x": 121.8,
                    "y": 156.1,
                    "z": 132.1
                },
                {
                    "attackername": "npc_dota_hero_invoker",
                    "ehandle": 12355936,
                    "entityleft": true,
                    "key": "[124,140]",
                    "player_slot": 1,
                    "slot": 1,
                    "time": 1545,
                    "type": "sen_left_log",
                    "x": 124.1,
                    "y": 140.1,
                    "z": 129
                }
            ],
            "sen_log": [
                {
                    "ehandle": 6621212,
                    "entityleft": false,
                    "key": "[158,92]",
                    "player_slot": 1,
                    "slot": 1,
                    "time": 183,
                    "type": "sen_log",
                    "x": 158.3,
                    "y": 91.7,
                    "z": 132.2
                },
                {
                    "ehandle": 6949277,
                    "entityleft": false,
                    "key": "[166,97]",
                    "player_slot": 1,
                    "slot": 1,
                    "time": 374,
                    "type": "sen_log",
                    "x": 166,
                    "y": 96.8,
                    "z": 129
                },
                {
                    "ehandle": 13402957,
                    "entityleft": false,
                    "key": "[122,156]",
                    "player_slot": 1,
                    "slot": 1,
                    "time": 771,
                    "type": "sen_log",
                    "x": 122,
                    "y": 156.1,
                    "z": 132.1
                },
                {
                    "ehandle": 345774,
                    "entityleft": false,
                    "key": "[122,156]",
                    "player_slot": 1,
                    "slot": 1,
                    "time": 927,
                    "type": "sen_log",
                    "x": 121.8,
                    "y": 156.1,
                    "z": 132.1
                },
                {
                    "ehandle": 4933335,
                    "entityleft": false,
                    "key": "[136,154]",
                    "player_slot": 1,
                    "slot": 1,
                    "time": 935,
                    "type": "sen_log",
                    "x": 135.8,
                    "y": 153.9,
                    "z": 131.1
                },
                {
                    "ehandle": 12355936,
                    "entityleft": false,
                    "key": "[124,140]",
                    "player_slot": 1,
                    "slot": 1,
                    "time": 1124,
                    "type": "sen_log",
                    "x": 124.1,
                    "y": 140.1,
                    "z": 129
                },
                {
                    "ehandle": 8801185,
                    "entityleft": false,
                    "key": "[174,163]",
                    "player_slot": 1,
                    "slot": 1,
                    "time": 1563,
                    "type": "sen_log",
                    "x": 173.5,
                    "y": 163.4,
                    "z": 130
                },
                {
                    "ehandle": 853624,
                    "entityleft": false,
                    "key": "[171,163]",
                    "player_slot": 1,
                    "slot": 1,
                    "time": 1564,
                    "type": "sen_log",
                    "x": 170.7,
                    "y": 162.7,
                    "z": 130
                },
                {
                    "ehandle": 11880344,
                    "entityleft": false,
                    "key": "[169,164]",
                    "player_slot": 1,
                    "slot": 1,
                    "time": 1565,
                    "type": "sen_log",
                    "x": 169.3,
                    "y": 163.6,
                    "z": 130
                }
            ],
            "sen_placed": 9,
            "sentry_kills": 4,
            "sentry_uses": 5,
            "stuns": 40.332508,
            "teamfight_participation": 0.46153846,
            "total_gold": 8501,
            "total_xp": 11636,
            "tower_damage": 2075,
            "tower_kills": 0,
            "win": 1,
            "xp_per_min": 438
        },
        {
            "abandons": 0,
            "actions_per_min": 116,
            "ancient_kills": 20,
            "assists": 8,
            "benchmarks": {
                "gold_per_min": {
                    "pct": 0.8565459610027855,
                    "raw": 707
                },
                "hero_damage_per_min": {
                    "pct": 0.7298050139275766,
                    "raw": 731.1041405269762
                },
                "hero_healing_per_min": {
                    "pct": 0.8969359331476323,
                    "raw": 0
                },
                "kills_per_min": {
                    "pct": 0.8607242339832869,
                    "raw": 0.33877038895859474
                },
                "last_hits_per_min": {
                    "pct": 0.9665738161559888,
                    "raw": 10.765370138017566
                },
                "tower_damage": {
                    "pct": 0.6504178272980501,
                    "raw": 10261
                },
                "xp_per_min": {
                    "pct": 0.7200557103064067,
                    "raw": 814
                }
            },
            "buyback_count": 0,
            "camps_stacked": 2,
            "courier_kills": 0,
            "creeps_stacked": 6,
            "deaths": 0,
            "denies": 22,
            "gold": 2701,
            "gold_per_min": 707,
            "gold_spent": 17110,
            "hero_damage": 19423,
            "hero_healing": 0,
            "hero_id": 109,
            "hero_kills": 7,
            "hero_variant": 2,
            "is_roaming": false,
            "item_uses": {
                "branches": 1,
                "famango": 2,
                "flask": 1,
                "magic_wand": 7,
                "power_treads": 55,
                "quelling_blade": 8,
                "tango": 6,
                "tpscroll": 1
            },
            "kda": 17,
            "kill_streaks": {
                "3": 1,
                "4": 1,
                "5": 1,
                "6": 1,
                "7": 1,
                "8": 1,
                "9": 1
            },
            "kills": 9,
            "kills_per_min": 0.33877038895859474,
            "lane": 1,
            "lane_efficiency": 0.8763136620856912,
            "lane_efficiency_pct": 87,
            "lane_kills": 151,
            "lane_role": 1,
            "last_hits": 286,
            "leaver_status": 0,
            "level": 20,
            "life_state": {
                "0": 1596
            },
            "life_state_dead": 0,
            "lose": 0,
            "multi_kills": {
                "2": 2
            },
            "necronomicon_kills": 0,
            "net_worth": 18806,
            "neutral_kills": 128,
            "neutral_tokens_log": [
                {
                    "key": "Tier1Token",
                    "time": 614
                },
                {
                    "key": "Tier1Token",
                    "time": 616
                },
                {
                    "key": "Tier1Token",
                    "time": 653
                },
                {
                    "key": "Tier1Token",
                    "time": 725
                },
                {
                    "key": "Tier2Token",
                    "time": 1023
                },
                {
                    "key": "Tier2Token",
                    "time": 1112
                },
                {
                    "key": "Tier2Token",
                    "time": 1214
                },
                {
                    "key": "Tier2Token",
                    "time": 1271
                },
                {
                    "key": "Tier2Token",
                    "time": 1291
                }
            ],
            "obs": {},
            "obs_left_log": [],
            "obs_log": [],
            "obs_placed": 0,
            "observer_kills": 1,
            "observer_uses": 0,
            "observers_placed": 0,
            "pings": 4,
            "player_slot": 2,
            "purchase": {
                "belt_of_strength": 2,
                "blade_of_alacrity": 2,
                "boots": 1,
                "boots_of_elves": 2,
                "branches": 4,
                "circlet": 1,
                "claymore": 1,
                "dragon_lance": 1,
                "flask": 1,
                "gloves": 1,
                "infused_raindrop": 1,
                "lifesteal": 1,
                "magic_stick": 2,
                "magic_wand": 1,
                "ogre_axe": 1,
                "point_booster": 1,
                "power_treads": 1,
                "quelling_blade": 2,
                "recipe_dragon_lance": 1,
                "recipe_magic_wand": 1,
                "recipe_sange": 1,
                "recipe_skadi": 1,
                "recipe_wraith_band": 1,
                "recipe_yasha": 1,
                "sange": 1,
                "sange_and_yasha": 1,
                "skadi": 1,
                "slippers": 1,
                "tango": 2,
                "tpscroll": 1,
                "ultimate_orb": 1,
                "wraith_band": 1,
                "yasha": 1
            },
            "purchase_tpscroll": 1,
            "rank_tier": null,
            "roshan_kills": 0,
            "rune_pickups": 4,
            "runes": {
                "1": 1,
                "5": 3
            },
            "sen": {},
            "sen_left_log": [],
            "sen_log": [],
            "sen_placed": 0,
            "sentry_kills": 1,
            "sentry_uses": 0,
            "stuns": 0,
            "teamfight_participation": 0.43589744,
            "total_gold": 18782,
            "total_xp": 21625,
            "tower_damage": 10261,
            "tower_kills": 3,
            "win": 1,
            "xp_per_min": 814
        },
        {
            "abandons": 0,
            "actions_per_min": 313,
            "ancient_kills": 0,
            "assists": 16,
            "benchmarks": {
                "gold_per_min": {
                    "pct": 0.4219047619047619,
                    "raw": 398
                },
                "hero_damage_per_min": {
                    "pct": 0.8452380952380952,
                    "raw": 1016.7252195734003
                },
                "hero_healing_per_min": {
                    "pct": 0.7176190476190476,
                    "raw": 0
                },
                "kills_per_min": {
                    "pct": 0.9861904761904762,
                    "raw": 0.45169385194479295
                },
                "last_hits_per_min": {
                    "pct": 0.09714285714285714,
                    "raw": 1.2797992471769135
                },
                "tower_damage": {
                    "pct": 0.37952380952380954,
                    "raw": 313
                },
                "xp_per_min": {
                    "pct": 0.22,
                    "raw": 426
                }
            },
            "buyback_count": 0,
            "camps_stacked": 0,
            "courier_kills": 1,
            "creeps_stacked": 0,
            "deaths": 5,
            "denies": 4,
            "gold": 1580,
            "gold_per_min": 398,
            "gold_spent": 9400,
            "hero_damage": 27011,
            "hero_healing": 0,
            "hero_id": 105,
            "hero_kills": 12,
            "hero_variant": 2,
            "is_roaming": false,
            "item_uses": {
                "arcane_boots": 13,
                "arcane_ring": 10,
                "blood_grenade": 3,
                "clarity": 3,
                "ethereal_blade": 2,
                "faerie_fire": 1,
                "famango": 1,
                "flask": 1,
                "ghost": 1,
                "smoke_of_deceit": 2,
                "tango": 3,
                "tango_single": 1,
                "tpscroll": 7,
                "ward_dispenser": 6,
                "ward_observer": 2,
                "ward_sentry": 1
            },
            "kda": 4.67,
            "kill_streaks": {
                "3": 2,
                "4": 1
            },
            "kills": 12,
            "kills_per_min": 0.451693851944793,
            "lane": 3,
            "lane_efficiency": 0.6143896523848019,
            "lane_efficiency_pct": 61,
            "lane_kills": 27,
            "lane_role": 3,
            "last_hits": 34,
            "leaver_status": 0,
            "level": 14,
            "life_state": {
                "0": 1464,
                "1": 6,
                "2": 126
            },
            "life_state_dead": 132,
            "lose": 0,
            "multi_kills": {},
            "necronomicon_kills": 0,
            "net_worth": 9870,
            "neutral_kills": 3,
            "neutral_tokens_log": [],
            "obs": {
                "180": {
                    "167": 1
                },
                "83": {
                    "174": 1
                }
            },
            "obs_left_log": [
                {
                    "attackername": "npc_dota_hero_techies",
                    "ehandle": 442893,
                    "entityleft": true,
                    "key": "[83,174]",
                    "player_slot": 3,
                    "slot": 3,
                    "time": 309,
                    "type": "obs_left_log",
                    "x": 82.6,
                    "y": 174.2,
                    "z": 129
                }
            ],
            "obs_log": [
                {
                    "ehandle": 442893,
                    "entityleft": false,
                    "key": "[83,174]",
                    "player_slot": 3,
                    "slot": 3,
                    "time": -51,
                    "type": "obs_log",
                    "x": 82.6,
                    "y": 174.2,
                    "z": 129
                },
                {
                    "ehandle": 12076851,
                    "entityleft": false,
                    "key": "[180,167]",
                    "player_slot": 3,
                    "slot": 3,
                    "time": 1553,
                    "type": "obs_log",
                    "x": 180.2,
                    "y": 166.8,
                    "z": 130
                }
            ],
            "obs_placed": 2,
            "observer_kills": 2,
            "observer_uses": 2,
            "observers_placed": 2,
            "pings": 16,
            "player_slot": 3,
            "purchase": {
                "aether_lens": 1,
                "arcane_boots": 1,
                "blood_grenade": 3,
                "boots": 1,
                "bracer": 3,
                "circlet": 4,
                "clarity": 3,
                "energy_booster": 1,
                "ethereal_blade": 1,
                "faerie_fire": 1,
                "flask": 1,
                "gauntlets": 3,
                "ghost": 1,
                "recipe_aether_lens": 1,
                "recipe_arcane_boots": 1,
                "recipe_bracer": 3,
                "recipe_ethereal_blade": 1,
                "recipe_ring_of_basilius": 1,
                "ring_of_basilius": 1,
                "smoke_of_deceit": 2,
                "sobi_mask": 1,
                "tango": 1,
                "tpscroll": 2,
                "void_stone": 1,
                "ward_dispenser": 3,
                "ward_observer": 2,
                "ward_sentry": 4
            },
            "purchase_tpscroll": 2,
            "purchase_ward_observer": 2,
            "purchase_ward_sentry": 4,
            "rank_tier": null,
            "roshan_kills": 0,
            "rune_pickups": 3,
            "runes": {
                "4": 1,
                "5": 1,
                "8": 1
            },
            "sen": {
                "129": {
                    "154": 1
                },
                "130": {
                    "154": 1
                },
                "141": {
                    "140": 1
                },
                "83": {
                    "153": 1
                }
            },
            "sen_left_log": [
                {
                    "attackername": "npc_dota_hero_dark_willow",
                    "ehandle": 10618894,
                    "entityleft": true,
                    "key": "[83,153]",
                    "player_slot": 3,
                    "slot": 3,
                    "time": 575,
                    "type": "sen_left_log",
                    "x": 83.2,
                    "y": 153,
                    "z": 129
                },
                {
                    "attackername": "npc_dota_hero_dark_willow",
                    "ehandle": 6899661,
                    "entityleft": true,
                    "key": "[129,154]",
                    "player_slot": 3,
                    "slot": 3,
                    "time": 1373,
                    "type": "sen_left_log",
                    "x": 128.6,
                    "y": 154.1,
                    "z": 129
                },
                {
                    "attackername": "npc_dota_hero_rubick",
                    "ehandle": 6095688,
                    "entityleft": true,
                    "key": "[141,140]",
                    "player_slot": 3,
                    "slot": 3,
                    "time": 1379,
                    "type": "sen_left_log",
                    "x": 141.1,
                    "y": 140.4,
                    "z": 129
                }
            ],
            "sen_log": [
                {
                    "ehandle": 10618894,
                    "entityleft": false,
                    "key": "[83,153]",
                    "player_slot": 3,
                    "slot": 3,
                    "time": 408,
                    "type": "sen_log",
                    "x": 83.2,
                    "y": 153,
                    "z": 129
                },
                {
                    "ehandle": 6899661,
                    "entityleft": false,
                    "key": "[129,154]",
                    "player_slot": 3,
                    "slot": 3,
                    "time": 1266,
                    "type": "sen_log",
                    "x": 128.6,
                    "y": 154.1,
                    "z": 129
                },
                {
                    "ehandle": 6095688,
                    "entityleft": false,
                    "key": "[141,140]",
                    "player_slot": 3,
                    "slot": 3,
                    "time": 1287,
                    "type": "sen_log",
                    "x": 141.1,
                    "y": 140.4,
                    "z": 129
                },
                {
                    "ehandle": 6047615,
                    "entityleft": false,
                    "key": "[130,154]",
                    "player_slot": 3,
                    "slot": 3,
                    "time": 1396,
                    "type": "sen_log",
                    "x": 129.5,
                    "y": 154.1,
                    "z": 129
                }
            ],
            "sen_placed": 4,
            "sentry_kills": 4,
            "sentry_uses": 1,
            "stuns": 23.033094,
            "teamfight_participation": 0.71794873,
            "total_gold": 10573,
            "total_xp": 11317,
            "tower_damage": 313,
            "tower_kills": 0,
            "win": 1,
            "xp_per_min": 426
        },
        {
            "abandons": 0,
            "account_id": 1312635351,
            "actions_per_min": 344,
            "ancient_kills": 0,
            "assists": 19,
            "benchmarks": {
                "gold_per_min": {
                    "pct": 0.5565052231718899,
                    "raw": 501
                },
                "hero_damage_per_min": {
                    "pct": 0.8817663817663818,
                    "raw": 911.3299874529486
                },
                "hero_healing_per_min": {
                    "pct": 0.9482431149097815,
                    "raw": 0
                },
                "kills_per_min": {
                    "pct": 0.8922127255460589,
                    "raw": 0.26348808030112925
                },
                "last_hits_per_min": {
                    "pct": 0.4249762583095916,
                    "raw": 4.51693851944793
                },
                "tower_damage": {
                    "pct": 0.46676163342830007,
                    "raw": 1659
                },
                "xp_per_min": {
                    "pct": 0.36894586894586895,
                    "raw": 566
                }
            },
            "buyback_count": 0,
            "camps_stacked": 0,
            "courier_kills": 0,
            "creeps_stacked": 0,
            "deaths": 10,
            "denies": 8,
            "gold": 2814,
            "gold_per_min": 501,
            "gold_spent": 9855,
            "hero_damage": 24211,
            "hero_healing": 0,
            "hero_id": 96,
            "hero_kills": 7,
            "hero_variant": 2,
            "is_roaming": false,
            "item_uses": {
                "blade_mail": 14,
                "blink": 14,
                "clarity": 1,
                "famango": 1,
                "heavens_halberd": 2,
                "tango": 3,
                "tpscroll": 11
            },
            "kda": 2.36,
            "kill_streaks": {},
            "kills": 7,
            "kills_per_min": 0.26348808030112925,
            "lane": 3,
            "lane_efficiency": 0.8009296685529507,
            "lane_efficiency_pct": 80,
            "lane_kills": 105,
            "lane_role": 3,
            "last_hits": 120,
            "leaver_status": 0,
            "level": 16,
            "life_state": {
                "0": 1293,
                "1": 36,
                "2": 267
            },
            "life_state_dead": 303,
            "lose": 0,
            "multi_kills": {
                "2": 1
            },
            "necronomicon_kills": 0,
            "net_worth": 12479,
            "neutral_kills": 20,
            "neutral_tokens_log": [
                {
                    "key": "Tier1Token",
                    "time": 515
                },
                {
                    "key": "Tier1Token",
                    "time": 786
                }
            ],
            "obs": {},
            "obs_left_log": [],
            "obs_log": [],
            "obs_placed": 0,
            "observer_kills": 0,
            "observer_uses": 0,
            "observers_placed": 0,
            "pings": 23,
            "player_slot": 4,
            "purchase": {
                "belt_of_strength": 1,
                "blade_mail": 1,
                "blink": 1,
                "bracer": 3,
                "branches": 1,
                "broadsword": 1,
                "chainmail": 1,
                "circlet": 3,
                "clarity": 1,
                "gauntlets": 3,
                "heavens_halberd": 1,
                "ogre_axe": 1,
                "recipe_blade_mail": 1,
                "recipe_bracer": 3,
                "recipe_heavens_halberd": 1,
                "recipe_sange": 1,
                "sange": 1,
                "talisman_of_evasion": 1,
                "tango": 1,
                "tpscroll": 1
            },
            "purchase_tpscroll": 1,
            "rank_tier": 54,
            "roshan_kills": 0,
            "rune_pickups": 1,
            "runes": {
                "8": 1
            },
            "sen": {},
            "sen_left_log": [],
            "sen_log": [],
            "sen_placed": 0,
            "sentry_kills": 0,
            "sentry_uses": 0,
            "stuns": 52.867134,
            "teamfight_participation": 0.6666667,
            "total_gold": 13309,
            "total_xp": 15036,
            "tower_damage": 1659,
            "tower_kills": 0,
            "win": 1,
            "xp_per_min": 566
        },
        {
            "abandons": 0,
            "actions_per_min": 397,
            "ancient_kills": 0,
            "assists": 7,
            "benchmarks": {
                "gold_per_min": {
                    "pct": 0.20246153846153847,
                    "raw": 381
                },
                "hero_damage_per_min": {
                    "pct": 0.5163076923076924,
                    "raw": 505.14429109159346
                },
                "hero_healing_per_min": {
                    "pct": 0.8929230769230769,
                    "raw": 0
                },
                "kills_per_min": {
                    "pct": 0.928,
                    "raw": 0.30112923462986196
                },
                "last_hits_per_min": {
                    "pct": 0.1286153846153846,
                    "raw": 2.8983688833124215
                },
                "tower_damage": {
                    "pct": 0.1396923076923077,
                    "raw": 0
                },
                "xp_per_min": {
                    "pct": 0.07692307692307693,
                    "raw": 357
                }
            },
            "buyback_count": 0,
            "camps_stacked": 0,
            "courier_kills": 0,
            "creeps_stacked": 0,
            "deaths": 10,
            "denies": 7,
            "gold": 581,
            "gold_per_min": 381,
            "gold_spent": 9370,
            "hero_damage": 13420,
            "hero_healing": 0,
            "hero_id": 129,
            "hero_kills": 8,
            "hero_variant": 1,
            "is_roaming": false,
            "item_uses": {
                "blink": 13,
                "bottle": 26,
                "magic_wand": 7,
                "phase_boots": 53,
                "tango": 3,
                "tpscroll": 10,
                "ward_observer": 3
            },
            "kda": 1.36,
            "kill_streaks": {
                "3": 1,
                "4": 1,
                "5": 1
            },
            "kills": 8,
            "kills_per_min": 0.30112923462986196,
            "lane": 2,
            "lane_efficiency": 0.6818916734033953,
            "lane_efficiency_pct": 68,
            "lane_kills": 72,
            "lane_role": 2,
            "last_hits": 77,
            "leaver_status": 0,
            "level": 13,
            "life_state": {
                "0": 1269,
                "1": 43,
                "2": 284
            },
            "life_state_dead": 327,
            "lose": 1,
            "multi_kills": {
                "2": 2,
                "3": 1
            },
            "necronomicon_kills": 0,
            "net_worth": 9461,
            "neutral_kills": 12,
            "neutral_tokens_log": [
                {
                    "key": "Tier2Token",
                    "time": 1235
                }
            ],
            "obs": {
                "126": {
                    "114": 1
                },
                "135": {
                    "124": 1
                },
                "157": {
                    "123": 1
                }
            },
            "obs_left_log": [
                {
                    "attackername": "npc_dota_hero_ringmaster",
                    "ehandle": 2327049,
                    "entityleft": true,
                    "key": "[126,114]",
                    "player_slot": 128,
                    "slot": 5,
                    "time": 191,
                    "type": "obs_left_log",
                    "x": 125.8,
                    "y": 114.4,
                    "z": 130
                },
                {
                    "attackername": "npc_dota_hero_ringmaster",
                    "ehandle": 6096906,
                    "entityleft": true,
                    "key": "[135,124]",
                    "player_slot": 128,
                    "slot": 5,
                    "time": 449,
                    "type": "obs_left_log",
                    "x": 135.3,
                    "y": 124.1,
                    "z": 129
                },
                {
                    "attackername": "npc_dota_hero_mars",
                    "ehandle": 4262380,
                    "entityleft": true,
                    "key": "[157,123]",
                    "player_slot": 128,
                    "slot": 5,
                    "time": 1246,
                    "type": "obs_left_log",
                    "x": 156.5,
                    "y": 123.1,
                    "z": 130
                }
            ],
            "obs_log": [
                {
                    "ehandle": 2327049,
                    "entityleft": false,
                    "key": "[126,114]",
                    "player_slot": 128,
                    "slot": 5,
                    "time": -54,
                    "type": "obs_log",
                    "x": 125.8,
                    "y": 114.4,
                    "z": 130
                },
                {
                    "ehandle": 6096906,
                    "entityleft": false,
                    "key": "[135,124]",
                    "player_slot": 128,
                    "slot": 5,
                    "time": 340,
                    "type": "obs_log",
                    "x": 135.3,
                    "y": 124.1,
                    "z": 129
                },
                {
                    "ehandle": 4262380,
                    "entityleft": false,
                    "key": "[157,123]",
                    "player_slot": 128,
                    "slot": 5,
                    "time": 886,
                    "type": "obs_log",
                    "x": 156.5,
                    "y": 123.1,
                    "z": 130
                }
            ],
            "obs_placed": 3,
            "observer_kills": 0,
            "observer_uses": 3,
            "observers_placed": 3,
            "pings": 14,
            "player_slot": 128,
            "purchase": {
                "blades_of_attack": 1,
                "blight_stone": 1,
                "blink": 1,
                "boots": 1,
                "bottle": 1,
                "bracer": 1,
                "branches": 3,
                "chainmail": 1,
                "circlet": 1,
                "desolator": 1,
                "gauntlets": 1,
                "magic_stick": 1,
                "magic_wand": 1,
                "mithril_hammer": 2,
                "phase_boots": 1,
                "recipe_bracer": 1,
                "recipe_magic_wand": 1,
                "tango": 1,
                "tpscroll": 2,
                "ward_observer": 3
            },
            "purchase_tpscroll": 2,
            "purchase_ward_observer": 3,
            "rank_tier": null,
            "roshan_kills": 0,
            "rune_pickups": 4,
            "runes": {
                "5": 2,
                "7": 2
            },
            "sen": {},
            "sen_left_log": [],
            "sen_log": [],
            "sen_placed": 0,
            "sentry_kills": 0,
            "sentry_uses": 0,
            "stuns": 18.73349,
            "teamfight_participation": 0.625,
            "total_gold": 10121,
            "total_xp": 9484,
            "tower_damage": 0,
            "tower_kills": 0,
            "win": 0,
            "xp_per_min": 357
        },
        {
            "abandons": 0,
            "actions_per_min": 383,
            "ancient_kills": 7,
            "assists": 11,
            "benchmarks": {
                "gold_per_min": {
                    "pct": 0.16650294695481335,
                    "raw": 358
                },
                "hero_damage_per_min": {
                    "pct": 0.16306483300589392,
                    "raw": 254.6800501882058
                },
                "hero_healing_per_min": {
                    "pct": 0.9685658153241651,
                    "raw": 0
                },
                "kills_per_min": {
                    "pct": 0.4656188605108055,
                    "raw": 0.15056461731493098
                },
                "last_hits_per_min": {
                    "pct": 0.1606090373280943,
                    "raw": 2.823086574654956
                },
                "tower_damage": {
                    "pct": 0.1743614931237721,
                    "raw": 0
                },
                "xp_per_min": {
                    "pct": 0.19204322200392926,
                    "raw": 467
                }
            },
            "buyback_count": 0,
            "camps_stacked": 1,
            "courier_kills": 0,
            "creeps_stacked": 2,
            "deaths": 6,
            "denies": 2,
            "gold": 442,
            "gold_per_min": 358,
            "gold_spent": 8970,
            "hero_damage": 6766,
            "hero_healing": 0,
            "hero_id": 28,
            "hero_kills": 4,
            "hero_variant": 2,
            "is_roaming": false,
            "item_uses": {
                "blink": 11,
                "crimson_guard": 3,
                "flask": 1,
                "magic_wand": 15,
                "quelling_blade": 3,
                "smoke_of_deceit": 1,
                "tango": 3,
                "tango_single": 2,
                "tpscroll": 7
            },
            "kda": 2.14,
            "kill_streaks": {},
            "kills": 4,
            "kills_per_min": 0.15056461731493098,
            "lane": 1,
            "lane_efficiency": 0.4072352465642684,
            "lane_efficiency_pct": 40,
            "lane_kills": 56,
            "lane_role": 3,
            "last_hits": 75,
            "leaver_status": 0,
            "level": 15,
            "life_state": {
                "0": 1379,
                "1": 15,
                "2": 202
            },
            "life_state_dead": 217,
            "lose": 1,
            "multi_kills": {},
            "necronomicon_kills": 0,
            "net_worth": 8872,
            "neutral_kills": 17,
            "neutral_tokens_log": [
                {
                    "key": "Tier1Token",
                    "time": 857
                },
                {
                    "key": "Tier1Token",
                    "time": 896
                }
            ],
            "obs": {},
            "obs_left_log": [],
            "obs_log": [],
            "obs_placed": 0,
            "observer_kills": 0,
            "observer_uses": 0,
            "observers_placed": 0,
            "pings": 4,
            "player_slot": 129,
            "purchase": {
                "belt_of_strength": 1,
                "blink": 1,
                "boots": 1,
                "bracer": 1,
                "branches": 2,
                "circlet": 1,
                "crimson_guard": 1,
                "flask": 1,
                "gauntlets": 1,
                "gloves": 1,
                "helm_of_iron_will": 1,
                "magic_stick": 1,
                "magic_wand": 1,
                "power_treads": 1,
                "quelling_blade": 1,
                "recipe_bracer": 1,
                "recipe_crimson_guard": 1,
                "recipe_magic_wand": 1,
                "ring_of_health": 1,
                "smoke_of_deceit": 1,
                "tango": 1,
                "tpscroll": 3,
                "vanguard": 1,
                "vitality_booster": 1
            },
            "purchase_tpscroll": 3,
            "rank_tier": null,
            "roshan_kills": 0,
            "rune_pickups": 3,
            "runes": {
                "0": 1,
                "1": 1,
                "8": 1
            },
            "sen": {},
            "sen_left_log": [],
            "sen_log": [],
            "sen_placed": 0,
            "sentry_kills": 0,
            "sentry_uses": 0,
            "stuns": 36.29892,
            "teamfight_participation": 0.625,
            "total_gold": 9510,
            "total_xp": 12406,
            "tower_damage": 0,
            "tower_kills": 0,
            "win": 0,
            "xp_per_min": 467
        },
        {
            "abandons": 0,
            "actions_per_min": 164,
            "ancient_kills": 0,
            "assists": 15,
            "benchmarks": {
                "gold_per_min": {
                    "pct": 0.17598881342389133,
                    "raw": 315
                },
                "hero_damage_per_min": {
                    "pct": 0.789252896524171,
                    "raw": 748.9460476787955
                },
                "hero_healing_per_min": {
                    "pct": 0.6176588094286856,
                    "raw": 4.705144291091594
                },
                "kills_per_min": {
                    "pct": 0.4648421893727527,
                    "raw": 0.11292346298619824
                },
                "last_hits_per_min": {
                    "pct": 0.2417099480623252,
                    "raw": 1.7314930991217063
                },
                "tower_damage": {
                    "pct": 0.17578905313623652,
                    "raw": 0
                },
                "xp_per_min": {
                    "pct": 0.1534159009188973,
                    "raw": 398
                }
            },
            "buyback_count": 0,
            "camps_stacked": 0,
            "courier_kills": 0,
            "creeps_stacked": 0,
            "deaths": 5,
            "denies": 7,
            "gold": 1973,
            "gold_per_min": 315,
            "gold_spent": 6345,
            "hero_damage": 19897,
            "hero_healing": 125,
            "hero_id": 86,
            "hero_kills": 3,
            "hero_variant": 2,
            "is_roaming": false,
            "item_uses": {
                "arcane_boots": 10,
                "blood_grenade": 1,
                "bullwhip": 7,
                "clarity": 2,
                "dust": 1,
                "famango": 1,
                "magic_stick": 1,
                "magic_wand": 9,
                "tango": 6,
                "tpscroll": 6,
                "ward_dispenser": 4,
                "ward_observer": 2,
                "ward_sentry": 8
            },
            "kda": 3,
            "kill_streaks": {},
            "kills": 3,
            "kills_per_min": 0.11292346298619825,
            "lane": 1,
            "lane_efficiency": 0.38136620856911885,
            "lane_efficiency_pct": 38,
            "lane_kills": 46,
            "lane_role": 3,
            "last_hits": 46,
            "leaver_status": 0,
            "level": 13,
            "life_state": {
                "0": 1447,
                "1": 15,
                "2": 134
            },
            "life_state_dead": 149,
            "lose": 1,
            "multi_kills": {},
            "necronomicon_kills": 0,
            "net_worth": 7108,
            "neutral_kills": 2,
            "neutral_tokens_log": [
                {
                    "key": "Tier2Token",
                    "time": 1214
                }
            ],
            "obs": {
                "122": {
                    "156": 1
                },
                "158": {
                    "92": 1
                }
            },
            "obs_left_log": [
                {
                    "attackername": "npc_dota_hero_invoker",
                    "ehandle": 12486696,
                    "entityleft": true,
                    "key": "[158,92]",
                    "player_slot": 130,
                    "slot": 7,
                    "time": 186,
                    "type": "obs_left_log",
                    "x": 158.4,
                    "y": 91.8,
                    "z": 132.2
                },
                {
                    "attackername": "npc_dota_hero_terrorblade",
                    "ehandle": 1083900,
                    "entityleft": true,
                    "key": "[122,156]",
                    "player_slot": 130,
                    "slot": 7,
                    "time": 990,
                    "type": "obs_left_log",
                    "x": 121.9,
                    "y": 156,
                    "z": 132.1
                }
            ],
            "obs_log": [
                {
                    "ehandle": 12486696,
                    "entityleft": false,
                    "key": "[158,92]",
                    "player_slot": 130,
                    "slot": 7,
                    "time": 171,
                    "type": "obs_log",
                    "x": 158.4,
                    "y": 91.8,
                    "z": 132.2
                },
                {
                    "ehandle": 1083900,
                    "entityleft": false,
                    "key": "[122,156]",
                    "player_slot": 130,
                    "slot": 7,
                    "time": 973,
                    "type": "obs_log",
                    "x": 121.9,
                    "y": 156,
                    "z": 132.1
                }
            ],
            "obs_placed": 2,
            "observer_kills": 1,
            "observer_uses": 2,
            "observers_placed": 2,
            "pings": 10,
            "player_slot": 130,
            "purchase": {
                "arcane_boots": 1,
                "blood_grenade": 1,
                "boots": 1,
                "branches": 2,
                "circlet": 1,
                "clarity": 2,
                "diadem": 1,
                "dust": 2,
                "magic_stick": 1,
                "magic_wand": 1,
                "mantle": 1,
                "null_talisman": 1,
                "phylactery": 1,
                "point_booster": 1,
                "recipe_arcane_boots": 1,
                "recipe_magic_wand": 1,
                "recipe_null_talisman": 1,
                "recipe_phylactery": 1,
                "recipe_ring_of_basilius": 1,
                "ring_of_basilius": 1,
                "sobi_mask": 1,
                "tango": 2,
                "tpscroll": 5,
                "ward_dispenser": 2,
                "ward_observer": 2,
                "ward_sentry": 10
            },
            "purchase_tpscroll": 5,
            "purchase_ward_observer": 2,
            "purchase_ward_sentry": 10,
            "rank_tier": null,
            "roshan_kills": 0,
            "rune_pickups": 2,
            "runes": {
                "8": 2
            },
            "sen": {
                "109": {
                    "161": 1
                },
                "120": {
                    "152": 1
                },
                "136": {
                    "154": 1
                },
                "137": {
                    "148": 1
                },
                "138": {
                    "136": 1
                },
                "139": {
                    "147": 1
                },
                "146": {
                    "141": 1
                },
                "160": {
                    "89": 1
                },
                "173": {
                    "101": 1
                },
                "188": {
                    "116": 1
                }
            },
            "sen_left_log": [
                {
                    "attackername": "npc_dota_hero_invoker",
                    "ehandle": 13158496,
                    "entityleft": true,
                    "key": "[160,89]",
                    "player_slot": 130,
                    "slot": 7,
                    "time": 188,
                    "type": "sen_left_log",
                    "x": 160.2,
                    "y": 88.9,
                    "z": 129
                },
                {
                    "attackername": "npc_dota_hero_rubick",
                    "ehandle": 12437536,
                    "entityleft": true,
                    "key": "[173,101]",
                    "player_slot": 130,
                    "slot": 7,
                    "time": 928,
                    "type": "sen_left_log",
                    "x": 173.1,
                    "y": 101.4,
                    "z": 129
                },
                {
                    "attackername": "npc_dota_hero_invoker",
                    "ehandle": 8701951,
                    "entityleft": true,
                    "key": "[120,152]",
                    "player_slot": 130,
                    "slot": 7,
                    "time": 944,
                    "type": "sen_left_log",
                    "x": 120,
                    "y": 152.3,
                    "z": 130
                },
                {
                    "attackername": "npc_dota_hero_terrorblade",
                    "ehandle": 7800747,
                    "entityleft": true,
                    "key": "[137,148]",
                    "player_slot": 130,
                    "slot": 7,
                    "time": 975,
                    "type": "sen_left_log",
                    "x": 136.6,
                    "y": 148.4,
                    "z": 129
                },
                {
                    "attackername": "npc_dota_hero_techies",
                    "ehandle": 7997664,
                    "entityleft": true,
                    "key": "[136,154]",
                    "player_slot": 130,
                    "slot": 7,
                    "time": 1281,
                    "type": "sen_left_log",
                    "x": 136.1,
                    "y": 154,
                    "z": 131.1
                },
                {
                    "attackername": "npc_dota_hero_techies",
                    "ehandle": 10109751,
                    "entityleft": true,
                    "key": "[139,147]",
                    "player_slot": 130,
                    "slot": 7,
                    "time": 1290,
                    "type": "sen_left_log",
                    "x": 139,
                    "y": 146.7,
                    "z": 129
                },
                {
                    "attackername": "npc_dota_hero_rubick",
                    "ehandle": 1262420,
                    "entityleft": true,
                    "key": "[109,161]",
                    "player_slot": 130,
                    "slot": 7,
                    "time": 1508,
                    "type": "sen_left_log",
                    "x": 108.5,
                    "y": 161.4,
                    "z": 130
                },
                {
                    "attackername": "npc_dota_hero_rubick",
                    "ehandle": 1230485,
                    "entityleft": true,
                    "key": "[188,116]",
                    "player_slot": 130,
                    "slot": 7,
                    "time": 1718,
                    "type": "sen_left_log",
                    "x": 188,
                    "y": 116.1,
                    "z": 132.1
                }
            ],
            "sen_log": [
                {
                    "ehandle": 13158496,
                    "entityleft": false,
                    "key": "[160,89]",
                    "player_slot": 130,
                    "slot": 7,
                    "time": 169,
                    "type": "sen_log",
                    "x": 160.2,
                    "y": 88.9,
                    "z": 129
                },
                {
                    "ehandle": 12437536,
                    "entityleft": false,
                    "key": "[173,101]",
                    "player_slot": 130,
                    "slot": 7,
                    "time": 508,
                    "type": "sen_log",
                    "x": 173.1,
                    "y": 101.4,
                    "z": 129
                },
                {
                    "ehandle": 8701951,
                    "entityleft": false,
                    "key": "[120,152]",
                    "player_slot": 130,
                    "slot": 7,
                    "time": 818,
                    "type": "sen_log",
                    "x": 120,
                    "y": 152.3,
                    "z": 130
                },
                {
                    "ehandle": 7997664,
                    "entityleft": false,
                    "key": "[136,154]",
                    "player_slot": 130,
                    "slot": 7,
                    "time": 944,
                    "type": "sen_log",
                    "x": 136.1,
                    "y": 154,
                    "z": 131.1
                },
                {
                    "ehandle": 7800747,
                    "entityleft": false,
                    "key": "[137,148]",
                    "player_slot": 130,
                    "slot": 7,
                    "time": 957,
                    "type": "sen_log",
                    "x": 136.6,
                    "y": 148.4,
                    "z": 129
                },
                {
                    "ehandle": 1262420,
                    "entityleft": false,
                    "key": "[109,161]",
                    "player_slot": 130,
                    "slot": 7,
                    "time": 1088,
                    "type": "sen_log",
                    "x": 108.5,
                    "y": 161.4,
                    "z": 130
                },
                {
                    "ehandle": 10109751,
                    "entityleft": false,
                    "key": "[139,147]",
                    "player_slot": 130,
                    "slot": 7,
                    "time": 1114,
                    "type": "sen_log",
                    "x": 139,
                    "y": 146.7,
                    "z": 129
                },
                {
                    "ehandle": 1230485,
                    "entityleft": false,
                    "key": "[188,116]",
                    "player_slot": 130,
                    "slot": 7,
                    "time": 1298,
                    "type": "sen_log",
                    "x": 188,
                    "y": 116.1,
                    "z": 132.1
                },
                {
                    "ehandle": 3655630,
                    "entityleft": false,
                    "key": "[138,136]",
                    "player_slot": 130,
                    "slot": 7,
                    "time": 1376,
                    "type": "sen_log",
                    "x": 138.4,
                    "y": 136.4,
                    "z": 129
                },
                {
                    "ehandle": 182752,
                    "entityleft": false,
                    "key": "[146,141]",
                    "player_slot": 130,
                    "slot": 7,
                    "time": 1403,
                    "type": "sen_log",
                    "x": 146.2,
                    "y": 141.1,
                    "z": 129
                }
            ],
            "sen_placed": 10,
            "sentry_kills": 1,
            "sentry_uses": 8,
            "stuns": 32.033596,
            "teamfight_participation": 0.75,
            "total_gold": 8368,
            "total_xp": 10573,
            "tower_damage": 0,
            "tower_kills": 0,
            "win": 0,
            "xp_per_min": 398
        },
        {
            "abandons": 0,
            "actions_per_min": 162,
            "ancient_kills": 1,
            "assists": 15,
            "benchmarks": {
                "gold_per_min": {
                    "pct": 0.14255014326647564,
                    "raw": 278
                },
                "hero_damage_per_min": {
                    "pct": 0.3553008595988539,
                    "raw": 414.2785445420326
                },
                "hero_healing_per_min": {
                    "pct": 0.7270773638968482,
                    "raw": 0
                },
                "kills_per_min": {
                    "pct": 0.5487106017191977,
                    "raw": 0.15056461731493098
                },
                "last_hits_per_min": {
                    "pct": 0.11174785100286533,
                    "raw": 0.752823086574655
                },
                "tower_damage": {
                    "pct": 0.1977077363896848,
                    "raw": 0
                },
                "xp_per_min": {
                    "pct": 0.10386819484240688,
                    "raw": 341
                }
            },
            "buyback_count": 0,
            "camps_stacked": 1,
            "courier_kills": 0,
            "creeps_stacked": 3,
            "deaths": 11,
            "denies": 3,
            "gold": 446,
            "gold_per_min": 278,
            "gold_spent": 6985,
            "hero_damage": 11006,
            "hero_healing": 0,
            "hero_id": 119,
            "hero_kills": 4,
            "hero_variant": 2,
            "is_roaming": false,
            "item_uses": {
                "arcane_ring": 2,
                "blood_grenade": 1,
                "cyclone": 3,
                "flask": 2,
                "magic_wand": 12,
                "tango": 6,
                "tpscroll": 8,
                "ward_dispenser": 13,
                "ward_observer": 1,
                "ward_sentry": 5
            },
            "kda": 1.58,
            "kill_streaks": {},
            "kills": 4,
            "kills_per_min": 0.15056461731493098,
            "lane": 3,
            "lane_efficiency": 0.4021827000808407,
            "lane_efficiency_pct": 40,
            "lane_kills": 15,
            "lane_role": 1,
            "last_hits": 20,
            "leaver_status": 0,
            "level": 12,
            "life_state": {
                "0": 1285,
                "1": 20,
                "2": 291
            },
            "life_state_dead": 311,
            "lose": 1,
            "multi_kills": {},
            "necronomicon_kills": 0,
            "net_worth": 6501,
            "neutral_kills": 2,
            "neutral_tokens_log": [],
            "obs": {
                "102": {
                    "159": 1
                },
                "122": {
                    "156": 2
                },
                "136": {
                    "154": 1
                },
                "84": {
                    "155": 1
                }
            },
            "obs_left_log": [
                {
                    "attackername": "npc_dota_hero_dark_willow",
                    "ehandle": 10962457,
                    "entityleft": true,
                    "key": "[102,159]",
                    "player_slot": 131,
                    "slot": 8,
                    "time": 769,
                    "type": "obs_left_log",
                    "x": 101.6,
                    "y": 159.1,
                    "z": 130
                },
                {
                    "attackername": "npc_dota_hero_dark_willow",
                    "ehandle": 2081617,
                    "entityleft": true,
                    "key": "[84,155]",
                    "player_slot": 131,
                    "slot": 8,
                    "time": 927,
                    "type": "obs_left_log",
                    "x": 84,
                    "y": 155.4,
                    "z": 129
                },
                {
                    "attackername": "npc_dota_hero_invoker",
                    "ehandle": 15353670,
                    "entityleft": true,
                    "key": "[122,156]",
                    "player_slot": 131,
                    "slot": 8,
                    "time": 929,
                    "type": "obs_left_log",
                    "x": 122,
                    "y": 156,
                    "z": 132.1
                },
                {
                    "attackername": "npc_dota_hero_invoker",
                    "ehandle": 821140,
                    "entityleft": true,
                    "key": "[122,156]",
                    "player_slot": 131,
                    "slot": 8,
                    "time": 1273,
                    "type": "obs_left_log",
                    "x": 122,
                    "y": 156.2,
                    "z": 132.1
                },
                {
                    "attackername": "npc_dota_hero_techies",
                    "ehandle": 870424,
                    "entityleft": true,
                    "key": "[136,154]",
                    "player_slot": 131,
                    "slot": 8,
                    "time": 1284,
                    "type": "obs_left_log",
                    "x": 136.2,
                    "y": 154,
                    "z": 131.1
                }
            ],
            "obs_log": [
                {
                    "ehandle": 10962457,
                    "entityleft": false,
                    "key": "[102,159]",
                    "player_slot": 131,
                    "slot": 8,
                    "time": 409,
                    "type": "obs_log",
                    "x": 101.6,
                    "y": 159.1,
                    "z": 130
                },
                {
                    "ehandle": 2081617,
                    "entityleft": false,
                    "key": "[84,155]",
                    "player_slot": 131,
                    "slot": 8,
                    "time": 567,
                    "type": "obs_log",
                    "x": 84,
                    "y": 155.4,
                    "z": 129
                },
                {
                    "ehandle": 15353670,
                    "entityleft": false,
                    "key": "[122,156]",
                    "player_slot": 131,
                    "slot": 8,
                    "time": 879,
                    "type": "obs_log",
                    "x": 122,
                    "y": 156,
                    "z": 132.1
                },
                {
                    "ehandle": 870424,
                    "entityleft": false,
                    "key": "[136,154]",
                    "player_slot": 131,
                    "slot": 8,
                    "time": 1013,
                    "type": "obs_log",
                    "x": 136.2,
                    "y": 154,
                    "z": 131.1
                },
                {
                    "ehandle": 821140,
                    "entityleft": false,
                    "key": "[122,156]",
                    "player_slot": 131,
                    "slot": 8,
                    "time": 1100,
                    "type": "obs_log",
                    "x": 122,
                    "y": 156.2,
                    "z": 132.1
                }
            ],
            "obs_placed": 5,
            "observer_kills": 1,
            "observer_uses": 1,
            "observers_placed": 5,
            "pings": 14,
            "player_slot": 131,
            "purchase": {
                "aghanims_shard": 1,
                "blood_grenade": 1,
                "boots": 1,
                "branches": 2,
                "circlet": 1,
                "cyclone": 1,
                "flask": 2,
                "magic_stick": 1,
                "magic_wand": 1,
                "mantle": 1,
                "null_talisman": 1,
                "recipe_cyclone": 1,
                "recipe_magic_wand": 1,
                "recipe_null_talisman": 1,
                "ring_of_regen": 1,
                "staff_of_wizardry": 1,
                "tango": 1,
                "tpscroll": 1,
                "tranquil_boots": 1,
                "void_stone": 1,
                "ward_dispenser": 10,
                "ward_observer": 7,
                "ward_sentry": 11,
                "wind_lace": 2
            },
            "purchase_tpscroll": 1,
            "purchase_ward_observer": 7,
            "purchase_ward_sentry": 11,
            "rank_tier": null,
            "roshan_kills": 0,
            "rune_pickups": 0,
            "runes": {},
            "sen": {
                "112": {
                    "169": 1
                },
                "122": {
                    "156": 2
                },
                "136": {
                    "154": 2
                },
                "144": {
                    "122": 1
                },
                "164": {
                    "134": 1
                },
                "83": {
                    "159": 1
                },
                "90": {
                    "164": 1
                },
                "91": {
                    "164": 1
                }
            },
            "sen_left_log": [
                {
                    "attackername": "npc_dota_hero_dark_willow",
                    "ehandle": 4950135,
                    "entityleft": true,
                    "key": "[91,164]",
                    "player_slot": 131,
                    "slot": 8,
                    "time": 518,
                    "type": "sen_left_log",
                    "x": 90.6,
                    "y": 163.7,
                    "z": 128
                },
                {
                    "attackername": "npc_dota_hero_invoker",
                    "ehandle": 15943322,
                    "entityleft": true,
                    "key": "[136,154]",
                    "player_slot": 131,
                    "slot": 8,
                    "time": 937,
                    "type": "sen_left_log",
                    "x": 136.2,
                    "y": 153.9,
                    "z": 131.1
                },
                {
                    "attackername": "npc_dota_hero_dark_willow",
                    "ehandle": 14813584,
                    "entityleft": true,
                    "key": "[90,164]",
                    "player_slot": 131,
                    "slot": 8,
                    "time": 982,
                    "type": "sen_left_log",
                    "x": 90.3,
                    "y": 163.6,
                    "z": 128
                },
                {
                    "attackername": "npc_dota_hero_dark_willow",
                    "ehandle": 4882675,
                    "entityleft": true,
                    "key": "[83,159]",
                    "player_slot": 131,
                    "slot": 8,
                    "time": 990,
                    "type": "sen_left_log",
                    "x": 83.3,
                    "y": 159.2,
                    "z": 129
                },
                {
                    "attackername": "npc_dota_hero_invoker",
                    "ehandle": 3507889,
                    "entityleft": true,
                    "key": "[122,156]",
                    "player_slot": 131,
                    "slot": 8,
                    "time": 1269,
                    "type": "sen_left_log",
                    "x": 122,
                    "y": 156.1,
                    "z": 132.1
                },
                {
                    "attackername": "npc_dota_hero_techies",
                    "ehandle": 15090521,
                    "entityleft": true,
                    "key": "[136,154]",
                    "player_slot": 131,
                    "slot": 8,
                    "time": 1399,
                    "type": "sen_left_log",
                    "x": 136.3,
                    "y": 153.9,
                    "z": 131.1
                },
                {
                    "attackername": "npc_dota_hero_techies",
                    "ehandle": 10323876,
                    "entityleft": true,
                    "key": "[122,156]",
                    "player_slot": 131,
                    "slot": 8,
                    "time": 1403,
                    "type": "sen_left_log",
                    "x": 122.1,
                    "y": 156,
                    "z": 132.1
                },
                {
                    "attackername": "npc_dota_hero_dark_willow",
                    "ehandle": 5473860,
                    "entityleft": true,
                    "key": "[112,169]",
                    "player_slot": 131,
                    "slot": 8,
                    "time": 1512,
                    "type": "sen_left_log",
                    "x": 111.8,
                    "y": 168.9,
                    "z": 130
                },
                {
                    "attackername": "npc_dota_hero_dark_willow",
                    "ehandle": 14420430,
                    "entityleft": true,
                    "key": "[164,134]",
                    "player_slot": 131,
                    "slot": 8,
                    "time": 1654,
                    "type": "sen_left_log",
                    "x": 163.7,
                    "y": 133.7,
                    "z": 132.1
                },
                {
                    "attackername": "npc_dota_hero_dark_willow",
                    "ehandle": 837524,
                    "entityleft": true,
                    "key": "[144,122]",
                    "player_slot": 131,
                    "slot": 8,
                    "time": 1724,
                    "type": "sen_left_log",
                    "x": 144.2,
                    "y": 121.9,
                    "z": 132.1
                }
            ],
            "sen_log": [
                {
                    "ehandle": 4950135,
                    "entityleft": false,
                    "key": "[91,164]",
                    "player_slot": 131,
                    "slot": 8,
                    "time": 98,
                    "type": "sen_log",
                    "x": 90.6,
                    "y": 163.7,
                    "z": 128
                },
                {
                    "ehandle": 14813584,
                    "entityleft": false,
                    "key": "[90,164]",
                    "player_slot": 131,
                    "slot": 8,
                    "time": 562,
                    "type": "sen_log",
                    "x": 90.3,
                    "y": 163.6,
                    "z": 128
                },
                {
                    "ehandle": 4882675,
                    "entityleft": false,
                    "key": "[83,159]",
                    "player_slot": 131,
                    "slot": 8,
                    "time": 570,
                    "type": "sen_log",
                    "x": 83.3,
                    "y": 159.2,
                    "z": 129
                },
                {
                    "ehandle": 15943322,
                    "entityleft": false,
                    "key": "[136,154]",
                    "player_slot": 131,
                    "slot": 8,
                    "time": 873,
                    "type": "sen_log",
                    "x": 136.2,
                    "y": 153.9,
                    "z": 131.1
                },
                {
                    "ehandle": 3507889,
                    "entityleft": false,
                    "key": "[122,156]",
                    "player_slot": 131,
                    "slot": 8,
                    "time": 1066,
                    "type": "sen_log",
                    "x": 122,
                    "y": 156.1,
                    "z": 132.1
                },
                {
                    "ehandle": 5473860,
                    "entityleft": false,
                    "key": "[112,169]",
                    "player_slot": 131,
                    "slot": 8,
                    "time": 1092,
                    "type": "sen_log",
                    "x": 111.8,
                    "y": 168.9,
                    "z": 130
                },
                {
                    "ehandle": 14420430,
                    "entityleft": false,
                    "key": "[164,134]",
                    "player_slot": 131,
                    "slot": 8,
                    "time": 1234,
                    "type": "sen_log",
                    "x": 163.7,
                    "y": 133.7,
                    "z": 132.1
                },
                {
                    "ehandle": 837524,
                    "entityleft": false,
                    "key": "[144,122]",
                    "player_slot": 131,
                    "slot": 8,
                    "time": 1304,
                    "type": "sen_log",
                    "x": 144.2,
                    "y": 121.9,
                    "z": 132.1
                },
                {
                    "ehandle": 15090521,
                    "entityleft": false,
                    "key": "[136,154]",
                    "player_slot": 131,
                    "slot": 8,
                    "time": 1364,
                    "type": "sen_log",
                    "x": 136.3,
                    "y": 153.9,
                    "z": 131.1
                },
                {
                    "ehandle": 10323876,
                    "entityleft": false,
                    "key": "[122,156]",
                    "player_slot": 131,
                    "slot": 8,
                    "time": 1375,
                    "type": "sen_log",
                    "x": 122.1,
                    "y": 156,
                    "z": 132.1
                }
            ],
            "sen_placed": 10,
            "sentry_kills": 5,
            "sentry_uses": 5,
            "stuns": 123.432884,
            "teamfight_participation": 0.7916667,
            "total_gold": 7385,
            "total_xp": 9059,
            "tower_damage": 0,
            "tower_kills": 0,
            "win": 0,
            "xp_per_min": 341
        },
        {
            "abandons": 0,
            "account_id": 105196145,
            "actions_per_min": 296,
            "ancient_kills": 5,
            "assists": 4,
            "benchmarks": {
                "gold_per_min": {
                    "pct": 0.12358674463937622,
                    "raw": 369
                },
                "hero_damage_per_min": {
                    "pct": 0.24717348927875243,
                    "raw": 301.50564617314933
                },
                "hero_healing_per_min": {
                    "pct": 0.9571150097465887,
                    "raw": 0
                },
                "kills_per_min": {
                    "pct": 0.5458089668615984,
                    "raw": 0.18820577164366376
                },
                "last_hits_per_min": {
                    "pct": 0.27992202729044835,
                    "raw": 5.119196988707654
                },
                "tower_damage": {
                    "pct": 0.20857699805068225,
                    "raw": 0
                },
                "xp_per_min": {
                    "pct": 0.1212475633528265,
                    "raw": 450
                }
            },
            "buyback_count": 0,
            "camps_stacked": 0,
            "courier_kills": 0,
            "creeps_stacked": 0,
            "deaths": 7,
            "denies": 9,
            "gold": 1259,
            "gold_per_min": 369,
            "gold_spent": 8395,
            "hero_damage": 8010,
            "hero_healing": 0,
            "hero_id": 41,
            "hero_kills": 5,
            "hero_variant": 2,
            "is_roaming": false,
            "item_uses": {
                "famango": 1,
                "magic_wand": 4,
                "mask_of_madness": 14,
                "power_treads": 27,
                "quelling_blade": 4,
                "tango": 3,
                "tpscroll": 7
            },
            "kda": 1.13,
            "kill_streaks": {
                "3": 1,
                "4": 1
            },
            "kills": 5,
            "kills_per_min": 0.18820577164366373,
            "lane": 3,
            "lane_efficiency": 0.6580436540016168,
            "lane_efficiency_pct": 65,
            "lane_kills": 73,
            "lane_role": 1,
            "last_hits": 136,
            "leaver_status": 0,
            "level": 14,
            "life_state": {
                "0": 1434,
                "1": 7,
                "2": 155
            },
            "life_state_dead": 162,
            "lose": 1,
            "multi_kills": {},
            "necronomicon_kills": 0,
            "net_worth": 9564,
            "neutral_kills": 64,
            "neutral_tokens_log": [
                {
                    "key": "Tier1Token",
                    "time": 698
                },
                {
                    "key": "Tier1Token",
                    "time": 746
                },
                {
                    "key": "Tier1Token",
                    "time": 871
                },
                {
                    "key": "Tier2Token",
                    "time": 1075
                },
                {
                    "key": "Tier2Token",
                    "time": 1090
                },
                {
                    "key": "Tier2Token",
                    "time": 1226
                }
            ],
            "obs": {},
            "obs_left_log": [],
            "obs_log": [],
            "obs_placed": 0,
            "observer_kills": 0,
            "observer_uses": 0,
            "observers_placed": 0,
            "pings": 4,
            "player_slot": 132,
            "purchase": {
                "boots": 1,
                "boots_of_elves": 1,
                "branches": 2,
                "broadsword": 1,
                "circlet": 1,
                "gloves": 2,
                "javelin": 1,
                "lifesteal": 1,
                "maelstrom": 1,
                "magic_stick": 1,
                "magic_wand": 1,
                "mask_of_madness": 1,
                "mithril_hammer": 1,
                "ogre_axe": 1,
                "power_treads": 1,
                "quelling_blade": 1,
                "recipe_magic_wand": 1,
                "recipe_wraith_band": 1,
                "slippers": 1,
                "tango": 1,
                "wraith_band": 1
            },
            "rank_tier": 61,
            "roshan_kills": 0,
            "rune_pickups": 2,
            "runes": {
                "5": 2
            },
            "sen": {},
            "sen_left_log": [],
            "sen_log": [],
            "sen_placed": 0,
            "sentry_kills": 0,
            "sentry_uses": 0,
            "stuns": 8.933399,
            "teamfight_participation": 0.375,
            "total_gold": 9803,
            "total_xp": 11955,
            "tower_damage": 0,
            "tower_kills": 0,
            "win": 0,
            "xp_per_min": 450
        }
    ],
    "radiant_score": 39,
    "radiant_win": true,
    "replay_url": "http://replay271.valve.net/570/7916170484_1600051338.dem.bz2"
}