{
    "dire_score": 19,
    "duration": 1581,
    "lobby_type": 7,
    "match_id": 7928252879,
    "metadata": null,
    "players": [
        {
            "abandons": 0,
            "actions_per_min": 323,
            "ancient_kills": 12,
            "assists": 10,
            "benchmarks": {
                "gold_per_min": {
                    "pct": 0.9485549132947977,
                    "raw": 655
                },
                "hero_damage_per_min": {
                    "pct": 0.8445086705202313,
                    "raw": 637.2296015180266
                },
                "hero_healing_per_min": {
                    "pct": 0.7965317919075144,
                    "raw": 0
                },
                "kills_per_min": {
                    "pct": 0.9757225433526011,
                    "raw": 0.4174573055028463
                },
                "last_hits_per_min": {
                    "pct": 0.807514450867052,
                    "raw": 6.110056925996205
                },
                "tower_damage": {
                    "pct": 0.8190751445086705,
                    "raw": 3636
                },
                "xp_per_min": {
                    "pct": 0.5196531791907515,
                    "raw": 640
                }
            },
            "buyback_count": 0,
            "camps_stacked": 0,
            "courier_kills": 0,
            "creeps_stacked": 0,
            "deaths": 3,
            "denies": 37,
            "gold": 445,
            "gold_per_min": 655,
            "gold_spent": 17400,
            "hero_damage": 16791,
            "hero_healing": 0,
            "hero_id": 97,
            "hero_kills": 11,
            "hero_variant": 2,
            "is_roaming": false,
            "item_uses": {
                "blink": 23,
                "blood_grenade": 1,
                "branches": 1,
                "famango": 1,
                "harpoon": 4,
                "quelling_blade": 2,
                "tango": 3,
                "tpscroll": 4,
                "ward_observer": 2,
                "ward_sentry": 3
            },
            "kda": 5.25,
            "kill_streaks": {
                "3": 2,
                "4": 2,
                "5": 1
            },
            "kills": 11,
            "kills_per_min": 0.41745730550284627,
            "lane": 2,
            "lane_efficiency": 0.9104688763136621,
            "lane_efficiency_pct": 91,
            "lane_kills": 150,
            "lane_role": 2,
            "last_hits": 161,
            "leaver_status": 0,
            "level": 17,
            "life_state": {
                "0": 1501,
                "1": 12,
                "2": 69
            },
            "life_state_dead": 81,
            "lose": 0,
            "multi_kills": {
                "2": 2
            },
            "necronomicon_kills": 0,
            "net_worth": 16900,
            "neutral_kills": 27,
            "neutral_tokens_log": [
                {
                    "key": "Tier2Token",
                    "time": 1113
                }
            ],
            "obs": {
                "116": {
                    "126": 1
                },
                "117": {
                    "126": 1
                }
            },
            "obs_left_log": [
                {
                    "attackername": "npc_dota_hero_magnataur",
                    "ehandle": 12370568,
                    "entityleft": true,
                    "key": "[116,126]",
                    "player_slot": 0,
                    "slot": 0,
                    "time": 338,
                    "type": "obs_left_log",
                    "x": 116.1,
                    "y": 126.3,
                    "z": 129
                },
                {
                    "attackername": "npc_dota_hero_magnataur",
                    "ehandle": 14123659,
                    "entityleft": true,
                    "key": "[117,126]",
                    "player_slot": 0,
                    "slot": 0,
                    "time": 822,
                    "type": "obs_left_log",
                    "x": 116.9,
                    "y": 125.6,
                    "z": 129
                }
            ],
            "obs_log": [
                {
                    "ehandle": 12370568,
                    "entityleft": false,
                    "key": "[116,126]",
                    "player_slot": 0,
                    "slot": 0,
                    "time": -22,
                    "type": "obs_log",
                    "x": 116.1,
                    "y": 126.3,
                    "z": 129
                },
                {
                    "ehandle": 14123659,
                    "entityleft": false,
                    "key": "[117,126]",
                    "player_slot": 0,
                    "slot": 0,
                    "time": 462,
                    "type": "obs_log",
                    "x": 116.9,
                    "y": 125.6,
                    "z": 129
                }
            ],
            "obs_placed": 2,
            "observer_kills": 3,
            "observer_uses": 2,
            "observers_placed": 2,
            "pings": 11,
            "player_slot": 0,
            "purchase": {
                "aether_lens": 1,
                "assault": 1,
                "belt_of_strength": 1,
                "blink": 1,
                "blood_grenade": 1,
                "boots": 1,
                "bracer": 2,
                "broadsword": 1,
                "buckler": 1,
                "circlet": 2,
                "diadem": 1,
                "echo_sabre": 1,
                "energy_booster": 1,
                "gauntlets": 2,
                "gloves": 1,
                "harpoon": 1,
                "hyperstone": 1,
                "ogre_axe": 1,
                "platemail": 1,
                "power_treads": 1,
                "quelling_blade": 1,
                "recipe_aether_lens": 1,
                "recipe_assault": 1,
                "recipe_bracer": 2,
                "recipe_buckler": 1,
                "recipe_harpoon": 1,
                "ring_of_protection": 1,
                "tango": 1,
                "tpscroll": 2,
                "void_stone": 2,
                "ward_observer": 2,
                "ward_sentry": 3
            },
            "purchase_tpscroll": 2,
            "purchase_ward_observer": 2,
            "purchase_ward_sentry": 3,
            "rank_tier": null,
            "roshan_kills": 0,
            "rune_pickups": 6,
            "runes": {
                "0": 1,
                "1": 1,
                "4": 1,
                "5": 2,
                "9": 1
            },
            "sen": {
                "121": {
                    "132": 1
                },
                "130": {
                    "123": 1
                },
                "131": {
                    "126": 1
                }
            },
            "sen_left_log": [
                {
                    "attackername": "npc_dota_hero_pudge",
                    "ehandle": 3180947,
                    "entityleft": true,
                    "key": "[130,123]",
                    "player_slot": 0,
                    "slot": 0,
                    "time": 448,
                    "type": "sen_left_log",
                    "x": 130.3,
                    "y": 123.1,
                    "z": 128
                },
                {
                    "attackername": "npc_dota_hero_magnataur",
                    "ehandle": 3410408,
                    "entityleft": true,
                    "key": "[121,132]",
                    "player_slot": 0,
                    "slot": 0,
                    "time": 582,
                    "type": "sen_left_log",
                    "x": 121.3,
                    "y": 131.8,
                    "z": 128
                },
                {
                    "attackername": "npc_dota_hero_magnataur",
                    "ehandle": 16515891,
                    "entityleft": true,
                    "key": "[131,126]",
                    "player_slot": 0,
                    "slot": 0,
                    "time": 1005,
                    "type": "sen_left_log",
                    "x": 131.3,
                    "y": 125.9,
                    "z": 129
                }
            ],
            "sen_log": [
                {
                    "ehandle": 3410408,
                    "entityleft": false,
                    "key": "[121,132]",
                    "player_slot": 0,
                    "slot": 0,
                    "time": 162,
                    "type": "sen_log",
                    "x": 121.3,
                    "y": 131.8,
                    "z": 128
                },
                {
                    "ehandle": 3180947,
                    "entityleft": false,
                    "key": "[130,123]",
                    "player_slot": 0,
                    "slot": 0,
                    "time": 288,
                    "type": "sen_log",
                    "x": 130.3,
                    "y": 123.1,
                    "z": 128
                },
                {
                    "ehandle": 16515891,
                    "entityleft": false,
                    "key": "[131,126]",
                    "player_slot": 0,
                    "slot": 0,
                    "time": 585,
                    "type": "sen_log",
                    "x": 131.3,
                    "y": 125.9,
                    "z": 129
                }
            ],
            "sen_placed": 3,
            "sentry_kills": 2,
            "sentry_uses": 3,
            "stuns": 55.666504,
            "teamfight_participation": 0.8,
            "total_gold": 17259,
            "total_xp": 16864,
            "tower_damage": 3636,
            "tower_kills": 3,
            "win": 1,
            "xp_per_min": 640
        },
        {
            "abandons": 0,
            "actions_per_min": 308,
            "ancient_kills": 0,
            "assists": 11,
            "benchmarks": {
                "gold_per_min": {
                    "pct": 0.6447095435684648,
                    "raw": 384
                },
                "hero_damage_per_min": {
                    "pct": 0.5383817427385892,
                    "raw": 313.62428842504744
                },
                "hero_healing_per_min": {
                    "pct": 0.553941908713693,
                    "raw": 259.27893738140415
                },
                "kills_per_min": {
                    "pct": 0.4559128630705394,
                    "raw": 0.07590132827324478
                },
                "last_hits_per_min": {
                    "pct": 0.6623443983402489,
                    "raw": 2.125237191650854
                },
                "tower_damage": {
                    "pct": 0.7842323651452282,
                    "raw": 3370
                },
                "xp_per_min": {
                    "pct": 0.3179460580912863,
                    "raw": 470
                }
            },
            "buyback_count": 0,
            "camps_stacked": 0,
            "courier_kills": 1,
            "creeps_stacked": 0,
            "deaths": 4,
            "denies": 1,
            "gold": 2373,
            "gold_per_min": 384,
            "gold_spent": 8240,
            "hero_damage": 8264,
            "hero_healing": 6832,
            "hero_id": 102,
            "hero_kills": 2,
            "hero_variant": 2,
            "is_roaming": false,
            "item_uses": {
                "arcane_boots": 13,
                "blood_grenade": 1,
                "holy_locket": 6,
                "magic_stick": 7,
                "magic_wand": 1,
                "smoke_of_deceit": 1,
                "tango": 3,
                "tpscroll": 5,
                "ward_dispenser": 1,
                "ward_observer": 2,
                "ward_sentry": 3
            },
            "kda": 2.6,
            "kill_streaks": {},
            "kills": 2,
            "kills_per_min": 0.07590132827324478,
            "lane": 3,
            "lane_efficiency": 0.3185125303152789,
            "lane_efficiency_pct": 31,
            "lane_kills": 39,
            "lane_role": 3,
            "last_hits": 56,
            "leaver_status": 0,
            "level": 15,
            "life_state": {
                "0": 1502,
                "1": 11,
                "2": 69
            },
            "life_state_dead": 80,
            "lose": 0,
            "multi_kills": {
                "2": 1
            },
            "necronomicon_kills": 0,
            "net_worth": 10273,
            "neutral_kills": 12,
            "neutral_tokens_log": [
                {
                    "key": "Tier2Token",
                    "time": 1192
                }
            ],
            "obs": {
                "112": {
                    "128": 1
                },
                "116": {
                    "182": 1
                },
                "144": {
                    "193": 1
                }
            },
            "obs_left_log": [
                {
                    "attackername": "npc_dota_hero_abaddon",
                    "ehandle": 1738915,
                    "entityleft": true,
                    "key": "[116,182]",
                    "player_slot": 1,
                    "slot": 1,
                    "time": 1150,
                    "type": "obs_left_log",
                    "x": 115.7,
                    "y": 182.3,
                    "z": 131.1
                },
                {
                    "attackername": "npc_dota_hero_abaddon",
                    "ehandle": 903658,
                    "entityleft": true,
                    "key": "[144,193]",
                    "player_slot": 1,
                    "slot": 1,
                    "time": 1160,
                    "type": "obs_left_log",
                    "x": 144.1,
                    "y": 193.1,
                    "z": 130
                },
                {
                    "attackername": "npc_dota_hero_abaddon",
                    "ehandle": 5408324,
                    "entityleft": true,
                    "key": "[112,128]",
                    "player_slot": 1,
                    "slot": 1,
                    "time": 1586,
                    "type": "obs_left_log",
                    "x": 111.9,
                    "y": 128.3,
                    "z": 129
                }
            ],
            "obs_log": [
                {
                    "ehandle": 1738915,
                    "entityleft": false,
                    "key": "[116,182]",
                    "player_slot": 1,
                    "slot": 1,
                    "time": 789,
                    "type": "obs_log",
                    "x": 115.7,
                    "y": 182.3,
                    "z": 131.1
                },
                {
                    "ehandle": 903658,
                    "entityleft": false,
                    "key": "[144,193]",
                    "player_slot": 1,
                    "slot": 1,
                    "time": 800,
                    "type": "obs_log",
                    "x": 144.1,
                    "y": 193.1,
                    "z": 130
                },
                {
                    "ehandle": 5408324,
                    "entityleft": false,
                    "key": "[112,128]",
                    "player_slot": 1,
                    "slot": 1,
                    "time": 1226,
                    "type": "obs_log",
                    "x": 111.9,
                    "y": 128.3,
                    "z": 129
                }
            ],
            "obs_placed": 3,
            "observer_kills": 0,
            "observer_uses": 2,
            "observers_placed": 3,
            "pings": 12,
            "player_slot": 1,
            "purchase": {
                "arcane_boots": 1,
                "blade_of_alacrity": 1,
                "blood_grenade": 1,
                "boots": 1,
                "branches": 2,
                "diadem": 1,
                "holy_locket": 1,
                "magic_stick": 1,
                "magic_wand": 1,
                "ogre_axe": 1,
                "point_booster": 1,
                "recipe_arcane_boots": 1,
                "recipe_holy_locket": 1,
                "recipe_magic_wand": 1,
                "recipe_ring_of_basilius": 1,
                "ring_of_basilius": 1,
                "smoke_of_deceit": 2,
                "sobi_mask": 1,
                "staff_of_wizardry": 1,
                "tango": 1,
                "tpscroll": 1,
                "ultimate_scepter": 1,
                "ward_dispenser": 2,
                "ward_observer": 3,
                "ward_sentry": 3
            },
            "purchase_tpscroll": 1,
            "purchase_ward_observer": 3,
            "purchase_ward_sentry": 3,
            "rank_tier": null,
            "roshan_kills": 0,
            "rune_pickups": 3,
            "runes": {
                "2": 1,
                "5": 1,
                "8": 1
            },
            "sen": {
                "164": {
                    "125": 1,
                    "134": 1
                },
                "91": {
                    "158": 1
                }
            },
            "sen_left_log": [
                {
                    "attackername": "npc_dota_hero_dark_willow",
                    "ehandle": 8227259,
                    "entityleft": true,
                    "key": "[91,158]",
                    "player_slot": 1,
                    "slot": 1,
                    "time": 335,
                    "type": "sen_left_log",
                    "x": 90.6,
                    "y": 157.9,
                    "z": 129
                },
                {
                    "attackername": "npc_dota_hero_abaddon",
                    "ehandle": 2443122,
                    "entityleft": true,
                    "key": "[164,134]",
                    "player_slot": 1,
                    "slot": 1,
                    "time": 1715,
                    "type": "sen_left_log",
                    "x": 164,
                    "y": 133.6,
                    "z": 132.1
                },
                {
                    "attackername": "npc_dota_hero_abaddon",
                    "ehandle": 10323699,
                    "entityleft": true,
                    "key": "[164,125]",
                    "player_slot": 1,
                    "slot": 1,
                    "time": 1717,
                    "type": "sen_left_log",
                    "x": 164.4,
                    "y": 124.5,
                    "z": 130
                }
            ],
            "sen_log": [
                {
                    "ehandle": 8227259,
                    "entityleft": false,
                    "key": "[91,158]",
                    "player_slot": 1,
                    "slot": 1,
                    "time": 149,
                    "type": "sen_log",
                    "x": 90.6,
                    "y": 157.9,
                    "z": 129
                },
                {
                    "ehandle": 2443122,
                    "entityleft": false,
                    "key": "[164,134]",
                    "player_slot": 1,
                    "slot": 1,
                    "time": 1294,
                    "type": "sen_log",
                    "x": 164,
                    "y": 133.6,
                    "z": 132.1
                },
                {
                    "ehandle": 10323699,
                    "entityleft": false,
                    "key": "[164,125]",
                    "player_slot": 1,
                    "slot": 1,
                    "time": 1297,
                    "type": "sen_log",
                    "x": 164.4,
                    "y": 124.5,
                    "z": 130
                }
            ],
            "sen_placed": 3,
            "sentry_kills": 2,
            "sentry_uses": 3,
            "stuns": 0,
            "teamfight_participation": 0.48,
            "total_gold": 10118,
            "total_xp": 12384,
            "tower_damage": 3370,
            "tower_kills": 1,
            "win": 1,
            "xp_per_min": 470
        },
        {
            "abandons": 0,
            "actions_per_min": 158,
            "ancient_kills": 2,
            "assists": 15,
            "benchmarks": {
                "gold_per_min": {
                    "pct": 0.5851226993865031,
                    "raw": 492
                },
                "hero_damage_per_min": {
                    "pct": 0.43558282208588955,
                    "raw": 548.7666034155598
                },
                "hero_healing_per_min": {
                    "pct": 0.3182515337423313,
                    "raw": 0
                },
                "kills_per_min": {
                    "pct": 0.5276073619631901,
                    "raw": 0.11385199240986718
                },
                "last_hits_per_min": {
                    "pct": 0.5544478527607362,
                    "raw": 4.705882352941177
                },
                "tower_damage": {
                    "pct": 0.9225460122699386,
                    "raw": 7133
                },
                "xp_per_min": {
                    "pct": 0.28911042944785276,
                    "raw": 518
                }
            },
            "buyback_count": 0,
            "camps_stacked": 0,
            "courier_kills": 0,
            "creeps_stacked": 0,
            "deaths": 4,
            "denies": 15,
            "gold": 1148,
            "gold_per_min": 492,
            "gold_spent": 11835,
            "hero_damage": 14460,
            "hero_healing": 0,
            "hero_id": 108,
            "hero_kills": 3,
            "hero_variant": 2,
            "is_roaming": false,
            "item_uses": {
                "arcane_ring": 7,
                "black_king_bar": 1,
                "enchanted_mango": 1,
                "famango": 2,
                "magic_wand": 20,
                "power_treads": 12,
                "shivas_guard": 8,
                "tango": 3,
                "tpscroll": 5,
                "veil_of_discord": 5
            },
            "kda": 3.6,
            "kill_streaks": {},
            "kills": 3,
            "kills_per_min": 0.11385199240986717,
            "lane": 3,
            "lane_efficiency": 0.6756265157639451,
            "lane_efficiency_pct": 67,
            "lane_kills": 119,
            "lane_role": 3,
            "last_hits": 124,
            "leaver_status": 0,
            "level": 15,
            "life_state": {
                "0": 1452,
                "1": 10,
                "2": 120
            },
            "life_state_dead": 130,
            "lose": 0,
            "multi_kills": {},
            "necronomicon_kills": 0,
            "net_worth": 12828,
            "neutral_kills": 16,
            "neutral_tokens_log": [],
            "obs": {},
            "obs_left_log": [],
            "obs_log": [],
            "obs_placed": 0,
            "observer_kills": 0,
            "observer_uses": 0,
            "observers_placed": 0,
            "pings": 17,
            "player_slot": 2,
            "purchase": {
                "belt_of_strength": 1,
                "black_king_bar": 1,
                "boots": 1,
                "bracer": 1,
                "branches": 2,
                "circlet": 1,
                "crown": 1,
                "enchanted_mango": 1,
                "gauntlets": 1,
                "gloves": 1,
                "helm_of_iron_will": 1,
                "magic_stick": 1,
                "magic_wand": 1,
                "mithril_hammer": 1,
                "ogre_axe": 1,
                "platemail": 1,
                "power_treads": 1,
                "quelling_blade": 1,
                "recipe_black_king_bar": 1,
                "recipe_bracer": 1,
                "recipe_magic_wand": 1,
                "recipe_shivas_guard": 1,
                "recipe_veil_of_discord": 1,
                "shivas_guard": 1,
                "tango": 1,
                "veil_of_discord": 1
            },
            "rank_tier": null,
            "roshan_kills": 0,
            "rune_pickups": 3,
            "runes": {
                "6": 1,
                "8": 2
            },
            "sen": {},
            "sen_left_log": [],
            "sen_log": [],
            "sen_placed": 0,
            "sentry_kills": 0,
            "sentry_uses": 0,
            "stuns": 57.033825,
            "teamfight_participation": 0.68,
            "total_gold": 12964,
            "total_xp": 13649,
            "tower_damage": 7133,
            "tower_kills": 0,
            "win": 1,
            "xp_per_min": 518
        },
        {
            "abandons": 0,
            "actions_per_min": 258,
            "ancient_kills": 13,
            "assists": 7,
            "benchmarks": {
                "gold_per_min": {
                    "pct": 0.7704204929917835,
                    "raw": 690
                },
                "hero_damage_per_min": {
                    "pct": 0.26752054132431125,
                    "raw": 545.426944971537
                },
                "hero_healing_per_min": {
                    "pct": 0.8924601256645722,
                    "raw": 0
                },
                "kills_per_min": {
                    "pct": 0.611406476558724,
                    "raw": 0.26565464895635676
                },
                "last_hits_per_min": {
                    "pct": 0.8436442725954567,
                    "raw": 8.956356736242883
                },
                "tower_damage": {
                    "pct": 0.88835186080232,
                    "raw": 15580
                },
                "xp_per_min": {
                    "pct": 0.2735621072982117,
                    "raw": 624
                }
            },
            "buyback_count": 0,
            "camps_stacked": 0,
            "courier_kills": 0,
            "creeps_stacked": 0,
            "deaths": 3,
            "denies": 10,
            "gold": 1077,
            "gold_per_min": 690,
            "gold_spent": 17225,
            "hero_damage": 14372,
            "hero_healing": 0,
            "hero_id": 11,
            "hero_kills": 7,
            "hero_variant": 1,
            "is_roaming": false,
            "item_uses": {
                "black_king_bar": 1,
                "clarity": 1,
                "enchanted_mango": 2,
                "famango": 1,
                "magic_stick": 1,
                "magic_wand": 3,
                "manta": 5,
                "mask_of_madness": 31,
                "power_treads": 36,
                "tango": 3,
                "tango_single": 4,
                "tpscroll": 3,
                "ward_sentry": 2
            },
            "kda": 3.5,
            "kill_streaks": {
                "3": 1,
                "4": 1,
                "5": 1,
                "6": 1
            },
            "kills": 7,
            "kills_per_min": 0.2656546489563567,
            "lane": 1,
            "lane_efficiency": 0.797696038803557,
            "lane_efficiency_pct": 79,
            "lane_kills": 146,
            "lane_role": 1,
            "last_hits": 236,
            "leaver_status": 0,
            "level": 17,
            "life_state": {
                "0": 1476,
                "1": 5,
                "2": 101
            },
            "life_state_dead": 106,
            "lose": 0,
            "multi_kills": {
                "2": 2
            },
            "necronomicon_kills": 0,
            "net_worth": 18032,
            "neutral_kills": 88,
            "neutral_tokens_log": [
                {
                    "key": "Tier1Token",
                    "time": 557
                },
                {
                    "key": "Tier1Token",
                    "time": 570
                },
                {
                    "key": "Tier1Token",
                    "time": 714
                },
                {
                    "key": "Tier1Token",
                    "time": 723
                },
                {
                    "key": "Tier1Token",
                    "time": 793
                },
                {
                    "key": "Tier2Token",
                    "time": 1146
                },
                {
                    "key": "Tier2Token",
                    "time": 1154
                },
                {
                    "key": "Tier2Token",
                    "time": 1171
                }
            ],
            "obs": {},
            "obs_left_log": [],
            "obs_log": [],
            "obs_placed": 0,
            "observer_kills": 1,
            "observer_uses": 0,
            "observers_placed": 0,
            "pings": 7,
            "player_slot": 3,
            "purchase": {
                "belt_of_strength": 1,
                "black_king_bar": 1,
                "blade_of_alacrity": 2,
                "blades_of_attack": 1,
                "boots": 1,
                "boots_of_elves": 2,
                "branches": 2,
                "broadsword": 1,
                "circlet": 1,
                "clarity": 1,
                "claymore": 1,
                "diadem": 1,
                "dragon_lance": 1,
                "enchanted_mango": 2,
                "gloves": 1,
                "lesser_crit": 1,
                "lifesteal": 1,
                "magic_stick": 1,
                "magic_wand": 1,
                "manta": 1,
                "mask_of_madness": 1,
                "mithril_hammer": 1,
                "ogre_axe": 1,
                "power_treads": 1,
                "recipe_black_king_bar": 1,
                "recipe_dragon_lance": 1,
                "recipe_lesser_crit": 1,
                "recipe_magic_wand": 1,
                "recipe_manta": 1,
                "recipe_wraith_band": 1,
                "recipe_yasha": 1,
                "slippers": 1,
                "tango": 1,
                "ward_sentry": 2,
                "wraith_band": 1,
                "yasha": 1
            },
            "purchase_ward_sentry": 2,
            "rank_tier": null,
            "roshan_kills": 0,
            "rune_pickups": 3,
            "runes": {
                "1": 1,
                "5": 2
            },
            "sen": {
                "96": {
                    "140": 1
                },
                "98": {
                    "127": 1
                }
            },
            "sen_left_log": [
                {
                    "attackername": "npc_dota_hero_nevermore",
                    "ehandle": 2410574,
                    "entityleft": true,
                    "key": "[96,140]",
                    "player_slot": 3,
                    "slot": 3,
                    "time": 1554,
                    "type": "sen_left_log",
                    "x": 96.1,
                    "y": 140,
                    "z": 132.2
                },
                {
                    "attackername": "npc_dota_hero_nevermore",
                    "ehandle": 12550927,
                    "entityleft": true,
                    "key": "[98,127]",
                    "player_slot": 3,
                    "slot": 3,
                    "time": 1558,
                    "type": "sen_left_log",
                    "x": 97.7,
                    "y": 126.9,
                    "z": 130
                }
            ],
            "sen_log": [
                {
                    "ehandle": 2410574,
                    "entityleft": false,
                    "key": "[96,140]",
                    "player_slot": 3,
                    "slot": 3,
                    "time": 1134,
                    "type": "sen_log",
                    "x": 96.1,
                    "y": 140,
                    "z": 132.2
                },
                {
                    "ehandle": 12550927,
                    "entityleft": false,
                    "key": "[98,127]",
                    "player_slot": 3,
                    "slot": 3,
                    "time": 1138,
                    "type": "sen_log",
                    "x": 97.7,
                    "y": 126.9,
                    "z": 130
                }
            ],
            "sen_placed": 2,
            "sentry_kills": 0,
            "sentry_uses": 2,
            "stuns": 1.8332032,
            "teamfight_participation": 0.52,
            "total_gold": 18181,
            "total_xp": 16442,
            "tower_damage": 15580,
            "tower_kills": 5,
            "win": 1,
            "xp_per_min": 624
        },
        {
            "abandons": 0,
            "actions_per_min": 346,
            "ancient_kills": 0,
            "assists": 17,
            "benchmarks": {
                "gold_per_min": {
                    "pct": 0.3726207906295754,
                    "raw": 321
                },
                "hero_damage_per_min": {
                    "pct": 0.38872620790629575,
                    "raw": 347.55218216318787
                },
                "hero_healing_per_min": {
                    "pct": 0.8089311859443631,
                    "raw": 307.0588235294117
                },
                "kills_per_min": {
                    "pct": 0.45021961932650073,
                    "raw": 0.07590132827324478
                },
                "last_hits_per_min": {
                    "pct": 0.08565153733528551,
                    "raw": 0.6072106261859582
                },
                "tower_damage": {
                    "pct": 0.7247437774524158,
                    "raw": 1187
                },
                "xp_per_min": {
                    "pct": 0.15739385065885797,
                    "raw": 367
                }
            },
            "buyback_count": 0,
            "camps_stacked": 1,
            "courier_kills": 0,
            "creeps_stacked": 5,
            "deaths": 5,
            "denies": 5,
            "gold": 1834,
            "gold_per_min": 321,
            "gold_spent": 6925,
            "hero_damage": 9158,
            "hero_healing": 8091,
            "hero_id": 83,
            "hero_kills": 2,
            "hero_variant": 2,
            "is_roaming": false,
            "item_uses": {
                "arcane_boots": 14,
                "blink": 1,
                "enchanted_mango": 2,
                "faerie_fire": 1,
                "famango": 2,
                "flask": 1,
                "holy_locket": 7,
                "magic_stick": 4,
                "magic_wand": 3,
                "smoke_of_deceit": 2,
                "tango": 6,
                "tpscroll": 5,
                "ward_dispenser": 15,
                "ward_observer": 4,
                "ward_sentry": 4
            },
            "kda": 3.17,
            "kill_streaks": {},
            "kills": 2,
            "kills_per_min": 0.07590132827324478,
            "lane": 1,
            "lane_efficiency": 0.35105092966855295,
            "lane_efficiency_pct": 35,
            "lane_kills": 18,
            "lane_role": 1,
            "last_hits": 16,
            "leaver_status": 0,
            "level": 13,
            "life_state": {
                "0": 1437,
                "1": 13,
                "2": 132
            },
            "life_state_dead": 145,
            "lose": 0,
            "multi_kills": {},
            "necronomicon_kills": 0,
            "net_worth": 9149,
            "neutral_kills": 1,
            "neutral_tokens_log": [],
            "obs": {
                "120": {
                    "166": 2
                },
                "132": {
                    "145": 1
                },
                "150": {
                    "116": 1
                },
                "167": {
                    "90": 1
                },
                "168": {
                    "90": 1
                },
                "177": {
                    "156": 1
                },
                "188": {
                    "132": 1
                }
            },
            "obs_left_log": [
                {
                    "attackername": "npc_dota_hero_treant",
                    "ehandle": 15107601,
                    "entityleft": true,
                    "key": "[167,90]",
                    "player_slot": 4,
                    "slot": 4,
                    "time": 380,
                    "type": "obs_left_log",
                    "x": 166.9,
                    "y": 89.6,
                    "z": 129
                },
                {
                    "attackername": "npc_dota_hero_treant",
                    "ehandle": 12978570,
                    "entityleft": true,
                    "key": "[168,90]",
                    "player_slot": 4,
                    "slot": 4,
                    "time": 741,
                    "type": "obs_left_log",
                    "x": 167.9,
                    "y": 89.6,
                    "z": 129
                },
                {
                    "attackername": "npc_dota_hero_treant",
                    "ehandle": 4359944,
                    "entityleft": true,
                    "key": "[120,166]",
                    "player_slot": 4,
                    "slot": 4,
                    "time": 1146,
                    "type": "obs_left_log",
                    "x": 120.4,
                    "y": 165.9,
                    "z": 130
                },
                {
                    "attackername": "npc_dota_hero_treant",
                    "ehandle": 11845852,
                    "entityleft": true,
                    "key": "[150,116]",
                    "player_slot": 4,
                    "slot": 4,
                    "time": 1398,
                    "type": "obs_left_log",
                    "x": 149.5,
                    "y": 115.6,
                    "z": 130
                }
            ],
            "obs_log": [
                {
                    "ehandle": 15107601,
                    "entityleft": false,
                    "key": "[167,90]",
                    "player_slot": 4,
                    "slot": 4,
                    "time": 20,
                    "type": "obs_log",
                    "x": 166.9,
                    "y": 89.6,
                    "z": 129
                },
                {
                    "ehandle": 12978570,
                    "entityleft": false,
                    "key": "[168,90]",
                    "player_slot": 4,
                    "slot": 4,
                    "time": 381,
                    "type": "obs_log",
                    "x": 167.9,
                    "y": 89.6,
                    "z": 129
                },
                {
                    "ehandle": 4359944,
                    "entityleft": false,
                    "key": "[120,166]",
                    "player_slot": 4,
                    "slot": 4,
                    "time": 786,
                    "type": "obs_log",
                    "x": 120.4,
                    "y": 165.9,
                    "z": 130
                },
                {
                    "ehandle": 11845852,
                    "entityleft": false,
                    "key": "[150,116]",
                    "player_slot": 4,
                    "slot": 4,
                    "time": 1038,
                    "type": "obs_log",
                    "x": 149.5,
                    "y": 115.6,
                    "z": 130
                },
                {
                    "ehandle": 706968,
                    "entityleft": false,
                    "key": "[188,132]",
                    "player_slot": 4,
                    "slot": 4,
                    "time": 1242,
                    "type": "obs_log",
                    "x": 188.1,
                    "y": 132.1,
                    "z": 130
                },
                {
                    "ehandle": 8538413,
                    "entityleft": false,
                    "key": "[132,145]",
                    "player_slot": 4,
                    "slot": 4,
                    "time": 1358,
                    "type": "obs_log",
                    "x": 131.7,
                    "y": 145.2,
                    "z": 129
                },
                {
                    "ehandle": 12912578,
                    "entityleft": false,
                    "key": "[120,166]",
                    "player_slot": 4,
                    "slot": 4,
                    "time": 1375,
                    "type": "obs_log",
                    "x": 119.6,
                    "y": 165.8,
                    "z": 130
                },
                {
                    "ehandle": 1559032,
                    "entityleft": false,
                    "key": "[177,156]",
                    "player_slot": 4,
                    "slot": 4,
                    "time": 1520,
                    "type": "obs_log",
                    "x": 177.2,
                    "y": 156.1,
                    "z": 130
                }
            ],
            "obs_placed": 8,
            "observer_kills": 1,
            "observer_uses": 4,
            "observers_placed": 8,
            "pings": 6,
            "player_slot": 4,
            "purchase": {
                "arcane_boots": 1,
                "blink": 1,
                "boots": 1,
                "branches": 2,
                "diadem": 1,
                "enchanted_mango": 2,
                "faerie_fire": 1,
                "flask": 1,
                "holy_locket": 1,
                "magic_stick": 1,
                "magic_wand": 1,
                "recipe_arcane_boots": 1,
                "recipe_holy_locket": 1,
                "recipe_magic_wand": 1,
                "recipe_ring_of_basilius": 1,
                "ring_of_basilius": 1,
                "smoke_of_deceit": 2,
                "sobi_mask": 1,
                "tango": 2,
                "ward_dispenser": 12,
                "ward_observer": 8,
                "ward_sentry": 11
            },
            "purchase_ward_observer": 8,
            "purchase_ward_sentry": 11,
            "rank_tier": null,
            "roshan_kills": 0,
            "rune_pickups": 3,
            "runes": {
                "5": 3
            },
            "sen": {
                "122": {
                    "156": 1
                },
                "144": {
                    "122": 1
                },
                "149": {
                    "122": 1
                },
                "157": {
                    "90": 1
                },
                "158": {
                    "92": 2
                },
                "162": {
                    "100": 1
                },
                "177": {
                    "153": 1
                },
                "188": {
                    "116": 1
                }
            },
            "sen_left_log": [
                {
                    "attackername": "npc_dota_hero_shadow_demon",
                    "ehandle": 7045948,
                    "entityleft": true,
                    "key": "[162,100]",
                    "player_slot": 4,
                    "slot": 4,
                    "time": 158,
                    "type": "sen_left_log",
                    "x": 162.3,
                    "y": 99.5,
                    "z": 129
                },
                {
                    "attackername": "npc_dota_hero_treant",
                    "ehandle": 165637,
                    "entityleft": true,
                    "key": "[157,90]",
                    "player_slot": 4,
                    "slot": 4,
                    "time": 462,
                    "type": "sen_left_log",
                    "x": 157,
                    "y": 89.8,
                    "z": 129
                },
                {
                    "attackername": "npc_dota_hero_shadow_demon",
                    "ehandle": 10813681,
                    "entityleft": true,
                    "key": "[122,156]",
                    "player_slot": 4,
                    "slot": 4,
                    "time": 910,
                    "type": "sen_left_log",
                    "x": 121.6,
                    "y": 156,
                    "z": 132.1
                },
                {
                    "attackername": "npc_dota_hero_treant",
                    "ehandle": 3213677,
                    "entityleft": true,
                    "key": "[158,92]",
                    "player_slot": 4,
                    "slot": 4,
                    "time": 1000,
                    "type": "sen_left_log",
                    "x": 158.1,
                    "y": 91.7,
                    "z": 132.2
                },
                {
                    "attackername": "npc_dota_hero_dark_willow",
                    "ehandle": 15894777,
                    "entityleft": true,
                    "key": "[144,122]",
                    "player_slot": 4,
                    "slot": 4,
                    "time": 1154,
                    "type": "sen_left_log",
                    "x": 144.2,
                    "y": 121.5,
                    "z": 132.1
                },
                {
                    "attackername": "npc_dota_hero_treant",
                    "ehandle": 2852860,
                    "entityleft": true,
                    "key": "[158,92]",
                    "player_slot": 4,
                    "slot": 4,
                    "time": 1597,
                    "type": "sen_left_log",
                    "x": 158.2,
                    "y": 91.9,
                    "z": 132.2
                }
            ],
            "sen_log": [
                {
                    "ehandle": 7045948,
                    "entityleft": false,
                    "key": "[162,100]",
                    "player_slot": 4,
                    "slot": 4,
                    "time": 11,
                    "type": "sen_log",
                    "x": 162.3,
                    "y": 99.5,
                    "z": 129
                },
                {
                    "ehandle": 165637,
                    "entityleft": false,
                    "key": "[157,90]",
                    "player_slot": 4,
                    "slot": 4,
                    "time": 42,
                    "type": "sen_log",
                    "x": 157,
                    "y": 89.8,
                    "z": 129
                },
                {
                    "ehandle": 3213677,
                    "entityleft": false,
                    "key": "[158,92]",
                    "player_slot": 4,
                    "slot": 4,
                    "time": 580,
                    "type": "sen_log",
                    "x": 158.1,
                    "y": 91.7,
                    "z": 132.2
                },
                {
                    "ehandle": 10813681,
                    "entityleft": false,
                    "key": "[122,156]",
                    "player_slot": 4,
                    "slot": 4,
                    "time": 788,
                    "type": "sen_log",
                    "x": 121.6,
                    "y": 156,
                    "z": 132.1
                },
                {
                    "ehandle": 15894777,
                    "entityleft": false,
                    "key": "[144,122]",
                    "player_slot": 4,
                    "slot": 4,
                    "time": 1062,
                    "type": "sen_log",
                    "x": 144.2,
                    "y": 121.5,
                    "z": 132.1
                },
                {
                    "ehandle": 2852860,
                    "entityleft": false,
                    "key": "[158,92]",
                    "player_slot": 4,
                    "slot": 4,
                    "time": 1177,
                    "type": "sen_log",
                    "x": 158.2,
                    "y": 91.9,
                    "z": 132.2
                },
                {
                    "ehandle": 1770316,
                    "entityleft": false,
                    "key": "[188,116]",
                    "player_slot": 4,
                    "slot": 4,
                    "time": 1310,
                    "type": "sen_log",
                    "x": 187.9,
                    "y": 116,
                    "z": 132.1
                },
                {
                    "ehandle": 2327225,
                    "entityleft": false,
                    "key": "[149,122]",
                    "player_slot": 4,
                    "slot": 4,
                    "time": 1331,
                    "type": "sen_log",
                    "x": 148.5,
                    "y": 121.9,
                    "z": 130
                },
                {
                    "ehandle": 8440251,
                    "entityleft": false,
                    "key": "[177,153]",
                    "player_slot": 4,
                    "slot": 4,
                    "time": 1524,
                    "type": "sen_log",
                    "x": 177.2,
                    "y": 152.8,
                    "z": 130
                }
            ],
            "sen_placed": 9,
            "sentry_kills": 1,
            "sentry_uses": 4,
            "stuns": 39.6333,
            "teamfight_participation": 0.72,
            "total_gold": 8458,
            "total_xp": 9670,
            "tower_damage": 1187,
            "tower_kills": 0,
            "win": 1,
            "xp_per_min": 367
        },
        {
            "abandons": 0,
            "account_id": 86043086,
            "actions_per_min": 180,
            "ancient_kills": 0,
            "assists": 12,
            "benchmarks": {
                "gold_per_min": {
                    "pct": 0.07117181883537024,
                    "raw": 250
                },
                "hero_damage_per_min": {
                    "pct": 0.6455787203450755,
                    "raw": 567.0208728652752
                },
                "hero_healing_per_min": {
                    "pct": 0.9856218547807333,
                    "raw": 99.69639468690703
                },
                "kills_per_min": {
                    "pct": 0.028037383177570093,
                    "raw": 0
                },
                "last_hits_per_min": {
                    "pct": 0.5686556434219986,
                    "raw": 1.7457305502846299
                },
                "tower_damage": {
                    "pct": 0.24442846872753415,
                    "raw": 130
                },
                "xp_per_min": {
                    "pct": 0.11502516175413371,
                    "raw": 324
                }
            },
            "buyback_count": 0,
            "camps_stacked": 3,
            "courier_kills": 1,
            "creeps_stacked": 10,
            "deaths": 6,
            "denies": 2,
            "gold": 386,
            "gold_per_min": 250,
            "gold_spent": 6450,
            "hero_damage": 14941,
            "hero_healing": 2627,
            "hero_id": 119,
            "hero_kills": 0,
            "hero_variant": 2,
            "is_roaming": false,
            "item_uses": {
                "arcane_boots": 10,
                "blood_grenade": 1,
                "branches": 1,
                "enchanted_mango": 1,
                "famango": 1,
                "guardian_greaves": 2,
                "magic_stick": 4,
                "mekansm": 3,
                "tango": 12,
                "tpscroll": 4,
                "unstable_wand": 3,
                "ward_dispenser": 6,
                "ward_observer": 1,
                "ward_sentry": 2
            },
            "kda": 1.71,
            "kill_streaks": {},
            "kills": 0,
            "lane": 3,
            "lane_efficiency": 0.4033953112368634,
            "lane_efficiency_pct": 40,
            "lane_kills": 35,
            "lane_role": 1,
            "last_hits": 46,
            "leaver_status": 0,
            "level": 12,
            "life_state": {
                "0": 1422,
                "1": 13,
                "2": 147
            },
            "life_state_dead": 160,
            "lose": 1,
            "multi_kills": {},
            "necronomicon_kills": 0,
            "net_worth": 5786,
            "neutral_kills": 10,
            "neutral_tokens_log": [],
            "obs": {
                "110": {
                    "147": 1
                },
                "144": {
                    "122": 1
                },
                "80": {
                    "157": 1
                }
            },
            "obs_left_log": [
                {
                    "attackername": "npc_dota_hero_dark_willow",
                    "ehandle": 1886432,
                    "entityleft": true,
                    "key": "[80,157]",
                    "player_slot": 128,
                    "slot": 5,
                    "time": 736,
                    "type": "obs_left_log",
                    "x": 80.1,
                    "y": 156.7,
                    "z": 129
                },
                {
                    "attackername": "npc_dota_hero_dark_willow",
                    "ehandle": 5670537,
                    "entityleft": true,
                    "key": "[110,147]",
                    "player_slot": 128,
                    "slot": 5,
                    "time": 1284,
                    "type": "obs_left_log",
                    "x": 110,
                    "y": 146.7,
                    "z": 129
                },
                {
                    "attackername": "npc_dota_hero_treant",
                    "ehandle": 12339627,
                    "entityleft": true,
                    "key": "[144,122]",
                    "player_slot": 128,
                    "slot": 5,
                    "time": 1338,
                    "type": "obs_left_log",
                    "x": 143.6,
                    "y": 121.7,
                    "z": 132.1
                }
            ],
            "obs_log": [
                {
                    "ehandle": 1886432,
                    "entityleft": false,
                    "key": "[80,157]",
                    "player_slot": 128,
                    "slot": 5,
                    "time": 376,
                    "type": "obs_log",
                    "x": 80.1,
                    "y": 156.7,
                    "z": 129
                },
                {
                    "ehandle": 5670537,
                    "entityleft": false,
                    "key": "[110,147]",
                    "player_slot": 128,
                    "slot": 5,
                    "time": 924,
                    "type": "obs_log",
                    "x": 110,
                    "y": 146.7,
                    "z": 129
                },
                {
                    "ehandle": 12339627,
                    "entityleft": false,
                    "key": "[144,122]",
                    "player_slot": 128,
                    "slot": 5,
                    "time": 1151,
                    "type": "obs_log",
                    "x": 143.6,
                    "y": 121.7,
                    "z": 132.1
                }
            ],
            "obs_placed": 3,
            "observer_kills": 0,
            "observer_uses": 1,
            "observers_placed": 3,
            "pings": 6,
            "player_slot": 128,
            "purchase": {
                "arcane_boots": 1,
                "blood_grenade": 1,
                "boots": 1,
                "branches": 1,
                "buckler": 1,
                "chainmail": 1,
                "enchanted_mango": 1,
                "guardian_greaves": 1,
                "headdress": 1,
                "infused_raindrop": 1,
                "magic_stick": 1,
                "mekansm": 1,
                "recipe_arcane_boots": 1,
                "recipe_buckler": 1,
                "recipe_guardian_greaves": 1,
                "recipe_headdress": 1,
                "recipe_mekansm": 1,
                "recipe_ring_of_basilius": 1,
                "ring_of_basilius": 1,
                "ring_of_protection": 1,
                "ring_of_regen": 1,
                "sobi_mask": 1,
                "tango": 3,
                "tpscroll": 1,
                "ward_dispenser": 6,
                "ward_observer": 2,
                "ward_sentry": 3,
                "wind_lace": 1
            },
            "purchase_tpscroll": 1,
            "purchase_ward_observer": 2,
            "purchase_ward_sentry": 3,
            "rank_tier": 55,
            "roshan_kills": 0,
            "rune_pickups": 2,
            "runes": {
                "5": 2
            },
            "sen": {
                "144": {
                    "122": 1
                },
                "188": {
                    "116": 1
                },
                "88": {
                    "162": 1
                },
                "93": {
                    "164": 1
                }
            },
            "sen_left_log": [
                {
                    "attackername": "npc_dota_hero_abaddon",
                    "ehandle": 7602391,
                    "entityleft": true,
                    "key": "[93,164]",
                    "player_slot": 128,
                    "slot": 5,
                    "time": 156,
                    "type": "sen_left_log",
                    "x": 92.7,
                    "y": 163.6,
                    "z": 128
                },
                {
                    "attackername": "npc_dota_hero_abaddon",
                    "ehandle": 12962038,
                    "entityleft": true,
                    "key": "[88,162]",
                    "player_slot": 128,
                    "slot": 5,
                    "time": 334,
                    "type": "sen_left_log",
                    "x": 88.2,
                    "y": 161.6,
                    "z": 129
                },
                {
                    "attackername": "npc_dota_hero_dark_willow",
                    "ehandle": 8210380,
                    "entityleft": true,
                    "key": "[144,122]",
                    "player_slot": 128,
                    "slot": 5,
                    "time": 1364,
                    "type": "sen_left_log",
                    "x": 143.9,
                    "y": 122.1,
                    "z": 132.1
                },
                {
                    "attackername": "npc_dota_hero_dark_willow",
                    "ehandle": 2771442,
                    "entityleft": true,
                    "key": "[188,116]",
                    "player_slot": 128,
                    "slot": 5,
                    "time": 1614,
                    "type": "sen_left_log",
                    "x": 187.9,
                    "y": 115.7,
                    "z": 132.1
                }
            ],
            "sen_log": [
                {
                    "ehandle": 7602391,
                    "entityleft": false,
                    "key": "[93,164]",
                    "player_slot": 128,
                    "slot": 5,
                    "time": -39,
                    "type": "sen_log",
                    "x": 92.7,
                    "y": 163.6,
                    "z": 128
                },
                {
                    "ehandle": 12962038,
                    "entityleft": false,
                    "key": "[88,162]",
                    "player_slot": 128,
                    "slot": 5,
                    "time": 327,
                    "type": "sen_log",
                    "x": 88.2,
                    "y": 161.6,
                    "z": 129
                },
                {
                    "ehandle": 8210380,
                    "entityleft": false,
                    "key": "[144,122]",
                    "player_slot": 128,
                    "slot": 5,
                    "time": 944,
                    "type": "sen_log",
                    "x": 143.9,
                    "y": 122.1,
                    "z": 132.1
                },
                {
                    "ehandle": 2771442,
                    "entityleft": false,
                    "key": "[188,116]",
                    "player_slot": 128,
                    "slot": 5,
                    "time": 1193,
                    "type": "sen_log",
                    "x": 187.9,
                    "y": 115.7,
                    "z": 132.1
                }
            ],
            "sen_placed": 4,
            "sentry_kills": 2,
            "sentry_uses": 2,
            "stuns": 112.86621,
            "teamfight_participation": 0.57894737,
            "total_gold": 6587,
            "total_xp": 8537,
            "tower_damage": 130,
            "tower_kills": 0,
            "win": 0,
            "xp_per_min": 324
        },
        {
            "abandons": 0,
            "actions_per_min": 96,
            "ancient_kills": 3,
            "assists": 6,
            "benchmarks": {
                "gold_per_min": {
                    "pct": 0.11459459459459459,
                    "raw": 372
                },
                "hero_damage_per_min": {
                    "pct": 0.11243243243243244,
                    "raw": 461.2903225806452
                },
                "hero_healing_per_min": {
                    "pct": 0.9291891891891891,
                    "raw": 0
                },
                "kills_per_min": {
                    "pct": 0.1654054054054054,
                    "raw": 0.11385199240986718
                },
                "last_hits_per_min": {
                    "pct": 0.2913513513513514,
                    "raw": 4.326375711574953
                },
                "tower_damage": {
                    "pct": 0.1810810810810811,
                    "raw": 304
                },
                "xp_per_min": {
                    "pct": 0.07027027027027027,
                    "raw": 377
                }
            },
            "buyback_count": 0,
            "camps_stacked": 0,
            "courier_kills": 0,
            "creeps_stacked": 0,
            "deaths": 7,
            "denies": 8,
            "gold": 1756,
            "gold_per_min": 372,
            "gold_spent": 8045,
            "hero_damage": 12155,
            "hero_healing": 0,
            "hero_id": 15,
            "hero_kills": 3,
            "hero_variant": 2,
            "is_roaming": false,
            "item_uses": {
                "bloodstone": 4,
                "branches": 1,
                "clarity": 2,
                "flask": 2,
                "magic_wand": 12,
                "phase_boots": 38,
                "tango": 3,
                "tango_single": 1,
                "tpscroll": 7
            },
            "kda": 1.13,
            "kill_streaks": {},
            "kills": 3,
            "kills_per_min": 0.11385199240986717,
            "lane": 1,
            "lane_efficiency": 0.5727566693613582,
            "lane_efficiency_pct": 57,
            "lane_kills": 99,
            "lane_role": 3,
            "last_hits": 114,
            "leaver_status": 0,
            "level": 13,
            "life_state": {
                "0": 1362,
                "1": 23,
                "2": 197
            },
            "life_state_dead": 220,
            "lose": 1,
            "multi_kills": {},
            "necronomicon_kills": 1,
            "net_worth": 8936,
            "neutral_kills": 17,
            "neutral_tokens_log": [],
            "obs": {},
            "obs_left_log": [],
            "obs_log": [],
            "obs_placed": 0,
            "observer_kills": 0,
            "observer_uses": 0,
            "observers_placed": 0,
            "pings": 3,
            "player_slot": 129,
            "purchase": {
                "blades_of_attack": 1,
                "bloodstone": 1,
                "boots": 1,
                "branches": 3,
                "chainmail": 1,
                "circlet": 1,
                "clarity": 2,
                "energy_booster": 1,
                "flask": 2,
                "infused_raindrop": 2,
                "magic_stick": 1,
                "magic_wand": 1,
                "phase_boots": 1,
                "point_booster": 1,
                "recipe_magic_wand": 1,
                "recipe_wraith_band": 1,
                "slippers": 1,
                "soul_booster": 1,
                "tango": 1,
                "tpscroll": 1,
                "vitality_booster": 1,
                "void_stone": 1,
                "voodoo_mask": 1,
                "wraith_band": 1
            },
            "purchase_tpscroll": 1,
            "rank_tier": null,
            "roshan_kills": 0,
            "rune_pickups": 1,
            "runes": {
                "5": 1
            },
            "sen": {},
            "sen_left_log": [],
            "sen_log": [],
            "sen_placed": 0,
            "sentry_kills": 0,
            "sentry_uses": 0,
            "stuns": 0,
            "teamfight_participation": 0.47368422,
            "total_gold": 9802,
            "total_xp": 9933,
            "tower_damage": 304,
            "tower_kills": 0,
            "win": 0,
            "xp_per_min": 377
        },
        {
            "abandons": 0,
            "account_id": 15206463,
            "actions_per_min": 128,
            "ancient_kills": 0,
            "assists": 8,
            "benchmarks": {
                "gold_per_min": {
                    "pct": 0.08625730994152046,
                    "raw": 247
                },
                "hero_damage_per_min": {
                    "pct": 0.4473684210526316,
                    "raw": 422.80834914611006
                },
                "hero_healing_per_min": {
                    "pct": 0.3684210526315789,
                    "raw": 0
                },
                "kills_per_min": {
                    "pct": 0.7602339181286549,
                    "raw": 0.18975332068311196
                },
                "last_hits_per_min": {
                    "pct": 0.10526315789473684,
                    "raw": 0.7210626185958254
                },
                "tower_damage": {
                    "pct": 0.19005847953216373,
                    "raw": 0
                },
                "xp_per_min": {
                    "pct": 0.04532163742690058,
                    "raw": 244
                }
            },
            "buyback_count": 0,
            "camps_stacked": 0,
            "courier_kills": 0,
            "creeps_stacked": 0,
            "deaths": 5,
            "denies": 0,
            "gold": 1415,
            "gold_per_min": 247,
            "gold_spent": 5360,
            "hero_damage": 11141,
            "hero_healing": 0,
            "hero_id": 79,
            "hero_kills": 5,
            "hero_variant": 1,
            "is_roaming": false,
            "item_uses": {
                "arcane_boots": 7,
                "blood_grenade": 3,
                "bullwhip": 5,
                "clarity": 2,
                "enchanted_mango": 2,
                "faerie_fire": 1,
                "famango": 1,
                "magic_stick": 5,
                "magic_wand": 3,
                "smoke_of_deceit": 2,
                "tango": 9,
                "tpscroll": 2,
                "trusty_shovel": 8,
                "ward_dispenser": 20,
                "ward_observer": 1,
                "ward_sentry": 2
            },
            "kda": 2.17,
            "kill_streaks": {
                "3": 1,
                "4": 1
            },
            "kills": 5,
            "kills_per_min": 0.18975332068311193,
            "lane": 1,
            "lane_efficiency": 0.48767178658043653,
            "lane_efficiency_pct": 48,
            "lane_kills": 10,
            "lane_role": 3,
            "last_hits": 19,
            "leaver_status": 0,
            "level": 10,
            "life_state": {
                "0": 1422,
                "1": 19,
                "2": 141
            },
            "life_state_dead": 160,
            "lose": 1,
            "multi_kills": {},
            "necronomicon_kills": 2,
            "net_worth": 5590,
            "neutral_kills": 5,
            "neutral_tokens_log": [],
            "obs": {
                "148": {
                    "72": 1
                },
                "158": {
                    "92": 1
                },
                "94": {
                    "132": 1
                }
            },
            "obs_left_log": [
                {
                    "attackername": "npc_dota_hero_shadow_demon",
                    "ehandle": 16288198,
                    "entityleft": true,
                    "key": "[158,92]",
                    "player_slot": 130,
                    "slot": 7,
                    "time": 514,
                    "type": "obs_left_log",
                    "x": 158.3,
                    "y": 92.3,
                    "z": 132.2
                },
                {
                    "attackername": "npc_dota_hero_nevermore",
                    "ehandle": 8848075,
                    "entityleft": true,
                    "key": "[94,132]",
                    "player_slot": 130,
                    "slot": 7,
                    "time": 1140,
                    "type": "obs_left_log",
                    "x": 93.8,
                    "y": 132.3,
                    "z": 130
                },
                {
                    "attackername": "npc_dota_hero_shadow_demon",
                    "ehandle": 6636350,
                    "entityleft": true,
                    "key": "[148,72]",
                    "player_slot": 130,
                    "slot": 7,
                    "time": 1349,
                    "type": "obs_left_log",
                    "x": 147.9,
                    "y": 72,
                    "z": 131.2
                }
            ],
            "obs_log": [
                {
                    "ehandle": 16288198,
                    "entityleft": false,
                    "key": "[158,92]",
                    "player_slot": 130,
                    "slot": 7,
                    "time": 154,
                    "type": "obs_log",
                    "x": 158.3,
                    "y": 92.3,
                    "z": 132.2
                },
                {
                    "ehandle": 6636350,
                    "entityleft": false,
                    "key": "[148,72]",
                    "player_slot": 130,
                    "slot": 7,
                    "time": 989,
                    "type": "obs_log",
                    "x": 147.9,
                    "y": 72,
                    "z": 131.2
                },
                {
                    "ehandle": 8848075,
                    "entityleft": false,
                    "key": "[94,132]",
                    "player_slot": 130,
                    "slot": 7,
                    "time": 1047,
                    "type": "obs_log",
                    "x": 93.8,
                    "y": 132.3,
                    "z": 130
                }
            ],
            "obs_placed": 3,
            "observer_kills": 0,
            "observer_uses": 1,
            "observers_placed": 3,
            "pings": 25,
            "player_slot": 130,
            "purchase": {
                "aether_lens": 1,
                "arcane_boots": 1,
                "blood_grenade": 3,
                "boots": 1,
                "branches": 2,
                "clarity": 2,
                "energy_booster": 1,
                "faerie_fire": 1,
                "magic_stick": 1,
                "magic_wand": 1,
                "recipe_aether_lens": 1,
                "recipe_arcane_boots": 1,
                "recipe_magic_wand": 1,
                "recipe_ring_of_basilius": 1,
                "ring_of_basilius": 1,
                "smoke_of_deceit": 3,
                "sobi_mask": 1,
                "tango": 3,
                "tpscroll": 2,
                "void_stone": 1,
                "ward_dispenser": 9,
                "ward_observer": 6,
                "ward_sentry": 8
            },
            "purchase_tpscroll": 2,
            "purchase_ward_observer": 6,
            "purchase_ward_sentry": 8,
            "rank_tier": 61,
            "roshan_kills": 0,
            "rune_pickups": 3,
            "runes": {
                "5": 2,
                "8": 1
            },
            "sen": {
                "107": {
                    "163": 1
                },
                "122": {
                    "156": 1
                },
                "136": {
                    "154": 1
                },
                "157": {
                    "160": 1
                },
                "158": {
                    "83": 1
                },
                "161": {
                    "98": 1
                },
                "167": {
                    "152": 1
                },
                "96": {
                    "140": 1
                }
            },
            "sen_left_log": [
                {
                    "attackername": "npc_dota_hero_treant",
                    "ehandle": 11716265,
                    "entityleft": true,
                    "key": "[158,83]",
                    "player_slot": 130,
                    "slot": 7,
                    "time": 47,
                    "type": "sen_left_log",
                    "x": 157.8,
                    "y": 83.4,
                    "z": 129
                },
                {
                    "attackername": "npc_dota_hero_shadow_demon",
                    "ehandle": 9554369,
                    "entityleft": true,
                    "key": "[161,98]",
                    "player_slot": 130,
                    "slot": 7,
                    "time": 572,
                    "type": "sen_left_log",
                    "x": 161.3,
                    "y": 98.2,
                    "z": 129
                },
                {
                    "attackername": "npc_dota_hero_shadow_demon",
                    "ehandle": 2148155,
                    "entityleft": true,
                    "key": "[107,163]",
                    "player_slot": 130,
                    "slot": 7,
                    "time": 1020,
                    "type": "sen_left_log",
                    "x": 107.2,
                    "y": 162.6,
                    "z": 130
                },
                {
                    "attackername": "npc_dota_hero_shadow_demon",
                    "ehandle": 9684511,
                    "entityleft": true,
                    "key": "[122,156]",
                    "player_slot": 130,
                    "slot": 7,
                    "time": 1326,
                    "type": "sen_left_log",
                    "x": 122.1,
                    "y": 156.2,
                    "z": 132.1
                },
                {
                    "attackername": "npc_dota_hero_shadow_demon",
                    "ehandle": 3475944,
                    "entityleft": true,
                    "key": "[96,140]",
                    "player_slot": 130,
                    "slot": 7,
                    "time": 1464,
                    "type": "sen_left_log",
                    "x": 95.9,
                    "y": 140.2,
                    "z": 132.2
                }
            ],
            "sen_log": [
                {
                    "ehandle": 11716265,
                    "entityleft": false,
                    "key": "[158,83]",
                    "player_slot": 130,
                    "slot": 7,
                    "time": 35,
                    "type": "sen_log",
                    "x": 157.8,
                    "y": 83.4,
                    "z": 129
                },
                {
                    "ehandle": 9554369,
                    "entityleft": false,
                    "key": "[161,98]",
                    "player_slot": 130,
                    "slot": 7,
                    "time": 152,
                    "type": "sen_log",
                    "x": 161.3,
                    "y": 98.2,
                    "z": 129
                },
                {
                    "ehandle": 2148155,
                    "entityleft": false,
                    "key": "[107,163]",
                    "player_slot": 130,
                    "slot": 7,
                    "time": 599,
                    "type": "sen_log",
                    "x": 107.2,
                    "y": 162.6,
                    "z": 130
                },
                {
                    "ehandle": 9684511,
                    "entityleft": false,
                    "key": "[122,156]",
                    "player_slot": 130,
                    "slot": 7,
                    "time": 906,
                    "type": "sen_log",
                    "x": 122.1,
                    "y": 156.2,
                    "z": 132.1
                },
                {
                    "ehandle": 3475944,
                    "entityleft": false,
                    "key": "[96,140]",
                    "player_slot": 130,
                    "slot": 7,
                    "time": 1044,
                    "type": "sen_log",
                    "x": 95.9,
                    "y": 140.2,
                    "z": 132.2
                },
                {
                    "ehandle": 14125278,
                    "entityleft": false,
                    "key": "[136,154]",
                    "player_slot": 130,
                    "slot": 7,
                    "time": 1346,
                    "type": "sen_log",
                    "x": 136.3,
                    "y": 153.7,
                    "z": 131.1
                },
                {
                    "ehandle": 379212,
                    "entityleft": false,
                    "key": "[167,152]",
                    "player_slot": 130,
                    "slot": 7,
                    "time": 1496,
                    "type": "sen_log",
                    "x": 166.7,
                    "y": 152.4,
                    "z": 130
                },
                {
                    "ehandle": 7095901,
                    "entityleft": false,
                    "key": "[157,160]",
                    "player_slot": 130,
                    "slot": 7,
                    "time": 1499,
                    "type": "sen_log",
                    "x": 156.8,
                    "y": 160.4,
                    "z": 130
                }
            ],
            "sen_placed": 8,
            "sentry_kills": 2,
            "sentry_uses": 2,
            "stuns": 33.19995,
            "teamfight_participation": 0.68421054,
            "total_gold": 6508,
            "total_xp": 6429,
            "tower_damage": 0,
            "tower_kills": 0,
            "win": 0,
            "xp_per_min": 244
        },
        {
            "abandons": 0,
            "actions_per_min": 141,
            "ancient_kills": 0,
            "assists": 1,
            "benchmarks": {
                "gold_per_min": {
                    "pct": 0.26215356656065425,
                    "raw": 507
                },
                "hero_damage_per_min": {
                    "pct": 0.26328941390277144,
                    "raw": 512.9791271347248
                },
                "hero_healing_per_min": {
                    "pct": 0.05860972285324852,
                    "raw": 4.971537001897533
                },
                "kills_per_min": {
                    "pct": 0.5947296683325761,
                    "raw": 0.26565464895635676
                },
                "last_hits_per_min": {
                    "pct": 0.7030895047705589,
                    "raw": 8.311195445920303
                },
                "tower_damage": {
                    "pct": 0.12176283507496592,
                    "raw": 0
                },
                "xp_per_min": {
                    "pct": 0.11949114039073148,
                    "raw": 519
                }
            },
            "buyback_count": 0,
            "camps_stacked": 1,
            "courier_kills": 1,
            "creeps_stacked": 5,
            "deaths": 3,
            "denies": 7,
            "gold": 1179,
            "gold_per_min": 507,
            "gold_spent": 12170,
            "hero_damage": 13517,
            "hero_healing": 131,
            "hero_id": 8,
            "hero_kills": 7,
            "hero_variant": 2,
            "is_roaming": false,
            "item_uses": {
                "faerie_fire": 1,
                "famango": 1,
                "flask": 1,
                "mjollnir": 5,
                "phase_boots": 47,
                "quelling_blade": 11,
                "tango_single": 3,
                "tpscroll": 4
            },
            "kda": 2,
            "kill_streaks": {
                "3": 1,
                "4": 1,
                "5": 1,
                "6": 1
            },
            "kills": 7,
            "kills_per_min": 0.2656546489563567,
            "lane": 3,
            "lane_efficiency": 0.7263540824575586,
            "lane_efficiency_pct": 72,
            "lane_kills": 105,
            "lane_role": 1,
            "last_hits": 219,
            "leaver_status": 0,
            "level": 15,
            "life_state": {
                "0": 1442,
                "1": 9,
                "2": 131
            },
            "life_state_dead": 140,
            "lose": 1,
            "multi_kills": {},
            "necronomicon_kills": 0,
            "net_worth": 13084,
            "neutral_kills": 111,
            "neutral_tokens_log": [
                {
                    "key": "Tier1Token",
                    "time": 538
                },
                {
                    "key": "Tier1Token",
                    "time": 703
                },
                {
                    "key": "Tier1Token",
                    "time": 768
                },
                {
                    "key": "Tier1Token",
                    "time": 776
                },
                {
                    "key": "Tier1Token",
                    "time": 835
                },
                {
                    "key": "Tier2Token",
                    "time": 1170
                },
                {
                    "key": "Tier2Token",
                    "time": 1277
                },
                {
                    "key": "Tier2Token",
                    "time": 1309
                },
                {
                    "key": "Tier2Token",
                    "time": 1332
                }
            ],
            "obs": {},
            "obs_left_log": [],
            "obs_log": [],
            "obs_placed": 0,
            "observer_kills": 0,
            "observer_uses": 0,
            "observers_placed": 0,
            "pings": 3,
            "player_slot": 131,
            "purchase": {
                "belt_of_strength": 1,
                "blade_of_alacrity": 1,
                "blades_of_attack": 1,
                "boots": 1,
                "boots_of_elves": 1,
                "branches": 2,
                "chainmail": 1,
                "circlet": 1,
                "faerie_fire": 1,
                "flask": 1,
                "gloves": 1,
                "hyperstone": 1,
                "javelin": 1,
                "maelstrom": 1,
                "mithril_hammer": 1,
                "mjollnir": 1,
                "ogre_axe": 1,
                "phase_boots": 1,
                "quelling_blade": 1,
                "recipe_mjollnir": 1,
                "recipe_sange": 1,
                "recipe_wraith_band": 1,
                "recipe_yasha": 1,
                "sange": 1,
                "sange_and_yasha": 1,
                "slippers": 1,
                "tpscroll": 1,
                "wraith_band": 1,
                "yasha": 1
            },
            "purchase_tpscroll": 1,
            "rank_tier": null,
            "roshan_kills": 0,
            "rune_pickups": 2,
            "runes": {
                "5": 2
            },
            "sen": {},
            "sen_left_log": [],
            "sen_log": [],
            "sen_placed": 0,
            "sentry_kills": 0,
            "sentry_uses": 0,
            "stuns": 0,
            "teamfight_participation": 0.42105263,
            "total_gold": 13359,
            "total_xp": 13675,
            "tower_damage": 0,
            "tower_kills": 0,
            "win": 0,
            "xp_per_min": 519
        },
        {
            "abandons": 0,
            "actions_per_min": 305,
            "ancient_kills": 0,
            "assists": 7,
            "benchmarks": {
                "gold_per_min": {
                    "pct": 0.1408769022148561,
                    "raw": 295
                },
                "hero_damage_per_min": {
                    "pct": 0.6451710109989454,
                    "raw": 582.3529411764705
                },
                "hero_healing_per_min": {
                    "pct": 0.6376374868163327,
                    "raw": 0
                },
                "kills_per_min": {
                    "pct": 0.45276480337501884,
                    "raw": 0.15180265654648956
                },
                "last_hits_per_min": {
                    "pct": 0.4303149013108332,
                    "raw": 1.7457305502846299
                },
                "tower_damage": {
                    "pct": 0.38571643814976647,
                    "raw": 144
                },
                "xp_per_min": {
                    "pct": 0.07985535633569384,
                    "raw": 343
                }
            },
            "buyback_count": 0,
            "camps_stacked": 1,
            "courier_kills": 0,
            "creeps_stacked": 3,
            "deaths": 8,
            "denies": 3,
            "gold": 356,
            "gold_per_min": 295,
            "gold_spent": 7270,
            "hero_damage": 15345,
            "hero_healing": 0,
            "hero_id": 14,
            "hero_kills": 4,
            "hero_variant": 1,
            "is_roaming": false,
            "item_uses": {
                "bottle": 35,
                "branches": 1,
                "magic_stick": 1,
                "magic_wand": 7,
                "phase_boots": 51,
                "smoke_of_deceit": 1,
                "tango": 3,
                "tpscroll": 6,
                "ward_dispenser": 3,
                "ward_observer": 1,
                "ward_sentry": 3
            },
            "kda": 1.22,
            "kill_streaks": {},
            "kills": 4,
            "kills_per_min": 0.15180265654648956,
            "lane": 2,
            "lane_efficiency": 0.6471301535974131,
            "lane_efficiency_pct": 64,
            "lane_kills": 41,
            "lane_role": 2,
            "last_hits": 46,
            "leaver_status": 0,
            "level": 12,
            "life_state": {
                "0": 1313,
                "1": 14,
                "2": 255
            },
            "life_state_dead": 269,
            "lose": 1,
            "multi_kills": {},
            "necronomicon_kills": 1,
            "net_worth": 7386,
            "neutral_kills": 2,
            "neutral_tokens_log": [
                {
                    "key": "Tier2Token",
                    "time": 1136
                }
            ],
            "obs": {
                "124": {
                    "131": 1
                },
                "125": {
                    "133": 1
                },
                "131": {
                    "126": 2
                }
            },
            "obs_left_log": [
                {
                    "attackername": "npc_dota_hero_magnataur",
                    "ehandle": 9453635,
                    "entityleft": true,
                    "key": "[125,133]",
                    "player_slot": 132,
                    "slot": 9,
                    "time": 169,
                    "type": "obs_left_log",
                    "x": 124.5,
                    "y": 132.8,
                    "z": 129
                },
                {
                    "attackername": "npc_dota_hero_magnataur",
                    "ehandle": 5932950,
                    "entityleft": true,
                    "key": "[131,126]",
                    "player_slot": 132,
                    "slot": 9,
                    "time": 394,
                    "type": "obs_left_log",
                    "x": 131.4,
                    "y": 125.7,
                    "z": 129
                },
                {
                    "attackername": "npc_dota_hero_magnataur",
                    "ehandle": 12044185,
                    "entityleft": true,
                    "key": "[131,126]",
                    "player_slot": 132,
                    "slot": 9,
                    "time": 587,
                    "type": "obs_left_log",
                    "x": 130.7,
                    "y": 125.9,
                    "z": 129
                },
                {
                    "attackername": "npc_dota_hero_pudge",
                    "ehandle": 7586623,
                    "entityleft": true,
                    "key": "[124,131]",
                    "player_slot": 132,
                    "slot": 9,
                    "time": 974,
                    "type": "obs_left_log",
                    "x": 124.2,
                    "y": 131.3,
                    "z": 129
                }
            ],
            "obs_log": [
                {
                    "ehandle": 9453635,
                    "entityleft": false,
                    "key": "[125,133]",
                    "player_slot": 132,
                    "slot": 9,
                    "time": -48,
                    "type": "obs_log",
                    "x": 124.5,
                    "y": 132.8,
                    "z": 129
                },
                {
                    "ehandle": 5932950,
                    "entityleft": false,
                    "key": "[131,126]",
                    "player_slot": 132,
                    "slot": 9,
                    "time": 350,
                    "type": "obs_log",
                    "x": 131.4,
                    "y": 125.7,
                    "z": 129
                },
                {
                    "ehandle": 12044185,
                    "entityleft": false,
                    "key": "[131,126]",
                    "player_slot": 132,
                    "slot": 9,
                    "time": 443,
                    "type": "obs_log",
                    "x": 130.7,
                    "y": 125.9,
                    "z": 129
                },
                {
                    "ehandle": 7586623,
                    "entityleft": false,
                    "key": "[124,131]",
                    "player_slot": 132,
                    "slot": 9,
                    "time": 614,
                    "type": "obs_log",
                    "x": 124.2,
                    "y": 131.3,
                    "z": 129
                }
            ],
            "obs_placed": 4,
            "observer_kills": 0,
            "observer_uses": 1,
            "observers_placed": 4,
            "pings": 17,
            "player_slot": 132,
            "purchase": {
                "blades_of_attack": 1,
                "boots": 1,
                "bottle": 1,
                "bracer": 1,
                "branches": 3,
                "chainmail": 1,
                "circlet": 1,
                "cloak": 1,
                "eternal_shroud": 1,
                "gauntlets": 1,
                "magic_stick": 1,
                "magic_wand": 1,
                "ogre_axe": 1,
                "phase_boots": 1,
                "quelling_blade": 1,
                "recipe_bracer": 1,
                "recipe_eternal_shroud": 1,
                "recipe_magic_wand": 1,
                "smoke_of_deceit": 1,
                "tango": 1,
                "vitality_booster": 1,
                "ward_dispenser": 3,
                "ward_observer": 4,
                "ward_sentry": 3
            },
            "purchase_ward_observer": 4,
            "purchase_ward_sentry": 3,
            "rank_tier": null,
            "roshan_kills": 0,
            "rune_pickups": 10,
            "runes": {
                "3": 1,
                "5": 4,
                "6": 1,
                "7": 3,
                "8": 1
            },
            "sen": {
                "123": {
                    "129": 1
                },
                "127": {
                    "123": 1
                },
                "130": {
                    "123": 1
                }
            },
            "sen_left_log": [
                {
                    "attackername": "npc_dota_hero_magnataur",
                    "ehandle": 11553278,
                    "entityleft": true,
                    "key": "[130,123]",
                    "player_slot": 132,
                    "slot": 9,
                    "time": 353,
                    "type": "sen_left_log",
                    "x": 129.7,
                    "y": 123.4,
                    "z": 128
                },
                {
                    "attackername": "npc_dota_hero_magnataur",
                    "ehandle": 1870134,
                    "entityleft": true,
                    "key": "[127,123]",
                    "player_slot": 132,
                    "slot": 9,
                    "time": 588,
                    "type": "sen_left_log",
                    "x": 126.9,
                    "y": 123.4,
                    "z": 128
                },
                {
                    "attackername": "npc_dota_hero_pudge",
                    "ehandle": 3016979,
                    "entityleft": true,
                    "key": "[123,129]",
                    "player_slot": 132,
                    "slot": 9,
                    "time": 1035,
                    "type": "sen_left_log",
                    "x": 122.8,
                    "y": 129.1,
                    "z": 128
                }
            ],
            "sen_log": [
                {
                    "ehandle": 11553278,
                    "entityleft": false,
                    "key": "[130,123]",
                    "player_slot": 132,
                    "slot": 9,
                    "time": 350,
                    "type": "sen_log",
                    "x": 129.7,
                    "y": 123.4,
                    "z": 128
                },
                {
                    "ehandle": 1870134,
                    "entityleft": false,
                    "key": "[127,123]",
                    "player_slot": 132,
                    "slot": 9,
                    "time": 445,
                    "type": "sen_log",
                    "x": 126.9,
                    "y": 123.4,
                    "z": 128
                },
                {
                    "ehandle": 3016979,
                    "entityleft": false,
                    "key": "[123,129]",
                    "player_slot": 132,
                    "slot": 9,
                    "time": 615,
                    "type": "sen_log",
                    "x": 122.8,
                    "y": 129.1,
                    "z": 128
                }
            ],
            "sen_placed": 3,
            "sentry_kills": 1,
            "sentry_uses": 3,
            "stuns": 43.80014,
            "teamfight_participation": 0.57894737,
            "total_gold": 7773,
            "total_xp": 9038,
            "tower_damage": 144,
            "tower_kills": 1,
            "win": 0,
            "xp_per_min": 343
        }
    ],
    "radiant_score": 26,
    "radiant_win": true,
    "replay_url": "http://replay272.valve.net/570/7928252879_806494388.dem.bz2"
}