{
    "dire_score": 13,
    "duration": 1561,
    "lobby_type": 7,
    "match_id": 7931444831,
    "metadata": null,
    "players": [
        {
            "abandons": 0,
            "actions_per_min": 118,
            "ancient_kills": 6,
            "assists": 8,
            "benchmarks": {
                "gold_per_min": {
                    "pct": 0.41031652989449,
                    "raw": 519
                },
                "hero_damage_per_min": {
                    "pct": 0.22919109026963658,
                    "raw": 412.6585522101217
                },
                "hero_healing_per_min": {
                    "pct": 0.966295427901524,
                    "raw": 0
                },
                "kills_per_min": {
                    "pct": 0.30158264947245017,
                    "raw": 0.11531069827033953
                },
                "last_hits_per_min": {
                    "pct": 0.3388042203985932,
                    "raw": 5.534913516976298
                },
                "tower_damage": {
                    "pct": 0.5427901524032825,
                    "raw": 6529
                },
                "xp_per_min": {
                    "pct": 0.16588511137162953,
                    "raw": 515
                }
            },
            "buyback_count": 0,
            "camps_stacked": 0,
            "courier_kills": 0,
            "creeps_stacked": 0,
            "deaths": 3,
            "denies": 10,
            "gold": 1878,
            "gold_per_min": 519,
            "gold_spent": 11640,
            "hero_damage": 10736,
            "hero_healing": 0,
            "hero_id": 49,
            "hero_kills": 3,
            "hero_variant": 1,
            "is_roaming": false,
            "item_uses": {
                "armlet": 38,
                "clarity": 5,
                "enchanted_mango": 3,
                "tango": 3,
                "tango_single": 1,
                "tpscroll": 4
            },
            "kda": 2.75,
            "kill_streaks": {},
            "kills": 3,
            "kills_per_min": 0.11531069827033953,
            "lane": 3,
            "lane_efficiency": 0.8124494745351657,
            "lane_efficiency_pct": 81,
            "lane_kills": 111,
            "lane_role": 3,
            "last_hits": 144,
            "leaver_status": 0,
            "level": 15,
            "life_state": {
                "0": 1435,
                "1": 3,
                "2": 125
            },
            "life_state_dead": 128,
            "lose": 0,
            "multi_kills": {},
            "necronomicon_kills": 0,
            "net_worth": 12733,
            "neutral_kills": 29,
            "neutral_tokens_log": [
                {
                    "key": "Tier1Token",
                    "time": 569
                },
                {
                    "key": "Tier1Token",
                    "time": 570
                },
                {
                    "key": "Tier1Token",
                    "time": 876
                },
                {
                    "key": "Tier2Token",
                    "time": 1452
                },
                {
                    "key": "Tier2Token",
                    "time": 1458
                }
            ],
            "obs": {},
            "obs_left_log": [],
            "obs_log": [],
            "obs_placed": 0,
            "observer_kills": 0,
            "observer_uses": 0,
            "observers_placed": 0,
            "pings": 35,
            "player_slot": 0,
            "purchase": {
                "armlet": 1,
                "belt_of_strength": 2,
                "blade_of_alacrity": 1,
                "blades_of_attack": 1,
                "boots": 1,
                "boots_of_elves": 1,
                "bracer": 1,
                "branches": 1,
                "circlet": 1,
                "clarity": 5,
                "claymore": 1,
                "enchanted_mango": 3,
                "gauntlets": 1,
                "gloves": 2,
                "great_famango": 1,
                "helm_of_iron_will": 1,
                "lifesteal": 1,
                "ogre_axe": 1,
                "power_treads": 1,
                "quelling_blade": 1,
                "recipe_armlet": 1,
                "recipe_bracer": 1,
                "recipe_sange": 1,
                "recipe_yasha": 1,
                "sange": 1,
                "sange_and_yasha": 1,
                "tango": 1,
                "tpscroll": 1,
                "yasha": 1
            },
            "purchase_tpscroll": 1,
            "rank_tier": null,
            "roshan_kills": 0,
            "rune_pickups": 3,
            "runes": {
                "5": 2,
                "8": 1
            },
            "sen": {},
            "sen_left_log": [],
            "sen_log": [],
            "sen_placed": 0,
            "sentry_kills": 0,
            "sentry_uses": 0,
            "stuns": 29.46679,
            "teamfight_participation": 0.32352942,
            "total_gold": 13502,
            "total_xp": 13398,
            "tower_damage": 6529,
            "tower_kills": 3,
            "win": 1,
            "xp_per_min": 515
        },
        {
            "abandons": 0,
            "account_id": 377750127,
            "actions_per_min": 182,
            "ancient_kills": 2,
            "assists": 11,
            "benchmarks": {
                "gold_per_min": {
                    "pct": 0.8768971332209107,
                    "raw": 487
                },
                "hero_damage_per_min": {
                    "pct": 0.8650927487352446,
                    "raw": 698.1294042280589
                },
                "hero_healing_per_min": {
                    "pct": 0.6818437324339517,
                    "raw": 0
                },
                "kills_per_min": {
                    "pct": 0.883080382237212,
                    "raw": 0.26905829596412556
                },
                "last_hits_per_min": {
                    "pct": 0.8982574480044969,
                    "raw": 3.6130685458039715
                },
                "tower_damage": {
                    "pct": 0.9342327150084317,
                    "raw": 3363
                },
                "xp_per_min": {
                    "pct": 0.4609331084879146,
                    "raw": 551
                }
            },
            "buyback_count": 0,
            "camps_stacked": 0,
            "courier_kills": 0,
            "creeps_stacked": 0,
            "deaths": 2,
            "denies": 4,
            "gold": 642,
            "gold_per_min": 487,
            "gold_spent": 12360,
            "hero_damage": 18163,
            "hero_healing": 0,
            "hero_id": 68,
            "hero_kills": 7,
            "hero_variant": 1,
            "is_roaming": false,
            "item_uses": {
                "arcane_boots": 11,
                "bottle": 31,
                "branches": 1,
                "faerie_fire": 1,
                "rod_of_atos": 1,
                "tango": 3,
                "tpscroll": 4,
                "ward_dispenser": 3,
                "ward_observer": 1,
                "ward_sentry": 1
            },
            "kda": 6,
            "kill_streaks": {
                "3": 1
            },
            "kills": 7,
            "kills_per_min": 0.26905829596412556,
            "lane": 2,
            "lane_efficiency": 0.7182700080840744,
            "lane_efficiency_pct": 71,
            "lane_kills": 84,
            "lane_role": 2,
            "last_hits": 94,
            "leaver_status": 0,
            "level": 16,
            "life_state": {
                "0": 1487,
                "1": 2,
                "2": 74
            },
            "life_state_dead": 76,
            "lose": 0,
            "multi_kills": {
                "2": 1
            },
            "necronomicon_kills": 0,
            "net_worth": 12547,
            "neutral_kills": 10,
            "neutral_tokens_log": [
                {
                    "key": "Tier1Token",
                    "time": 835
                },
                {
                    "key": "Tier2Token",
                    "time": 1083
                }
            ],
            "obs": {
                "126": {
                    "119": 1
                },
                "164": {
                    "134": 1
                }
            },
            "obs_left_log": [
                {
                    "attackername": "npc_dota_hero_ancient_apparition",
                    "ehandle": 4425474,
                    "entityleft": true,
                    "key": "[126,119]",
                    "player_slot": 1,
                    "slot": 1,
                    "time": 763,
                    "type": "obs_left_log",
                    "x": 125.5,
                    "y": 119.3,
                    "z": 129
                },
                {
                    "attackername": "npc_dota_hero_beastmaster",
                    "ehandle": 6736066,
                    "entityleft": true,
                    "key": "[164,134]",
                    "player_slot": 1,
                    "slot": 1,
                    "time": 1041,
                    "type": "obs_left_log",
                    "x": 163.8,
                    "y": 133.8,
                    "z": 132.1
                }
            ],
            "obs_log": [
                {
                    "ehandle": 4425474,
                    "entityleft": false,
                    "key": "[126,119]",
                    "player_slot": 1,
                    "slot": 1,
                    "time": 403,
                    "type": "obs_log",
                    "x": 125.5,
                    "y": 119.3,
                    "z": 129
                },
                {
                    "ehandle": 6736066,
                    "entityleft": false,
                    "key": "[164,134]",
                    "player_slot": 1,
                    "slot": 1,
                    "time": 812,
                    "type": "obs_log",
                    "x": 163.8,
                    "y": 133.8,
                    "z": 132.1
                }
            ],
            "obs_placed": 2,
            "observer_kills": 0,
            "observer_uses": 1,
            "observers_placed": 2,
            "pings": 3,
            "player_slot": 1,
            "purchase": {
                "arcane_boots": 1,
                "blade_of_alacrity": 1,
                "blitz_knuckles": 1,
                "boots": 1,
                "bottle": 1,
                "branches": 2,
                "chainmail": 1,
                "circlet": 1,
                "faerie_fire": 1,
                "mantle": 1,
                "null_talisman": 1,
                "oblivion_staff": 1,
                "ogre_axe": 1,
                "point_booster": 1,
                "recipe_arcane_boots": 1,
                "recipe_null_talisman": 1,
                "recipe_ring_of_basilius": 1,
                "recipe_rod_of_atos": 1,
                "recipe_witch_blade": 1,
                "ring_of_basilius": 1,
                "robe": 1,
                "rod_of_atos": 1,
                "sobi_mask": 2,
                "staff_of_wizardry": 2,
                "tango": 1,
                "tpscroll": 3,
                "ultimate_scepter": 1,
                "vitality_booster": 1,
                "ward_dispenser": 2,
                "ward_observer": 2,
                "ward_sentry": 2,
                "witch_blade": 1
            },
            "purchase_tpscroll": 3,
            "purchase_ward_observer": 2,
            "purchase_ward_sentry": 2,
            "rank_tier": 41,
            "roshan_kills": 0,
            "rune_pickups": 6,
            "runes": {
                "0": 2,
                "5": 2,
                "7": 1,
                "9": 1
            },
            "sen": {
                "125": {
                    "125": 1
                },
                "164": {
                    "134": 1
                }
            },
            "sen_left_log": [
                {
                    "attackername": "npc_dota_hero_ancient_apparition",
                    "ehandle": 6604543,
                    "entityleft": true,
                    "key": "[125,125]",
                    "player_slot": 1,
                    "slot": 1,
                    "time": 820,
                    "type": "sen_left_log",
                    "x": 124.5,
                    "y": 124.9,
                    "z": 128
                },
                {
                    "attackername": "npc_dota_hero_beastmaster",
                    "ehandle": 1280159,
                    "entityleft": true,
                    "key": "[164,134]",
                    "player_slot": 1,
                    "slot": 1,
                    "time": 1039,
                    "type": "sen_left_log",
                    "x": 163.8,
                    "y": 133.9,
                    "z": 132.1
                }
            ],
            "sen_log": [
                {
                    "ehandle": 6604543,
                    "entityleft": false,
                    "key": "[125,125]",
                    "player_slot": 1,
                    "slot": 1,
                    "time": 400,
                    "type": "sen_log",
                    "x": 124.5,
                    "y": 124.9,
                    "z": 128
                },
                {
                    "ehandle": 1280159,
                    "entityleft": false,
                    "key": "[164,134]",
                    "player_slot": 1,
                    "slot": 1,
                    "time": 813,
                    "type": "sen_log",
                    "x": 163.8,
                    "y": 133.9,
                    "z": 132.1
                }
            ],
            "sen_placed": 2,
            "sentry_kills": 0,
            "sentry_uses": 1,
            "stuns": 7.23335,
            "teamfight_participation": 0.5294118,
            "total_gold": 12670,
            "total_xp": 14335,
            "tower_damage": 3363,
            "tower_kills": 0,
            "win": 1,
            "xp_per_min": 551
        },
        {
            "abandons": 0,
            "actions_per_min": 499,
            "ancient_kills": 0,
            "assists": 22,
            "benchmarks": {
                "gold_per_min": {
                    "pct": 0.7291428571428571,
                    "raw": 349
                },
                "hero_damage_per_min": {
                    "pct": 0.5942857142857143,
                    "raw": 180.5765534913517
                },
                "hero_healing_per_min": {
                    "pct": 0.8765714285714286,
                    "raw": 714.6957078795645
                },
                "kills_per_min": {
                    "pct": 0.7988571428571428,
                    "raw": 0.11531069827033953
                },
                "last_hits_per_min": {
                    "pct": 0.5691428571428572,
                    "raw": 0.8071748878923767
                },
                "tower_damage": {
                    "pct": 0.9417142857142857,
                    "raw": 4920
                },
                "xp_per_min": {
                    "pct": 0.4102857142857143,
                    "raw": 476
                }
            },
            "buyback_count": 0,
            "camps_stacked": 2,
            "courier_kills": 0,
            "creeps_stacked": 4,
            "deaths": 2,
            "denies": 6,
            "gold": 1172,
            "gold_per_min": 349,
            "gold_spent": 8385,
            "hero_damage": 4698,
            "hero_healing": 18594,
            "hero_id": 91,
            "hero_kills": 3,
            "hero_variant": 1,
            "is_roaming": false,
            "item_uses": {
                "arcane_boots": 3,
                "blood_grenade": 2,
                "famango": 2,
                "flask": 1,
                "holy_locket": 12,
                "magic_wand": 2,
                "mekansm": 4,
                "smoke_of_deceit": 2,
                "tango": 6,
                "tpscroll": 3,
                "ward_dispenser": 5,
                "ward_observer": 3,
                "ward_sentry": 2
            },
            "kda": 8.33,
            "kill_streaks": {
                "3": 1
            },
            "kills": 3,
            "kills_per_min": 0.11531069827033953,
            "lane": 1,
            "lane_efficiency": 0.3910670978172999,
            "lane_efficiency_pct": 39,
            "lane_kills": 22,
            "lane_role": 1,
            "last_hits": 21,
            "leaver_status": 0,
            "level": 14,
            "life_state": {
                "0": 1507,
                "1": 2,
                "2": 54
            },
            "life_state_dead": 56,
            "lose": 0,
            "multi_kills": {},
            "necronomicon_kills": 0,
            "net_worth": 10277,
            "neutral_kills": 1,
            "neutral_tokens_log": [],
            "obs": {
                "136": {
                    "154": 1
                },
                "144": {
                    "122": 1
                },
                "158": {
                    "92": 2
                }
            },
            "obs_left_log": [
                {
                    "attackername": "npc_dota_hero_wisp",
                    "ehandle": 689756,
                    "entityleft": true,
                    "key": "[158,92]",
                    "player_slot": 2,
                    "slot": 2,
                    "time": 390,
                    "type": "obs_left_log",
                    "x": 158.1,
                    "y": 92,
                    "z": 132.2
                },
                {
                    "attackername": "npc_dota_hero_wisp",
                    "ehandle": 1361520,
                    "entityleft": true,
                    "key": "[158,92]",
                    "player_slot": 2,
                    "slot": 2,
                    "time": 756,
                    "type": "obs_left_log",
                    "x": 157.9,
                    "y": 92.1,
                    "z": 132.2
                },
                {
                    "attackername": "npc_dota_hero_wisp",
                    "ehandle": 6359543,
                    "entityleft": true,
                    "key": "[144,122]",
                    "player_slot": 2,
                    "slot": 2,
                    "time": 1312,
                    "type": "obs_left_log",
                    "x": 144.1,
                    "y": 122,
                    "z": 132.1
                },
                {
                    "attackername": "npc_dota_hero_wisp",
                    "ehandle": 13093332,
                    "entityleft": true,
                    "key": "[136,154]",
                    "player_slot": 2,
                    "slot": 2,
                    "time": 1544,
                    "type": "obs_left_log",
                    "x": 136.2,
                    "y": 153.9,
                    "z": 131.1
                }
            ],
            "obs_log": [
                {
                    "ehandle": 689756,
                    "entityleft": false,
                    "key": "[158,92]",
                    "player_slot": 2,
                    "slot": 2,
                    "time": 29,
                    "type": "obs_log",
                    "x": 158.1,
                    "y": 92,
                    "z": 132.2
                },
                {
                    "ehandle": 1361520,
                    "entityleft": false,
                    "key": "[158,92]",
                    "player_slot": 2,
                    "slot": 2,
                    "time": 396,
                    "type": "obs_log",
                    "x": 157.9,
                    "y": 92.1,
                    "z": 132.2
                },
                {
                    "ehandle": 6359543,
                    "entityleft": false,
                    "key": "[144,122]",
                    "player_slot": 2,
                    "slot": 2,
                    "time": 952,
                    "type": "obs_log",
                    "x": 144.1,
                    "y": 122,
                    "z": 132.1
                },
                {
                    "ehandle": 13093332,
                    "entityleft": false,
                    "key": "[136,154]",
                    "player_slot": 2,
                    "slot": 2,
                    "time": 1184,
                    "type": "obs_log",
                    "x": 136.2,
                    "y": 153.9,
                    "z": 131.1
                }
            ],
            "obs_placed": 4,
            "observer_kills": 0,
            "observer_uses": 3,
            "observers_placed": 4,
            "pings": 12,
            "player_slot": 2,
            "purchase": {
                "arcane_boots": 1,
                "blood_grenade": 2,
                "boots": 1,
                "bracer": 1,
                "branches": 2,
                "buckler": 1,
                "chainmail": 1,
                "circlet": 1,
                "diadem": 1,
                "flask": 1,
                "gauntlets": 1,
                "guardian_greaves": 1,
                "headdress": 1,
                "holy_locket": 1,
                "magic_stick": 1,
                "magic_wand": 1,
                "mekansm": 1,
                "recipe_arcane_boots": 1,
                "recipe_bracer": 1,
                "recipe_buckler": 1,
                "recipe_guardian_greaves": 1,
                "recipe_headdress": 1,
                "recipe_holy_locket": 1,
                "recipe_magic_wand": 1,
                "recipe_mekansm": 1,
                "recipe_ring_of_basilius": 1,
                "ring_of_basilius": 1,
                "ring_of_protection": 1,
                "ring_of_regen": 1,
                "smoke_of_deceit": 2,
                "sobi_mask": 1,
                "tango": 1,
                "ward_dispenser": 4,
                "ward_observer": 3,
                "ward_sentry": 3
            },
            "purchase_ward_observer": 3,
            "purchase_ward_sentry": 3,
            "rank_tier": null,
            "roshan_kills": 0,
            "rune_pickups": 2,
            "runes": {
                "3": 1,
                "5": 1
            },
            "sen": {
                "136": {
                    "154": 1
                },
                "162": {
                    "95": 1,
                    "96": 1
                },
                "165": {
                    "95": 1
                }
            },
            "sen_left_log": [
                {
                    "attackername": "npc_dota_hero_lina",
                    "ehandle": 8455754,
                    "entityleft": true,
                    "key": "[162,95]",
                    "player_slot": 2,
                    "slot": 2,
                    "time": 196,
                    "type": "sen_left_log",
                    "x": 161.6,
                    "y": 95,
                    "z": 129
                },
                {
                    "attackername": "npc_dota_hero_lina",
                    "ehandle": 6162600,
                    "entityleft": true,
                    "key": "[162,96]",
                    "player_slot": 2,
                    "slot": 2,
                    "time": 357,
                    "type": "sen_left_log",
                    "x": 162,
                    "y": 95.5,
                    "z": 129
                },
                {
                    "attackername": "npc_dota_hero_lina",
                    "ehandle": 5605852,
                    "entityleft": true,
                    "key": "[165,95]",
                    "player_slot": 2,
                    "slot": 2,
                    "time": 641,
                    "type": "sen_left_log",
                    "x": 165.4,
                    "y": 95.4,
                    "z": 129
                },
                {
                    "attackername": "npc_dota_hero_wisp",
                    "ehandle": 11323164,
                    "entityleft": true,
                    "key": "[136,154]",
                    "player_slot": 2,
                    "slot": 2,
                    "time": 1605,
                    "type": "sen_left_log",
                    "x": 136,
                    "y": 154,
                    "z": 131.1
                }
            ],
            "sen_log": [
                {
                    "ehandle": 8455754,
                    "entityleft": false,
                    "key": "[162,95]",
                    "player_slot": 2,
                    "slot": 2,
                    "time": 27,
                    "type": "sen_log",
                    "x": 161.6,
                    "y": 95,
                    "z": 129
                },
                {
                    "ehandle": 6162600,
                    "entityleft": false,
                    "key": "[162,96]",
                    "player_slot": 2,
                    "slot": 2,
                    "time": 283,
                    "type": "sen_log",
                    "x": 162,
                    "y": 95.5,
                    "z": 129
                },
                {
                    "ehandle": 5605852,
                    "entityleft": false,
                    "key": "[165,95]",
                    "player_slot": 2,
                    "slot": 2,
                    "time": 418,
                    "type": "sen_log",
                    "x": 165.4,
                    "y": 95.4,
                    "z": 129
                },
                {
                    "ehandle": 11323164,
                    "entityleft": false,
                    "key": "[136,154]",
                    "player_slot": 2,
                    "slot": 2,
                    "time": 1184,
                    "type": "sen_log",
                    "x": 136,
                    "y": 154,
                    "z": 131.1
                }
            ],
            "sen_placed": 4,
            "sentry_kills": 1,
            "sentry_uses": 2,
            "stuns": 0,
            "teamfight_participation": 0.7352941,
            "total_gold": 9079,
            "total_xp": 12383,
            "tower_damage": 4920,
            "tower_kills": 1,
            "win": 1,
            "xp_per_min": 476
        },
        {
            "abandons": 0,
            "actions_per_min": 429,
            "ancient_kills": 3,
            "assists": 8,
            "benchmarks": {
                "gold_per_min": {
                    "pct": 0.9328859060402684,
                    "raw": 708
                },
                "hero_damage_per_min": {
                    "pct": 0.9134228187919463,
                    "raw": 1055.13132607303
                },
                "hero_healing_per_min": {
                    "pct": 0.9630872483221476,
                    "raw": 0
                },
                "kills_per_min": {
                    "pct": 0.9838926174496644,
                    "raw": 0.6918641896220372
                },
                "last_hits_per_min": {
                    "pct": 0.6268456375838927,
                    "raw": 5.688661114670083
                },
                "tower_damage": {
                    "pct": 0.9825503355704698,
                    "raw": 17502
                },
                "xp_per_min": {
                    "pct": 0.48456375838926175,
                    "raw": 678
                }
            },
            "buyback_count": 0,
            "camps_stacked": 0,
            "courier_kills": 0,
            "creeps_stacked": 0,
            "deaths": 2,
            "denies": 9,
            "gold": 2681,
            "gold_per_min": 708,
            "gold_spent": 16790,
            "hero_damage": 27451,
            "hero_healing": 0,
            "hero_id": 81,
            "hero_kills": 18,
            "hero_variant": 1,
            "is_roaming": false,
            "item_uses": {
                "armlet": 121,
                "clarity": 1,
                "magic_stick": 15,
                "manta": 3,
                "orchid": 11,
                "power_treads": 3,
                "quelling_blade": 46,
                "tpscroll": 3
            },
            "kda": 8.67,
            "kill_streaks": {
                "10": 1,
                "3": 3,
                "4": 2,
                "5": 2,
                "6": 1,
                "7": 1,
                "8": 1,
                "9": 1
            },
            "kills": 18,
            "kills_per_min": 0.6918641896220372,
            "lane": 1,
            "lane_efficiency": 0.8538803556992725,
            "lane_efficiency_pct": 85,
            "lane_kills": 126,
            "lane_role": 1,
            "last_hits": 148,
            "leaver_status": 0,
            "level": 18,
            "life_state": {
                "0": 1501,
                "1": 3,
                "2": 59
            },
            "life_state_dead": 62,
            "lose": 0,
            "multi_kills": {
                "2": 5
            },
            "necronomicon_kills": 0,
            "net_worth": 18711,
            "neutral_kills": 12,
            "neutral_tokens_log": [
                {
                    "key": "Tier1Token",
                    "time": 753
                }
            ],
            "obs": {},
            "obs_left_log": [],
            "obs_log": [],
            "obs_placed": 0,
            "observer_kills": 1,
            "observer_uses": 0,
            "observers_placed": 0,
            "pings": 18,
            "player_slot": 3,
            "purchase": {
                "armlet": 1,
                "belt_of_strength": 1,
                "blade_of_alacrity": 1,
                "blades_of_attack": 1,
                "blitz_knuckles": 1,
                "boots": 1,
                "boots_of_elves": 1,
                "bracer": 1,
                "branches": 1,
                "circlet": 1,
                "clarity": 1,
                "cornucopia": 1,
                "diadem": 1,
                "gauntlets": 1,
                "gloves": 2,
                "helm_of_iron_will": 1,
                "hyperstone": 1,
                "javelin": 1,
                "magic_stick": 1,
                "manta": 1,
                "oblivion_staff": 1,
                "orchid": 1,
                "power_treads": 1,
                "quelling_blade": 1,
                "recipe_armlet": 1,
                "recipe_bloodthorn": 1,
                "recipe_bracer": 1,
                "recipe_manta": 1,
                "recipe_orchid": 1,
                "recipe_yasha": 1,
                "robe": 1,
                "sobi_mask": 1,
                "tango": 2,
                "tpscroll": 1,
                "yasha": 1
            },
            "purchase_tpscroll": 1,
            "rank_tier": null,
            "roshan_kills": 0,
            "rune_pickups": 1,
            "runes": {
                "8": 1
            },
            "sen": {},
            "sen_left_log": [],
            "sen_log": [],
            "sen_placed": 0,
            "sentry_kills": 0,
            "sentry_uses": 0,
            "stuns": 40.899876,
            "teamfight_participation": 0.7647059,
            "total_gold": 18419,
            "total_xp": 17639,
            "tower_damage": 17502,
            "tower_kills": 5,
            "win": 1,
            "xp_per_min": 678
        },
        {
            "abandons": 0,
            "actions_per_min": 126,
            "ancient_kills": 0,
            "assists": 13,
            "benchmarks": {
                "gold_per_min": {
                    "pct": 0.3175346571749719,
                    "raw": 328
                },
                "hero_damage_per_min": {
                    "pct": 0.10378418883476957,
                    "raw": 343.35682254964763
                },
                "hero_healing_per_min": {
                    "pct": 0.7403521918321468,
                    "raw": 63.65150544522742
                },
                "kills_per_min": {
                    "pct": 0.5179842637692019,
                    "raw": 0.11531069827033953
                },
                "last_hits_per_min": {
                    "pct": 0.11090295991007867,
                    "raw": 0.8456117873158232
                },
                "tower_damage": {
                    "pct": 0.7699512926189584,
                    "raw": 1028
                },
                "xp_per_min": {
                    "pct": 0.17478456350693145,
                    "raw": 405
                }
            },
            "buyback_count": 0,
            "camps_stacked": 2,
            "courier_kills": 0,
            "creeps_stacked": 5,
            "deaths": 4,
            "denies": 0,
            "gold": 643,
            "gold_per_min": 328,
            "gold_spent": 8265,
            "hero_damage": 8933,
            "hero_healing": 1656,
            "hero_id": 131,
            "hero_kills": 3,
            "hero_variant": 1,
            "is_roaming": false,
            "item_uses": {
                "blood_grenade": 2,
                "branches": 1,
                "clarity": 2,
                "famango": 2,
                "magic_wand": 5,
                "rod_of_atos": 1,
                "spirit_vessel": 4,
                "tango": 6,
                "tpscroll": 4,
                "urn_of_shadows": 1,
                "ward_dispenser": 11,
                "ward_sentry": 4
            },
            "kda": 3.2,
            "kill_streaks": {},
            "kills": 3,
            "kills_per_min": 0.11531069827033953,
            "lane": 3,
            "lane_efficiency": 0.39915117219078416,
            "lane_efficiency_pct": 39,
            "lane_kills": 16,
            "lane_role": 3,
            "last_hits": 22,
            "leaver_status": 0,
            "level": 13,
            "life_state": {
                "0": 1451,
                "1": 16,
                "2": 96
            },
            "life_state_dead": 112,
            "lose": 0,
            "multi_kills": {},
            "necronomicon_kills": 0,
            "net_worth": 8178,
            "neutral_kills": 3,
            "neutral_tokens_log": [],
            "obs": {
                "106": {
                    "162": 1
                },
                "116": {
                    "182": 1
                },
                "117": {
                    "126": 1
                },
                "122": {
                    "156": 1
                },
                "134": {
                    "92": 1
                }
            },
            "obs_left_log": [
                {
                    "attackername": "npc_dota_hero_ringmaster",
                    "ehandle": 11059407,
                    "entityleft": true,
                    "key": "[117,126]",
                    "player_slot": 4,
                    "slot": 4,
                    "time": 322,
                    "type": "obs_left_log",
                    "x": 117.1,
                    "y": 126,
                    "z": 129
                },
                {
                    "attackername": "npc_dota_hero_ringmaster",
                    "ehandle": 7637477,
                    "entityleft": true,
                    "key": "[106,162]",
                    "player_slot": 4,
                    "slot": 4,
                    "time": 849,
                    "type": "obs_left_log",
                    "x": 106.3,
                    "y": 162.4,
                    "z": 130
                },
                {
                    "attackername": "npc_dota_hero_lina",
                    "ehandle": 83879,
                    "entityleft": true,
                    "key": "[122,156]",
                    "player_slot": 4,
                    "slot": 4,
                    "time": 1036,
                    "type": "obs_left_log",
                    "x": 121.8,
                    "y": 155.9,
                    "z": 132.1
                },
                {
                    "attackername": "npc_dota_hero_ringmaster",
                    "ehandle": 12076952,
                    "entityleft": true,
                    "key": "[116,182]",
                    "player_slot": 4,
                    "slot": 4,
                    "time": 1298,
                    "type": "obs_left_log",
                    "x": 115.9,
                    "y": 182.1,
                    "z": 131.1
                },
                {
                    "attackername": "npc_dota_hero_ringmaster",
                    "ehandle": 4047116,
                    "entityleft": true,
                    "key": "[134,92]",
                    "player_slot": 4,
                    "slot": 4,
                    "time": 1532,
                    "type": "obs_left_log",
                    "x": 133.9,
                    "y": 91.9,
                    "z": 132.2
                }
            ],
            "obs_log": [
                {
                    "ehandle": 11059407,
                    "entityleft": false,
                    "key": "[117,126]",
                    "player_slot": 4,
                    "slot": 4,
                    "time": -38,
                    "type": "obs_log",
                    "x": 117.1,
                    "y": 126,
                    "z": 129
                },
                {
                    "ehandle": 7637477,
                    "entityleft": false,
                    "key": "[106,162]",
                    "player_slot": 4,
                    "slot": 4,
                    "time": 489,
                    "type": "obs_log",
                    "x": 106.3,
                    "y": 162.4,
                    "z": 130
                },
                {
                    "ehandle": 83879,
                    "entityleft": false,
                    "key": "[122,156]",
                    "player_slot": 4,
                    "slot": 4,
                    "time": 865,
                    "type": "obs_log",
                    "x": 121.8,
                    "y": 155.9,
                    "z": 132.1
                },
                {
                    "ehandle": 12076952,
                    "entityleft": false,
                    "key": "[116,182]",
                    "player_slot": 4,
                    "slot": 4,
                    "time": 938,
                    "type": "obs_log",
                    "x": 115.9,
                    "y": 182.1,
                    "z": 131.1
                },
                {
                    "ehandle": 4047116,
                    "entityleft": false,
                    "key": "[134,92]",
                    "player_slot": 4,
                    "slot": 4,
                    "time": 1172,
                    "type": "obs_log",
                    "x": 133.9,
                    "y": 91.9,
                    "z": 132.2
                }
            ],
            "obs_placed": 5,
            "observer_kills": 0,
            "observer_uses": 0,
            "observers_placed": 5,
            "pings": 12,
            "player_slot": 4,
            "purchase": {
                "blood_grenade": 2,
                "boots": 1,
                "branches": 3,
                "circlet": 1,
                "clarity": 2,
                "crown": 1,
                "fluffy_hat": 2,
                "magic_stick": 1,
                "magic_wand": 1,
                "mantle": 1,
                "null_talisman": 1,
                "recipe_magic_wand": 1,
                "recipe_null_talisman": 1,
                "recipe_pavise": 1,
                "recipe_rod_of_atos": 1,
                "recipe_spirit_vessel": 1,
                "recipe_urn_of_shadows": 1,
                "ring_of_protection": 2,
                "rod_of_atos": 1,
                "sobi_mask": 1,
                "spirit_vessel": 1,
                "staff_of_wizardry": 1,
                "tango": 2,
                "urn_of_shadows": 1,
                "vitality_booster": 2,
                "ward_dispenser": 7,
                "ward_observer": 4,
                "ward_sentry": 5
            },
            "purchase_ward_observer": 4,
            "purchase_ward_sentry": 5,
            "rank_tier": null,
            "roshan_kills": 0,
            "rune_pickups": 5,
            "runes": {
                "5": 2,
                "6": 1,
                "8": 2
            },
            "sen": {
                "108": {
                    "163": 1
                },
                "118": {
                    "157": 1,
                    "184": 1
                },
                "121": {
                    "126": 1
                },
                "134": {
                    "92": 1
                },
                "164": {
                    "156": 1
                }
            },
            "sen_left_log": [
                {
                    "attackername": "npc_dota_hero_ringmaster",
                    "ehandle": 12435973,
                    "entityleft": true,
                    "key": "[121,126]",
                    "player_slot": 4,
                    "slot": 4,
                    "time": 397,
                    "type": "sen_left_log",
                    "x": 120.6,
                    "y": 126.1,
                    "z": 128
                },
                {
                    "attackername": "npc_dota_hero_ringmaster",
                    "ehandle": 16402779,
                    "entityleft": true,
                    "key": "[108,163]",
                    "player_slot": 4,
                    "slot": 4,
                    "time": 910,
                    "type": "sen_left_log",
                    "x": 108.1,
                    "y": 163.4,
                    "z": 130
                },
                {
                    "attackername": "npc_dota_hero_lina",
                    "ehandle": 14911808,
                    "entityleft": true,
                    "key": "[118,157]",
                    "player_slot": 4,
                    "slot": 4,
                    "time": 1040,
                    "type": "sen_left_log",
                    "x": 118.4,
                    "y": 156.9,
                    "z": 130
                },
                {
                    "attackername": "npc_dota_hero_ringmaster",
                    "ehandle": 3735673,
                    "entityleft": true,
                    "key": "[118,184]",
                    "player_slot": 4,
                    "slot": 4,
                    "time": 1361,
                    "type": "sen_left_log",
                    "x": 118,
                    "y": 184.3,
                    "z": 129
                },
                {
                    "attackername": "npc_dota_hero_ringmaster",
                    "ehandle": 7505522,
                    "entityleft": true,
                    "key": "[134,92]",
                    "player_slot": 4,
                    "slot": 4,
                    "time": 1590,
                    "type": "sen_left_log",
                    "x": 133.9,
                    "y": 92,
                    "z": 132.2
                }
            ],
            "sen_log": [
                {
                    "ehandle": 12435973,
                    "entityleft": false,
                    "key": "[121,126]",
                    "player_slot": 4,
                    "slot": 4,
                    "time": -23,
                    "type": "sen_log",
                    "x": 120.6,
                    "y": 126.1,
                    "z": 128
                },
                {
                    "ehandle": 16402779,
                    "entityleft": false,
                    "key": "[108,163]",
                    "player_slot": 4,
                    "slot": 4,
                    "time": 490,
                    "type": "sen_log",
                    "x": 108.1,
                    "y": 163.4,
                    "z": 130
                },
                {
                    "ehandle": 14911808,
                    "entityleft": false,
                    "key": "[118,157]",
                    "player_slot": 4,
                    "slot": 4,
                    "time": 867,
                    "type": "sen_log",
                    "x": 118.4,
                    "y": 156.9,
                    "z": 130
                },
                {
                    "ehandle": 3735673,
                    "entityleft": false,
                    "key": "[118,184]",
                    "player_slot": 4,
                    "slot": 4,
                    "time": 941,
                    "type": "sen_log",
                    "x": 118,
                    "y": 184.3,
                    "z": 129
                },
                {
                    "ehandle": 7505522,
                    "entityleft": false,
                    "key": "[134,92]",
                    "player_slot": 4,
                    "slot": 4,
                    "time": 1170,
                    "type": "sen_log",
                    "x": 133.9,
                    "y": 92,
                    "z": 132.2
                },
                {
                    "ehandle": 8865490,
                    "entityleft": false,
                    "key": "[164,156]",
                    "player_slot": 4,
                    "slot": 4,
                    "time": 1337,
                    "type": "sen_log",
                    "x": 163.6,
                    "y": 156.1,
                    "z": 130
                }
            ],
            "sen_placed": 6,
            "sentry_kills": 0,
            "sentry_uses": 4,
            "stuns": 19.399757,
            "teamfight_participation": 0.47058824,
            "total_gold": 8533,
            "total_xp": 10536,
            "tower_damage": 1028,
            "tower_kills": 1,
            "win": 1,
            "xp_per_min": 405
        },
        {
            "abandons": 0,
            "actions_per_min": 146,
            "ancient_kills": 0,
            "assists": 5,
            "benchmarks": {
                "gold_per_min": {
                    "pct": 0.02920026149487906,
                    "raw": 287
                },
                "hero_damage_per_min": {
                    "pct": 0.39202440618871215,
                    "raw": 649.8142216527867
                },
                "hero_healing_per_min": {
                    "pct": 0.8945303987796905,
                    "raw": 0
                },
                "kills_per_min": {
                    "pct": 0.2638919154499891,
                    "raw": 0.15374759769378601
                },
                "last_hits_per_min": {
                    "pct": 0.020047940727827413,
                    "raw": 1.3452914798206277
                },
                "tower_damage": {
                    "pct": 0.11462192198736108,
                    "raw": 190
                },
                "xp_per_min": {
                    "pct": 0.034212246676835915,
                    "raw": 340
                }
            },
            "buyback_count": 0,
            "camps_stacked": 0,
            "courier_kills": 1,
            "creeps_stacked": 0,
            "deaths": 9,
            "denies": 3,
            "gold": 380,
            "gold_per_min": 287,
            "gold_spent": 7345,
            "hero_damage": 16906,
            "hero_healing": 0,
            "hero_id": 25,
            "hero_kills": 4,
            "hero_variant": 2,
            "is_roaming": false,
            "item_uses": {
                "blink": 14,
                "clarity": 2,
                "faerie_fire": 1,
                "famango": 1,
                "magic_stick": 10,
                "power_treads": 2,
                "rod_of_atos": 5,
                "tango": 5,
                "tpscroll": 7,
                "ward_dispenser": 3,
                "ward_observer": 3,
                "ward_sentry": 3
            },
            "kda": 0.9,
            "kill_streaks": {},
            "kills": 4,
            "kills_per_min": 0.15374759769378604,
            "lane": 1,
            "lane_efficiency": 0.35367825383993534,
            "lane_efficiency_pct": 35,
            "lane_kills": 29,
            "lane_role": 3,
            "last_hits": 35,
            "leaver_status": 0,
            "level": 12,
            "life_state": {
                "0": 1304,
                "1": 18,
                "2": 241
            },
            "life_state_dead": 259,
            "lose": 1,
            "multi_kills": {
                "2": 1
            },
            "necronomicon_kills": 0,
            "net_worth": 7130,
            "neutral_kills": 1,
            "neutral_tokens_log": [],
            "obs": {
                "122": {
                    "156": 1
                },
                "125": {
                    "120": 1
                },
                "156": {
                    "150": 1
                },
                "158": {
                    "92": 1
                }
            },
            "obs_left_log": [
                {
                    "attackername": "npc_dota_hero_lina",
                    "ehandle": 13437209,
                    "entityleft": true,
                    "key": "[158,92]",
                    "player_slot": 128,
                    "slot": 5,
                    "time": 908,
                    "type": "obs_left_log",
                    "x": 158.1,
                    "y": 92.4,
                    "z": 132.2
                },
                {
                    "attackername": "npc_dota_hero_lina",
                    "ehandle": 13289420,
                    "entityleft": true,
                    "key": "[122,156]",
                    "player_slot": 128,
                    "slot": 5,
                    "time": 1388,
                    "type": "obs_left_log",
                    "x": 122.1,
                    "y": 156.2,
                    "z": 132.1
                },
                {
                    "attackername": "npc_dota_hero_lina",
                    "ehandle": 15385288,
                    "entityleft": true,
                    "key": "[125,120]",
                    "player_slot": 128,
                    "slot": 5,
                    "time": 1493,
                    "type": "obs_left_log",
                    "x": 125.1,
                    "y": 120.4,
                    "z": 129
                }
            ],
            "obs_log": [
                {
                    "ehandle": 13437209,
                    "entityleft": false,
                    "key": "[158,92]",
                    "player_slot": 128,
                    "slot": 5,
                    "time": 548,
                    "type": "obs_log",
                    "x": 158.1,
                    "y": 92.4,
                    "z": 132.2
                },
                {
                    "ehandle": 13289420,
                    "entityleft": false,
                    "key": "[122,156]",
                    "player_slot": 128,
                    "slot": 5,
                    "time": 1028,
                    "type": "obs_log",
                    "x": 122.1,
                    "y": 156.2,
                    "z": 132.1
                },
                {
                    "ehandle": 15385288,
                    "entityleft": false,
                    "key": "[125,120]",
                    "player_slot": 128,
                    "slot": 5,
                    "time": 1133,
                    "type": "obs_log",
                    "x": 125.1,
                    "y": 120.4,
                    "z": 129
                },
                {
                    "ehandle": 8177753,
                    "entityleft": false,
                    "key": "[156,150]",
                    "player_slot": 128,
                    "slot": 5,
                    "time": 1241,
                    "type": "obs_log",
                    "x": 155.5,
                    "y": 150.3,
                    "z": 129
                }
            ],
            "obs_placed": 4,
            "observer_kills": 1,
            "observer_uses": 3,
            "observers_placed": 4,
            "pings": 3,
            "player_slot": 128,
            "purchase": {
                "blink": 1,
                "boots": 1,
                "branches": 1,
                "clarity": 2,
                "faerie_fire": 1,
                "gloves": 2,
                "magic_stick": 1,
                "power_treads": 1,
                "recipe_rod_of_atos": 1,
                "robe": 1,
                "rod_of_atos": 1,
                "staff_of_wizardry": 1,
                "tango": 2,
                "tpscroll": 2,
                "vitality_booster": 1,
                "ward_dispenser": 2,
                "ward_observer": 4,
                "ward_sentry": 4
            },
            "purchase_tpscroll": 2,
            "purchase_ward_observer": 4,
            "purchase_ward_sentry": 4,
            "rank_tier": null,
            "roshan_kills": 0,
            "rune_pickups": 2,
            "runes": {
                "8": 2
            },
            "sen": {
                "122": {
                    "156": 1
                },
                "156": {
                    "149": 1
                },
                "161": {
                    "98": 1
                },
                "166": {
                    "102": 1
                }
            },
            "sen_left_log": [
                {
                    "attackername": "npc_dota_hero_wisp",
                    "ehandle": 15206833,
                    "entityleft": true,
                    "key": "[161,98]",
                    "player_slot": 128,
                    "slot": 5,
                    "time": 287,
                    "type": "sen_left_log",
                    "x": 161,
                    "y": 97.9,
                    "z": 129
                },
                {
                    "attackername": "npc_dota_hero_lina",
                    "ehandle": 14600607,
                    "entityleft": true,
                    "key": "[166,102]",
                    "player_slot": 128,
                    "slot": 5,
                    "time": 769,
                    "type": "sen_left_log",
                    "x": 166,
                    "y": 101.8,
                    "z": 129
                },
                {
                    "attackername": "npc_dota_hero_lina",
                    "ehandle": 15403439,
                    "entityleft": true,
                    "key": "[122,156]",
                    "player_slot": 128,
                    "slot": 5,
                    "time": 1454,
                    "type": "sen_left_log",
                    "x": 122.2,
                    "y": 156.1,
                    "z": 132.1
                },
                {
                    "attackername": "npc_dota_hero_lina",
                    "ehandle": 7391728,
                    "entityleft": true,
                    "key": "[156,149]",
                    "player_slot": 128,
                    "slot": 5,
                    "time": 1661,
                    "type": "sen_left_log",
                    "x": 156.4,
                    "y": 149.3,
                    "z": 129
                }
            ],
            "sen_log": [
                {
                    "ehandle": 15206833,
                    "entityleft": false,
                    "key": "[161,98]",
                    "player_slot": 128,
                    "slot": 5,
                    "time": 191,
                    "type": "sen_log",
                    "x": 161,
                    "y": 97.9,
                    "z": 129
                },
                {
                    "ehandle": 14600607,
                    "entityleft": false,
                    "key": "[166,102]",
                    "player_slot": 128,
                    "slot": 5,
                    "time": 349,
                    "type": "sen_log",
                    "x": 166,
                    "y": 101.8,
                    "z": 129
                },
                {
                    "ehandle": 15403439,
                    "entityleft": false,
                    "key": "[122,156]",
                    "player_slot": 128,
                    "slot": 5,
                    "time": 1034,
                    "type": "sen_log",
                    "x": 122.2,
                    "y": 156.1,
                    "z": 132.1
                },
                {
                    "ehandle": 7391728,
                    "entityleft": false,
                    "key": "[156,149]",
                    "player_slot": 128,
                    "slot": 5,
                    "time": 1241,
                    "type": "sen_log",
                    "x": 156.4,
                    "y": 149.3,
                    "z": 129
                }
            ],
            "sen_placed": 4,
            "sentry_kills": 4,
            "sentry_uses": 3,
            "stuns": 51.09917,
            "teamfight_participation": 0.6923077,
            "total_gold": 7466,
            "total_xp": 8845,
            "tower_damage": 190,
            "tower_kills": 2,
            "win": 0,
            "xp_per_min": 340
        },
        {
            "abandons": 0,
            "actions_per_min": 121,
            "ancient_kills": 14,
            "assists": 6,
            "benchmarks": {
                "gold_per_min": {
                    "pct": 0.1694290976058932,
                    "raw": 356
                },
                "hero_damage_per_min": {
                    "pct": 0.30570902394106814,
                    "raw": 486.9955156950673
                },
                "hero_healing_per_min": {
                    "pct": 0.8324125230202578,
                    "raw": 0
                },
                "kills_per_min": {
                    "pct": 0.18047882136279927,
                    "raw": 0.07687379884689301
                },
                "last_hits_per_min": {
                    "pct": 0.2596685082872928,
                    "raw": 3.766816143497758
                },
                "tower_damage": {
                    "pct": 0.26703499079189685,
                    "raw": 486
                },
                "xp_per_min": {
                    "pct": 0.14917127071823205,
                    "raw": 370
                }
            },
            "buyback_count": 0,
            "camps_stacked": 2,
            "courier_kills": 0,
            "creeps_stacked": 4,
            "deaths": 6,
            "denies": 1,
            "gold": 885,
            "gold_per_min": 356,
            "gold_spent": 8070,
            "hero_damage": 12670,
            "hero_healing": 0,
            "hero_id": 38,
            "hero_kills": 2,
            "hero_variant": 1,
            "is_roaming": false,
            "item_uses": {
                "blink": 7,
                "helm_of_the_dominator": 2,
                "magic_stick": 1,
                "magic_wand": 6,
                "tango": 3,
                "tango_single": 1,
                "tpscroll": 2,
                "ward_dispenser": 2,
                "ward_observer": 3,
                "ward_sentry": 1
            },
            "kda": 1.14,
            "kill_streaks": {},
            "kills": 2,
            "kills_per_min": 0.07687379884689302,
            "lane": 1,
            "lane_efficiency": 0.616410670978173,
            "lane_efficiency_pct": 61,
            "lane_kills": 54,
            "lane_role": 3,
            "last_hits": 98,
            "leaver_status": 0,
            "level": 13,
            "life_state": {
                "0": 1345,
                "1": 18,
                "2": 200
            },
            "life_state_dead": 218,
            "lose": 1,
            "multi_kills": {},
            "necronomicon_kills": 0,
            "net_worth": 8865,
            "neutral_kills": 40,
            "neutral_tokens_log": [
                {
                    "key": "Tier1Token",
                    "time": 499
                },
                {
                    "key": "Tier1Token",
                    "time": 657
                },
                {
                    "key": "Tier1Token",
                    "time": 661
                },
                {
                    "key": "Tier1Token",
                    "time": 674
                }
            ],
            "obs": {
                "149": {
                    "115": 1
                },
                "163": {
                    "113": 1
                },
                "168": {
                    "89": 1
                }
            },
            "obs_left_log": [
                {
                    "attackername": "npc_dota_hero_beastmaster",
                    "ehandle": 9863238,
                    "entityleft": true,
                    "key": "[168,89]",
                    "player_slot": 129,
                    "slot": 6,
                    "time": 319,
                    "type": "obs_left_log",
                    "x": 168,
                    "y": 89.2,
                    "z": 129
                },
                {
                    "attackername": "npc_dota_hero_beastmaster",
                    "ehandle": 12306278,
                    "entityleft": true,
                    "key": "[163,113]",
                    "player_slot": 129,
                    "slot": 6,
                    "time": 877,
                    "type": "obs_left_log",
                    "x": 163.1,
                    "y": 112.8,
                    "z": 129
                },
                {
                    "attackername": "npc_dota_hero_beastmaster",
                    "ehandle": 6310266,
                    "entityleft": true,
                    "key": "[149,115]",
                    "player_slot": 129,
                    "slot": 6,
                    "time": 1291,
                    "type": "obs_left_log",
                    "x": 149.2,
                    "y": 115.3,
                    "z": 130
                }
            ],
            "obs_log": [
                {
                    "ehandle": 9863238,
                    "entityleft": false,
                    "key": "[168,89]",
                    "player_slot": 129,
                    "slot": 6,
                    "time": -42,
                    "type": "obs_log",
                    "x": 168,
                    "y": 89.2,
                    "z": 129
                },
                {
                    "ehandle": 12306278,
                    "entityleft": false,
                    "key": "[163,113]",
                    "player_slot": 129,
                    "slot": 6,
                    "time": 517,
                    "type": "obs_log",
                    "x": 163.1,
                    "y": 112.8,
                    "z": 129
                },
                {
                    "ehandle": 6310266,
                    "entityleft": false,
                    "key": "[149,115]",
                    "player_slot": 129,
                    "slot": 6,
                    "time": 931,
                    "type": "obs_log",
                    "x": 149.2,
                    "y": 115.3,
                    "z": 130
                }
            ],
            "obs_placed": 3,
            "observer_kills": 1,
            "observer_uses": 3,
            "observers_placed": 3,
            "pings": 12,
            "player_slot": 129,
            "purchase": {
                "aghanims_shard": 1,
                "blink": 1,
                "boots": 1,
                "bracer": 1,
                "branches": 2,
                "circlet": 1,
                "diadem": 1,
                "gauntlets": 1,
                "helm_of_iron_will": 1,
                "helm_of_the_dominator": 1,
                "magic_stick": 1,
                "magic_wand": 1,
                "quelling_blade": 1,
                "recipe_bracer": 1,
                "recipe_helm_of_the_dominator": 1,
                "recipe_magic_wand": 1,
                "tango": 1,
                "ward_dispenser": 1,
                "ward_observer": 3,
                "ward_sentry": 3
            },
            "purchase_ward_observer": 3,
            "purchase_ward_sentry": 3,
            "rank_tier": null,
            "roshan_kills": 0,
            "rune_pickups": 1,
            "runes": {
                "5": 1
            },
            "sen": {
                "144": {
                    "122": 1
                },
                "164": {
                    "134": 1
                }
            },
            "sen_left_log": [
                {
                    "attackername": "npc_dota_hero_beastmaster",
                    "ehandle": 8489230,
                    "entityleft": true,
                    "key": "[144,122]",
                    "player_slot": 129,
                    "slot": 6,
                    "time": 1271,
                    "type": "sen_left_log",
                    "x": 144.1,
                    "y": 121.8,
                    "z": 132.1
                },
                {
                    "attackername": "npc_dota_hero_beastmaster",
                    "ehandle": 10323598,
                    "entityleft": true,
                    "key": "[164,134]",
                    "player_slot": 129,
                    "slot": 6,
                    "time": 1456,
                    "type": "sen_left_log",
                    "x": 163.9,
                    "y": 133.9,
                    "z": 132.1
                }
            ],
            "sen_log": [
                {
                    "ehandle": 8489230,
                    "entityleft": false,
                    "key": "[144,122]",
                    "player_slot": 129,
                    "slot": 6,
                    "time": 851,
                    "type": "sen_log",
                    "x": 144.1,
                    "y": 121.8,
                    "z": 132.1
                },
                {
                    "ehandle": 10323598,
                    "entityleft": false,
                    "key": "[164,134]",
                    "player_slot": 129,
                    "slot": 6,
                    "time": 1036,
                    "type": "sen_log",
                    "x": 163.9,
                    "y": 133.9,
                    "z": 132.1
                }
            ],
            "sen_placed": 2,
            "sentry_kills": 1,
            "sentry_uses": 1,
            "stuns": 46.76642,
            "teamfight_participation": 0.61538464,
            "total_gold": 9261,
            "total_xp": 9626,
            "tower_damage": 486,
            "tower_kills": 0,
            "win": 0,
            "xp_per_min": 370
        },
        {
            "abandons": 0,
            "actions_per_min": 121,
            "ancient_kills": 0,
            "assists": 3,
            "benchmarks": {
                "gold_per_min": {
                    "pct": 0.025087514585764293,
                    "raw": 255
                },
                "hero_damage_per_min": {
                    "pct": 0.0676779463243874,
                    "raw": 196.48942985265856
                },
                "hero_healing_per_min": {
                    "pct": 0.7753792298716453,
                    "raw": 0
                },
                "kills_per_min": {
                    "pct": 0.18786464410735124,
                    "raw": 0.07687379884689301
                },
                "last_hits_per_min": {
                    "pct": 0.045507584597432905,
                    "raw": 1.9987187700192184
                },
                "tower_damage": {
                    "pct": 0.14060676779463244,
                    "raw": 0
                },
                "xp_per_min": {
                    "pct": 0.026837806301050177,
                    "raw": 290
                }
            },
            "buyback_count": 0,
            "camps_stacked": 1,
            "courier_kills": 0,
            "creeps_stacked": 2,
            "deaths": 4,
            "denies": 4,
            "gold": 868,
            "gold_per_min": 255,
            "gold_spent": 6115,
            "hero_damage": 5112,
            "hero_healing": 0,
            "hero_id": 10,
            "hero_kills": 2,
            "hero_variant": 1,
            "is_roaming": false,
            "item_uses": {
                "famango": 1,
                "seeds_of_serenity": 9,
                "tpscroll": 5,
                "ward_observer": 1
            },
            "kda": 1,
            "kill_streaks": {},
            "kills": 2,
            "kills_per_min": 0.07687379884689302,
            "lane": 3,
            "lane_efficiency": 0.32962813257881973,
            "lane_efficiency_pct": 32,
            "lane_kills": 13,
            "lane_role": 1,
            "last_hits": 52,
            "leaver_status": 0,
            "level": 11,
            "life_state": {
                "0": 1441,
                "1": 8,
                "2": 114
            },
            "life_state_dead": 122,
            "lose": 1,
            "multi_kills": {},
            "necronomicon_kills": 0,
            "net_worth": 6503,
            "neutral_kills": 40,
            "neutral_tokens_log": [
                {
                    "key": "Tier2Token",
                    "time": 1481
                }
            ],
            "obs": {
                "101": {
                    "153": 1
                }
            },
            "obs_left_log": [
                {
                    "attackername": "npc_dota_hero_morphling",
                    "ehandle": 10323805,
                    "entityleft": true,
                    "key": "[101,153]",
                    "player_slot": 130,
                    "slot": 7,
                    "time": 607,
                    "type": "obs_left_log",
                    "x": 101,
                    "y": 152.7,
                    "z": 129
                }
            ],
            "obs_log": [
                {
                    "ehandle": 10323805,
                    "entityleft": false,
                    "key": "[101,153]",
                    "player_slot": 130,
                    "slot": 7,
                    "time": 247,
                    "type": "obs_log",
                    "x": 101,
                    "y": 152.7,
                    "z": 129
                }
            ],
            "obs_placed": 1,
            "observer_kills": 0,
            "observer_uses": 1,
            "observers_placed": 1,
            "pings": 2,
            "player_slot": 130,
            "purchase": {
                "blade_of_alacrity": 1,
                "blades_of_attack": 1,
                "boots": 1,
                "circlet": 2,
                "diadem": 1,
                "falcon_blade": 1,
                "fluffy_hat": 1,
                "great_famango": 1,
                "phylactery": 1,
                "point_booster": 1,
                "recipe_falcon_blade": 1,
                "recipe_phylactery": 1,
                "slippers": 2,
                "sobi_mask": 1,
                "tpscroll": 3,
                "ward_observer": 1
            },
            "purchase_tpscroll": 3,
            "purchase_ward_observer": 1,
            "rank_tier": null,
            "roshan_kills": 0,
            "rune_pickups": 1,
            "runes": {
                "5": 1
            },
            "sen": {},
            "sen_left_log": [],
            "sen_log": [],
            "sen_placed": 0,
            "sentry_kills": 0,
            "sentry_uses": 0,
            "stuns": 5.533319,
            "teamfight_participation": 0.3846154,
            "total_gold": 6634,
            "total_xp": 7544,
            "tower_damage": 0,
            "tower_kills": 0,
            "win": 0,
            "xp_per_min": 290
        },
        {
            "abandons": 0,
            "account_id": 216371565,
            "actions_per_min": 169,
            "ancient_kills": 3,
            "assists": 6,
            "benchmarks": {
                "gold_per_min": {
                    "pct": 0.19319938176197837,
                    "raw": 366
                },
                "hero_damage_per_min": {
                    "pct": 0.23338485316846985,
                    "raw": 357.9244074311339
                },
                "hero_healing_per_min": {
                    "pct": 0.8408037094281299,
                    "raw": 4.07431133888533
                },
                "kills_per_min": {
                    "pct": 0.2117465224111283,
                    "raw": 0.07687379884689301
                },
                "last_hits_per_min": {
                    "pct": 0.2550231839258114,
                    "raw": 3.8821268417680974
                },
                "tower_damage": {
                    "pct": 0.24420401854714066,
                    "raw": 225
                },
                "xp_per_min": {
                    "pct": 0.1901081916537867,
                    "raw": 433
                }
            },
            "buyback_count": 0,
            "camps_stacked": 0,
            "courier_kills": 0,
            "creeps_stacked": 0,
            "deaths": 6,
            "denies": 3,
            "gold": 321,
            "gold_per_min": 366,
            "gold_spent": 8955,
            "hero_damage": 9312,
            "hero_healing": 106,
            "hero_id": 120,
            "hero_kills": 2,
            "hero_variant": 1,
            "is_roaming": false,
            "item_uses": {
                "arcane_boots": 11,
                "bottle": 42,
                "branches": 1,
                "clarity": 1,
                "diffusal_blade": 1,
                "faerie_fire": 1,
                "tango": 3,
                "tpscroll": 8,
                "ward_dispenser": 2,
                "ward_observer": 3,
                "ward_sentry": 2
            },
            "kda": 1.14,
            "kill_streaks": {},
            "kills": 2,
            "kills_per_min": 0.07687379884689302,
            "lane": 2,
            "lane_efficiency": 0.5092966855295069,
            "lane_efficiency_pct": 50,
            "lane_kills": 92,
            "lane_role": 2,
            "last_hits": 101,
            "leaver_status": 0,
            "level": 14,
            "life_state": {
                "0": 1331,
                "1": 26,
                "2": 206
            },
            "life_state_dead": 232,
            "lose": 1,
            "multi_kills": {},
            "necronomicon_kills": 0,
            "net_worth": 8771,
            "neutral_kills": 10,
            "neutral_tokens_log": [
                {
                    "key": "Tier2Token",
                    "time": 1470
                },
                {
                    "key": "Tier2Token",
                    "time": 1512
                }
            ],
            "obs": {
                "126": {
                    "114": 1
                },
                "133": {
                    "125": 1
                },
                "169": {
                    "92": 1
                }
            },
            "obs_left_log": [
                {
                    "attackername": "npc_dota_hero_pangolier",
                    "ehandle": 15007810,
                    "entityleft": true,
                    "key": "[126,114]",
                    "player_slot": 131,
                    "slot": 8,
                    "time": 321,
                    "type": "obs_left_log",
                    "x": 125.9,
                    "y": 114.4,
                    "z": 130
                },
                {
                    "attackername": "npc_dota_hero_chaos_knight",
                    "ehandle": 9537900,
                    "entityleft": true,
                    "key": "[169,92]",
                    "player_slot": 131,
                    "slot": 8,
                    "time": 540,
                    "type": "obs_left_log",
                    "x": 169.1,
                    "y": 92.1,
                    "z": 129
                },
                {
                    "attackername": "npc_dota_hero_pangolier",
                    "ehandle": 4573563,
                    "entityleft": true,
                    "key": "[133,125]",
                    "player_slot": 131,
                    "slot": 8,
                    "time": 1181,
                    "type": "obs_left_log",
                    "x": 133.2,
                    "y": 124.7,
                    "z": 129
                }
            ],
            "obs_log": [
                {
                    "ehandle": 15007810,
                    "entityleft": false,
                    "key": "[126,114]",
                    "player_slot": 131,
                    "slot": 8,
                    "time": -39,
                    "type": "obs_log",
                    "x": 125.9,
                    "y": 114.4,
                    "z": 130
                },
                {
                    "ehandle": 9537900,
                    "entityleft": false,
                    "key": "[169,92]",
                    "player_slot": 131,
                    "slot": 8,
                    "time": 470,
                    "type": "obs_log",
                    "x": 169.1,
                    "y": 92.1,
                    "z": 129
                },
                {
                    "ehandle": 4573563,
                    "entityleft": false,
                    "key": "[133,125]",
                    "player_slot": 131,
                    "slot": 8,
                    "time": 820,
                    "type": "obs_log",
                    "x": 133.2,
                    "y": 124.7,
                    "z": 129
                }
            ],
            "obs_placed": 3,
            "observer_kills": 0,
            "observer_uses": 3,
            "observers_placed": 3,
            "pings": 2,
            "player_slot": 131,
            "purchase": {
                "arcane_boots": 1,
                "blade_of_alacrity": 1,
                "blood_grenade": 1,
                "boots": 1,
                "bottle": 1,
                "branches": 1,
                "clarity": 1,
                "diffusal_blade": 1,
                "faerie_fire": 1,
                "gloves": 2,
                "javelin": 1,
                "maelstrom": 1,
                "mithril_hammer": 1,
                "orb_of_corrosion": 1,
                "orb_of_venom": 1,
                "recipe_arcane_boots": 1,
                "recipe_diffusal_blade": 1,
                "recipe_ring_of_basilius": 1,
                "ring_of_basilius": 1,
                "ring_of_protection": 1,
                "robe": 1,
                "sobi_mask": 1,
                "tango": 1,
                "tpscroll": 2,
                "ward_dispenser": 1,
                "ward_observer": 3,
                "ward_sentry": 3
            },
            "purchase_tpscroll": 2,
            "purchase_ward_observer": 3,
            "purchase_ward_sentry": 3,
            "rank_tier": 42,
            "roshan_kills": 0,
            "rune_pickups": 11,
            "runes": {
                "1": 1,
                "2": 1,
                "4": 1,
                "5": 5,
                "7": 3
            },
            "sen": {
                "127": {
                    "121": 1
                },
                "155": {
                    "123": 1
                },
                "165": {
                    "122": 1
                }
            },
            "sen_left_log": [
                {
                    "attackername": "npc_dota_hero_pangolier",
                    "ehandle": 12304459,
                    "entityleft": true,
                    "key": "[127,121]",
                    "player_slot": 131,
                    "slot": 8,
                    "time": 375,
                    "type": "sen_left_log",
                    "x": 127.4,
                    "y": 121.4,
                    "z": 128
                },
                {
                    "attackername": "npc_dota_hero_pangolier",
                    "ehandle": 345866,
                    "entityleft": true,
                    "key": "[165,122]",
                    "player_slot": 131,
                    "slot": 8,
                    "time": 1470,
                    "type": "sen_left_log",
                    "x": 165.2,
                    "y": 121.5,
                    "z": 130
                },
                {
                    "attackername": "npc_dota_hero_pangolier",
                    "ehandle": 15272369,
                    "entityleft": true,
                    "key": "[155,123]",
                    "player_slot": 131,
                    "slot": 8,
                    "time": 1473,
                    "type": "sen_left_log",
                    "x": 154.7,
                    "y": 122.8,
                    "z": 130
                }
            ],
            "sen_log": [
                {
                    "ehandle": 12304459,
                    "entityleft": false,
                    "key": "[127,121]",
                    "player_slot": 131,
                    "slot": 8,
                    "time": -45,
                    "type": "sen_log",
                    "x": 127.4,
                    "y": 121.4,
                    "z": 128
                },
                {
                    "ehandle": 345866,
                    "entityleft": false,
                    "key": "[165,122]",
                    "player_slot": 131,
                    "slot": 8,
                    "time": 1050,
                    "type": "sen_log",
                    "x": 165.2,
                    "y": 121.5,
                    "z": 130
                },
                {
                    "ehandle": 15272369,
                    "entityleft": false,
                    "key": "[155,123]",
                    "player_slot": 131,
                    "slot": 8,
                    "time": 1053,
                    "type": "sen_log",
                    "x": 154.7,
                    "y": 122.8,
                    "z": 130
                }
            ],
            "sen_placed": 3,
            "sentry_kills": 0,
            "sentry_uses": 2,
            "stuns": -3.6178837,
            "teamfight_participation": 0.61538464,
            "total_gold": 9522,
            "total_xp": 11265,
            "tower_damage": 225,
            "tower_kills": 0,
            "win": 0,
            "xp_per_min": 433
        },
        {
            "abandons": 0,
            "actions_per_min": 94,
            "ancient_kills": 3,
            "assists": 4,
            "benchmarks": {
                "gold_per_min": {
                    "pct": 0.07430555555555556,
                    "raw": 374
                },
                "hero_damage_per_min": {
                    "pct": 0.22037037037037038,
                    "raw": 469.5451633568225
                },
                "hero_healing_per_min": {
                    "pct": 0.16643518518518519,
                    "raw": 30.51889814221653
                },
                "kills_per_min": {
                    "pct": 0.17152777777777778,
                    "raw": 0.11531069827033953
                },
                "last_hits_per_min": {
                    "pct": 0.1425925925925926,
                    "raw": 5.035233824471493
                },
                "tower_damage": {
                    "pct": 0.16828703703703704,
                    "raw": 287
                },
                "xp_per_min": {
                    "pct": 0.03148148148148148,
                    "raw": 345
                }
            },
            "buyback_count": 0,
            "camps_stacked": 2,
            "courier_kills": 0,
            "creeps_stacked": 4,
            "deaths": 10,
            "denies": 6,
            "gold": 298,
            "gold_per_min": 374,
            "gold_spent": 9935,
            "hero_damage": 12216,
            "hero_healing": 794,
            "hero_id": 8,
            "hero_kills": 3,
            "hero_variant": 1,
            "is_roaming": false,
            "item_uses": {
                "branches": 1,
                "enchanted_mango": 9,
                "faerie_fire": 2,
                "famango": 1,
                "phase_boots": 75,
                "tango": 9,
                "tpscroll": 6
            },
            "kda": 0.64,
            "kill_streaks": {},
            "kills": 3,
            "kills_per_min": 0.11531069827033953,
            "lane": 3,
            "lane_efficiency": 0.6366208569118836,
            "lane_efficiency_pct": 63,
            "lane_kills": 75,
            "lane_role": 1,
            "last_hits": 131,
            "leaver_status": 0,
            "level": 12,
            "life_state": {
                "0": 1248,
                "1": 27,
                "2": 288
            },
            "life_state_dead": 315,
            "lose": 1,
            "multi_kills": {
                "2": 1
            },
            "necronomicon_kills": 0,
            "net_worth": 8463,
            "neutral_kills": 55,
            "neutral_tokens_log": [
                {
                    "key": "Tier1Token",
                    "time": 584
                },
                {
                    "key": "Tier2Token",
                    "time": 1157
                },
                {
                    "key": "Tier2Token",
                    "time": 1176
                }
            ],
            "obs": {},
            "obs_left_log": [],
            "obs_log": [],
            "obs_placed": 0,
            "observer_kills": 0,
            "observer_uses": 0,
            "observers_placed": 0,
            "pings": 2,
            "player_slot": 132,
            "purchase": {
                "blade_of_alacrity": 1,
                "blades_of_attack": 1,
                "boots": 1,
                "boots_of_elves": 1,
                "branches": 1,
                "chainmail": 1,
                "circlet": 4,
                "enchanted_mango": 11,
                "faerie_fire": 2,
                "gloves": 1,
                "javelin": 1,
                "maelstrom": 1,
                "mithril_hammer": 1,
                "phase_boots": 1,
                "quelling_blade": 1,
                "recipe_wraith_band": 4,
                "recipe_yasha": 1,
                "slippers": 4,
                "tango": 3,
                "tpscroll": 1,
                "wraith_band": 4,
                "yasha": 1
            },
            "purchase_tpscroll": 1,
            "rank_tier": null,
            "roshan_kills": 0,
            "rune_pickups": 2,
            "runes": {
                "5": 2
            },
            "sen": {},
            "sen_left_log": [],
            "sen_log": [],
            "sen_placed": 0,
            "sentry_kills": 0,
            "sentry_uses": 0,
            "stuns": 0,
            "teamfight_participation": 0.53846157,
            "total_gold": 9730,
            "total_xp": 8975,
            "tower_damage": 287,
            "tower_kills": 0,
            "win": 0,
            "xp_per_min": 345
        }
    ],
    "radiant_score": 34,
    "radiant_win": true,
    "replay_url": "http://replay271.valve.net/570/7931444831_1100889046.dem.bz2"
}