{
    "dire_score": 18,
    "duration": 1611,
    "lobby_type": 7,
    "match_id": 7933158114,
    "metadata": null,
    "players": [
        {
            "abandons": 0,
            "actions_per_min": 129,
            "ancient_kills": 0,
            "assists": 20,
            "benchmarks": {
                "gold_per_min": {
                    "pct": 0.9964953271028038,
                    "raw": 700
                },
                "hero_damage_per_min": {
                    "pct": 0.9961059190031153,
                    "raw": 1699.4785847299813
                },
                "hero_healing_per_min": {
                    "pct": 0.34813084112149534,
                    "raw": 76.72253258845437
                },
                "kills_per_min": {
                    "pct": 0.9996105919003115,
                    "raw": 0.595903165735568
                },
                "last_hits_per_min": {
                    "pct": 0.9984423676012462,
                    "raw": 8.45437616387337
                },
                "tower_damage": {
                    "pct": 0.9610591900311527,
                    "raw": 10670
                },
                "xp_per_min": {
                    "pct": 0.8407320872274143,
                    "raw": 705
                }
            },
            "buyback_count": 0,
            "camps_stacked": 1,
            "courier_kills": 0,
            "creeps_stacked": 3,
            "deaths": 4,
            "denies": 2,
            "gold": 4165,
            "gold_per_min": 700,
            "gold_spent": 14610,
            "hero_damage": 45631,
            "hero_healing": 2060,
            "hero_id": 37,
            "hero_kills": 18,
            "hero_variant": 1,
            "is_roaming": false,
            "item_uses": {
                "arcane_boots": 19,
                "arcane_ring": 2,
                "branches": 1,
                "bullwhip": 2,
                "enchanted_mango": 1,
                "famango": 1,
                "refresher": 2,
                "tango": 3,
                "tpscroll": 6
            },
            "kda": 7.2,
            "kill_streaks": {
                "3": 3,
                "4": 2,
                "5": 2,
                "6": 1
            },
            "kills": 16,
            "kills_per_min": 0.5959031657355679,
            "lane": 3,
            "lane_efficiency": 1.0264753435731608,
            "lane_efficiency_pct": 102,
            "lane_kills": 128,
            "lane_role": 3,
            "last_hits": 227,
            "leaver_status": 0,
            "level": 18,
            "life_state": {
                "0": 1452,
                "1": 10,
                "2": 150
            },
            "life_state_dead": 160,
            "lose": 0,
            "multi_kills": {
                "2": 1
            },
            "necronomicon_kills": 0,
            "net_worth": 18470,
            "neutral_kills": 6,
            "neutral_tokens_log": [],
            "obs": {},
            "obs_left_log": [],
            "obs_log": [],
            "obs_placed": 0,
            "observer_kills": 0,
            "observer_uses": 0,
            "observers_placed": 0,
            "pings": 1,
            "player_slot": 0,
            "purchase": {
                "aghanims_shard": 1,
                "arcane_boots": 1,
                "blade_of_alacrity": 1,
                "boots": 1,
                "bracer": 1,
                "branches": 1,
                "circlet": 1,
                "cornucopia": 1,
                "enchanted_mango": 1,
                "gauntlets": 1,
                "ogre_axe": 1,
                "point_booster": 1,
                "quelling_blade": 1,
                "recipe_arcane_boots": 1,
                "recipe_bracer": 1,
                "recipe_refresher": 1,
                "recipe_ring_of_basilius": 1,
                "refresher": 1,
                "ring_of_basilius": 1,
                "ring_of_tarrasque": 1,
                "sobi_mask": 1,
                "staff_of_wizardry": 1,
                "tango": 1,
                "tiara_of_selemene": 2,
                "tpscroll": 1,
                "ultimate_scepter": 1
            },
            "purchase_tpscroll": 1,
            "rank_tier": null,
            "roshan_kills": 0,
            "rune_pickups": 3,
            "runes": {
                "5": 2,
                "8": 1
            },
            "sen": {},
            "sen_left_log": [],
            "sen_log": [],
            "sen_placed": 0,
            "sentry_kills": 0,
            "sentry_uses": 0,
            "stuns": 14.199831,
            "teamfight_participation": 0.8372093,
            "total_gold": 18795,
            "total_xp": 18929,
            "tower_damage": 10670,
            "tower_kills": 4,
            "win": 1,
            "xp_per_min": 705
        },
        {
            "abandons": 0,
            "actions_per_min": 124,
            "ancient_kills": 0,
            "assists": 11,
            "benchmarks": {
                "gold_per_min": {
                    "pct": 0.2380745880312229,
                    "raw": 351
                },
                "hero_damage_per_min": {
                    "pct": 0.305724197745013,
                    "raw": 609.7579143389199
                },
                "hero_healing_per_min": {
                    "pct": 0.691673894189072,
                    "raw": 0
                },
                "kills_per_min": {
                    "pct": 0.42367736339982653,
                    "raw": 0.148975791433892
                },
                "last_hits_per_min": {
                    "pct": 0.2007805724197745,
                    "raw": 1.6014897579143388
                },
                "tower_damage": {
                    "pct": 0.5112749349522984,
                    "raw": 744
                },
                "xp_per_min": {
                    "pct": 0.2059843885516045,
                    "raw": 423
                }
            },
            "buyback_count": 0,
            "camps_stacked": 2,
            "courier_kills": 0,
            "creeps_stacked": 8,
            "deaths": 6,
            "denies": 0,
            "gold": 1219,
            "gold_per_min": 351,
            "gold_spent": 8565,
            "hero_damage": 16372,
            "hero_healing": 0,
            "hero_id": 105,
            "hero_kills": 5,
            "hero_variant": 2,
            "is_roaming": false,
            "item_uses": {
                "arcane_boots": 12,
                "blood_grenade": 1,
                "enchanted_mango": 1,
                "famango": 5,
                "magic_wand": 5,
                "tango": 3,
                "tpscroll": 9,
                "ward_dispenser": 11,
                "ward_observer": 3,
                "ward_sentry": 4
            },
            "kda": 2.14,
            "kill_streaks": {},
            "kills": 4,
            "kills_per_min": 0.14897579143389197,
            "lane": 3,
            "lane_efficiency": 0.48928860145513337,
            "lane_efficiency_pct": 48,
            "lane_kills": 28,
            "lane_role": 3,
            "last_hits": 43,
            "leaver_status": 0,
            "level": 14,
            "life_state": {
                "0": 1470,
                "1": 24,
                "2": 118
            },
            "life_state_dead": 142,
            "lose": 0,
            "multi_kills": {},
            "necronomicon_kills": 0,
            "net_worth": 8879,
            "neutral_kills": 1,
            "neutral_tokens_log": [],
            "obs": {
                "103": {
                    "175": 1
                },
                "126": {
                    "119": 1
                },
                "144": {
                    "122": 1
                },
                "158": {
                    "92": 1
                },
                "87": {
                    "166": 1
                },
                "96": {
                    "140": 1
                }
            },
            "obs_left_log": [
                {
                    "attackername": "npc_dota_creep_badguys_ranged",
                    "ehandle": 2279153,
                    "entityleft": true,
                    "key": "[103,175]",
                    "player_slot": 1,
                    "slot": 1,
                    "time": 261,
                    "type": "obs_left_log",
                    "x": 102.8,
                    "y": 175.4,
                    "z": 129
                },
                {
                    "attackername": "npc_dota_hero_techies",
                    "ehandle": 460647,
                    "entityleft": true,
                    "key": "[158,92]",
                    "player_slot": 1,
                    "slot": 1,
                    "time": 683,
                    "type": "obs_left_log",
                    "x": 158.3,
                    "y": 91.8,
                    "z": 132.2
                },
                {
                    "attackername": "npc_dota_hero_techies",
                    "ehandle": 10733636,
                    "entityleft": true,
                    "key": "[87,166]",
                    "player_slot": 1,
                    "slot": 1,
                    "time": 878,
                    "type": "obs_left_log",
                    "x": 86.7,
                    "y": 166.4,
                    "z": 129
                },
                {
                    "attackername": "npc_dota_hero_techies",
                    "ehandle": 9160999,
                    "entityleft": true,
                    "key": "[126,119]",
                    "player_slot": 1,
                    "slot": 1,
                    "time": 1044,
                    "type": "obs_left_log",
                    "x": 125.7,
                    "y": 119.1,
                    "z": 129
                },
                {
                    "attackername": "npc_dota_hero_techies",
                    "ehandle": 7471976,
                    "entityleft": true,
                    "key": "[96,140]",
                    "player_slot": 1,
                    "slot": 1,
                    "time": 1209,
                    "type": "obs_left_log",
                    "x": 95.8,
                    "y": 139.9,
                    "z": 132.2
                },
                {
                    "attackername": "npc_dota_hero_techies",
                    "ehandle": 13339052,
                    "entityleft": true,
                    "key": "[144,122]",
                    "player_slot": 1,
                    "slot": 1,
                    "time": 1583,
                    "type": "obs_left_log",
                    "x": 144.1,
                    "y": 121.9,
                    "z": 132.1
                }
            ],
            "obs_log": [
                {
                    "ehandle": 2279153,
                    "entityleft": false,
                    "key": "[103,175]",
                    "player_slot": 1,
                    "slot": 1,
                    "time": 45,
                    "type": "obs_log",
                    "x": 102.8,
                    "y": 175.4,
                    "z": 129
                },
                {
                    "ehandle": 460647,
                    "entityleft": false,
                    "key": "[158,92]",
                    "player_slot": 1,
                    "slot": 1,
                    "time": 323,
                    "type": "obs_log",
                    "x": 158.3,
                    "y": 91.8,
                    "z": 132.2
                },
                {
                    "ehandle": 10733636,
                    "entityleft": false,
                    "key": "[87,166]",
                    "player_slot": 1,
                    "slot": 1,
                    "time": 517,
                    "type": "obs_log",
                    "x": 86.7,
                    "y": 166.4,
                    "z": 129
                },
                {
                    "ehandle": 9160999,
                    "entityleft": false,
                    "key": "[126,119]",
                    "player_slot": 1,
                    "slot": 1,
                    "time": 683,
                    "type": "obs_log",
                    "x": 125.7,
                    "y": 119.1,
                    "z": 129
                },
                {
                    "ehandle": 7471976,
                    "entityleft": false,
                    "key": "[96,140]",
                    "player_slot": 1,
                    "slot": 1,
                    "time": 849,
                    "type": "obs_log",
                    "x": 95.8,
                    "y": 139.9,
                    "z": 132.2
                },
                {
                    "ehandle": 13339052,
                    "entityleft": false,
                    "key": "[144,122]",
                    "player_slot": 1,
                    "slot": 1,
                    "time": 1223,
                    "type": "obs_log",
                    "x": 144.1,
                    "y": 121.9,
                    "z": 132.1
                }
            ],
            "obs_placed": 6,
            "observer_kills": 2,
            "observer_uses": 3,
            "observers_placed": 6,
            "pings": 5,
            "player_slot": 1,
            "purchase": {
                "arcane_boots": 1,
                "blood_grenade": 1,
                "boots": 1,
                "bracer": 2,
                "branches": 2,
                "circlet": 2,
                "enchanted_mango": 1,
                "energy_booster": 1,
                "gauntlets": 2,
                "magic_stick": 1,
                "magic_wand": 1,
                "octarine_core": 1,
                "point_booster": 1,
                "recipe_arcane_boots": 1,
                "recipe_bracer": 2,
                "recipe_magic_wand": 1,
                "recipe_ring_of_basilius": 1,
                "ring_of_basilius": 1,
                "sobi_mask": 1,
                "soul_booster": 1,
                "tango": 1,
                "tiara_of_selemene": 1,
                "tpscroll": 4,
                "vitality_booster": 1,
                "ward_dispenser": 8,
                "ward_observer": 5,
                "ward_sentry": 7
            },
            "purchase_tpscroll": 4,
            "purchase_ward_observer": 5,
            "purchase_ward_sentry": 7,
            "rank_tier": null,
            "roshan_kills": 0,
            "rune_pickups": 6,
            "runes": {
                "3": 1,
                "5": 3,
                "8": 2
            },
            "sen": {
                "100": {
                    "127": 1
                },
                "131": {
                    "117": 1
                },
                "147": {
                    "123": 1
                },
                "162": {
                    "94": 1
                },
                "79": {
                    "167": 1
                },
                "88": {
                    "156": 1
                },
                "91": {
                    "167": 1
                },
                "98": {
                    "163": 1
                }
            },
            "sen_left_log": [
                {
                    "attackername": "npc_dota_hero_lion",
                    "ehandle": 16729727,
                    "entityleft": true,
                    "key": "[98,163]",
                    "player_slot": 1,
                    "slot": 1,
                    "time": 145,
                    "type": "sen_left_log",
                    "x": 98.2,
                    "y": 163.2,
                    "z": 129
                },
                {
                    "attackername": "npc_dota_hero_techies",
                    "ehandle": 12634341,
                    "entityleft": true,
                    "key": "[88,156]",
                    "player_slot": 1,
                    "slot": 1,
                    "time": 709,
                    "type": "sen_left_log",
                    "x": 87.7,
                    "y": 156,
                    "z": 129
                },
                {
                    "attackername": "npc_dota_hero_techies",
                    "ehandle": 8257749,
                    "entityleft": true,
                    "key": "[162,94]",
                    "player_slot": 1,
                    "slot": 1,
                    "time": 745,
                    "type": "sen_left_log",
                    "x": 161.7,
                    "y": 94,
                    "z": 129
                },
                {
                    "attackername": "npc_dota_hero_techies",
                    "ehandle": 1963,
                    "entityleft": true,
                    "key": "[91,167]",
                    "player_slot": 1,
                    "slot": 1,
                    "time": 939,
                    "type": "sen_left_log",
                    "x": 90.8,
                    "y": 166.9,
                    "z": 129
                },
                {
                    "attackername": "npc_dota_hero_techies",
                    "ehandle": 6309557,
                    "entityleft": true,
                    "key": "[131,117]",
                    "player_slot": 1,
                    "slot": 1,
                    "time": 1085,
                    "type": "sen_left_log",
                    "x": 130.6,
                    "y": 116.8,
                    "z": 129
                },
                {
                    "attackername": "npc_dota_hero_techies",
                    "ehandle": 13322668,
                    "entityleft": true,
                    "key": "[79,167]",
                    "player_slot": 1,
                    "slot": 1,
                    "time": 1182,
                    "type": "sen_left_log",
                    "x": 79.4,
                    "y": 167.2,
                    "z": 129
                },
                {
                    "attackername": "npc_dota_hero_techies",
                    "ehandle": 1477006,
                    "entityleft": true,
                    "key": "[100,127]",
                    "player_slot": 1,
                    "slot": 1,
                    "time": 1265,
                    "type": "sen_left_log",
                    "x": 100.2,
                    "y": 127.2,
                    "z": 130
                },
                {
                    "attackername": "npc_dota_hero_techies",
                    "ehandle": 8078861,
                    "entityleft": true,
                    "key": "[147,123]",
                    "player_slot": 1,
                    "slot": 1,
                    "time": 1644,
                    "type": "sen_left_log",
                    "x": 147,
                    "y": 123.3,
                    "z": 130
                }
            ],
            "sen_log": [
                {
                    "ehandle": 16729727,
                    "entityleft": false,
                    "key": "[98,163]",
                    "player_slot": 1,
                    "slot": 1,
                    "time": 34,
                    "type": "sen_log",
                    "x": 98.2,
                    "y": 163.2,
                    "z": 129
                },
                {
                    "ehandle": 12634341,
                    "entityleft": false,
                    "key": "[88,156]",
                    "player_slot": 1,
                    "slot": 1,
                    "time": 289,
                    "type": "sen_log",
                    "x": 87.7,
                    "y": 156,
                    "z": 129
                },
                {
                    "ehandle": 8257749,
                    "entityleft": false,
                    "key": "[162,94]",
                    "player_slot": 1,
                    "slot": 1,
                    "time": 324,
                    "type": "sen_log",
                    "x": 161.7,
                    "y": 94,
                    "z": 129
                },
                {
                    "ehandle": 1963,
                    "entityleft": false,
                    "key": "[91,167]",
                    "player_slot": 1,
                    "slot": 1,
                    "time": 519,
                    "type": "sen_log",
                    "x": 90.8,
                    "y": 166.9,
                    "z": 129
                },
                {
                    "ehandle": 6309557,
                    "entityleft": false,
                    "key": "[131,117]",
                    "player_slot": 1,
                    "slot": 1,
                    "time": 665,
                    "type": "sen_log",
                    "x": 130.6,
                    "y": 116.8,
                    "z": 129
                },
                {
                    "ehandle": 13322668,
                    "entityleft": false,
                    "key": "[79,167]",
                    "player_slot": 1,
                    "slot": 1,
                    "time": 762,
                    "type": "sen_log",
                    "x": 79.4,
                    "y": 167.2,
                    "z": 129
                },
                {
                    "ehandle": 1477006,
                    "entityleft": false,
                    "key": "[100,127]",
                    "player_slot": 1,
                    "slot": 1,
                    "time": 845,
                    "type": "sen_log",
                    "x": 100.2,
                    "y": 127.2,
                    "z": 130
                },
                {
                    "ehandle": 8078861,
                    "entityleft": false,
                    "key": "[147,123]",
                    "player_slot": 1,
                    "slot": 1,
                    "time": 1224,
                    "type": "sen_log",
                    "x": 147,
                    "y": 123.3,
                    "z": 130
                }
            ],
            "sen_placed": 8,
            "sentry_kills": 3,
            "sentry_uses": 4,
            "stuns": 15.533482,
            "teamfight_participation": 0.3488372,
            "total_gold": 9424,
            "total_xp": 11357,
            "tower_damage": 744,
            "tower_kills": 1,
            "win": 1,
            "xp_per_min": 423
        },
        {
            "abandons": 0,
            "actions_per_min": 143,
            "ancient_kills": 0,
            "assists": 18,
            "benchmarks": {
                "gold_per_min": {
                    "pct": 0.7974254742547425,
                    "raw": 416
                },
                "hero_damage_per_min": {
                    "pct": 0.6543021680216802,
                    "raw": 559.4413407821229
                },
                "hero_healing_per_min": {
                    "pct": 0.9237804878048781,
                    "raw": 142.75605214152702
                },
                "kills_per_min": {
                    "pct": 0.9805216802168022,
                    "raw": 0.335195530726257
                },
                "last_hits_per_min": {
                    "pct": 0.07063008130081301,
                    "raw": 0.707635009310987
                },
                "tower_damage": {
                    "pct": 0.9153116531165312,
                    "raw": 1701
                },
                "xp_per_min": {
                    "pct": 0.5538617886178862,
                    "raw": 566
                }
            },
            "buyback_count": 0,
            "camps_stacked": 1,
            "courier_kills": 0,
            "creeps_stacked": 2,
            "deaths": 2,
            "denies": 3,
            "gold": 2557,
            "gold_per_min": 416,
            "gold_spent": 8870,
            "hero_damage": 15021,
            "hero_healing": 3833,
            "hero_id": 131,
            "hero_kills": 9,
            "hero_variant": 1,
            "is_roaming": false,
            "item_uses": {
                "arcane_boots": 7,
                "blood_grenade": 1,
                "clarity": 1,
                "famango": 2,
                "guardian_greaves": 5,
                "mekansm": 3,
                "tango": 3,
                "tpscroll": 1,
                "ward_dispenser": 13,
                "ward_observer": 2,
                "ward_sentry": 3
            },
            "kda": 9,
            "kill_streaks": {
                "3": 2,
                "4": 2
            },
            "kills": 9,
            "kills_per_min": 0.33519553072625696,
            "lane": 1,
            "lane_efficiency": 0.3342764753435732,
            "lane_efficiency_pct": 33,
            "lane_kills": 18,
            "lane_role": 1,
            "last_hits": 19,
            "leaver_status": 0,
            "level": 16,
            "life_state": {
                "0": 1526,
                "1": 8,
                "2": 78
            },
            "life_state_dead": 86,
            "lose": 0,
            "multi_kills": {
                "2": 2
            },
            "necronomicon_kills": 0,
            "net_worth": 10687,
            "neutral_kills": 0,
            "neutral_tokens_log": [],
            "obs": {
                "122": {
                    "156": 1
                },
                "136": {
                    "154": 1
                },
                "155": {
                    "161": 1
                },
                "184": {
                    "145": 1
                },
                "188": {
                    "116": 1
                }
            },
            "obs_left_log": [
                {
                    "attackername": "npc_dota_hero_ringmaster",
                    "ehandle": 16173383,
                    "entityleft": true,
                    "key": "[188,116]",
                    "player_slot": 2,
                    "slot": 2,
                    "time": 757,
                    "type": "obs_left_log",
                    "x": 188,
                    "y": 115.8,
                    "z": 132.1
                },
                {
                    "attackername": "npc_dota_hero_spirit_breaker",
                    "ehandle": 493240,
                    "entityleft": true,
                    "key": "[184,145]",
                    "player_slot": 2,
                    "slot": 2,
                    "time": 1006,
                    "type": "obs_left_log",
                    "x": 183.7,
                    "y": 144.7,
                    "z": 130
                },
                {
                    "attackername": "npc_dota_hero_lion",
                    "ehandle": 12633850,
                    "entityleft": true,
                    "key": "[155,161]",
                    "player_slot": 2,
                    "slot": 2,
                    "time": 1506,
                    "type": "obs_left_log",
                    "x": 154.5,
                    "y": 160.8,
                    "z": 130
                }
            ],
            "obs_log": [
                {
                    "ehandle": 16173383,
                    "entityleft": false,
                    "key": "[188,116]",
                    "player_slot": 2,
                    "slot": 2,
                    "time": 397,
                    "type": "obs_log",
                    "x": 188,
                    "y": 115.8,
                    "z": 132.1
                },
                {
                    "ehandle": 493240,
                    "entityleft": false,
                    "key": "[184,145]",
                    "player_slot": 2,
                    "slot": 2,
                    "time": 960,
                    "type": "obs_log",
                    "x": 183.7,
                    "y": 144.7,
                    "z": 130
                },
                {
                    "ehandle": 12633850,
                    "entityleft": false,
                    "key": "[155,161]",
                    "player_slot": 2,
                    "slot": 2,
                    "time": 1260,
                    "type": "obs_log",
                    "x": 154.5,
                    "y": 160.8,
                    "z": 130
                },
                {
                    "ehandle": 6605130,
                    "entityleft": false,
                    "key": "[122,156]",
                    "player_slot": 2,
                    "slot": 2,
                    "time": 1518,
                    "type": "obs_log",
                    "x": 122.2,
                    "y": 156.4,
                    "z": 132.1
                },
                {
                    "ehandle": 1411821,
                    "entityleft": false,
                    "key": "[136,154]",
                    "player_slot": 2,
                    "slot": 2,
                    "time": 1522,
                    "type": "obs_log",
                    "x": 136.4,
                    "y": 153.9,
                    "z": 131.1
                }
            ],
            "obs_placed": 5,
            "observer_kills": 1,
            "observer_uses": 2,
            "observers_placed": 5,
            "pings": 2,
            "player_slot": 2,
            "purchase": {
                "aether_lens": 1,
                "arcane_boots": 1,
                "blight_stone": 1,
                "blood_grenade": 1,
                "boots": 1,
                "branches": 1,
                "buckler": 1,
                "chainmail": 1,
                "circlet": 1,
                "clarity": 1,
                "energy_booster": 1,
                "guardian_greaves": 1,
                "headdress": 1,
                "mantle": 1,
                "mekansm": 1,
                "null_talisman": 1,
                "recipe_aether_lens": 1,
                "recipe_arcane_boots": 1,
                "recipe_buckler": 1,
                "recipe_guardian_greaves": 1,
                "recipe_headdress": 1,
                "recipe_mekansm": 1,
                "recipe_null_talisman": 1,
                "recipe_ring_of_basilius": 1,
                "ring_of_basilius": 1,
                "ring_of_protection": 1,
                "ring_of_regen": 1,
                "sobi_mask": 1,
                "tango": 1,
                "void_stone": 1,
                "ward_dispenser": 9,
                "ward_observer": 6,
                "ward_sentry": 12
            },
            "purchase_ward_observer": 6,
            "purchase_ward_sentry": 12,
            "rank_tier": null,
            "roshan_kills": 0,
            "rune_pickups": 4,
            "runes": {
                "5": 3,
                "8": 1
            },
            "sen": {
                "122": {
                    "156": 2
                },
                "129": {
                    "131": 1
                },
                "144": {
                    "122": 1
                },
                "158": {
                    "98": 1
                },
                "159": {
                    "158": 1
                },
                "164": {
                    "134": 1
                },
                "168": {
                    "166": 1
                },
                "171": {
                    "151": 1
                },
                "175": {
                    "95": 1
                },
                "177": {
                    "165": 1
                }
            },
            "sen_left_log": [
                {
                    "attackername": "npc_dota_hero_ringmaster",
                    "ehandle": 13058466,
                    "entityleft": true,
                    "key": "[175,95]",
                    "player_slot": 2,
                    "slot": 2,
                    "time": 954,
                    "type": "sen_left_log",
                    "x": 174.6,
                    "y": 95,
                    "z": 129
                },
                {
                    "attackername": "npc_dota_hero_lion",
                    "ehandle": 15253921,
                    "entityleft": true,
                    "key": "[144,122]",
                    "player_slot": 2,
                    "slot": 2,
                    "time": 1074,
                    "type": "sen_left_log",
                    "x": 144,
                    "y": 122.1,
                    "z": 132.1
                },
                {
                    "attackername": "npc_dota_hero_templar_assassin",
                    "ehandle": 34377,
                    "entityleft": true,
                    "key": "[122,156]",
                    "player_slot": 2,
                    "slot": 2,
                    "time": 1186,
                    "type": "sen_left_log",
                    "x": 122,
                    "y": 156.3,
                    "z": 132.1
                },
                {
                    "attackername": "npc_dota_hero_ringmaster",
                    "ehandle": 12044639,
                    "entityleft": true,
                    "key": "[158,98]",
                    "player_slot": 2,
                    "slot": 2,
                    "time": 1219,
                    "type": "sen_left_log",
                    "x": 158,
                    "y": 97.8,
                    "z": 129
                },
                {
                    "attackername": "npc_dota_creep_badguys_ranged",
                    "ehandle": 12814873,
                    "entityleft": true,
                    "key": "[177,165]",
                    "player_slot": 2,
                    "slot": 2,
                    "time": 1344,
                    "type": "sen_left_log",
                    "x": 177,
                    "y": 165.1,
                    "z": 130
                },
                {
                    "attackername": "npc_dota_hero_ringmaster",
                    "ehandle": 1575156,
                    "entityleft": true,
                    "key": "[164,134]",
                    "player_slot": 2,
                    "slot": 2,
                    "time": 1391,
                    "type": "sen_left_log",
                    "x": 164,
                    "y": 134,
                    "z": 132.1
                },
                {
                    "attackername": "npc_dota_hero_lion",
                    "ehandle": 16288350,
                    "entityleft": true,
                    "key": "[159,158]",
                    "player_slot": 2,
                    "slot": 2,
                    "time": 1511,
                    "type": "sen_left_log",
                    "x": 159,
                    "y": 157.8,
                    "z": 130
                },
                {
                    "attackername": "npc_dota_hero_lion",
                    "ehandle": 8244218,
                    "entityleft": true,
                    "key": "[171,151]",
                    "player_slot": 2,
                    "slot": 2,
                    "time": 1516,
                    "type": "sen_left_log",
                    "x": 170.7,
                    "y": 151.4,
                    "z": 130
                },
                {
                    "attackername": "npc_dota_badguys_tower4",
                    "ehandle": 13437717,
                    "entityleft": true,
                    "key": "[168,166]",
                    "player_slot": 2,
                    "slot": 2,
                    "time": 1570,
                    "type": "sen_left_log",
                    "x": 167.8,
                    "y": 166.4,
                    "z": 130
                },
                {
                    "attackername": "npc_dota_hero_ringmaster",
                    "ehandle": 5767821,
                    "entityleft": true,
                    "key": "[129,131]",
                    "player_slot": 2,
                    "slot": 2,
                    "time": 1628,
                    "type": "sen_left_log",
                    "x": 129,
                    "y": 131.2,
                    "z": 129
                }
            ],
            "sen_log": [
                {
                    "ehandle": 13058466,
                    "entityleft": false,
                    "key": "[175,95]",
                    "player_slot": 2,
                    "slot": 2,
                    "time": 534,
                    "type": "sen_log",
                    "x": 174.6,
                    "y": 95,
                    "z": 129
                },
                {
                    "ehandle": 12044639,
                    "entityleft": false,
                    "key": "[158,98]",
                    "player_slot": 2,
                    "slot": 2,
                    "time": 798,
                    "type": "sen_log",
                    "x": 158,
                    "y": 97.8,
                    "z": 129
                },
                {
                    "ehandle": 1575156,
                    "entityleft": false,
                    "key": "[164,134]",
                    "player_slot": 2,
                    "slot": 2,
                    "time": 971,
                    "type": "sen_log",
                    "x": 164,
                    "y": 134,
                    "z": 132.1
                },
                {
                    "ehandle": 15253921,
                    "entityleft": false,
                    "key": "[144,122]",
                    "player_slot": 2,
                    "slot": 2,
                    "time": 1057,
                    "type": "sen_log",
                    "x": 144,
                    "y": 122.1,
                    "z": 132.1
                },
                {
                    "ehandle": 34377,
                    "entityleft": false,
                    "key": "[122,156]",
                    "player_slot": 2,
                    "slot": 2,
                    "time": 1150,
                    "type": "sen_log",
                    "x": 122,
                    "y": 156.3,
                    "z": 132.1
                },
                {
                    "ehandle": 5767821,
                    "entityleft": false,
                    "key": "[129,131]",
                    "player_slot": 2,
                    "slot": 2,
                    "time": 1208,
                    "type": "sen_log",
                    "x": 129,
                    "y": 131.2,
                    "z": 129
                },
                {
                    "ehandle": 8244218,
                    "entityleft": false,
                    "key": "[171,151]",
                    "player_slot": 2,
                    "slot": 2,
                    "time": 1301,
                    "type": "sen_log",
                    "x": 170.7,
                    "y": 151.4,
                    "z": 130
                },
                {
                    "ehandle": 12814873,
                    "entityleft": false,
                    "key": "[177,165]",
                    "player_slot": 2,
                    "slot": 2,
                    "time": 1321,
                    "type": "sen_log",
                    "x": 177,
                    "y": 165.1,
                    "z": 130
                },
                {
                    "ehandle": 16288350,
                    "entityleft": false,
                    "key": "[159,158]",
                    "player_slot": 2,
                    "slot": 2,
                    "time": 1333,
                    "type": "sen_log",
                    "x": 159,
                    "y": 157.8,
                    "z": 130
                },
                {
                    "ehandle": 3148674,
                    "entityleft": false,
                    "key": "[122,156]",
                    "player_slot": 2,
                    "slot": 2,
                    "time": 1515,
                    "type": "sen_log",
                    "x": 122.1,
                    "y": 156.3,
                    "z": 132.1
                },
                {
                    "ehandle": 13437717,
                    "entityleft": false,
                    "key": "[168,166]",
                    "player_slot": 2,
                    "slot": 2,
                    "time": 1548,
                    "type": "sen_log",
                    "x": 167.8,
                    "y": 166.4,
                    "z": 130
                }
            ],
            "sen_placed": 11,
            "sentry_kills": 1,
            "sentry_uses": 3,
            "stuns": 30.966846,
            "teamfight_participation": 0.627907,
            "total_gold": 11169,
            "total_xp": 15197,
            "tower_damage": 1701,
            "tower_kills": 0,
            "win": 1,
            "xp_per_min": 566
        },
        {
            "abandons": 0,
            "account_id": 110730621,
            "actions_per_min": 131,
            "ancient_kills": 21,
            "assists": 6,
            "benchmarks": {
                "gold_per_min": {
                    "pct": 0.4500106134578646,
                    "raw": 588
                },
                "hero_damage_per_min": {
                    "pct": 0.4865209085119932,
                    "raw": 690.9869646182495
                },
                "hero_healing_per_min": {
                    "pct": 0.18297601358522605,
                    "raw": 34.52513966480447
                },
                "kills_per_min": {
                    "pct": 0.6781999575461686,
                    "raw": 0.297951582867784
                },
                "last_hits_per_min": {
                    "pct": 0.5175122054765443,
                    "raw": 7.374301675977653
                },
                "tower_damage": {
                    "pct": 0.5327955848015283,
                    "raw": 6924
                },
                "xp_per_min": {
                    "pct": 0.522606665251539,
                    "raw": 805
                }
            },
            "buyback_count": 0,
            "camps_stacked": 0,
            "courier_kills": 0,
            "creeps_stacked": 0,
            "deaths": 2,
            "denies": 7,
            "gold": 2967,
            "gold_per_min": 588,
            "gold_spent": 12885,
            "hero_damage": 18553,
            "hero_healing": 927,
            "hero_id": 8,
            "hero_kills": 8,
            "hero_variant": 1,
            "is_roaming": false,
            "item_uses": {
                "famango": 1,
                "magic_wand": 6,
                "manta": 4,
                "mjollnir": 2,
                "phase_boots": 77,
                "tango": 6,
                "tpscroll": 3
            },
            "kda": 4.67,
            "kill_streaks": {
                "3": 2
            },
            "kills": 8,
            "kills_per_min": 0.29795158286778395,
            "lane": 1,
            "lane_efficiency": 0.7477768795472919,
            "lane_efficiency_pct": 74,
            "lane_kills": 97,
            "lane_role": 1,
            "last_hits": 198,
            "leaver_status": 0,
            "level": 20,
            "life_state": {
                "0": 1513,
                "1": 6,
                "2": 93
            },
            "life_state_dead": 99,
            "lose": 0,
            "multi_kills": {
                "2": 2,
                "3": 1
            },
            "necronomicon_kills": 0,
            "net_worth": 15672,
            "neutral_kills": 84,
            "neutral_tokens_log": [
                {
                    "key": "Tier1Token",
                    "time": 787
                },
                {
                    "key": "Tier1Token",
                    "time": 846
                },
                {
                    "key": "Tier1Token",
                    "time": 850
                },
                {
                    "key": "Tier1Token",
                    "time": 874
                },
                {
                    "key": "Tier1Token",
                    "time": 983
                },
                {
                    "key": "Tier2Token",
                    "time": 1031
                },
                {
                    "key": "Tier2Token",
                    "time": 1047
                },
                {
                    "key": "Tier2Token",
                    "time": 1133
                },
                {
                    "key": "Tier2Token",
                    "time": 1135
                },
                {
                    "key": "Tier2Token",
                    "time": 1154
                }
            ],
            "obs": {},
            "obs_left_log": [],
            "obs_log": [],
            "obs_placed": 0,
            "observer_kills": 0,
            "observer_uses": 0,
            "observers_placed": 0,
            "pings": 8,
            "player_slot": 3,
            "purchase": {
                "blade_of_alacrity": 1,
                "blades_of_attack": 1,
                "boots": 1,
                "boots_of_elves": 1,
                "branches": 2,
                "chainmail": 1,
                "circlet": 1,
                "diadem": 1,
                "gloves": 1,
                "hyperstone": 1,
                "javelin": 1,
                "maelstrom": 1,
                "magic_stick": 1,
                "magic_wand": 1,
                "manta": 1,
                "mithril_hammer": 1,
                "mjollnir": 1,
                "phase_boots": 1,
                "quelling_blade": 1,
                "recipe_magic_wand": 1,
                "recipe_manta": 1,
                "recipe_mjollnir": 1,
                "recipe_wraith_band": 1,
                "recipe_yasha": 1,
                "slippers": 1,
                "tango": 2,
                "wraith_band": 1,
                "yasha": 1
            },
            "rank_tier": 35,
            "roshan_kills": 0,
            "rune_pickups": 2,
            "runes": {
                "5": 1,
                "8": 1
            },
            "sen": {},
            "sen_left_log": [],
            "sen_log": [],
            "sen_placed": 0,
            "sentry_kills": 0,
            "sentry_uses": 0,
            "stuns": 0,
            "teamfight_participation": 0.3255814,
            "total_gold": 15787,
            "total_xp": 21614,
            "tower_damage": 6924,
            "tower_kills": 2,
            "win": 1,
            "xp_per_min": 805
        },
        {
            "abandons": 0,
            "actions_per_min": 137,
            "ancient_kills": 0,
            "assists": 16,
            "benchmarks": {
                "gold_per_min": {
                    "pct": 0.6243339253996447,
                    "raw": 536
                },
                "hero_damage_per_min": {
                    "pct": 0.5328596802841918,
                    "raw": 633.7430167597765
                },
                "hero_healing_per_min": {
                    "pct": 0.8290408525754884,
                    "raw": 0
                },
                "kills_per_min": {
                    "pct": 0.6127886323268206,
                    "raw": 0.22346368715083798
                },
                "last_hits_per_min": {
                    "pct": 0.5570603907637656,
                    "raw": 4.208566108007449
                },
                "tower_damage": {
                    "pct": 0.7633214920071048,
                    "raw": 6461
                },
                "xp_per_min": {
                    "pct": 0.4877886323268206,
                    "raw": 657
                }
            },
            "buyback_count": 0,
            "camps_stacked": 0,
            "courier_kills": 0,
            "creeps_stacked": 0,
            "deaths": 4,
            "denies": 11,
            "gold": 4204,
            "gold_per_min": 536,
            "gold_spent": 9980,
            "hero_damage": 17016,
            "hero_healing": 0,
            "hero_id": 74,
            "hero_kills": 7,
            "hero_variant": 2,
            "is_roaming": false,
            "item_uses": {
                "arcane_ring": 7,
                "hand_of_midas": 10,
                "magic_wand": 8,
                "tpscroll": 6,
                "ward_dispenser": 1,
                "ward_sentry": 1
            },
            "kda": 4.4,
            "kill_streaks": {
                "3": 1,
                "4": 1
            },
            "kills": 6,
            "kills_per_min": 0.22346368715083798,
            "lane": 2,
            "lane_efficiency": 0.8086095392077607,
            "lane_efficiency_pct": 80,
            "lane_kills": 102,
            "lane_role": 2,
            "last_hits": 113,
            "leaver_status": 0,
            "level": 18,
            "life_state": {
                "0": 1444,
                "1": 14,
                "2": 154
            },
            "life_state_dead": 168,
            "lose": 0,
            "multi_kills": {},
            "necronomicon_kills": 0,
            "net_worth": 14034,
            "neutral_kills": 3,
            "neutral_tokens_log": [],
            "obs": {
                "118": {
                    "125": 1
                }
            },
            "obs_left_log": [
                {
                    "attackername": "npc_dota_hero_templar_assassin",
                    "ehandle": 1312956,
                    "entityleft": true,
                    "key": "[118,125]",
                    "player_slot": 4,
                    "slot": 4,
                    "time": 561,
                    "type": "obs_left_log",
                    "x": 118.4,
                    "y": 125,
                    "z": 129
                }
            ],
            "obs_log": [
                {
                    "ehandle": 1312956,
                    "entityleft": false,
                    "key": "[118,125]",
                    "player_slot": 4,
                    "slot": 4,
                    "time": 409,
                    "type": "obs_log",
                    "x": 118.4,
                    "y": 125,
                    "z": 129
                }
            ],
            "obs_placed": 1,
            "observer_kills": 1,
            "observer_uses": 0,
            "observers_placed": 1,
            "pings": 6,
            "player_slot": 4,
            "purchase": {
                "aghanims_shard": 1,
                "blitz_knuckles": 1,
                "boots": 1,
                "branches": 2,
                "chainmail": 1,
                "circlet": 1,
                "gloves": 1,
                "hand_of_midas": 1,
                "magic_stick": 1,
                "magic_wand": 1,
                "mantle": 1,
                "null_talisman": 1,
                "oblivion_staff": 1,
                "recipe_hand_of_midas": 1,
                "recipe_magic_wand": 1,
                "recipe_null_talisman": 1,
                "recipe_travel_boots": 1,
                "recipe_witch_blade": 1,
                "robe": 1,
                "sobi_mask": 1,
                "tpscroll": 1,
                "ward_dispenser": 1,
                "ward_observer": 1,
                "ward_sentry": 1,
                "witch_blade": 1
            },
            "purchase_tpscroll": 1,
            "purchase_ward_observer": 1,
            "purchase_ward_sentry": 1,
            "rank_tier": null,
            "roshan_kills": 0,
            "rune_pickups": 4,
            "runes": {
                "1": 1,
                "5": 1,
                "6": 1,
                "7": 1
            },
            "sen": {
                "125": {
                    "125": 1
                }
            },
            "sen_left_log": [
                {
                    "attackername": "npc_dota_hero_templar_assassin",
                    "ehandle": 8570735,
                    "entityleft": true,
                    "key": "[125,125]",
                    "player_slot": 4,
                    "slot": 4,
                    "time": 558,
                    "type": "sen_left_log",
                    "x": 124.6,
                    "y": 124.5,
                    "z": 128
                }
            ],
            "sen_log": [
                {
                    "ehandle": 8570735,
                    "entityleft": false,
                    "key": "[125,125]",
                    "player_slot": 4,
                    "slot": 4,
                    "time": 410,
                    "type": "sen_log",
                    "x": 124.6,
                    "y": 124.5,
                    "z": 128
                }
            ],
            "sen_placed": 1,
            "sentry_kills": 0,
            "sentry_uses": 1,
            "stuns": 41.63263,
            "teamfight_participation": 0.5116279,
            "total_gold": 14391,
            "total_xp": 17640,
            "tower_damage": 6461,
            "tower_kills": 1,
            "win": 1,
            "xp_per_min": 657
        },
        {
            "abandons": 0,
            "actions_per_min": 279,
            "ancient_kills": 0,
            "assists": 8,
            "benchmarks": {
                "gold_per_min": {
                    "pct": 0.02046311254711901,
                    "raw": 230
                },
                "hero_damage_per_min": {
                    "pct": 0.06677436725901992,
                    "raw": 260.8566108007449
                },
                "hero_healing_per_min": {
                    "pct": 0.8411416262789445,
                    "raw": 4.655493482309125
                },
                "kills_per_min": {
                    "pct": 0.14862681744749595,
                    "raw": 0.074487895716946
                },
                "last_hits_per_min": {
                    "pct": 0.007269789983844911,
                    "raw": 0.37243947858473003
                },
                "tower_damage": {
                    "pct": 0.22347872913301023,
                    "raw": 0
                },
                "xp_per_min": {
                    "pct": 0.04765751211631664,
                    "raw": 350
                }
            },
            "buyback_count": 1,
            "camps_stacked": 2,
            "courier_kills": 0,
            "creeps_stacked": 5,
            "deaths": 7,
            "denies": 0,
            "gold": 963,
            "gold_per_min": 230,
            "gold_spent": 4620,
            "hero_damage": 7004,
            "hero_healing": 125,
            "hero_id": 71,
            "hero_kills": 2,
            "hero_variant": 2,
            "is_roaming": false,
            "item_uses": {
                "clarity": 3,
                "cyclone": 2,
                "enchanted_mango": 3,
                "famango": 1,
                "phase_boots": 21,
                "tpscroll": 2,
                "ward_dispenser": 2,
                "ward_observer": 1,
                "ward_sentry": 3
            },
            "kda": 1.25,
            "kill_streaks": {},
            "kills": 2,
            "kills_per_min": 0.07448789571694599,
            "lane": 1,
            "lane_efficiency": 0.39773645917542444,
            "lane_efficiency_pct": 39,
            "lane_kills": 4,
            "lane_role": 3,
            "last_hits": 10,
            "leaver_status": 0,
            "level": 12,
            "life_state": {
                "0": 1380,
                "1": 20,
                "2": 212
            },
            "life_state_dead": 232,
            "lose": 1,
            "multi_kills": {},
            "necronomicon_kills": 0,
            "net_worth": 5088,
            "neutral_kills": 3,
            "neutral_tokens_log": [],
            "obs": {
                "122": {
                    "156": 1
                },
                "158": {
                    "92": 1
                },
                "177": {
                    "145": 1
                }
            },
            "obs_left_log": [
                {
                    "attackername": "npc_dota_hero_techies",
                    "ehandle": 5130065,
                    "entityleft": true,
                    "key": "[158,92]",
                    "player_slot": 128,
                    "slot": 5,
                    "time": 327,
                    "type": "obs_left_log",
                    "x": 158.1,
                    "y": 92,
                    "z": 132.2
                },
                {
                    "attackername": "npc_dota_hero_spirit_breaker",
                    "ehandle": 9846988,
                    "entityleft": true,
                    "key": "[177,145]",
                    "player_slot": 128,
                    "slot": 5,
                    "time": 1362,
                    "type": "obs_left_log",
                    "x": 177.3,
                    "y": 144.9,
                    "z": 129
                },
                {
                    "attackername": "npc_dota_hero_spirit_breaker",
                    "ehandle": 3524719,
                    "entityleft": true,
                    "key": "[122,156]",
                    "player_slot": 128,
                    "slot": 5,
                    "time": 1477,
                    "type": "obs_left_log",
                    "x": 122.1,
                    "y": 156,
                    "z": 132.1
                }
            ],
            "obs_log": [
                {
                    "ehandle": 5130065,
                    "entityleft": false,
                    "key": "[158,92]",
                    "player_slot": 128,
                    "slot": 5,
                    "time": 52,
                    "type": "obs_log",
                    "x": 158.1,
                    "y": 92,
                    "z": 132.2
                },
                {
                    "ehandle": 9846988,
                    "entityleft": false,
                    "key": "[177,145]",
                    "player_slot": 128,
                    "slot": 5,
                    "time": 1002,
                    "type": "obs_log",
                    "x": 177.3,
                    "y": 144.9,
                    "z": 129
                },
                {
                    "ehandle": 3524719,
                    "entityleft": false,
                    "key": "[122,156]",
                    "player_slot": 128,
                    "slot": 5,
                    "time": 1117,
                    "type": "obs_log",
                    "x": 122.1,
                    "y": 156,
                    "z": 132.1
                }
            ],
            "obs_placed": 3,
            "observer_kills": 1,
            "observer_uses": 1,
            "observers_placed": 3,
            "pings": 4,
            "player_slot": 128,
            "purchase": {
                "blades_of_attack": 1,
                "boots": 1,
                "chainmail": 1,
                "clarity": 3,
                "cyclone": 1,
                "enchanted_mango": 3,
                "phase_boots": 1,
                "recipe_cyclone": 1,
                "staff_of_wizardry": 1,
                "void_stone": 1,
                "ward_dispenser": 2,
                "ward_observer": 3,
                "ward_sentry": 3,
                "wind_lace": 1
            },
            "purchase_ward_observer": 3,
            "purchase_ward_sentry": 3,
            "rank_tier": null,
            "roshan_kills": 0,
            "rune_pickups": 4,
            "runes": {
                "5": 4
            },
            "sen": {
                "122": {
                    "156": 1
                },
                "164": {
                    "91": 1
                },
                "178": {
                    "144": 1
                }
            },
            "sen_left_log": [
                {
                    "attackername": "npc_dota_hero_techies",
                    "ehandle": 5080993,
                    "entityleft": true,
                    "key": "[164,91]",
                    "player_slot": 128,
                    "slot": 5,
                    "time": 331,
                    "type": "sen_left_log",
                    "x": 163.5,
                    "y": 91.3,
                    "z": 129
                },
                {
                    "attackername": "npc_dota_hero_spirit_breaker",
                    "ehandle": 14993248,
                    "entityleft": true,
                    "key": "[178,144]",
                    "player_slot": 128,
                    "slot": 5,
                    "time": 1422,
                    "type": "sen_left_log",
                    "x": 177.9,
                    "y": 143.8,
                    "z": 129
                },
                {
                    "attackername": "npc_dota_hero_ringmaster",
                    "ehandle": 3196714,
                    "entityleft": true,
                    "key": "[122,156]",
                    "player_slot": 128,
                    "slot": 5,
                    "time": 1518,
                    "type": "sen_left_log",
                    "x": 122.1,
                    "y": 156,
                    "z": 132.1
                }
            ],
            "sen_log": [
                {
                    "ehandle": 5080993,
                    "entityleft": false,
                    "key": "[164,91]",
                    "player_slot": 128,
                    "slot": 5,
                    "time": 72,
                    "type": "sen_log",
                    "x": 163.5,
                    "y": 91.3,
                    "z": 129
                },
                {
                    "ehandle": 14993248,
                    "entityleft": false,
                    "key": "[178,144]",
                    "player_slot": 128,
                    "slot": 5,
                    "time": 1002,
                    "type": "sen_log",
                    "x": 177.9,
                    "y": 143.8,
                    "z": 129
                },
                {
                    "ehandle": 3196714,
                    "entityleft": false,
                    "key": "[122,156]",
                    "player_slot": 128,
                    "slot": 5,
                    "time": 1117,
                    "type": "sen_log",
                    "x": 122.1,
                    "y": 156,
                    "z": 132.1
                }
            ],
            "sen_placed": 3,
            "sentry_kills": 0,
            "sentry_uses": 3,
            "stuns": 64.06726,
            "teamfight_participation": 0.5555556,
            "total_gold": 6175,
            "total_xp": 9397,
            "tower_damage": 0,
            "tower_kills": 0,
            "win": 0,
            "xp_per_min": 350
        },
        {
            "abandons": 0,
            "actions_per_min": 239,
            "ancient_kills": 6,
            "assists": 5,
            "benchmarks": {
                "gold_per_min": {
                    "pct": 0.06341593391953104,
                    "raw": 339
                },
                "hero_damage_per_min": {
                    "pct": 0.07620570210498268,
                    "raw": 269.68342644320296
                },
                "hero_healing_per_min": {
                    "pct": 0.9640287769784173,
                    "raw": 0
                },
                "kills_per_min": {
                    "pct": 0.03383959499067413,
                    "raw": 0
                },
                "last_hits_per_min": {
                    "pct": 0.1641353583799627,
                    "raw": 4.320297951582868
                },
                "tower_damage": {
                    "pct": 0.07007727151612043,
                    "raw": 0
                },
                "xp_per_min": {
                    "pct": 0.06235011990407674,
                    "raw": 394
                }
            },
            "buyback_count": 0,
            "camps_stacked": 0,
            "courier_kills": 0,
            "creeps_stacked": 0,
            "deaths": 8,
            "denies": 14,
            "gold": 523,
            "gold_per_min": 339,
            "gold_spent": 8495,
            "hero_damage": 7241,
            "hero_healing": 0,
            "hero_id": 49,
            "hero_kills": 0,
            "hero_variant": 1,
            "is_roaming": false,
            "item_uses": {
                "famango": 1,
                "magic_wand": 13,
                "manta": 4,
                "power_treads": 3,
                "quelling_blade": 2,
                "tango": 3,
                "tpscroll": 7
            },
            "kda": 0.56,
            "kill_streaks": {},
            "kills": 0,
            "lane": 1,
            "lane_efficiency": 0.6962409054163299,
            "lane_efficiency_pct": 69,
            "lane_kills": 93,
            "lane_role": 3,
            "last_hits": 116,
            "leaver_status": 0,
            "level": 13,
            "life_state": {
                "0": 1381,
                "1": 9,
                "2": 222
            },
            "life_state_dead": 231,
            "lose": 1,
            "multi_kills": {},
            "necronomicon_kills": 0,
            "net_worth": 8728,
            "neutral_kills": 31,
            "neutral_tokens_log": [
                {
                    "key": "Tier1Token",
                    "time": 813
                },
                {
                    "key": "Tier2Token",
                    "time": 1038
                }
            ],
            "obs": {},
            "obs_left_log": [],
            "obs_log": [],
            "obs_placed": 0,
            "observer_kills": 0,
            "observer_uses": 0,
            "observers_placed": 0,
            "pings": 1,
            "player_slot": 129,
            "purchase": {
                "belt_of_strength": 1,
                "blade_of_alacrity": 1,
                "boots": 1,
                "boots_of_elves": 1,
                "bracer": 1,
                "branches": 2,
                "circlet": 1,
                "diadem": 1,
                "gauntlets": 1,
                "gloves": 1,
                "magic_stick": 2,
                "magic_wand": 1,
                "manta": 1,
                "ogre_axe": 1,
                "power_treads": 1,
                "quelling_blade": 1,
                "recipe_bracer": 1,
                "recipe_magic_wand": 1,
                "recipe_manta": 1,
                "recipe_yasha": 1,
                "robe": 1,
                "tango": 1,
                "tpscroll": 1,
                "yasha": 1
            },
            "purchase_tpscroll": 1,
            "rank_tier": null,
            "roshan_kills": 0,
            "rune_pickups": 1,
            "runes": {
                "8": 1
            },
            "sen": {},
            "sen_left_log": [],
            "sen_log": [],
            "sen_placed": 0,
            "sentry_kills": 0,
            "sentry_uses": 0,
            "stuns": 19.366102,
            "teamfight_participation": 0.2777778,
            "total_gold": 9102,
            "total_xp": 10578,
            "tower_damage": 0,
            "tower_kills": 0,
            "win": 0,
            "xp_per_min": 394
        },
        {
            "abandons": 0,
            "account_id": 20655373,
            "actions_per_min": 207,
            "ancient_kills": 0,
            "assists": 5,
            "benchmarks": {
                "gold_per_min": {
                    "pct": 0.42834067547723936,
                    "raw": 335
                },
                "hero_damage_per_min": {
                    "pct": 0.11204111600587371,
                    "raw": 228.60335195530726
                },
                "hero_healing_per_min": {
                    "pct": 0.7229074889867841,
                    "raw": 0
                },
                "kills_per_min": {
                    "pct": 0.7071953010279002,
                    "raw": 0.18621973929236502
                },
                "last_hits_per_min": {
                    "pct": 0.6190895741556535,
                    "raw": 1.415270018621974
                },
                "tower_damage": {
                    "pct": 0.22437591776798826,
                    "raw": 0
                },
                "xp_per_min": {
                    "pct": 0.2475770925110132,
                    "raw": 432
                }
            },
            "buyback_count": 0,
            "camps_stacked": 0,
            "courier_kills": 0,
            "creeps_stacked": 0,
            "deaths": 10,
            "denies": 1,
            "gold": 734,
            "gold_per_min": 335,
            "gold_spent": 8245,
            "hero_damage": 6138,
            "hero_healing": 0,
            "hero_id": 26,
            "hero_kills": 5,
            "hero_variant": 2,
            "is_roaming": false,
            "item_uses": {
                "blink": 9,
                "smoke_of_deceit": 1,
                "tango": 3,
                "tpscroll": 7,
                "ward_dispenser": 9,
                "ward_observer": 3,
                "ward_sentry": 6
            },
            "kda": 0.91,
            "kill_streaks": {},
            "kills": 5,
            "kills_per_min": 0.186219739292365,
            "lane": 3,
            "lane_efficiency": 0.3605497170573969,
            "lane_efficiency_pct": 36,
            "lane_kills": 28,
            "lane_role": 1,
            "last_hits": 38,
            "leaver_status": 0,
            "level": 14,
            "life_state": {
                "0": 1342,
                "1": 12,
                "2": 258
            },
            "life_state_dead": 270,
            "lose": 1,
            "multi_kills": {},
            "necronomicon_kills": 0,
            "net_worth": 8209,
            "neutral_kills": 1,
            "neutral_tokens_log": [],
            "obs": {
                "114": {
                    "169": 1
                },
                "144": {
                    "122": 2
                },
                "78": {
                    "163": 1
                }
            },
            "obs_left_log": [
                {
                    "attackername": "npc_dota_hero_lion",
                    "ehandle": 13518966,
                    "entityleft": true,
                    "key": "[78,163]",
                    "player_slot": 130,
                    "slot": 7,
                    "time": 752,
                    "type": "obs_left_log",
                    "x": 78,
                    "y": 162.5,
                    "z": 129
                },
                {
                    "attackername": "npc_dota_hero_lion",
                    "ehandle": 15140520,
                    "entityleft": true,
                    "key": "[114,169]",
                    "player_slot": 130,
                    "slot": 7,
                    "time": 900,
                    "type": "obs_left_log",
                    "x": 113.8,
                    "y": 168.9,
                    "z": 130
                },
                {
                    "attackername": "npc_dota_hero_ringmaster",
                    "ehandle": 2443418,
                    "entityleft": true,
                    "key": "[144,122]",
                    "player_slot": 130,
                    "slot": 7,
                    "time": 1060,
                    "type": "obs_left_log",
                    "x": 144.1,
                    "y": 122.2,
                    "z": 132.1
                },
                {
                    "attackername": "npc_dota_hero_techies",
                    "ehandle": 6866104,
                    "entityleft": true,
                    "key": "[144,122]",
                    "player_slot": 130,
                    "slot": 7,
                    "time": 1227,
                    "type": "obs_left_log",
                    "x": 144,
                    "y": 122.1,
                    "z": 132.1
                }
            ],
            "obs_log": [
                {
                    "ehandle": 13518966,
                    "entityleft": false,
                    "key": "[78,163]",
                    "player_slot": 130,
                    "slot": 7,
                    "time": 391,
                    "type": "obs_log",
                    "x": 78,
                    "y": 162.5,
                    "z": 129
                },
                {
                    "ehandle": 15140520,
                    "entityleft": false,
                    "key": "[114,169]",
                    "player_slot": 130,
                    "slot": 7,
                    "time": 540,
                    "type": "obs_log",
                    "x": 113.8,
                    "y": 168.9,
                    "z": 130
                },
                {
                    "ehandle": 2443418,
                    "entityleft": false,
                    "key": "[144,122]",
                    "player_slot": 130,
                    "slot": 7,
                    "time": 797,
                    "type": "obs_log",
                    "x": 144.1,
                    "y": 122.2,
                    "z": 132.1
                },
                {
                    "ehandle": 6866104,
                    "entityleft": false,
                    "key": "[144,122]",
                    "player_slot": 130,
                    "slot": 7,
                    "time": 1072,
                    "type": "obs_log",
                    "x": 144,
                    "y": 122.1,
                    "z": 132.1
                }
            ],
            "obs_placed": 4,
            "observer_kills": 1,
            "observer_uses": 3,
            "observers_placed": 4,
            "pings": 12,
            "player_slot": 130,
            "purchase": {
                "blade_of_alacrity": 1,
                "blink": 1,
                "boots": 1,
                "ogre_axe": 1,
                "point_booster": 1,
                "ring_of_regen": 1,
                "smoke_of_deceit": 1,
                "staff_of_wizardry": 1,
                "tango": 1,
                "tpscroll": 1,
                "tranquil_boots": 1,
                "ultimate_scepter": 1,
                "ward_dispenser": 5,
                "ward_observer": 4,
                "ward_sentry": 9,
                "wind_lace": 1
            },
            "purchase_tpscroll": 1,
            "purchase_ward_observer": 4,
            "purchase_ward_sentry": 9,
            "rank_tier": 33,
            "roshan_kills": 0,
            "rune_pickups": 1,
            "runes": {
                "5": 1
            },
            "sen": {
                "102": {
                    "175": 1
                },
                "104": {
                    "165": 1
                },
                "128": {
                    "129": 1
                },
                "136": {
                    "154": 1
                },
                "150": {
                    "122": 1
                },
                "155": {
                    "168": 1
                },
                "161": {
                    "157": 1
                },
                "169": {
                    "152": 1
                },
                "89": {
                    "162": 1
                }
            },
            "sen_left_log": [
                {
                    "attackername": "npc_dota_hero_techies",
                    "ehandle": 12241362,
                    "entityleft": true,
                    "key": "[89,162]",
                    "player_slot": 130,
                    "slot": 7,
                    "time": 399,
                    "type": "sen_left_log",
                    "x": 88.8,
                    "y": 162.2,
                    "z": 129
                },
                {
                    "attackername": "npc_dota_hero_lion",
                    "ehandle": 12437777,
                    "entityleft": true,
                    "key": "[104,165]",
                    "player_slot": 130,
                    "slot": 7,
                    "time": 557,
                    "type": "sen_left_log",
                    "x": 103.9,
                    "y": 164.9,
                    "z": 129
                },
                {
                    "attackername": "npc_dota_hero_lion",
                    "ehandle": 13617204,
                    "entityleft": true,
                    "key": "[102,175]",
                    "player_slot": 130,
                    "slot": 7,
                    "time": 678,
                    "type": "sen_left_log",
                    "x": 102.2,
                    "y": 175,
                    "z": 129
                },
                {
                    "attackername": "npc_dota_hero_techies",
                    "ehandle": 5687777,
                    "entityleft": true,
                    "key": "[128,129]",
                    "player_slot": 130,
                    "slot": 7,
                    "time": 1210,
                    "type": "sen_left_log",
                    "x": 127.8,
                    "y": 128.6,
                    "z": 129
                },
                {
                    "attackername": "npc_dota_hero_lion",
                    "ehandle": 2819728,
                    "entityleft": true,
                    "key": "[150,122]",
                    "player_slot": 130,
                    "slot": 7,
                    "time": 1215,
                    "type": "sen_left_log",
                    "x": 149.9,
                    "y": 121.6,
                    "z": 130
                },
                {
                    "attackername": "npc_dota_hero_lion",
                    "ehandle": 8881671,
                    "entityleft": true,
                    "key": "[136,154]",
                    "player_slot": 130,
                    "slot": 7,
                    "time": 1537,
                    "type": "sen_left_log",
                    "x": 136.1,
                    "y": 154.2,
                    "z": 131.1
                }
            ],
            "sen_log": [
                {
                    "ehandle": 12437777,
                    "entityleft": false,
                    "key": "[104,165]",
                    "player_slot": 130,
                    "slot": 7,
                    "time": 137,
                    "type": "sen_log",
                    "x": 103.9,
                    "y": 164.9,
                    "z": 129
                },
                {
                    "ehandle": 13617204,
                    "entityleft": false,
                    "key": "[102,175]",
                    "player_slot": 130,
                    "slot": 7,
                    "time": 258,
                    "type": "sen_log",
                    "x": 102.2,
                    "y": 175,
                    "z": 129
                },
                {
                    "ehandle": 12241362,
                    "entityleft": false,
                    "key": "[89,162]",
                    "player_slot": 130,
                    "slot": 7,
                    "time": 345,
                    "type": "sen_log",
                    "x": 88.8,
                    "y": 162.2,
                    "z": 129
                },
                {
                    "ehandle": 2819728,
                    "entityleft": false,
                    "key": "[150,122]",
                    "player_slot": 130,
                    "slot": 7,
                    "time": 795,
                    "type": "sen_log",
                    "x": 149.9,
                    "y": 121.6,
                    "z": 130
                },
                {
                    "ehandle": 5687777,
                    "entityleft": false,
                    "key": "[128,129]",
                    "player_slot": 130,
                    "slot": 7,
                    "time": 1091,
                    "type": "sen_log",
                    "x": 127.8,
                    "y": 128.6,
                    "z": 129
                },
                {
                    "ehandle": 8881671,
                    "entityleft": false,
                    "key": "[136,154]",
                    "player_slot": 130,
                    "slot": 7,
                    "time": 1117,
                    "type": "sen_log",
                    "x": 136.1,
                    "y": 154.2,
                    "z": 131.1
                },
                {
                    "ehandle": 1346158,
                    "entityleft": false,
                    "key": "[155,168]",
                    "player_slot": 130,
                    "slot": 7,
                    "time": 1502,
                    "type": "sen_log",
                    "x": 155.2,
                    "y": 168.4,
                    "z": 130
                },
                {
                    "ehandle": 4900985,
                    "entityleft": false,
                    "key": "[161,157]",
                    "player_slot": 130,
                    "slot": 7,
                    "time": 1508,
                    "type": "sen_log",
                    "x": 161.3,
                    "y": 157.3,
                    "z": 130
                },
                {
                    "ehandle": 6654887,
                    "entityleft": false,
                    "key": "[169,152]",
                    "player_slot": 130,
                    "slot": 7,
                    "time": 1513,
                    "type": "sen_log",
                    "x": 169.4,
                    "y": 152.1,
                    "z": 130
                }
            ],
            "sen_placed": 9,
            "sentry_kills": 4,
            "sentry_uses": 6,
            "stuns": 58.13386,
            "teamfight_participation": 0.5555556,
            "total_gold": 8994,
            "total_xp": 11599,
            "tower_damage": 0,
            "tower_kills": 0,
            "win": 0,
            "xp_per_min": 432
        },
        {
            "abandons": 0,
            "actions_per_min": 247,
            "ancient_kills": 9,
            "assists": 4,
            "benchmarks": {
                "gold_per_min": {
                    "pct": 0.3609271523178808,
                    "raw": 522
                },
                "hero_damage_per_min": {
                    "pct": 0.35513245033112584,
                    "raw": 588.6778398510241
                },
                "hero_healing_per_min": {
                    "pct": 0.9387417218543046,
                    "raw": 0
                },
                "kills_per_min": {
                    "pct": 0.396523178807947,
                    "raw": 0.18621973929236502
                },
                "last_hits_per_min": {
                    "pct": 0.40066225165562913,
                    "raw": 6.219739292364991
                },
                "tower_damage": {
                    "pct": 0.24834437086092714,
                    "raw": 839
                },
                "xp_per_min": {
                    "pct": 0.28642384105960267,
                    "raw": 637
                }
            },
            "buyback_count": 1,
            "camps_stacked": 3,
            "courier_kills": 1,
            "creeps_stacked": 8,
            "deaths": 7,
            "denies": 13,
            "gold": 1219,
            "gold_per_min": 522,
            "gold_spent": 11160,
            "hero_damage": 15806,
            "hero_healing": 0,
            "hero_id": 46,
            "hero_kills": 5,
            "hero_variant": 2,
            "is_roaming": false,
            "item_uses": {
                "blink": 6,
                "bottle": 29,
                "branches": 1,
                "dust": 3,
                "power_treads": 3,
                "tango": 1,
                "tpscroll": 3,
                "ward_dispenser": 3,
                "ward_sentry": 2
            },
            "kda": 1.13,
            "kill_streaks": {},
            "kills": 5,
            "kills_per_min": 0.186219739292365,
            "lane": 2,
            "lane_efficiency": 0.8672190784155214,
            "lane_efficiency_pct": 86,
            "lane_kills": 116,
            "lane_role": 2,
            "last_hits": 167,
            "leaver_status": 0,
            "level": 17,
            "life_state": {
                "0": 1364,
                "1": 21,
                "2": 227
            },
            "life_state_dead": 248,
            "lose": 1,
            "multi_kills": {
                "2": 1
            },
            "necronomicon_kills": 0,
            "net_worth": 11549,
            "neutral_kills": 47,
            "neutral_tokens_log": [
                {
                    "key": "Tier1Token",
                    "time": 538
                },
                {
                    "key": "Tier1Token",
                    "time": 708
                },
                {
                    "key": "Tier2Token",
                    "time": 1027
                },
                {
                    "key": "Tier2Token",
                    "time": 1077
                },
                {
                    "key": "Tier2Token",
                    "time": 1080
                }
            ],
            "obs": {
                "124": {
                    "131": 1,
                    "132": 1
                },
                "133": {
                    "125": 1
                }
            },
            "obs_left_log": [
                {
                    "attackername": "npc_dota_hero_templar_assassin",
                    "ehandle": 4473254,
                    "entityleft": true,
                    "key": "[133,125]",
                    "player_slot": 131,
                    "slot": 8,
                    "time": 300,
                    "type": "obs_left_log",
                    "x": 132.5,
                    "y": 125.3,
                    "z": 129
                },
                {
                    "attackername": "npc_dota_hero_invoker",
                    "ehandle": 10388998,
                    "entityleft": true,
                    "key": "[124,131]",
                    "player_slot": 131,
                    "slot": 8,
                    "time": 491,
                    "type": "obs_left_log",
                    "x": 123.6,
                    "y": 131,
                    "z": 129
                },
                {
                    "attackername": "npc_dota_hero_templar_assassin",
                    "ehandle": 1984829,
                    "entityleft": true,
                    "key": "[124,132]",
                    "player_slot": 131,
                    "slot": 8,
                    "time": 913,
                    "type": "obs_left_log",
                    "x": 123.6,
                    "y": 131.5,
                    "z": 129
                }
            ],
            "obs_log": [
                {
                    "ehandle": 4473254,
                    "entityleft": false,
                    "key": "[133,125]",
                    "player_slot": 131,
                    "slot": 8,
                    "time": -60,
                    "type": "obs_log",
                    "x": 132.5,
                    "y": 125.3,
                    "z": 129
                },
                {
                    "ehandle": 10388998,
                    "entityleft": false,
                    "key": "[124,131]",
                    "player_slot": 131,
                    "slot": 8,
                    "time": 421,
                    "type": "obs_log",
                    "x": 123.6,
                    "y": 131,
                    "z": 129
                },
                {
                    "ehandle": 1984829,
                    "entityleft": false,
                    "key": "[124,132]",
                    "player_slot": 131,
                    "slot": 8,
                    "time": 553,
                    "type": "obs_log",
                    "x": 123.6,
                    "y": 131.5,
                    "z": 129
                }
            ],
            "obs_placed": 3,
            "observer_kills": 1,
            "observer_uses": 0,
            "observers_placed": 3,
            "pings": 7,
            "player_slot": 131,
            "purchase": {
                "belt_of_strength": 1,
                "blade_of_alacrity": 1,
                "blight_stone": 1,
                "blink": 1,
                "boots": 1,
                "boots_of_elves": 1,
                "bottle": 1,
                "branches": 3,
                "circlet": 1,
                "desolator": 1,
                "dragon_lance": 1,
                "dust": 3,
                "gloves": 1,
                "magic_stick": 1,
                "mantle": 1,
                "mithril_hammer": 2,
                "null_talisman": 1,
                "power_treads": 1,
                "quelling_blade": 1,
                "recipe_dragon_lance": 1,
                "recipe_null_talisman": 1,
                "tango": 1,
                "ward_dispenser": 5,
                "ward_observer": 2,
                "ward_sentry": 2
            },
            "purchase_ward_observer": 2,
            "purchase_ward_sentry": 2,
            "rank_tier": null,
            "roshan_kills": 0,
            "rune_pickups": 10,
            "runes": {
                "0": 1,
                "2": 1,
                "3": 1,
                "4": 1,
                "5": 2,
                "6": 1,
                "7": 2,
                "9": 1
            },
            "sen": {
                "120": {
                    "130": 1
                },
                "131": {
                    "123": 1
                }
            },
            "sen_left_log": [
                {
                    "attackername": "npc_dota_hero_templar_assassin",
                    "ehandle": 9666987,
                    "entityleft": true,
                    "key": "[131,123]",
                    "player_slot": 131,
                    "slot": 8,
                    "time": 362,
                    "type": "sen_left_log",
                    "x": 131.3,
                    "y": 122.6,
                    "z": 128
                },
                {
                    "attackername": "npc_dota_hero_templar_assassin",
                    "ehandle": 10536585,
                    "entityleft": true,
                    "key": "[120,130]",
                    "player_slot": 131,
                    "slot": 8,
                    "time": 975,
                    "type": "sen_left_log",
                    "x": 120.2,
                    "y": 129.8,
                    "z": 128
                }
            ],
            "sen_log": [
                {
                    "ehandle": 9666987,
                    "entityleft": false,
                    "key": "[131,123]",
                    "player_slot": 131,
                    "slot": 8,
                    "time": -58,
                    "type": "sen_log",
                    "x": 131.3,
                    "y": 122.6,
                    "z": 128
                },
                {
                    "ehandle": 10536585,
                    "entityleft": false,
                    "key": "[120,130]",
                    "player_slot": 131,
                    "slot": 8,
                    "time": 555,
                    "type": "sen_log",
                    "x": 120.2,
                    "y": 129.8,
                    "z": 128
                }
            ],
            "sen_placed": 2,
            "sentry_kills": 2,
            "sentry_uses": 2,
            "stuns": 0,
            "teamfight_participation": 0.5,
            "total_gold": 14015,
            "total_xp": 17103,
            "tower_damage": 839,
            "tower_kills": 0,
            "win": 0,
            "xp_per_min": 637
        },
        {
            "abandons": 0,
            "actions_per_min": 152,
            "ancient_kills": 3,
            "assists": 3,
            "benchmarks": {
                "gold_per_min": {
                    "pct": 0.2436372621695083,
                    "raw": 458
                },
                "hero_damage_per_min": {
                    "pct": 0.18878181368915245,
                    "raw": 464.24581005586595
                },
                "hero_healing_per_min": {
                    "pct": 0.9545342228811465,
                    "raw": 0
                },
                "kills_per_min": {
                    "pct": 0.5374351371386212,
                    "raw": 0.22346368715083798
                },
                "last_hits_per_min": {
                    "pct": 0.5339757845317519,
                    "raw": 5.810055865921788
                },
                "tower_damage": {
                    "pct": 0.27551272547566097,
                    "raw": 923
                },
                "xp_per_min": {
                    "pct": 0.17963923894242648,
                    "raw": 540
                }
            },
            "buyback_count": 0,
            "camps_stacked": 0,
            "courier_kills": 0,
            "creeps_stacked": 0,
            "deaths": 11,
            "denies": 7,
            "gold": 2335,
            "gold_per_min": 458,
            "gold_spent": 9035,
            "hero_damage": 12465,
            "hero_healing": 0,
            "hero_id": 42,
            "hero_kills": 6,
            "hero_variant": 1,
            "is_roaming": false,
            "item_uses": {
                "blink": 3,
                "branches": 2,
                "phase_boots": 5,
                "quelling_blade": 5,
                "tango": 3,
                "tpscroll": 6
            },
            "kda": 0.75,
            "kill_streaks": {},
            "kills": 6,
            "kills_per_min": 0.22346368715083798,
            "lane": 3,
            "lane_efficiency": 0.7825383993532741,
            "lane_efficiency_pct": 78,
            "lane_kills": 100,
            "lane_role": 1,
            "last_hits": 156,
            "leaver_status": 0,
            "level": 16,
            "life_state": {
                "0": 1289,
                "1": 45,
                "2": 278
            },
            "life_state_dead": 323,
            "lose": 1,
            "multi_kills": {
                "2": 1
            },
            "necronomicon_kills": 0,
            "net_worth": 11280,
            "neutral_kills": 58,
            "neutral_tokens_log": [
                {
                    "key": "Tier1Token",
                    "time": 516
                },
                {
                    "key": "Tier1Token",
                    "time": 751
                },
                {
                    "key": "Tier2Token",
                    "time": 1214
                }
            ],
            "obs": {},
            "obs_left_log": [],
            "obs_log": [],
            "obs_placed": 0,
            "observer_kills": 0,
            "observer_uses": 0,
            "observers_placed": 0,
            "pings": 1,
            "player_slot": 132,
            "purchase": {
                "blades_of_attack": 1,
                "blink": 1,
                "boots": 1,
                "branches": 2,
                "chainmail": 1,
                "circlet": 1,
                "gauntlets": 1,
                "phase_boots": 1,
                "quelling_blade": 1,
                "radiance": 1,
                "relic": 1,
                "talisman_of_evasion": 1,
                "tango": 1
            },
            "rank_tier": null,
            "roshan_kills": 0,
            "rune_pickups": 2,
            "runes": {
                "5": 2
            },
            "sen": {},
            "sen_left_log": [],
            "sen_log": [],
            "sen_placed": 0,
            "sentry_kills": 0,
            "sentry_uses": 0,
            "stuns": 21.400124,
            "teamfight_participation": 0.5,
            "total_gold": 12297,
            "total_xp": 14499,
            "tower_damage": 923,
            "tower_kills": 1,
            "win": 0,
            "xp_per_min": 540
        }
    ],
    "radiant_score": 43,
    "radiant_win": true,
    "replay_url": "http://replay272.valve.net/570/7933158114_371584732.dem.bz2"
}