{
    "comeback": 0,
    "dire_score": 33,
    "duration": 1503,
    "lobby_type": 7,
    "match_id": 7938412672,
    "metadata": null,
    "players": [
        {
            "abandons": 0,
            "account_id": 1161978086,
            "actions_per_min": 219,
            "ancient_kills": 0,
            "assists": 3,
            "benchmarks": {
                "gold_per_min": {
                    "pct": 0.014778325123152709,
                    "raw": 180
                },
                "hero_damage_per_min": {
                    "pct": 0.17857142857142858,
                    "raw": 298.3632734530938
                },
                "hero_healing_per_min": {
                    "pct": 0.3805418719211823,
                    "raw": 0
                },
                "kills_per_min": {
                    "pct": 0.09852216748768473,
                    "raw": 0.03992015968063872
                },
                "last_hits_per_min": {
                    "pct": 0.1416256157635468,
                    "raw": 0.7984031936127745
                },
                "tower_damage": {
                    "pct": 0.1834975369458128,
                    "raw": 0
                },
                "xp_per_min": {
                    "pct": 0.020935960591133004,
                    "raw": 179
                }
            },
            "buyback_count": 0,
            "camps_stacked": 2,
            "courier_kills": 0,
            "creeps_stacked": 4,
            "deaths": 5,
            "denies": 1,
            "gold": 380,
            "gold_per_min": 180,
            "gold_spent": 4450,
            "hero_damage": 7474,
            "hero_healing": 0,
            "hero_id": 79,
            "hero_kills": 1,
            "hero_variant": 1,
            "is_roaming": false,
            "item_uses": {
                "blood_grenade": 2,
                "clarity": 3,
                "enchanted_mango": 2,
                "magic_stick": 2,
                "magic_wand": 2,
                "tango": 2,
                "tpscroll": 4,
                "ward_observer": 2,
                "ward_sentry": 2
            },
            "kda": 0.67,
            "kill_streaks": {},
            "kills": 1,
            "kills_per_min": 0.03992015968063872,
            "lane": 3,
            "lane_efficiency": 0.48039611964430073,
            "lane_efficiency_pct": 48,
            "lane_kills": 16,
            "lane_role": 3,
            "last_hits": 20,
            "leaver_status": 0,
            "level": 8,
            "life_state": {
                "0": 1414,
                "1": 19,
                "2": 71
            },
            "life_state_dead": 90,
            "lose": 1,
            "multi_kills": {},
            "necronomicon_kills": 0,
            "net_worth": 4350,
            "neutral_kills": 4,
            "neutral_tokens_log": [
                {
                    "key": "Tier1Token",
                    "time": 589
                }
            ],
            "obs": {
                "95": {
                    "156": 1
                },
                "96": {
                    "156": 1
                }
            },
            "obs_left_log": [
                {
                    "attackername": "npc_dota_hero_shadow_demon",
                    "ehandle": 1704056,
                    "entityleft": true,
                    "key": "[95,156]",
                    "player_slot": 0,
                    "slot": 0,
                    "time": 309,
                    "type": "obs_left_log",
                    "x": 95.2,
                    "y": 155.5,
                    "z": 129
                },
                {
                    "attackername": "npc_dota_hero_shadow_demon",
                    "ehandle": 12732762,
                    "entityleft": true,
                    "key": "[96,156]",
                    "player_slot": 0,
                    "slot": 0,
                    "time": 637,
                    "type": "obs_left_log",
                    "x": 95.8,
                    "y": 155.5,
                    "z": 129
                }
            ],
            "obs_log": [
                {
                    "ehandle": 1704056,
                    "entityleft": false,
                    "key": "[95,156]",
                    "player_slot": 0,
                    "slot": 0,
                    "time": -51,
                    "type": "obs_log",
                    "x": 95.2,
                    "y": 155.5,
                    "z": 129
                },
                {
                    "ehandle": 12732762,
                    "entityleft": false,
                    "key": "[96,156]",
                    "player_slot": 0,
                    "slot": 0,
                    "time": 277,
                    "type": "obs_log",
                    "x": 95.8,
                    "y": 155.5,
                    "z": 129
                }
            ],
            "obs_placed": 2,
            "observer_kills": 1,
            "observer_uses": 2,
            "observers_placed": 2,
            "pings": 2,
            "player_slot": 0,
            "purchase": {
                "blink": 1,
                "blood_grenade": 2,
                "boots": 1,
                "branches": 2,
                "circlet": 1,
                "clarity": 3,
                "enchanted_mango": 2,
                "magic_stick": 1,
                "magic_wand": 1,
                "mantle": 1,
                "null_talisman": 1,
                "recipe_magic_wand": 1,
                "recipe_null_talisman": 1,
                "sobi_mask": 1,
                "tango": 1,
                "ward_observer": 2,
                "ward_sentry": 2
            },
            "purchase_ward_observer": 2,
            "purchase_ward_sentry": 2,
            "rank_tier": 65,
            "roshan_kills": 0,
            "rune_pickups": 1,
            "runes": {
                "5": 1
            },
            "sen": {
                "81": {
                    "154": 1
                },
                "87": {
                    "162": 1
                }
            },
            "sen_left_log": [
                {
                    "attackername": "npc_dota_hero_troll_warlord",
                    "ehandle": 16712194,
                    "entityleft": true,
                    "key": "[81,154]",
                    "player_slot": 0,
                    "slot": 0,
                    "time": 417,
                    "type": "sen_left_log",
                    "x": 80.9,
                    "y": 154.3,
                    "z": 129
                },
                {
                    "attackername": "npc_dota_hero_shadow_demon",
                    "ehandle": 12601092,
                    "entityleft": true,
                    "key": "[87,162]",
                    "player_slot": 0,
                    "slot": 0,
                    "time": 456,
                    "type": "sen_left_log",
                    "x": 87.2,
                    "y": 161.8,
                    "z": 129
                }
            ],
            "sen_log": [
                {
                    "ehandle": 12601092,
                    "entityleft": false,
                    "key": "[87,162]",
                    "player_slot": 0,
                    "slot": 0,
                    "time": 36,
                    "type": "sen_log",
                    "x": 87.2,
                    "y": 161.8,
                    "z": 129
                },
                {
                    "ehandle": 16712194,
                    "entityleft": false,
                    "key": "[81,154]",
                    "player_slot": 0,
                    "slot": 0,
                    "time": 370,
                    "type": "sen_log",
                    "x": 80.9,
                    "y": 154.3,
                    "z": 129
                }
            ],
            "sen_placed": 2,
            "sentry_kills": 0,
            "sentry_uses": 2,
            "stuns": 38.733337,
            "teamfight_participation": 0.8,
            "total_gold": 4509,
            "total_xp": 4483,
            "tower_damage": 0,
            "tower_kills": 0,
            "win": 0,
            "xp_per_min": 179
        },
        {
            "abandons": 0,
            "account_id": 153173062,
            "actions_per_min": 270,
            "ancient_kills": 0,
            "assists": 1,
            "benchmarks": {
                "gold_per_min": {
                    "pct": 0.017989206476114333,
                    "raw": 271
                },
                "hero_damage_per_min": {
                    "pct": 0.012992204677193683,
                    "raw": 132.37524950099802
                },
                "hero_healing_per_min": {
                    "pct": 0.9666200279832101,
                    "raw": 0
                },
                "kills_per_min": {
                    "pct": 0.0787527483509894,
                    "raw": 0.07984031936127745
                },
                "last_hits_per_min": {
                    "pct": 0.03517889266440136,
                    "raw": 2.5149700598802394
                },
                "tower_damage": {
                    "pct": 0.19628223066160302,
                    "raw": 0
                },
                "xp_per_min": {
                    "pct": 0.014991005396761943,
                    "raw": 258
                }
            },
            "buyback_count": 0,
            "camps_stacked": 0,
            "courier_kills": 0,
            "creeps_stacked": 0,
            "deaths": 5,
            "denies": 14,
            "gold": 1914,
            "gold_per_min": 271,
            "gold_spent": 5130,
            "hero_damage": 3316,
            "hero_healing": 0,
            "hero_id": 44,
            "hero_kills": 2,
            "hero_variant": 2,
            "is_roaming": true,
            "item_uses": {
                "branches": 1,
                "dust": 2,
                "quelling_blade": 1,
                "tango": 3,
                "tpscroll": 5
            },
            "kda": 0.5,
            "kill_streaks": {},
            "kills": 2,
            "kills_per_min": 0.07984031936127745,
            "lane": 1,
            "lane_efficiency": 0.5311236863379143,
            "lane_efficiency_pct": 53,
            "lane_kills": 75,
            "lane_role": 1,
            "last_hits": 63,
            "leaver_status": 0,
            "level": 10,
            "life_state": {
                "0": 1370,
                "1": 24,
                "2": 110
            },
            "life_state_dead": 134,
            "lose": 1,
            "multi_kills": {},
            "necronomicon_kills": 0,
            "net_worth": 6644,
            "neutral_kills": 0,
            "neutral_tokens_log": [],
            "obs": {},
            "obs_left_log": [],
            "obs_log": [],
            "obs_placed": 0,
            "observer_kills": 0,
            "observer_uses": 0,
            "observers_placed": 0,
            "pings": 8,
            "player_slot": 1,
            "purchase": {
                "blight_stone": 1,
                "boots": 1,
                "boots_of_elves": 1,
                "branches": 2,
                "broadsword": 1,
                "dust": 3,
                "echo_sabre": 1,
                "gloves": 1,
                "ogre_axe": 1,
                "power_treads": 1,
                "quelling_blade": 1,
                "tango": 1,
                "tpscroll": 2,
                "void_stone": 1
            },
            "purchase_tpscroll": 2,
            "rank_tier": 65,
            "roshan_kills": 0,
            "rune_pickups": 1,
            "runes": {
                "8": 1
            },
            "sen": {},
            "sen_left_log": [],
            "sen_log": [],
            "sen_placed": 0,
            "sentry_kills": 0,
            "sentry_uses": 0,
            "stuns": 0,
            "teamfight_participation": 0.6,
            "total_gold": 6788,
            "total_xp": 6462,
            "tower_damage": 0,
            "tower_kills": 0,
            "win": 0,
            "xp_per_min": 258
        },
        {
            "abandons": 0,
            "actions_per_min": 286,
            "ancient_kills": 0,
            "assists": 2,
            "benchmarks": {
                "gold_per_min": {
                    "pct": 0.01639344262295082,
                    "raw": 205
                },
                "hero_damage_per_min": {
                    "pct": 0.012220566318926976,
                    "raw": 165.06986027944112
                },
                "hero_healing_per_min": {
                    "pct": 0.5421758569299553,
                    "raw": 0
                },
                "kills_per_min": {
                    "pct": 0.14187779433681072,
                    "raw": 0.03992015968063872
                },
                "last_hits_per_min": {
                    "pct": 0.09746646795827124,
                    "raw": 0.9580838323353292
                },
                "tower_damage": {
                    "pct": 0.1540983606557377,
                    "raw": 70
                },
                "xp_per_min": {
                    "pct": 0.012220566318926976,
                    "raw": 190
                }
            },
            "buyback_count": 0,
            "camps_stacked": 0,
            "courier_kills": 0,
            "creeps_stacked": 0,
            "deaths": 10,
            "denies": 2,
            "gold": 316,
            "gold_per_min": 205,
            "gold_spent": 4915,
            "hero_damage": 4135,
            "hero_healing": 0,
            "hero_id": 64,
            "hero_kills": 1,
            "hero_variant": 1,
            "is_roaming": false,
            "item_uses": {
                "arcane_boots": 6,
                "blood_grenade": 1,
                "ironwood_tree": 2,
                "magic_wand": 8,
                "tango": 1,
                "tpscroll": 5,
                "ward_dispenser": 24,
                "ward_sentry": 1
            },
            "kda": 0.27,
            "kill_streaks": {},
            "kills": 1,
            "kills_per_min": 0.03992015968063872,
            "lane": 1,
            "lane_efficiency": 0.3708569118835893,
            "lane_efficiency_pct": 37,
            "lane_kills": 16,
            "lane_role": 1,
            "last_hits": 24,
            "leaver_status": 0,
            "level": 8,
            "life_state": {
                "0": 1296,
                "1": 22,
                "2": 186
            },
            "life_state_dead": 208,
            "lose": 1,
            "multi_kills": {},
            "necronomicon_kills": 0,
            "net_worth": 4891,
            "neutral_kills": 5,
            "neutral_tokens_log": [],
            "obs": {
                "119": {
                    "88": 1,
                    "89": 1
                },
                "158": {
                    "92": 1
                },
                "94": {
                    "120": 1
                }
            },
            "obs_left_log": [
                {
                    "attackername": "npc_dota_hero_jakiro",
                    "ehandle": 14993804,
                    "entityleft": true,
                    "key": "[158,92]",
                    "player_slot": 2,
                    "slot": 2,
                    "time": 764,
                    "type": "obs_left_log",
                    "x": 157.8,
                    "y": 92.2,
                    "z": 132.2
                },
                {
                    "attackername": "npc_dota_hero_bounty_hunter",
                    "ehandle": 11585290,
                    "entityleft": true,
                    "key": "[119,89]",
                    "player_slot": 2,
                    "slot": 2,
                    "time": 992,
                    "type": "obs_left_log",
                    "x": 119,
                    "y": 88.6,
                    "z": 130
                },
                {
                    "attackername": "npc_dota_hero_jakiro",
                    "ehandle": 9898151,
                    "entityleft": true,
                    "key": "[119,88]",
                    "player_slot": 2,
                    "slot": 2,
                    "time": 1492,
                    "type": "obs_left_log",
                    "x": 118.8,
                    "y": 88.4,
                    "z": 130
                }
            ],
            "obs_log": [
                {
                    "ehandle": 14993804,
                    "entityleft": false,
                    "key": "[158,92]",
                    "player_slot": 2,
                    "slot": 2,
                    "time": 404,
                    "type": "obs_log",
                    "x": 157.8,
                    "y": 92.2,
                    "z": 132.2
                },
                {
                    "ehandle": 11585290,
                    "entityleft": false,
                    "key": "[119,89]",
                    "player_slot": 2,
                    "slot": 2,
                    "time": 910,
                    "type": "obs_log",
                    "x": 119,
                    "y": 88.6,
                    "z": 130
                },
                {
                    "ehandle": 9898151,
                    "entityleft": false,
                    "key": "[119,88]",
                    "player_slot": 2,
                    "slot": 2,
                    "time": 1132,
                    "type": "obs_log",
                    "x": 118.8,
                    "y": 88.4,
                    "z": 130
                },
                {
                    "ehandle": 444805,
                    "entityleft": false,
                    "key": "[94,120]",
                    "player_slot": 2,
                    "slot": 2,
                    "time": 1409,
                    "type": "obs_log",
                    "x": 94,
                    "y": 120.1,
                    "z": 132.2
                }
            ],
            "obs_placed": 4,
            "observer_kills": 3,
            "observer_uses": 0,
            "observers_placed": 4,
            "pings": 2,
            "player_slot": 2,
            "purchase": {
                "arcane_boots": 1,
                "blood_grenade": 1,
                "boots": 1,
                "branches": 2,
                "cyclone": 1,
                "magic_stick": 1,
                "magic_wand": 1,
                "recipe_arcane_boots": 1,
                "recipe_cyclone": 1,
                "recipe_magic_wand": 1,
                "recipe_ring_of_basilius": 1,
                "ring_of_basilius": 1,
                "sobi_mask": 1,
                "staff_of_wizardry": 1,
                "tango": 1,
                "void_stone": 1,
                "ward_dispenser": 9,
                "ward_observer": 6,
                "ward_sentry": 8,
                "wind_lace": 1
            },
            "purchase_ward_observer": 6,
            "purchase_ward_sentry": 8,
            "rank_tier": null,
            "roshan_kills": 0,
            "rune_pickups": 2,
            "runes": {
                "5": 1,
                "8": 1
            },
            "sen": {
                "100": {
                    "122": 1
                },
                "119": {
                    "75": 1
                },
                "120": {
                    "93": 1
                },
                "162": {
                    "94": 1
                },
                "84": {
                    "98": 1
                },
                "93": {
                    "91": 1
                }
            },
            "sen_left_log": [
                {
                    "attackername": "npc_dota_hero_jakiro",
                    "ehandle": 15630979,
                    "entityleft": true,
                    "key": "[162,94]",
                    "player_slot": 2,
                    "slot": 2,
                    "time": 668,
                    "type": "sen_left_log",
                    "x": 161.7,
                    "y": 94,
                    "z": 129
                },
                {
                    "attackername": "npc_dota_hero_jakiro",
                    "ehandle": 5310189,
                    "entityleft": true,
                    "key": "[120,93]",
                    "player_slot": 2,
                    "slot": 2,
                    "time": 1205,
                    "type": "sen_left_log",
                    "x": 120.1,
                    "y": 92.8,
                    "z": 130
                },
                {
                    "attackername": "npc_dota_hero_jakiro",
                    "ehandle": 3507939,
                    "entityleft": true,
                    "key": "[119,75]",
                    "player_slot": 2,
                    "slot": 2,
                    "time": 1398,
                    "type": "sen_left_log",
                    "x": 119.1,
                    "y": 74.7,
                    "z": 129
                },
                {
                    "attackername": "npc_dota_hero_jakiro",
                    "ehandle": 9979958,
                    "entityleft": true,
                    "key": "[84,98]",
                    "player_slot": 2,
                    "slot": 2,
                    "time": 1489,
                    "type": "sen_left_log",
                    "x": 83.9,
                    "y": 97.7,
                    "z": 130
                }
            ],
            "sen_log": [
                {
                    "ehandle": 15630979,
                    "entityleft": false,
                    "key": "[162,94]",
                    "player_slot": 2,
                    "slot": 2,
                    "time": 248,
                    "type": "sen_log",
                    "x": 161.7,
                    "y": 94,
                    "z": 129
                },
                {
                    "ehandle": 5310189,
                    "entityleft": false,
                    "key": "[120,93]",
                    "player_slot": 2,
                    "slot": 2,
                    "time": 785,
                    "type": "sen_log",
                    "x": 120.1,
                    "y": 92.8,
                    "z": 130
                },
                {
                    "ehandle": 3507939,
                    "entityleft": false,
                    "key": "[119,75]",
                    "player_slot": 2,
                    "slot": 2,
                    "time": 978,
                    "type": "sen_log",
                    "x": 119.1,
                    "y": 74.7,
                    "z": 129
                },
                {
                    "ehandle": 9979958,
                    "entityleft": false,
                    "key": "[84,98]",
                    "player_slot": 2,
                    "slot": 2,
                    "time": 1069,
                    "type": "sen_log",
                    "x": 83.9,
                    "y": 97.7,
                    "z": 130
                },
                {
                    "ehandle": 14828258,
                    "entityleft": false,
                    "key": "[93,91]",
                    "player_slot": 2,
                    "slot": 2,
                    "time": 1320,
                    "type": "sen_log",
                    "x": 93.2,
                    "y": 91,
                    "z": 130
                },
                {
                    "ehandle": 15762051,
                    "entityleft": false,
                    "key": "[100,122]",
                    "player_slot": 2,
                    "slot": 2,
                    "time": 1406,
                    "type": "sen_log",
                    "x": 99.9,
                    "y": 121.5,
                    "z": 130
                }
            ],
            "sen_placed": 6,
            "sentry_kills": 2,
            "sentry_uses": 1,
            "stuns": 13.000244,
            "teamfight_participation": 0.4,
            "total_gold": 5135,
            "total_xp": 4759,
            "tower_damage": 70,
            "tower_kills": 0,
            "win": 0,
            "xp_per_min": 190
        },
        {
            "abandons": 0,
            "actions_per_min": 396,
            "ancient_kills": 0,
            "assists": 2,
            "benchmarks": {
                "gold_per_min": {
                    "pct": 0.2356687898089172,
                    "raw": 382
                },
                "hero_damage_per_min": {
                    "pct": 0.23142250530785563,
                    "raw": 359.84031936127747
                },
                "hero_healing_per_min": {
                    "pct": 0.4883227176220807,
                    "raw": 55.64870259481038
                },
                "kills_per_min": {
                    "pct": 0.14437367303609341,
                    "raw": 0.03992015968063872
                },
                "last_hits_per_min": {
                    "pct": 0.8259023354564756,
                    "raw": 5.94810379241517
                },
                "tower_damage": {
                    "pct": 0.1464968152866242,
                    "raw": 0
                },
                "xp_per_min": {
                    "pct": 0.11252653927813164,
                    "raw": 346
                }
            },
            "buyback_count": 2,
            "camps_stacked": 0,
            "courier_kills": 0,
            "creeps_stacked": 0,
            "deaths": 8,
            "denies": 1,
            "gold": 592,
            "gold_per_min": 382,
            "gold_spent": 7805,
            "hero_damage": 9014,
            "hero_healing": 1394,
            "hero_id": 55,
            "hero_kills": 0,
            "hero_variant": 1,
            "is_roaming": false,
            "item_uses": {
                "arcane_boots": 6,
                "clarity": 1,
                "enchanted_mango": 2,
                "guardian_greaves": 5,
                "magic_stick": 1,
                "magic_wand": 16,
                "mekansm": 2,
                "quelling_blade": 11,
                "tango": 3,
                "tpscroll": 9
            },
            "kda": 0.33,
            "kill_streaks": {},
            "kills": 1,
            "kills_per_min": 0.03992015968063872,
            "lane": 3,
            "lane_efficiency": 0.5563864187550526,
            "lane_efficiency_pct": 55,
            "lane_kills": 117,
            "lane_role": 3,
            "last_hits": 149,
            "leaver_status": 0,
            "level": 12,
            "life_state": {
                "0": 1316,
                "1": 9,
                "2": 179
            },
            "life_state_dead": 188,
            "lose": 1,
            "multi_kills": {},
            "necronomicon_kills": 0,
            "net_worth": 7202,
            "neutral_kills": 31,
            "neutral_tokens_log": [
                {
                    "key": "Tier1Token",
                    "time": 760
                },
                {
                    "key": "Tier2Token",
                    "time": 1143
                }
            ],
            "obs": {},
            "obs_left_log": [],
            "obs_log": [],
            "obs_placed": 0,
            "observer_kills": 0,
            "observer_uses": 0,
            "observers_placed": 0,
            "pings": 9,
            "player_slot": 3,
            "purchase": {
                "arcane_boots": 1,
                "boots": 1,
                "bracer": 1,
                "branches": 3,
                "buckler": 1,
                "chainmail": 1,
                "circlet": 3,
                "clarity": 1,
                "enchanted_mango": 2,
                "gauntlets": 1,
                "great_famango": 1,
                "guardian_greaves": 1,
                "headdress": 1,
                "magic_stick": 1,
                "magic_wand": 1,
                "mantle": 2,
                "mekansm": 1,
                "null_talisman": 1,
                "quelling_blade": 1,
                "recipe_arcane_boots": 1,
                "recipe_bracer": 1,
                "recipe_buckler": 1,
                "recipe_guardian_greaves": 1,
                "recipe_headdress": 1,
                "recipe_magic_wand": 1,
                "recipe_mekansm": 1,
                "recipe_null_talisman": 1,
                "recipe_ring_of_basilius": 1,
                "ring_of_basilius": 1,
                "ring_of_protection": 1,
                "ring_of_regen": 1,
                "sobi_mask": 1,
                "tango": 1,
                "tpscroll": 4
            },
            "purchase_tpscroll": 4,
            "rank_tier": null,
            "roshan_kills": 0,
            "rune_pickups": 1,
            "runes": {
                "5": 1
            },
            "sen": {},
            "sen_left_log": [],
            "sen_log": [],
            "sen_placed": 0,
            "sentry_kills": 0,
            "sentry_uses": 0,
            "stuns": 8.333324,
            "teamfight_participation": 0.6,
            "total_gold": 9569,
            "total_xp": 8667,
            "tower_damage": 0,
            "tower_kills": 0,
            "win": 0,
            "xp_per_min": 346
        },
        {
            "abandons": 0,
            "actions_per_min": 206,
            "ancient_kills": 3,
            "assists": 0,
            "benchmarks": {
                "gold_per_min": {
                    "pct": 0.06959763865154575,
                    "raw": 262
                },
                "hero_damage_per_min": {
                    "pct": 0.003883796799751437,
                    "raw": 79.8003992015968
                },
                "hero_healing_per_min": {
                    "pct": 0.6468851949665994,
                    "raw": 0
                },
                "kills_per_min": {
                    "pct": 0.018020817150846666,
                    "raw": 0
                },
                "last_hits_per_min": {
                    "pct": 0.8068976231163586,
                    "raw": 3.792415169660679
                },
                "tower_damage": {
                    "pct": 0.27031225726270003,
                    "raw": 0
                },
                "xp_per_min": {
                    "pct": 0.08047226969084978,
                    "raw": 341
                }
            },
            "buyback_count": 0,
            "camps_stacked": 0,
            "courier_kills": 0,
            "creeps_stacked": 0,
            "deaths": 5,
            "denies": 1,
            "gold": 2178,
            "gold_per_min": 262,
            "gold_spent": 4080,
            "hero_damage": 1999,
            "hero_healing": 0,
            "hero_id": 14,
            "hero_kills": 1,
            "hero_variant": 1,
            "is_roaming": false,
            "item_uses": {
                "bottle": 41,
                "branches": 1,
                "enchanted_mango": 1,
                "phase_boots": 48,
                "smoke_of_deceit": 1,
                "tango": 3,
                "tpscroll": 5,
                "trusty_shovel": 9,
                "ward_observer": 1
            },
            "kda": 0,
            "kill_streaks": {},
            "kills": 0,
            "lane": 2,
            "lane_efficiency": 0.46665319320937754,
            "lane_efficiency_pct": 46,
            "lane_kills": 44,
            "lane_role": 2,
            "last_hits": 95,
            "leaver_status": 0,
            "level": 12,
            "life_state": {
                "0": 1344,
                "1": 9,
                "2": 151
            },
            "life_state_dead": 160,
            "lose": 1,
            "multi_kills": {},
            "necronomicon_kills": 0,
            "net_worth": 5988,
            "neutral_kills": 49,
            "neutral_tokens_log": [
                {
                    "key": "Tier1Token",
                    "time": 491
                },
                {
                    "key": "Tier1Token",
                    "time": 561
                },
                {
                    "key": "Tier1Token",
                    "time": 871
                },
                {
                    "key": "Tier2Token",
                    "time": 1158
                },
                {
                    "key": "Tier2Token",
                    "time": 1417
                }
            ],
            "obs": {
                "116": {
                    "128": 1
                }
            },
            "obs_left_log": [
                {
                    "attackername": "npc_dota_hero_pudge",
                    "ehandle": 1671246,
                    "entityleft": true,
                    "key": "[116,128]",
                    "player_slot": 4,
                    "slot": 4,
                    "time": 319,
                    "type": "obs_left_log",
                    "x": 115.5,
                    "y": 127.9,
                    "z": 129
                }
            ],
            "obs_log": [
                {
                    "ehandle": 1671246,
                    "entityleft": false,
                    "key": "[116,128]",
                    "player_slot": 4,
                    "slot": 4,
                    "time": -41,
                    "type": "obs_log",
                    "x": 115.5,
                    "y": 127.9,
                    "z": 129
                }
            ],
            "obs_placed": 1,
            "observer_kills": 0,
            "observer_uses": 1,
            "observers_placed": 1,
            "pings": 3,
            "player_slot": 4,
            "purchase": {
                "blades_of_attack": 1,
                "blood_grenade": 1,
                "boots": 1,
                "bottle": 1,
                "bracer": 1,
                "branches": 1,
                "chainmail": 1,
                "circlet": 1,
                "dust": 2,
                "gauntlets": 1,
                "ogre_axe": 1,
                "phase_boots": 1,
                "recipe_bracer": 1,
                "smoke_of_deceit": 1,
                "tango": 1,
                "ward_observer": 1
            },
            "purchase_ward_observer": 1,
            "rank_tier": null,
            "roshan_kills": 0,
            "rune_pickups": 8,
            "runes": {
                "5": 3,
                "7": 5
            },
            "sen": {},
            "sen_left_log": [],
            "sen_log": [],
            "sen_placed": 0,
            "sentry_kills": 0,
            "sentry_uses": 0,
            "stuns": 8.766663,
            "teamfight_participation": 0,
            "total_gold": 6563,
            "total_xp": 8542,
            "tower_damage": 0,
            "tower_kills": 0,
            "win": 0,
            "xp_per_min": 341
        },
        {
            "abandons": 0,
            "actions_per_min": 322,
            "ancient_kills": 0,
            "assists": 11,
            "benchmarks": {
                "gold_per_min": {
                    "pct": 0.8732394366197183,
                    "raw": 682
                },
                "hero_damage_per_min": {
                    "pct": 0.9517102615694165,
                    "raw": 1020.5588822355289
                },
                "hero_healing_per_min": {
                    "pct": 0.7122736418511066,
                    "raw": 0
                },
                "kills_per_min": {
                    "pct": 0.898054996646546,
                    "raw": 0.3193612774451098
                },
                "last_hits_per_min": {
                    "pct": 0.9537223340040242,
                    "raw": 5.029940119760479
                },
                "tower_damage": {
                    "pct": 0.6639839034205232,
                    "raw": 1404
                },
                "xp_per_min": {
                    "pct": 0.45271629778672035,
                    "raw": 567
                }
            },
            "buyback_count": 0,
            "camps_stacked": 1,
            "courier_kills": 0,
            "creeps_stacked": 1,
            "deaths": 1,
            "denies": 9,
            "gold": 3133,
            "gold_per_min": 682,
            "gold_spent": 15390,
            "hero_damage": 25565,
            "hero_healing": 0,
            "hero_id": 62,
            "hero_kills": 7,
            "hero_variant": 1,
            "is_roaming": false,
            "item_uses": {
                "bottle": 45,
                "phase_boots": 131,
                "tango": 3,
                "tpscroll": 2,
                "ward_observer": 1,
                "ward_sentry": 2
            },
            "kda": 9.5,
            "kill_streaks": {
                "3": 2,
                "4": 1,
                "5": 1
            },
            "kills": 8,
            "kills_per_min": 0.3193612774451098,
            "lane": 2,
            "lane_efficiency": 1.0341552142279709,
            "lane_efficiency_pct": 103,
            "lane_kills": 119,
            "lane_role": 2,
            "last_hits": 126,
            "leaver_status": 0,
            "level": 16,
            "life_state": {
                "0": 1470,
                "1": 3,
                "2": 31
            },
            "life_state_dead": 34,
            "lose": 0,
            "multi_kills": {},
            "necronomicon_kills": 0,
            "net_worth": 17283,
            "neutral_kills": 11,
            "neutral_tokens_log": [
                {
                    "key": "Tier2Token",
                    "time": 1122
                }
            ],
            "obs": {
                "125": {
                    "133": 1
                }
            },
            "obs_left_log": [
                {
                    "attackername": "npc_dota_hero_bounty_hunter",
                    "ehandle": 6602868,
                    "entityleft": true,
                    "key": "[125,133]",
                    "player_slot": 128,
                    "slot": 5,
                    "time": 298,
                    "type": "obs_left_log",
                    "x": 124.7,
                    "y": 133,
                    "z": 129
                }
            ],
            "obs_log": [
                {
                    "ehandle": 6602868,
                    "entityleft": false,
                    "key": "[125,133]",
                    "player_slot": 128,
                    "slot": 5,
                    "time": -62,
                    "type": "obs_log",
                    "x": 124.7,
                    "y": 133,
                    "z": 129
                }
            ],
            "obs_placed": 1,
            "observer_kills": 1,
            "observer_uses": 1,
            "observers_placed": 1,
            "pings": 1,
            "player_slot": 128,
            "purchase": {
                "aether_lens": 1,
                "blade_of_alacrity": 1,
                "blades_of_attack": 1,
                "boots": 1,
                "bottle": 1,
                "branches": 3,
                "chainmail": 1,
                "energy_booster": 2,
                "magic_stick": 1,
                "magic_wand": 1,
                "octarine_core": 1,
                "ogre_axe": 1,
                "phase_boots": 1,
                "point_booster": 2,
                "recipe_aether_lens": 1,
                "recipe_magic_wand": 1,
                "soul_booster": 1,
                "staff_of_wizardry": 2,
                "tango": 1,
                "tiara_of_selemene": 1,
                "tpscroll": 2,
                "ultimate_scepter": 1,
                "vitality_booster": 1,
                "void_stone": 1,
                "ward_dispenser": 1,
                "ward_observer": 2,
                "ward_sentry": 3
            },
            "purchase_tpscroll": 2,
            "purchase_ward_observer": 2,
            "purchase_ward_sentry": 3,
            "rank_tier": null,
            "roshan_kills": 0,
            "rune_pickups": 15,
            "runes": {
                "0": 2,
                "1": 2,
                "2": 1,
                "3": 1,
                "4": 1,
                "5": 4,
                "7": 2,
                "8": 1,
                "9": 1
            },
            "sen": {
                "119": {
                    "89": 1
                },
                "94": {
                    "120": 1
                }
            },
            "sen_left_log": [
                {
                    "attackername": "npc_dota_hero_jakiro",
                    "ehandle": 5835099,
                    "entityleft": true,
                    "key": "[119,89]",
                    "player_slot": 128,
                    "slot": 5,
                    "time": 1135,
                    "type": "sen_left_log",
                    "x": 118.7,
                    "y": 89.3,
                    "z": 130
                },
                {
                    "attackername": "npc_dota_hero_jakiro",
                    "ehandle": 11733294,
                    "entityleft": true,
                    "key": "[94,120]",
                    "player_slot": 128,
                    "slot": 5,
                    "time": 1413,
                    "type": "sen_left_log",
                    "x": 94,
                    "y": 120.1,
                    "z": 132.2
                }
            ],
            "sen_log": [
                {
                    "ehandle": 5835099,
                    "entityleft": false,
                    "key": "[119,89]",
                    "player_slot": 128,
                    "slot": 5,
                    "time": 990,
                    "type": "sen_log",
                    "x": 118.7,
                    "y": 89.3,
                    "z": 130
                },
                {
                    "ehandle": 11733294,
                    "entityleft": false,
                    "key": "[94,120]",
                    "player_slot": 128,
                    "slot": 5,
                    "time": 1071,
                    "type": "sen_log",
                    "x": 94,
                    "y": 120.1,
                    "z": 132.2
                }
            ],
            "sen_placed": 2,
            "sentry_kills": 0,
            "sentry_uses": 2,
            "stuns": 6.033325,
            "teamfight_participation": 0.57575756,
            "total_gold": 17084,
            "total_xp": 14203,
            "tower_damage": 1404,
            "tower_kills": 0,
            "win": 1,
            "xp_per_min": 567
        },
        {
            "abandons": 0,
            "account_id": 1078863124,
            "actions_per_min": 198,
            "ancient_kills": 0,
            "assists": 8,
            "benchmarks": {
                "gold_per_min": {
                    "pct": 0.4561846375766318,
                    "raw": 510
                },
                "hero_damage_per_min": {
                    "pct": 0.030652722683014784,
                    "raw": 334.17165668662676
                },
                "hero_healing_per_min": {
                    "pct": 0.8916336098088713,
                    "raw": 0
                },
                "kills_per_min": {
                    "pct": 0.7378290659935088,
                    "raw": 0.3193612774451098
                },
                "last_hits_per_min": {
                    "pct": 0.3130183916336098,
                    "raw": 3.832335329341317
                },
                "tower_damage": {
                    "pct": 0.42156509195816805,
                    "raw": 2049
                },
                "xp_per_min": {
                    "pct": 0.13739632167327803,
                    "raw": 450
                }
            },
            "buyback_count": 0,
            "camps_stacked": 2,
            "courier_kills": 0,
            "creeps_stacked": 4,
            "deaths": 1,
            "denies": 6,
            "gold": 1790,
            "gold_per_min": 510,
            "gold_spent": 11590,
            "hero_damage": 8371,
            "hero_healing": 0,
            "hero_id": 35,
            "hero_kills": 8,
            "hero_variant": 2,
            "is_roaming": true,
            "item_uses": {
                "arcane_boots": 15,
                "hand_of_midas": 7,
                "magic_stick": 1,
                "magic_wand": 1,
                "tango": 3,
                "tpscroll": 2,
                "ward_dispenser": 3,
                "ward_observer": 1,
                "ward_sentry": 1
            },
            "kda": 8,
            "kill_streaks": {
                "3": 1,
                "4": 1,
                "5": 1,
                "6": 1,
                "7": 1
            },
            "kills": 8,
            "kills_per_min": 0.3193612774451098,
            "lane": 1,
            "lane_efficiency": 0.5561843168957155,
            "lane_efficiency_pct": 55,
            "lane_kills": 71,
            "lane_role": 3,
            "last_hits": 96,
            "leaver_status": 0,
            "level": 14,
            "life_state": {
                "0": 1489,
                "1": 3,
                "2": 12
            },
            "life_state_dead": 15,
            "lose": 0,
            "multi_kills": {
                "2": 1
            },
            "necronomicon_kills": 0,
            "net_worth": 13240,
            "neutral_kills": 26,
            "neutral_tokens_log": [
                {
                    "key": "Tier1Token",
                    "time": 516
                },
                {
                    "key": "Tier1Token",
                    "time": 756
                },
                {
                    "key": "Tier2Token",
                    "time": 1078
                },
                {
                    "key": "Tier2Token",
                    "time": 1082
                }
            ],
            "obs": {
                "110": {
                    "111": 1
                },
                "155": {
                    "102": 1
                }
            },
            "obs_left_log": [
                {
                    "attackername": "npc_dota_hero_sniper",
                    "ehandle": 608302,
                    "entityleft": true,
                    "key": "[155,102]",
                    "player_slot": 129,
                    "slot": 6,
                    "time": 445,
                    "type": "obs_left_log",
                    "x": 154.7,
                    "y": 101.9,
                    "z": 129
                },
                {
                    "attackername": "npc_dota_hero_sniper",
                    "ehandle": 5998467,
                    "entityleft": true,
                    "key": "[110,111]",
                    "player_slot": 129,
                    "slot": 6,
                    "time": 715,
                    "type": "obs_left_log",
                    "x": 110.3,
                    "y": 111.3,
                    "z": 129
                }
            ],
            "obs_log": [
                {
                    "ehandle": 608302,
                    "entityleft": false,
                    "key": "[155,102]",
                    "player_slot": 129,
                    "slot": 6,
                    "time": 85,
                    "type": "obs_log",
                    "x": 154.7,
                    "y": 101.9,
                    "z": 129
                },
                {
                    "ehandle": 5998467,
                    "entityleft": false,
                    "key": "[110,111]",
                    "player_slot": 129,
                    "slot": 6,
                    "time": 355,
                    "type": "obs_log",
                    "x": 110.3,
                    "y": 111.3,
                    "z": 129
                }
            ],
            "obs_placed": 2,
            "observer_kills": 0,
            "observer_uses": 1,
            "observers_placed": 2,
            "pings": 6,
            "player_slot": 129,
            "purchase": {
                "arcane_boots": 1,
                "blade_of_alacrity": 1,
                "boots": 1,
                "branches": 2,
                "gloves": 2,
                "hand_of_midas": 1,
                "javelin": 1,
                "maelstrom": 1,
                "magic_stick": 1,
                "magic_wand": 1,
                "mithril_hammer": 1,
                "ogre_axe": 1,
                "point_booster": 1,
                "recipe_arcane_boots": 1,
                "recipe_hand_of_midas": 1,
                "recipe_magic_wand": 1,
                "recipe_ring_of_basilius": 1,
                "ring_of_basilius": 1,
                "sobi_mask": 1,
                "staff_of_wizardry": 1,
                "tango": 1,
                "tpscroll": 1,
                "ultimate_scepter": 1,
                "ward_dispenser": 1,
                "ward_observer": 2,
                "ward_sentry": 1,
                "wind_lace": 1
            },
            "purchase_tpscroll": 1,
            "purchase_ward_observer": 2,
            "purchase_ward_sentry": 1,
            "rank_tier": 71,
            "roshan_kills": 0,
            "rune_pickups": 5,
            "runes": {
                "5": 4,
                "6": 1
            },
            "sen": {
                "123": {
                    "126": 1
                }
            },
            "sen_left_log": [
                {
                    "attackername": "npc_dota_hero_sniper",
                    "ehandle": 575801,
                    "entityleft": true,
                    "key": "[123,126]",
                    "player_slot": 129,
                    "slot": 6,
                    "time": 804,
                    "type": "sen_left_log",
                    "x": 122.5,
                    "y": 125.7,
                    "z": 128
                }
            ],
            "sen_log": [
                {
                    "ehandle": 575801,
                    "entityleft": false,
                    "key": "[123,126]",
                    "player_slot": 129,
                    "slot": 6,
                    "time": 384,
                    "type": "sen_log",
                    "x": 122.5,
                    "y": 125.7,
                    "z": 128
                }
            ],
            "sen_placed": 1,
            "sentry_kills": 0,
            "sentry_uses": 1,
            "stuns": 1.1332617,
            "teamfight_participation": 0.4848485,
            "total_gold": 12775,
            "total_xp": 11272,
            "tower_damage": 2049,
            "tower_kills": 1,
            "win": 1,
            "xp_per_min": 450
        },
        {
            "abandons": 0,
            "actions_per_min": 223,
            "ancient_kills": 3,
            "assists": 11,
            "benchmarks": {
                "gold_per_min": {
                    "pct": 0.5051546391752577,
                    "raw": 577
                },
                "hero_damage_per_min": {
                    "pct": 0.11855670103092783,
                    "raw": 313.97205588822357
                },
                "hero_healing_per_min": {
                    "pct": 0.9721649484536082,
                    "raw": 0
                },
                "kills_per_min": {
                    "pct": 0.5938144329896907,
                    "raw": 0.2395209580838323
                },
                "last_hits_per_min": {
                    "pct": 0.37628865979381443,
                    "raw": 5.788423153692614
                },
                "tower_damage": {
                    "pct": 0.9226804123711341,
                    "raw": 20885
                },
                "xp_per_min": {
                    "pct": 0.11237113402061856,
                    "raw": 464
                }
            },
            "buyback_count": 0,
            "camps_stacked": 1,
            "courier_kills": 0,
            "creeps_stacked": 3,
            "deaths": 0,
            "denies": 9,
            "gold": 1382,
            "gold_per_min": 577,
            "gold_spent": 13920,
            "hero_damage": 7865,
            "hero_healing": 0,
            "hero_id": 95,
            "hero_kills": 6,
            "hero_variant": 1,
            "is_roaming": false,
            "item_uses": {
                "arcane_ring": 3,
                "branches": 1,
                "clarity": 4,
                "famango": 1,
                "flask": 1,
                "magic_wand": 7,
                "mjollnir": 3,
                "phase_boots": 79,
                "tango": 3,
                "tango_single": 3,
                "tpscroll": 2
            },
            "kda": 17,
            "kill_streaks": {
                "3": 1,
                "4": 1,
                "5": 1,
                "6": 1
            },
            "kills": 6,
            "kills_per_min": 0.23952095808383234,
            "lane": 3,
            "lane_efficiency": 1.0398140662894098,
            "lane_efficiency_pct": 103,
            "lane_kills": 89,
            "lane_role": 1,
            "last_hits": 145,
            "leaver_status": 0,
            "level": 14,
            "life_state": {
                "0": 1504
            },
            "life_state_dead": 0,
            "lose": 0,
            "multi_kills": {},
            "necronomicon_kills": 0,
            "net_worth": 14312,
            "neutral_kills": 48,
            "neutral_tokens_log": [
                {
                    "key": "Tier1Token",
                    "time": 638
                },
                {
                    "key": "Tier1Token",
                    "time": 739
                },
                {
                    "key": "Tier1Token",
                    "time": 799
                },
                {
                    "key": "Tier2Token",
                    "time": 1029
                }
            ],
            "obs": {},
            "obs_left_log": [],
            "obs_log": [],
            "obs_placed": 0,
            "observer_kills": 0,
            "observer_uses": 0,
            "observers_placed": 0,
            "pings": 7,
            "player_slot": 130,
            "purchase": {
                "blade_of_alacrity": 1,
                "blades_of_attack": 1,
                "boots": 1,
                "branches": 3,
                "chainmail": 1,
                "circlet": 1,
                "clarity": 4,
                "flask": 1,
                "gloves": 1,
                "hyperstone": 1,
                "infused_raindrop": 1,
                "javelin": 1,
                "lifesteal": 1,
                "maelstrom": 1,
                "magic_stick": 1,
                "magic_wand": 1,
                "mithril_hammer": 1,
                "mjollnir": 1,
                "ogre_axe": 1,
                "phase_boots": 1,
                "point_booster": 1,
                "recipe_magic_wand": 1,
                "recipe_mjollnir": 1,
                "recipe_wraith_band": 1,
                "slippers": 1,
                "staff_of_wizardry": 1,
                "tango": 1,
                "tpscroll": 2,
                "ultimate_scepter": 1,
                "wraith_band": 1
            },
            "purchase_tpscroll": 2,
            "rank_tier": null,
            "roshan_kills": 1,
            "rune_pickups": 3,
            "runes": {
                "5": 3
            },
            "sen": {},
            "sen_left_log": [],
            "sen_log": [],
            "sen_placed": 0,
            "sentry_kills": 1,
            "sentry_uses": 0,
            "stuns": 11.366662,
            "teamfight_participation": 0.5151515,
            "total_gold": 14453,
            "total_xp": 11623,
            "tower_damage": 20885,
            "tower_kills": 7,
            "win": 1,
            "xp_per_min": 464
        },
        {
            "abandons": 0,
            "account_id": 28617863,
            "actions_per_min": 166,
            "ancient_kills": 15,
            "assists": 9,
            "benchmarks": {
                "gold_per_min": {
                    "pct": 0.5677781240261763,
                    "raw": 573
                },
                "hero_damage_per_min": {
                    "pct": 0.15176067310688687,
                    "raw": 427.4251497005988
                },
                "hero_healing_per_min": {
                    "pct": 0.9551262075412901,
                    "raw": 0
                },
                "kills_per_min": {
                    "pct": 0.3577438454347149,
                    "raw": 0.1596806387225549
                },
                "last_hits_per_min": {
                    "pct": 0.7715799314428171,
                    "raw": 6.946107784431138
                },
                "tower_damage": {
                    "pct": 0.5375506388282955,
                    "raw": 4665
                },
                "xp_per_min": {
                    "pct": 0.1748208164537239,
                    "raw": 544
                }
            },
            "buyback_count": 0,
            "camps_stacked": 2,
            "courier_kills": 0,
            "creeps_stacked": 9,
            "deaths": 2,
            "denies": 9,
            "gold": 654,
            "gold_per_min": 573,
            "gold_spent": 13945,
            "hero_damage": 10707,
            "hero_healing": 0,
            "hero_id": 42,
            "hero_kills": 4,
            "hero_variant": 2,
            "is_roaming": false,
            "item_uses": {
                "blink": 9,
                "magic_wand": 5,
                "phase_boots": 53,
                "radiance": 4,
                "tango": 3,
                "tpscroll": 4
            },
            "kda": 4.33,
            "kill_streaks": {
                "3": 1,
                "4": 1
            },
            "kills": 4,
            "kills_per_min": 0.1596806387225549,
            "lane": 1,
            "lane_efficiency": 0.8581244947453517,
            "lane_efficiency_pct": 85,
            "lane_kills": 109,
            "lane_role": 3,
            "last_hits": 174,
            "leaver_status": 0,
            "level": 15,
            "life_state": {
                "0": 1439,
                "1": 9,
                "2": 56
            },
            "life_state_dead": 65,
            "lose": 0,
            "multi_kills": {},
            "necronomicon_kills": 0,
            "net_worth": 14409,
            "neutral_kills": 63,
            "neutral_tokens_log": [
                {
                    "key": "Tier1Token",
                    "time": 675
                },
                {
                    "key": "Tier2Token",
                    "time": 1064
                }
            ],
            "obs": {},
            "obs_left_log": [],
            "obs_log": [],
            "obs_placed": 0,
            "observer_kills": 0,
            "observer_uses": 0,
            "observers_placed": 0,
            "pings": 1,
            "player_slot": 131,
            "purchase": {
                "blades_of_attack": 1,
                "blink": 1,
                "boots": 1,
                "bracer": 1,
                "branches": 2,
                "chainmail": 1,
                "circlet": 1,
                "gauntlets": 1,
                "magic_stick": 1,
                "magic_wand": 1,
                "mithril_hammer": 1,
                "ogre_axe": 1,
                "phase_boots": 1,
                "quelling_blade": 1,
                "radiance": 1,
                "recipe_black_king_bar": 1,
                "recipe_bracer": 1,
                "recipe_magic_wand": 1,
                "relic": 1,
                "talisman_of_evasion": 1,
                "tango": 1,
                "tpscroll": 3
            },
            "purchase_tpscroll": 3,
            "rank_tier": 71,
            "roshan_kills": 0,
            "rune_pickups": 2,
            "runes": {
                "5": 1,
                "8": 1
            },
            "sen": {},
            "sen_left_log": [],
            "sen_log": [],
            "sen_placed": 0,
            "sentry_kills": 0,
            "sentry_uses": 0,
            "stuns": 20.800123,
            "teamfight_participation": 0.3939394,
            "total_gold": 14353,
            "total_xp": 13627,
            "tower_damage": 4665,
            "tower_kills": 2,
            "win": 1,
            "xp_per_min": 544
        },
        {
            "abandons": 0,
            "account_id": 117185571,
            "actions_per_min": 151,
            "ancient_kills": 0,
            "assists": 14,
            "benchmarks": {
                "gold_per_min": {
                    "pct": 0.6487435328898744,
                    "raw": 380
                },
                "hero_damage_per_min": {
                    "pct": 0.5271618625277162,
                    "raw": 372.33532934131733
                },
                "hero_healing_per_min": {
                    "pct": 0.7224685883222468,
                    "raw": 0
                },
                "kills_per_min": {
                    "pct": 0.8416481892091648,
                    "raw": 0.2395209580838323
                },
                "last_hits_per_min": {
                    "pct": 0.4591648189209165,
                    "raw": 1.1177644710578842
                },
                "tower_damage": {
                    "pct": 0.8919068736141907,
                    "raw": 1682
                },
                "xp_per_min": {
                    "pct": 0.20546932742054694,
                    "raw": 406
                }
            },
            "buyback_count": 0,
            "camps_stacked": 0,
            "courier_kills": 0,
            "creeps_stacked": 0,
            "deaths": 1,
            "denies": 0,
            "gold": 3255,
            "gold_per_min": 380,
            "gold_spent": 6835,
            "hero_damage": 9327,
            "hero_healing": 0,
            "hero_id": 26,
            "hero_kills": 6,
            "hero_variant": 1,
            "is_roaming": false,
            "item_uses": {
                "arcane_ring": 5,
                "blood_grenade": 1,
                "clarity": 1,
                "force_staff": 7,
                "glimmer_cape": 1,
                "magic_stick": 6,
                "tango": 6,
                "tpscroll": 2,
                "ward_dispenser": 4,
                "ward_observer": 4,
                "ward_sentry": 3
            },
            "kda": 10,
            "kill_streaks": {
                "3": 1,
                "4": 1,
                "5": 1
            },
            "kills": 6,
            "kills_per_min": 0.23952095808383234,
            "lane": 3,
            "lane_efficiency": 0.5309215844785772,
            "lane_efficiency_pct": 53,
            "lane_kills": 17,
            "lane_role": 1,
            "last_hits": 28,
            "leaver_status": 0,
            "level": 13,
            "life_state": {
                "0": 1483,
                "1": 1,
                "2": 20
            },
            "life_state_dead": 21,
            "lose": 0,
            "multi_kills": {},
            "necronomicon_kills": 0,
            "net_worth": 9610,
            "neutral_kills": 9,
            "neutral_tokens_log": [],
            "obs": {
                "109": {
                    "86": 1
                },
                "117": {
                    "77": 1
                },
                "129": {
                    "104": 1
                },
                "132": {
                    "105": 1
                },
                "75": {
                    "160": 1
                },
                "94": {
                    "120": 1
                },
                "98": {
                    "88": 1
                }
            },
            "obs_left_log": [
                {
                    "attackername": "npc_dota_hero_shadow_demon",
                    "ehandle": 9355369,
                    "entityleft": true,
                    "key": "[75,160]",
                    "player_slot": 132,
                    "slot": 9,
                    "time": 375,
                    "type": "obs_left_log",
                    "x": 75.4,
                    "y": 159.7,
                    "z": 129
                },
                {
                    "attackername": "npc_dota_hero_lion",
                    "ehandle": 15843447,
                    "entityleft": true,
                    "key": "[129,104]",
                    "player_slot": 132,
                    "slot": 9,
                    "time": 882,
                    "type": "obs_left_log",
                    "x": 128.8,
                    "y": 104,
                    "z": 130
                },
                {
                    "attackername": "npc_dota_hero_jakiro",
                    "ehandle": 7440663,
                    "entityleft": true,
                    "key": "[117,77]",
                    "player_slot": 132,
                    "slot": 9,
                    "time": 980,
                    "type": "obs_left_log",
                    "x": 116.9,
                    "y": 76.9,
                    "z": 129
                },
                {
                    "attackername": "npc_dota_hero_lion",
                    "ehandle": 4999267,
                    "entityleft": true,
                    "key": "[109,86]",
                    "player_slot": 132,
                    "slot": 9,
                    "time": 1079,
                    "type": "obs_left_log",
                    "x": 109.1,
                    "y": 86,
                    "z": 129
                },
                {
                    "attackername": "npc_dota_hero_lion",
                    "ehandle": 9587079,
                    "entityleft": true,
                    "key": "[132,105]",
                    "player_slot": 132,
                    "slot": 9,
                    "time": 1311,
                    "type": "obs_left_log",
                    "x": 132.2,
                    "y": 104.6,
                    "z": 130
                },
                {
                    "attackername": "npc_dota_hero_jakiro",
                    "ehandle": 10667978,
                    "entityleft": true,
                    "key": "[98,88]",
                    "player_slot": 132,
                    "slot": 9,
                    "time": 1323,
                    "type": "obs_left_log",
                    "x": 98.3,
                    "y": 87.7,
                    "z": 130
                },
                {
                    "attackername": "npc_dota_hero_jakiro",
                    "ehandle": 7358247,
                    "entityleft": true,
                    "key": "[94,120]",
                    "player_slot": 132,
                    "slot": 9,
                    "time": 1412,
                    "type": "obs_left_log",
                    "x": 94.1,
                    "y": 119.9,
                    "z": 132.2
                }
            ],
            "obs_log": [
                {
                    "ehandle": 9355369,
                    "entityleft": false,
                    "key": "[75,160]",
                    "player_slot": 132,
                    "slot": 9,
                    "time": 305,
                    "type": "obs_log",
                    "x": 75.4,
                    "y": 159.7,
                    "z": 129
                },
                {
                    "ehandle": 15843447,
                    "entityleft": false,
                    "key": "[129,104]",
                    "player_slot": 132,
                    "slot": 9,
                    "time": 522,
                    "type": "obs_log",
                    "x": 128.8,
                    "y": 104,
                    "z": 130
                },
                {
                    "ehandle": 7440663,
                    "entityleft": false,
                    "key": "[117,77]",
                    "player_slot": 132,
                    "slot": 9,
                    "time": 686,
                    "type": "obs_log",
                    "x": 116.9,
                    "y": 76.9,
                    "z": 129
                },
                {
                    "ehandle": 4999267,
                    "entityleft": false,
                    "key": "[109,86]",
                    "player_slot": 132,
                    "slot": 9,
                    "time": 719,
                    "type": "obs_log",
                    "x": 109.1,
                    "y": 86,
                    "z": 129
                },
                {
                    "ehandle": 9587079,
                    "entityleft": false,
                    "key": "[132,105]",
                    "player_slot": 132,
                    "slot": 9,
                    "time": 951,
                    "type": "obs_log",
                    "x": 132.2,
                    "y": 104.6,
                    "z": 130
                },
                {
                    "ehandle": 10667978,
                    "entityleft": false,
                    "key": "[98,88]",
                    "player_slot": 132,
                    "slot": 9,
                    "time": 1003,
                    "type": "obs_log",
                    "x": 98.3,
                    "y": 87.7,
                    "z": 130
                },
                {
                    "ehandle": 7358247,
                    "entityleft": false,
                    "key": "[94,120]",
                    "player_slot": 132,
                    "slot": 9,
                    "time": 1181,
                    "type": "obs_log",
                    "x": 94.1,
                    "y": 119.9,
                    "z": 132.2
                }
            ],
            "obs_placed": 7,
            "observer_kills": 0,
            "observer_uses": 4,
            "observers_placed": 7,
            "pings": 21,
            "player_slot": 132,
            "purchase": {
                "blood_grenade": 1,
                "boots": 1,
                "branches": 1,
                "circlet": 1,
                "clarity": 1,
                "cloak": 1,
                "fluffy_hat": 1,
                "force_staff": 1,
                "glimmer_cape": 1,
                "great_famango": 1,
                "infused_raindrop": 1,
                "magic_stick": 1,
                "mantle": 1,
                "null_talisman": 1,
                "recipe_force_staff": 1,
                "recipe_glimmer_cape": 1,
                "recipe_null_talisman": 1,
                "ring_of_regen": 1,
                "shadow_amulet": 1,
                "staff_of_wizardry": 1,
                "tango": 2,
                "tpscroll": 1,
                "tranquil_boots": 1,
                "ward_dispenser": 4,
                "ward_observer": 7,
                "ward_sentry": 4,
                "wind_lace": 1
            },
            "purchase_tpscroll": 1,
            "purchase_ward_observer": 7,
            "purchase_ward_sentry": 4,
            "rank_tier": 65,
            "roshan_kills": 0,
            "rune_pickups": 2,
            "runes": {
                "5": 2
            },
            "sen": {
                "123": {
                    "116": 1
                },
                "133": {
                    "103": 1
                },
                "78": {
                    "157": 1
                },
                "84": {
                    "109": 1
                }
            },
            "sen_left_log": [
                {
                    "attackername": "npc_dota_hero_lion",
                    "ehandle": 3475171,
                    "entityleft": true,
                    "key": "[78,157]",
                    "player_slot": 132,
                    "slot": 9,
                    "time": 832,
                    "type": "sen_left_log",
                    "x": 78,
                    "y": 157.1,
                    "z": 129
                },
                {
                    "attackername": "npc_dota_hero_lion",
                    "ehandle": 15829303,
                    "entityleft": true,
                    "key": "[123,116]",
                    "player_slot": 132,
                    "slot": 9,
                    "time": 950,
                    "type": "sen_left_log",
                    "x": 122.9,
                    "y": 115.5,
                    "z": 129
                },
                {
                    "attackername": "npc_dota_hero_lion",
                    "ehandle": 14190465,
                    "entityleft": true,
                    "key": "[133,103]",
                    "player_slot": 132,
                    "slot": 9,
                    "time": 1370,
                    "type": "sen_left_log",
                    "x": 133,
                    "y": 103.1,
                    "z": 130
                },
                {
                    "attackername": "npc_dota_hero_lion",
                    "ehandle": 12913012,
                    "entityleft": true,
                    "key": "[84,109]",
                    "player_slot": 132,
                    "slot": 9,
                    "time": 1609,
                    "type": "sen_left_log",
                    "x": 83.9,
                    "y": 109.2,
                    "z": 129
                }
            ],
            "sen_log": [
                {
                    "ehandle": 3475171,
                    "entityleft": false,
                    "key": "[78,157]",
                    "player_slot": 132,
                    "slot": 9,
                    "time": 412,
                    "type": "sen_log",
                    "x": 78,
                    "y": 157.1,
                    "z": 129
                },
                {
                    "ehandle": 15829303,
                    "entityleft": false,
                    "key": "[123,116]",
                    "player_slot": 132,
                    "slot": 9,
                    "time": 530,
                    "type": "sen_log",
                    "x": 122.9,
                    "y": 115.5,
                    "z": 129
                },
                {
                    "ehandle": 14190465,
                    "entityleft": false,
                    "key": "[133,103]",
                    "player_slot": 132,
                    "slot": 9,
                    "time": 950,
                    "type": "sen_log",
                    "x": 133,
                    "y": 103.1,
                    "z": 130
                },
                {
                    "ehandle": 12913012,
                    "entityleft": false,
                    "key": "[84,109]",
                    "player_slot": 132,
                    "slot": 9,
                    "time": 1189,
                    "type": "sen_log",
                    "x": 83.9,
                    "y": 109.2,
                    "z": 129
                }
            ],
            "sen_placed": 4,
            "sentry_kills": 0,
            "sentry_uses": 3,
            "stuns": 80.500015,
            "teamfight_participation": 0.6060606,
            "total_gold": 9519,
            "total_xp": 10170,
            "tower_damage": 1682,
            "tower_kills": 0,
            "win": 1,
            "xp_per_min": 406
        }
    ],
    "radiant_score": 5,
    "radiant_win": false,
    "replay_url": "http://replay272.valve.net/570/7938412672_950195128.dem.bz2",
    "stomp": 35566
}