{"match_id": 7863228895, "players": [{"player_slot": 0, "obs_placed": 5, "sen_placed": 10, "creeps_stacked": 5, "camps_stacked": 1, "rune_pickups": 1, "teamfight_participation": 0.7777778, "observers_placed": 5, "stuns": 42.533203, "obs_log": [{"time": 474, "type": "obs_log", "slot": 0, "x": 163.9, "y": 134, "z": 132.1, "entityleft": false, "ehandle": 6064530, "key": "[164,134]", "player_slot": 0}, {"time": 616, "type": "obs_log", "slot": 0, "x": 188, "y": 115.9, "z": 132.1, "entityleft": false, "ehandle": 5916471, "key": "[188,116]", "player_slot": 0}, {"time": 913, "type": "obs_log", "slot": 0, "x": 155.2, "y": 133.6, "z": 130, "entityleft": false, "ehandle": 5375172, "key": "[155,134]", "player_slot": 0}, {"time": 1116, "type": "obs_log", "slot": 0, "x": 117.5, "y": 163.7, "z": 130, "entityleft": false, "ehandle": 11978779, "key": "[118,164]", "player_slot": 0}, {"time": 1488, "type": "obs_log", "slot": 0, "x": 167.2, "y": 150.1, "z": 130, "entityleft": false, "ehandle": 4818619, "key": "[167,150]", "player_slot": 0}], "sen_log": [{"time": 51, "type": "sen_log", "slot": 0, "x": 162.5, "y": 98.7, "z": 129, "entityleft": false, "ehandle": 4146893, "key": "[163,99]", "player_slot": 0}, {"time": 538, "type": "sen_log", "slot": 0, "x": 154, "y": 116.6, "z": 130, "entityleft": false, "ehandle": 6228414, "key": "[154,117]", "player_slot": 0}, {"time": 739, "type": "sen_log", "slot": 0, "x": 130.6, "y": 130, "z": 129, "entityleft": false, "ehandle": 14862319, "key": "[131,130]", "player_slot": 0}, {"time": 880, "type": "sen_log", "slot": 0, "x": 187.8, "y": 115.9, "z": 132.1, "entityleft": false, "ehandle": 14845559, "key": "[188,116]", "player_slot": 0}, {"time": 910, "type": "sen_log", "slot": 0, "x": 155.5, "y": 133.9, "z": 130, "entityleft": false, "ehandle": 427444, "key": "[156,134]", "player_slot": 0}, {"time": 936, "type": "sen_log", "slot": 0, "x": 105.2, "y": 160.2, "z": 130, "entityleft": false, "ehandle": 11109546, "key": "[105,160]", "player_slot": 0}, {"time": 943, "type": "sen_log", "slot": 0, "x": 121.8, "y": 156.2, "z": 132.1, "entityleft": false, "ehandle": 13715828, "key": "[122,156]", "player_slot": 0}, {"time": 955, "type": "sen_log", "slot": 0, "x": 136, "y": 153.8, "z": 131.1, "entityleft": false, "ehandle": 15041989, "key": "[136,154]", "player_slot": 0}, {"time": 1109, "type": "sen_log", "slot": 0, "x": 121.7, "y": 156, "z": 132.1, "entityleft": false, "ehandle": 330181, "key": "[122,156]", "player_slot": 0}, {"time": 1489, "type": "sen_log", "slot": 0, "x": 167.2, "y": 150.1, "z": 130, "entityleft": false, "ehandle": 1427447, "key": "[167,150]", "player_slot": 0}], "obs_left_log": [{"time": 674, "type": "obs_left_log", "slot": 0, "attackername": "npc_dota_hero_tiny", "x": 188, "y": 115.9, "z": 132.1, "entityleft": true, "ehandle": 5916471, "key": "[188,116]", "player_slot": 0}, {"time": 834, "type": "obs_left_log", "slot": 0, "attackername": "npc_dota_hero_treant", "x": 163.9, "y": 134, "z": 132.1, "entityleft": true, "ehandle": 6064530, "key": "[164,134]", "player_slot": 0}, {"time": 1103, "type": "obs_left_log", "slot": 0, "attackername": "npc_dota_hero_hoodwink", "x": 155.2, "y": 133.6, "z": 130, "entityleft": true, "ehandle": 5375172, "key": "[155,134]", "player_slot": 0}, {"time": 1187, "type": "obs_left_log", "slot": 0, "attackername": "npc_dota_hero_hoodwink", "x": 117.5, "y": 163.7, "z": 130, "entityleft": true, "ehandle": 11978779, "key": "[118,164]", "player_slot": 0}, {"time": 1506, "type": "obs_left_log", "slot": 0, "attackername": "npc_dota_hero_lion", "x": 167.2, "y": 150.1, "z": 130, "entityleft": true, "ehandle": 4818619, "key": "[167,150]", "player_slot": 0}], "sen_left_log": [{"time": 471, "type": "sen_left_log", "slot": 0, "attackername": "npc_dota_hero_treant", "x": 162.5, "y": 98.7, "z": 129, "entityleft": true, "ehandle": 4146893, "key": "[163,99]", "player_slot": 0}, {"time": 842, "type": "sen_left_log", "slot": 0, "attackername": "npc_dota_hero_lion", "x": 154, "y": 116.6, "z": 130, "entityleft": true, "ehandle": 6228414, "key": "[154,117]", "player_slot": 0}, {"time": 998, "type": "sen_left_log", "slot": 0, "attackername": "npc_dota_hero_hoodwink", "x": 136, "y": 153.8, "z": 131.1, "entityleft": true, "ehandle": 15041989, "key": "[136,154]", "player_slot": 0}, {"time": 1008, "type": "sen_left_log", "slot": 0, "attackername": "npc_dota_hero_hoodwink", "x": 121.8, "y": 156.2, "z": 132.1, "entityleft": true, "ehandle": 13715828, "key": "[122,156]", "player_slot": 0}, {"time": 1106, "type": "sen_left_log", "slot": 0, "attackername": "npc_dota_hero_hoodwink", "x": 155.5, "y": 133.9, "z": 130, "entityleft": true, "ehandle": 427444, "key": "[156,134]", "player_slot": 0}, {"time": 1159, "type": "sen_left_log", "slot": 0, "attackername": "npc_dota_hero_treant", "x": 130.6, "y": 130, "z": 129, "entityleft": true, "ehandle": 14862319, "key": "[131,130]", "player_slot": 0}, {"time": 1300, "type": "sen_left_log", "slot": 0, "attackername": "npc_dota_hero_treant", "x": 187.8, "y": 115.9, "z": 132.1, "entityleft": true, "ehandle": 14845559, "key": "[188,116]", "player_slot": 0}, {"time": 1356, "type": "sen_left_log", "slot": 0, "attackername": "npc_dota_hero_treant", "x": 105.2, "y": 160.2, "z": 130, "entityleft": true, "ehandle": 11109546, "key": "[105,160]", "player_slot": 0}, {"time": 1508, "type": "sen_left_log", "slot": 0, "attackername": "npc_dota_hero_lion", "x": 167.2, "y": 150.1, "z": 130, "entityleft": true, "ehandle": 1427447, "key": "[167,150]", "player_slot": 0}, {"time": 1529, "type": "sen_left_log", "slot": 0, "attackername": "npc_dota_hero_treant", "x": 121.7, "y": 156, "z": 132.1, "entityleft": true, "ehandle": 330181, "key": "[122,156]", "player_slot": 0}], "obs": {"118": {"164": 1}, "155": {"134": 1}, "164": {"134": 1}, "167": {"150": 1}, "188": {"116": 1}}, "sen": {"105": {"160": 1}, "122": {"156": 2}, "131": {"130": 1}, "136": {"154": 1}, "154": {"117": 1}, "156": {"134": 1}, "163": {"99": 1}, "167": {"150": 1}, "188": {"116": 1}}, "pings": 10, "purchase": {"branches": 1, "orb_of_venom": 1, "tango": 1, "ward_sentry": 10, "blood_grenade": 2, "boots": 1, "sobi_mask": 1, "recipe_ring_of_basilius": 1, "recipe_arcane_boots": 1, "ring_of_basilius": 1, "arcane_boots": 1, "ward_observer": 5, "ward_dispenser": 9, "infused_raindrop": 1, "aghanims_shard": 1, "dust": 4, "blink": 1, "ring_of_regen": 1, "headdress": 1, "recipe_headdress": 1, "chainmail": 1, "recipe_mekansm": 1, "mekansm": 1, "ring_of_protection": 1, "buckler": 1, "recipe_buckler": 1, "guardian_greaves": 1, "recipe_guardian_greaves": 1}, "item_uses": {"tpscroll": 5, "ward_sentry": 5, "blood_grenade": 2, "tango": 6, "branches": 1, "famango": 3, "arcane_boots": 17, "ward_observer": 2, "ward_dispenser": 13, "blink": 12, "dust": 4, "mekansm": 3, "guardian_greaves": 1}, "runes": {"8": 1}, "kill_streaks": {"3": 1, "4": 1, "5": 1, "6": 1}, "multi_kills": {"2": 2}, "life_state": {"0": 1499, "1": 11, "2": 153}, "account_id": 26250791, "hero_id": 83, "hero_variant": 2, "kills": 8, "deaths": 5, "assists": 27, "leaver_status": 0, "last_hits": 21, "denies": 1, "gold_per_min": 385, "xp_per_min": 524, "level": 16, "net_worth": 9329, "hero_damage": 15817, "tower_damage": 37, "hero_healing": 12787, "gold": 629, "gold_spent": 10275, "win": 1, "lose": 0, "total_gold": 10664, "total_xp": 14514, "kills_per_min": 0.2888086642599278, "kda": 5.83, "abandons": 0, "neutral_kills": 5, "tower_kills": 0, "courier_kills": 0, "lane_kills": 5, "hero_kills": 8, "observer_kills": 1, "sentry_kills": 4, "roshan_kills": 0, "necronomicon_kills": 0, "ancient_kills": 1, "buyback_count": 0, "observer_uses": 2, "sentry_uses": 5, "lane_efficiency": 0.597210994341148, "lane_efficiency_pct": 59, "lane": 1, "lane_role": 1, "is_roaming": false, "purchase_ward_observer": 5, "purchase_ward_sentry": 10, "actions_per_min": 128, "life_state_dead": 164, "rank_tier": 41, "benchmarks": {"gold_per_min": {"raw": 385, "pct": 0.6953283683141503}, "xp_per_min": {"raw": 524, "pct": 0.4482058226134055}, "kills_per_min": {"raw": 0.2888086642599278, "pct": 0.9783344617467841}, "last_hits_per_min": {"raw": 0.7581227436823104, "pct": 0.13405551794177387}, "hero_damage_per_min": {"raw": 571.0108303249098, "pct": 0.8720379146919431}, "hero_healing_per_min": {"raw": 461.6245487364621, "pct": 0.9275558564658091}, "tower_damage": {"raw": 37, "pct": 0.26201760324983076}}}, {"player_slot": 1, "obs_placed": 5, "sen_placed": 11, "creeps_stacked": 5, "camps_stacked": 2, "rune_pickups": 9, "teamfight_participation": 0.6888889, "observers_placed": 5, "stuns": 1.4000244, "obs_log": [{"time": 255, "type": "obs_log", "slot": 1, "x": 107.4, "y": 163, "z": 130, "entityleft": false, "ehandle": 1034056, "key": "[107,163]", "player_slot": 1}, {"time": 881, "type": "obs_log", "slot": 1, "x": 107.1, "y": 163.7, "z": 130, "entityleft": false, "ehandle": 9864979, "key": "[107,164]", "player_slot": 1}, {"time": 947, "type": "obs_log", "slot": 1, "x": 135.9, "y": 153.9, "z": 131.1, "entityleft": false, "ehandle": 7604430, "key": "[136,154]", "player_slot": 1}, {"time": 990, "type": "obs_log", "slot": 1, "x": 143.8, "y": 105.9, "z": 129, "entityleft": false, "ehandle": 13306126, "key": "[144,106]", "player_slot": 1}, {"time": 1183, "type": "obs_log", "slot": 1, "x": 116.1, "y": 181.9, "z": 131.1, "entityleft": false, "ehandle": 263588, "key": "[116,182]", "player_slot": 1}], "sen_log": [{"time": 108, "type": "sen_log", "slot": 1, "x": 86.2, "y": 163.5, "z": 129, "entityleft": false, "ehandle": 4098055, "key": "[86,164]", "player_slot": 1}, {"time": 220, "type": "sen_log", "slot": 1, "x": 85.4, "y": 161.4, "z": 129, "entityleft": false, "ehandle": 3589945, "key": "[85,161]", "player_slot": 1}, {"time": 405, "type": "sen_log", "slot": 1, "x": 86.4, "y": 163, "z": 129, "entityleft": false, "ehandle": 100488, "key": "[86,163]", "player_slot": 1}, {"time": 756, "type": "sen_log", "slot": 1, "x": 143.9, "y": 122, "z": 132.1, "entityleft": false, "ehandle": 2279495, "key": "[144,122]", "player_slot": 1}, {"time": 886, "type": "sen_log", "slot": 1, "x": 108, "y": 163.1, "z": 130, "entityleft": false, "ehandle": 787771, "key": "[108,163]", "player_slot": 1}, {"time": 1002, "type": "sen_log", "slot": 1, "x": 143.8, "y": 122, "z": 132.1, "entityleft": false, "ehandle": 12617801, "key": "[144,122]", "player_slot": 1}, {"time": 1057, "type": "sen_log", "slot": 1, "x": 136.2, "y": 154.1, "z": 131.1, "entityleft": false, "ehandle": 4180477, "key": "[136,154]", "player_slot": 1}, {"time": 1088, "type": "sen_log", "slot": 1, "x": 141.5, "y": 142.8, "z": 129, "entityleft": false, "ehandle": 14206465, "key": "[142,143]", "player_slot": 1}, {"time": 1204, "type": "sen_log", "slot": 1, "x": 136, "y": 154, "z": 131.1, "entityleft": false, "ehandle": 11716441, "key": "[136,154]", "player_slot": 1}, {"time": 1424, "type": "sen_log", "slot": 1, "x": 187.7, "y": 115.7, "z": 132.1, "entityleft": false, "ehandle": 13583540, "key": "[188,116]", "player_slot": 1}, {"time": 1456, "type": "sen_log", "slot": 1, "x": 168.9, "y": 136.2, "z": 130, "entityleft": false, "ehandle": 3982880, "key": "[169,136]", "player_slot": 1}], "obs_left_log": [{"time": 615, "type": "obs_left_log", "slot": 1, "attackername": "npc_dota_hero_furion", "x": 107.4, "y": 163, "z": 130, "entityleft": true, "ehandle": 1034056, "key": "[107,163]", "player_slot": 1}, {"time": 933, "type": "obs_left_log", "slot": 1, "attackername": "npc_dota_hero_hoodwink", "x": 107.1, "y": 163.7, "z": 130, "entityleft": true, "ehandle": 9864979, "key": "[107,164]", "player_slot": 1}, {"time": 999, "type": "obs_left_log", "slot": 1, "attackername": "npc_dota_hero_hoodwink", "x": 135.9, "y": 153.9, "z": 131.1, "entityleft": true, "ehandle": 7604430, "key": "[136,154]", "player_slot": 1}, {"time": 1350, "type": "obs_left_log", "slot": 1, "attackername": "npc_dota_hero_furion", "x": 143.8, "y": 105.9, "z": 129, "entityleft": true, "ehandle": 13306126, "key": "[144,106]", "player_slot": 1}, {"time": 1543, "type": "obs_left_log", "slot": 1, "attackername": "npc_dota_hero_furion", "x": 116.1, "y": 181.9, "z": 131.1, "entityleft": true, "ehandle": 263588, "key": "[116,182]", "player_slot": 1}], "sen_left_log": [{"time": 206, "type": "sen_left_log", "slot": 1, "attackername": "npc_dota_hero_hoodwink", "x": 86.2, "y": 163.5, "z": 129, "entityleft": true, "ehandle": 4098055, "key": "[86,164]", "player_slot": 1}, {"time": 353, "type": "sen_left_log", "slot": 1, "attackername": "npc_dota_hero_hoodwink", "x": 85.4, "y": 161.4, "z": 129, "entityleft": true, "ehandle": 3589945, "key": "[85,161]", "player_slot": 1}, {"time": 825, "type": "sen_left_log", "slot": 1, "attackername": "npc_dota_hero_furion", "x": 86.4, "y": 163, "z": 129, "entityleft": true, "ehandle": 100488, "key": "[86,163]", "player_slot": 1}, {"time": 840, "type": "sen_left_log", "slot": 1, "attackername": "npc_dota_hero_hoodwink", "x": 143.9, "y": 122, "z": 132.1, "entityleft": true, "ehandle": 2279495, "key": "[144,122]", "player_slot": 1}, {"time": 936, "type": "sen_left_log", "slot": 1, "attackername": "npc_dota_hero_hoodwink", "x": 108, "y": 163.1, "z": 130, "entityleft": true, "ehandle": 787771, "key": "[108,163]", "player_slot": 1}, {"time": 1122, "type": "sen_left_log", "slot": 1, "attackername": "npc_dota_hero_lion", "x": 136.2, "y": 154.1, "z": 131.1, "entityleft": true, "ehandle": 4180477, "key": "[136,154]", "player_slot": 1}, {"time": 1392, "type": "sen_left_log", "slot": 1, "attackername": "npc_dota_hero_lion", "x": 136, "y": 154, "z": 131.1, "entityleft": true, "ehandle": 11716441, "key": "[136,154]", "player_slot": 1}, {"time": 1422, "type": "sen_left_log", "slot": 1, "attackername": "npc_dota_hero_furion", "x": 143.8, "y": 122, "z": 132.1, "entityleft": true, "ehandle": 12617801, "key": "[144,122]", "player_slot": 1}, {"time": 1508, "type": "sen_left_log", "slot": 1, "attackername": "npc_dota_hero_furion", "x": 141.5, "y": 142.8, "z": 129, "entityleft": true, "ehandle": 14206465, "key": "[142,143]", "player_slot": 1}], "obs": {"107": {"163": 1, "164": 1}, "116": {"182": 1}, "136": {"154": 1}, "144": {"106": 1}}, "sen": {"85": {"161": 1}, "86": {"163": 1, "164": 1}, "108": {"163": 1}, "136": {"154": 2}, "142": {"143": 1}, "144": {"122": 2}, "169": {"136": 1}, "188": {"116": 1}}, "pings": 11, "purchase": {"tango": 2, "faerie_fire": 1, "branches": 2, "blight_stone": 1, "blood_grenade": 1, "ward_sentry": 11, "sobi_mask": 1, "ward_observer": 5, "ward_dispenser": 7, "magic_stick": 1, "recipe_magic_wand": 1, "magic_wand": 1, "ring_of_protection": 1, "circlet": 1, "recipe_urn_of_shadows": 1, "urn_of_shadows": 1, "boots": 1, "crown": 1, "fluffy_hat": 1, "recipe_spirit_vessel": 1, "spirit_vessel": 1, "dust": 1, "ring_of_health": 1, "pers": 1, "void_stone": 1, "platemail": 1, "recipe_lotus_orb": 1, "energy_booster": 1, "lotus_orb": 1, "gloves": 1, "power_treads": 1, "belt_of_strength": 1}, "item_uses": {"tango": 6, "faerie_fire": 1, "ward_sentry": 8, "blood_grenade": 1, "tpscroll": 7, "ward_dispenser": 9, "ward_observer": 2, "urn_of_shadows": 6, "magic_wand": 10, "spirit_vessel": 18, "dust": 1, "lotus_orb": 11}, "runes": {"1": 1, "3": 1, "5": 3, "8": 4}, "kill_streaks": {"3": 1, "4": 1, "5": 1}, "multi_kills": {"2": 1}, "life_state": {"0": 1448, "1": 17, "2": 198}, "account_id": 24539665, "hero_id": 53, "hero_variant": 1, "kills": 8, "deaths": 8, "assists": 24, "leaver_status": 0, "last_hits": 76, "denies": 0, "gold_per_min": 470, "xp_per_min": 568, "level": 17, "net_worth": 10934, "hero_damage": 19500, "tower_damage": 1921, "hero_healing": 1826, "gold": 2054, "gold_spent": 9705, "win": 1, "lose": 0, "total_gold": 13019, "total_xp": 15733, "kills_per_min": 0.2888086642599278, "kda": 3.56, "abandons": 0, "neutral_kills": 12, "tower_kills": 0, "courier_kills": 1, "lane_kills": 37, "hero_kills": 8, "observer_kills": 4, "sentry_kills": 6, "roshan_kills": 0, "necronomicon_kills": 0, "ancient_kills": 4, "buyback_count": 1, "observer_uses": 2, "sentry_uses": 8, "lane_efficiency": 0.42663702506063056, "lane_efficiency_pct": 42, "lane": 3, "lane_role": 3, "is_roaming": false, "purchase_ward_observer": 5, "purchase_ward_sentry": 11, "actions_per_min": 168, "life_state_dead": 215, "rank_tier": 55, "benchmarks": {"gold_per_min": {"raw": 470, "pct": 0.4370179948586118}, "xp_per_min": {"raw": 568, "pct": 0.43496143958868894}, "kills_per_min": {"raw": 0.2888086642599278, "pct": 0.8627249357326479}, "last_hits_per_min": {"raw": 2.743682310469314, "pct": 0.1562982005141388}, "hero_damage_per_min": {"raw": 703.971119133574, "pct": 0.7403598971722365}, "hero_healing_per_min": {"raw": 65.92057761732852, "pct": 0.9367609254498714}, "tower_damage": {"raw": 1921, "pct": 0.390745501285347}}}, {"player_slot": 2, "obs_placed": 0, "sen_placed": 0, "creeps_stacked": 1, "camps_stacked": 1, "rune_pickups": 2, "teamfight_participation": 0.4888889, "observers_placed": 0, "stuns": 0, "obs_log": [], "sen_log": [], "obs_left_log": [], "sen_left_log": [], "obs": {}, "sen": {}, "pings": 2, "purchase": {"branches": 6, "tango": 2, "magic_stick": 2, "quelling_blade": 1, "slippers": 1, "circlet": 1, "recipe_magic_wand": 1, "magic_wand": 1, "orb_of_venom": 1, "ring_of_protection": 1, "gloves": 1, "orb_of_corrosion": 1, "boots": 1, "chainmail": 1, "blades_of_attack": 1, "phase_boots": 1, "blitz_knuckles": 1, "sobi_mask": 1, "oblivion_staff": 1, "robe": 1, "cloak": 1, "recipe_mage_slayer": 1, "mage_slayer": 1, "ogre_axe": 2, "broadsword": 1, "tpscroll": 2, "void_stone": 1, "echo_sabre": 1, "belt_of_strength": 1, "recipe_sange": 1, "sange": 1, "blade_of_alacrity": 1, "boots_of_elves": 1, "yasha": 1, "recipe_yasha": 1, "sange_and_yasha": 1}, "item_uses": {"branches": 1, "tango": 3, "famango": 2, "magic_wand": 6, "phase_boots": 62, "tpscroll": 3}, "runes": {"5": 2}, "kill_streaks": {"3": 1, "4": 1}, "multi_kills": {"2": 1}, "life_state": {"0": 1580, "1": 6, "2": 77}, "account_id": 44458260, "hero_id": 102, "hero_variant": 2, "kills": 8, "deaths": 2, "assists": 14, "leaver_status": 0, "last_hits": 143, "denies": 1, "gold_per_min": 558, "xp_per_min": 672, "level": 18, "net_worth": 16664, "hero_damage": 16480, "tower_damage": 11193, "hero_healing": 2025, "gold": 2514, "gold_spent": 13725, "win": 1, "lose": 0, "total_gold": 15456, "total_xp": 18614, "kills_per_min": 0.2888086642599278, "kda": 7.33, "abandons": 0, "neutral_kills": 27, "tower_kills": 3, "courier_kills": 0, "lane_kills": 104, "hero_kills": 8, "observer_kills": 0, "sentry_kills": 0, "roshan_kills": 0, "necronomicon_kills": 0, "ancient_kills": 0, "buyback_count": 0, "observer_uses": 0, "sentry_uses": 0, "lane_efficiency": 0.7716248989490704, "lane_efficiency_pct": 77, "lane": 3, "lane_role": 3, "is_roaming": false, "purchase_tpscroll": 2, "actions_per_min": 133, "life_state_dead": 83, "rank_tier": 24, "benchmarks": {"gold_per_min": {"raw": 558, "pct": 0.9111245465538089}, "xp_per_min": {"raw": 672, "pct": 0.7309552599758162}, "kills_per_min": {"raw": 0.2888086642599278, "pct": 0.9365175332527207}, "last_hits_per_min": {"raw": 5.16245487364621, "pct": 0.880894800483676}, "hero_damage_per_min": {"raw": 594.9458483754512, "pct": 0.813180169286578}, "hero_healing_per_min": {"raw": 73.10469314079423, "pct": 0.32466747279322855}, "tower_damage": {"raw": 11193, "pct": 0.9510278113663845}}}, {"player_slot": 3, "obs_placed": 2, "sen_placed": 0, "creeps_stacked": 1, "camps_stacked": 1, "rune_pickups": 6, "teamfight_participation": 0.64444447, "observers_placed": 2, "stuns": 54.067047, "obs_log": [{"time": -63, "type": "obs_log", "slot": 3, "x": 128.2, "y": 114.1, "z": 130, "entityleft": false, "ehandle": 2753717, "key": "[128,114]", "player_slot": 3}, {"time": 310, "type": "obs_log", "slot": 3, "x": 128, "y": 114.3, "z": 130, "entityleft": false, "ehandle": 5162373, "key": "[128,114]", "player_slot": 3}], "sen_log": [], "obs_left_log": [{"time": 297, "type": "obs_left_log", "slot": 3, "attackername": "npc_dota_hero_windrunner", "x": 128.2, "y": 114.1, "z": 130, "entityleft": true, "ehandle": 2753717, "key": "[128,114]", "player_slot": 3}, {"time": 670, "type": "obs_left_log", "slot": 3, "attackername": "npc_dota_hero_windrunner", "x": 128, "y": 114.3, "z": 130, "entityleft": true, "ehandle": 5162373, "key": "[128,114]", "player_slot": 3}], "sen_left_log": [], "obs": {"128": {"114": 2}}, "sen": {}, "pings": 9, "purchase": {"tango": 1, "circlet": 2, "branches": 3, "ward_observer": 2, "gauntlets": 2, "recipe_bracer": 2, "bracer": 2, "clarity": 6, "magic_stick": 1, "recipe_magic_wand": 1, "magic_wand": 1, "boots": 1, "gloves": 2, "belt_of_strength": 1, "power_treads": 1, "javelin": 1, "tpscroll": 2, "mithril_hammer": 3, "maelstrom": 1, "blight_stone": 1, "desolator": 1, "blink": 1, "staff_of_wizardry": 1, "recipe_rod_of_atos": 1, "recipe_gungir": 1, "rod_of_atos": 1, "gungir": 1, "vitality_booster": 1}, "item_uses": {"ward_observer": 2, "branches": 1, "tango": 3, "clarity": 6, "power_treads": 41, "tpscroll": 6, "magic_wand": 6, "blink": 9, "gungir": 3}, "runes": {"5": 3, "7": 3}, "kill_streaks": {"3": 2, "4": 1}, "multi_kills": {"2": 1}, "life_state": {"0": 1457, "1": 6, "2": 200}, "account_id": 164037360, "hero_id": 21, "hero_variant": 1, "kills": 10, "deaths": 4, "assists": 20, "leaver_status": 0, "last_hits": 181, "denies": 13, "gold_per_min": 634, "xp_per_min": 675, "level": 18, "net_worth": 16525, "hero_damage": 25968, "tower_damage": 6046, "hero_healing": 0, "gold": 2815, "gold_spent": 14700, "win": 1, "lose": 0, "total_gold": 17561, "total_xp": 18697, "kills_per_min": 0.36101083032490977, "kda": 6, "abandons": 0, "neutral_kills": 45, "tower_kills": 2, "courier_kills": 0, "lane_kills": 134, "hero_kills": 10, "observer_kills": 0, "sentry_kills": 0, "roshan_kills": 0, "necronomicon_kills": 0, "ancient_kills": 2, "buyback_count": 0, "observer_uses": 2, "sentry_uses": 0, "lane_efficiency": 0.8425626515763945, "lane_efficiency_pct": 84, "lane": 2, "lane_role": 2, "is_roaming": false, "purchase_ward_observer": 2, "purchase_tpscroll": 2, "actions_per_min": 160, "life_state_dead": 206, "rank_tier": 54, "benchmarks": {"gold_per_min": {"raw": 634, "pct": 0.8340292275574113}, "xp_per_min": {"raw": 675, "pct": 0.4759916492693111}, "kills_per_min": {"raw": 0.36101083032490977, "pct": 0.8332463465553236}, "last_hits_per_min": {"raw": 6.534296028880867, "pct": 0.8402922755741128}, "hero_damage_per_min": {"raw": 937.4729241877257, "pct": 0.8562108559498957}, "hero_healing_per_min": {"raw": 0, "pct": 0.894572025052192}, "tower_damage": {"raw": 6046, "pct": 0.6683194154488518}}}, {"player_slot": 4, "obs_placed": 0, "sen_placed": 0, "creeps_stacked": 0, "camps_stacked": 0, "rune_pickups": 3, "teamfight_participation": 0.62222224, "observers_placed": 0, "stuns": 29.466925, "obs_log": [], "sen_log": [], "obs_left_log": [], "sen_left_log": [], "obs": {}, "sen": {}, "pings": 17, "purchase": {"blades_of_attack": 2, "tango": 1, "branches": 1, "faerie_fire": 1, "fluffy_hat": 1, "sobi_mask": 1, "recipe_falcon_blade": 1, "wind_lace": 1, "falcon_blade": 1, "boots": 1, "boots_of_elves": 1, "infused_raindrop": 2, "gloves": 1, "power_treads": 1, "ogre_axe": 2, "blade_of_alacrity": 1, "staff_of_wizardry": 1, "tpscroll": 1, "ultimate_scepter": 1, "point_booster": 1, "lifesteal": 1, "claymore": 1, "lesser_crit": 1, "recipe_lesser_crit": 1, "mithril_hammer": 1, "recipe_black_king_bar": 1, "black_king_bar": 1}, "item_uses": {"tpscroll": 6, "tango": 3, "tango_single": 3, "faerie_fire": 1, "black_king_bar": 2}, "runes": {"2": 1, "5": 1, "9": 1}, "kill_streaks": {"3": 2}, "multi_kills": {"2": 2, "3": 1}, "life_state": {"0": 1465, "1": 18, "2": 180}, "account_id": 61434608, "hero_id": 72, "hero_variant": 2, "kills": 11, "deaths": 6, "assists": 17, "leaver_status": 0, "last_hits": 195, "denies": 20, "gold_per_min": 697, "xp_per_min": 656, "level": 18, "net_worth": 18333, "hero_damage": 28851, "tower_damage": 10921, "hero_healing": 0, "gold": 4458, "gold_spent": 14680, "win": 1, "lose": 0, "total_gold": 19306, "total_xp": 18171, "kills_per_min": 0.39711191335740076, "kda": 4, "abandons": 0, "neutral_kills": 37, "tower_kills": 2, "courier_kills": 1, "lane_kills": 147, "hero_kills": 11, "observer_kills": 0, "sentry_kills": 0, "roshan_kills": 0, "necronomicon_kills": 0, "ancient_kills": 18, "buyback_count": 0, "observer_uses": 0, "sentry_uses": 0, "lane_efficiency": 0.7413096200485044, "lane_efficiency_pct": 74, "lane": 1, "lane_role": 1, "is_roaming": false, "purchase_tpscroll": 1, "actions_per_min": 182, "life_state_dead": 198, "rank_tier": 55, "benchmarks": {"gold_per_min": {"raw": 697, "pct": 0.8580542264752791}, "xp_per_min": {"raw": 656, "pct": 0.5257841573631047}, "kills_per_min": {"raw": 0.3971119133574007, "pct": 0.9266347687400319}, "last_hits_per_min": {"raw": 7.039711191335741, "pct": 0.6693248272195641}, "hero_damage_per_min": {"raw": 1041.5523465703973, "pct": 0.8341307814992025}, "hero_healing_per_min": {"raw": 0, "pct": 0.8181818181818182}, "tower_damage": {"raw": 10921, "pct": 0.8591174906964381}}}, {"player_slot": 128, "obs_placed": 3, "sen_placed": 4, "creeps_stacked": 12, "camps_stacked": 3, "rune_pickups": 1, "teamfight_participation": 0.48, "observers_placed": 3, "stuns": 81.36667, "obs_log": [{"time": 606, "type": "obs_log", "slot": 5, "x": 188.1, "y": 115.8, "z": 132.1, "entityleft": false, "ehandle": 5769717, "key": "[188,116]", "player_slot": 128}, {"time": 854, "type": "obs_log", "slot": 5, "x": 164.1, "y": 133.9, "z": 132.1, "entityleft": false, "ehandle": 13322413, "key": "[164,134]", "player_slot": 128}, {"time": 1131, "type": "obs_log", "slot": 5, "x": 120.9, "y": 166.7, "z": 130, "entityleft": false, "ehandle": 7260236, "key": "[121,167]", "player_slot": 128}], "sen_log": [{"time": 619, "type": "sen_log", "slot": 5, "x": 190.5, "y": 112.2, "z": 130, "entityleft": false, "ehandle": 11700250, "key": "[191,112]", "player_slot": 128}, {"time": 1120, "type": "sen_log", "slot": 5, "x": 136.2, "y": 153.8, "z": 131.1, "entityleft": false, "ehandle": 4474955, "key": "[136,154]", "player_slot": 128}, {"time": 1389, "type": "sen_log", "slot": 5, "x": 136.1, "y": 153.9, "z": 131.1, "entityleft": false, "ehandle": 15419742, "key": "[136,154]", "player_slot": 128}, {"time": 1501, "type": "sen_log", "slot": 5, "x": 170.3, "y": 154.4, "z": 130, "entityleft": false, "ehandle": 14731480, "key": "[170,154]", "player_slot": 128}], "obs_left_log": [{"time": 884, "type": "obs_left_log", "slot": 5, "attackername": "npc_dota_hero_treant", "x": 188.1, "y": 115.8, "z": 132.1, "entityleft": true, "ehandle": 5769717, "key": "[188,116]", "player_slot": 128}, {"time": 1214, "type": "obs_left_log", "slot": 5, "attackername": "npc_dota_hero_lion", "x": 164.1, "y": 133.9, "z": 132.1, "entityleft": true, "ehandle": 13322413, "key": "[164,134]", "player_slot": 128}, {"time": 1491, "type": "obs_left_log", "slot": 5, "attackername": "npc_dota_hero_lion", "x": 120.9, "y": 166.7, "z": 130, "entityleft": true, "ehandle": 7260236, "key": "[121,167]", "player_slot": 128}], "sen_left_log": [{"time": 887, "type": "sen_left_log", "slot": 5, "attackername": "npc_dota_hero_treant", "x": 190.5, "y": 112.2, "z": 130, "entityleft": true, "ehandle": 11700250, "key": "[191,112]", "player_slot": 128}, {"time": 1207, "type": "sen_left_log", "slot": 5, "attackername": "npc_dota_hero_furion", "x": 136.2, "y": 153.8, "z": 131.1, "entityleft": true, "ehandle": 4474955, "key": "[136,154]", "player_slot": 128}], "obs": {"121": {"167": 1}, "164": {"134": 1}, "188": {"116": 1}}, "sen": {"136": {"154": 2}, "170": {"154": 1}, "191": {"112": 1}}, "pings": 6, "purchase": {"boots": 1, "tango": 1, "wind_lace": 2, "ring_of_regen": 1, "tranquil_boots": 1, "tpscroll": 1, "ward_observer": 4, "ward_dispenser": 5, "ward_sentry": 4, "blink": 1, "dust": 3}, "item_uses": {"tpscroll": 7, "tango": 3, "ward_dispenser": 9, "ward_observer": 2, "blink": 8, "dust": 3}, "runes": {"5": 1}, "kill_streaks": {}, "multi_kills": {}, "life_state": {"0": 1302, "1": 15, "2": 346}, "hero_id": 26, "hero_variant": 1, "kills": 1, "deaths": 14, "assists": 11, "leaver_status": 0, "last_hits": 9, "denies": 0, "gold_per_min": 228, "xp_per_min": 338, "level": 12, "net_worth": 5032, "hero_damage": 7454, "tower_damage": 0, "hero_healing": 0, "gold": 1507, "gold_spent": 4055, "win": 0, "lose": 1, "total_gold": 6315, "total_xp": 9362, "kills_per_min": 0.036101083032490974, "kda": 0.8, "abandons": 0, "neutral_kills": 1, "tower_kills": 0, "courier_kills": 0, "lane_kills": 3, "hero_kills": 1, "observer_kills": 1, "sentry_kills": 4, "roshan_kills": 0, "necronomicon_kills": 0, "ancient_kills": 1, "buyback_count": 1, "observer_uses": 2, "sentry_uses": 0, "lane_efficiency": 0.26576394502829426, "lane_efficiency_pct": 26, "lane": 1, "lane_role": 3, "is_roaming": false, "purchase_ward_observer": 4, "purchase_ward_sentry": 4, "purchase_tpscroll": 1, "actions_per_min": 146, "life_state_dead": 361, "rank_tier": null, "benchmarks": {"gold_per_min": {"raw": 228, "pct": 0.06191047847710513}, "xp_per_min": {"raw": 338, "pct": 0.1126736408849254}, "kills_per_min": {"raw": 0.036101083032490974, "pct": 0.06499742754244554}, "last_hits_per_min": {"raw": 0.3249097472924188, "pct": 0.02006516892471274}, "hero_damage_per_min": {"raw": 269.09747292418774, "pct": 0.20013719773623737}, "hero_healing_per_min": {"raw": 0, "pct": 0.7384668152975475}, "tower_damage": {"raw": 0, "pct": 0.21711541759560968}}}, {"player_slot": 129, "obs_placed": 7, "sen_placed": 18, "creeps_stacked": 0, "camps_stacked": 0, "rune_pickups": 2, "teamfight_participation": 0.72, "observers_placed": 7, "stuns": 54.599976, "obs_log": [{"time": 73, "type": "obs_log", "slot": 6, "x": 85.4, "y": 165.3, "z": 129, "entityleft": false, "ehandle": 2312011, "key": "[85,165]", "player_slot": 129}, {"time": 452, "type": "obs_log", "slot": 6, "x": 75.3, "y": 153.6, "z": 129, "entityleft": false, "ehandle": 7211084, "key": "[75,154]", "player_slot": 129}, {"time": 707, "type": "obs_log", "slot": 6, "x": 143.9, "y": 122.2, "z": 132.1, "entityleft": false, "ehandle": 4884876, "key": "[144,122]", "player_slot": 129}, {"time": 947, "type": "obs_log", "slot": 6, "x": 135.8, "y": 153.8, "z": 131.1, "entityleft": false, "ehandle": 11356585, "key": "[136,154]", "player_slot": 129}, {"time": 1314, "type": "obs_log", "slot": 6, "x": 158.2, "y": 135.4, "z": 130, "entityleft": false, "ehandle": 6145529, "key": "[158,135]", "player_slot": 129}, {"time": 1351, "type": "obs_log", "slot": 6, "x": 187.9, "y": 115.8, "z": 132.1, "entityleft": false, "ehandle": 7162020, "key": "[188,116]", "player_slot": 129}, {"time": 1411, "type": "obs_log", "slot": 6, "x": 154, "y": 153.6, "z": 129, "entityleft": false, "ehandle": 8078842, "key": "[154,154]", "player_slot": 129}], "sen_log": [{"time": 204, "type": "sen_log", "slot": 6, "x": 87.6, "y": 162.1, "z": 129, "entityleft": false, "ehandle": 5130701, "key": "[88,162]", "player_slot": 129}, {"time": 350, "type": "sen_log", "slot": 6, "x": 86.3, "y": 160.8, "z": 129, "entityleft": false, "ehandle": 7735577, "key": "[86,161]", "player_slot": 129}, {"time": 392, "type": "sen_log", "slot": 6, "x": 74.6, "y": 166.6, "z": 129, "entityleft": false, "ehandle": 7850467, "key": "[75,167]", "player_slot": 129}, {"time": 605, "type": "sen_log", "slot": 6, "x": 169.1, "y": 101.3, "z": 129, "entityleft": false, "ehandle": 1821098, "key": "[169,101]", "player_slot": 129}, {"time": 722, "type": "sen_log", "slot": 6, "x": 146.9, "y": 120.3, "z": 130, "entityleft": false, "ehandle": 9717245, "key": "[147,120]", "player_slot": 129}, {"time": 755, "type": "sen_log", "slot": 6, "x": 157.5, "y": 122.8, "z": 130, "entityleft": false, "ehandle": 6768543, "key": "[158,123]", "player_slot": 129}, {"time": 836, "type": "sen_log", "slot": 6, "x": 147.3, "y": 120.1, "z": 130, "entityleft": false, "ehandle": 9340246, "key": "[147,120]", "player_slot": 129}, {"time": 848, "type": "sen_log", "slot": 6, "x": 155.6, "y": 131, "z": 130, "entityleft": false, "ehandle": 5080441, "key": "[156,131]", "player_slot": 129}, {"time": 912, "type": "sen_log", "slot": 6, "x": 106.5, "y": 160.3, "z": 130, "entityleft": false, "ehandle": 690449, "key": "[107,160]", "player_slot": 129}, {"time": 996, "type": "sen_log", "slot": 6, "x": 135.8, "y": 153.6, "z": 131.1, "entityleft": false, "ehandle": 11077769, "key": "[136,154]", "player_slot": 129}, {"time": 1005, "type": "sen_log", "slot": 6, "x": 122, "y": 155.9, "z": 132.1, "entityleft": false, "ehandle": 9160286, "key": "[122,156]", "player_slot": 129}, {"time": 1100, "type": "sen_log", "slot": 6, "x": 157.9, "y": 132.5, "z": 130, "entityleft": false, "ehandle": 509306, "key": "[158,133]", "player_slot": 129}, {"time": 1157, "type": "sen_log", "slot": 6, "x": 122.2, "y": 165.4, "z": 130, "entityleft": false, "ehandle": 15533982, "key": "[122,165]", "player_slot": 129}, {"time": 1281, "type": "sen_log", "slot": 6, "x": 156.3, "y": 167, "z": 130, "entityleft": false, "ehandle": 4310996, "key": "[156,167]", "player_slot": 129}, {"time": 1296, "type": "sen_log", "slot": 6, "x": 156.8, "y": 177, "z": 130, "entityleft": false, "ehandle": 14895087, "key": "[157,177]", "player_slot": 129}, {"time": 1310, "type": "sen_log", "slot": 6, "x": 157.8, "y": 144.2, "z": 129, "entityleft": false, "ehandle": 6538853, "key": "[158,144]", "player_slot": 129}, {"time": 1352, "type": "sen_log", "slot": 6, "x": 190.6, "y": 114.7, "z": 130, "entityleft": false, "ehandle": 8291512, "key": "[191,115]", "player_slot": 129}, {"time": 1439, "type": "sen_log", "slot": 6, "x": 184.3, "y": 148.4, "z": 130, "entityleft": false, "ehandle": 2016960, "key": "[184,148]", "player_slot": 129}], "obs_left_log": [{"time": 110, "type": "obs_left_log", "slot": 6, "attackername": "npc_dota_hero_furion", "x": 85.4, "y": 165.3, "z": 129, "entityleft": true, "ehandle": 2312011, "key": "[85,165]", "player_slot": 129}, {"time": 763, "type": "obs_left_log", "slot": 6, "attackername": "npc_dota_hero_furion", "x": 143.9, "y": 122.2, "z": 132.1, "entityleft": true, "ehandle": 4884876, "key": "[144,122]", "player_slot": 129}, {"time": 812, "type": "obs_left_log", "slot": 6, "attackername": "npc_dota_hero_hoodwink", "x": 75.3, "y": 153.6, "z": 129, "entityleft": true, "ehandle": 7211084, "key": "[75,154]", "player_slot": 129}, {"time": 958, "type": "obs_left_log", "slot": 6, "attackername": "npc_dota_hero_furion", "x": 135.8, "y": 153.8, "z": 131.1, "entityleft": true, "ehandle": 11356585, "key": "[136,154]", "player_slot": 129}, {"time": 1426, "type": "obs_left_log", "slot": 6, "attackername": "npc_dota_hero_furion", "x": 187.9, "y": 115.8, "z": 132.1, "entityleft": true, "ehandle": 7162020, "key": "[188,116]", "player_slot": 129}], "sen_left_log": [{"time": 222, "type": "sen_left_log", "slot": 6, "attackername": "npc_dota_hero_furion", "x": 87.6, "y": 162.1, "z": 129, "entityleft": true, "ehandle": 5130701, "key": "[88,162]", "player_slot": 129}, {"time": 408, "type": "sen_left_log", "slot": 6, "attackername": "npc_dota_hero_furion", "x": 86.3, "y": 160.8, "z": 129, "entityleft": true, "ehandle": 7735577, "key": "[86,161]", "player_slot": 129}, {"time": 758, "type": "sen_left_log", "slot": 6, "attackername": "npc_dota_hero_furion", "x": 146.9, "y": 120.3, "z": 130, "entityleft": true, "ehandle": 9717245, "key": "[147,120]", "player_slot": 129}, {"time": 800, "type": "sen_left_log", "slot": 6, "attackername": "npc_dota_hero_furion", "x": 157.5, "y": 122.8, "z": 130, "entityleft": true, "ehandle": 6768543, "key": "[158,123]", "player_slot": 129}, {"time": 812, "type": "sen_left_log", "slot": 6, "attackername": "npc_dota_hero_hoodwink", "x": 74.6, "y": 166.6, "z": 129, "entityleft": true, "ehandle": 7850467, "key": "[75,167]", "player_slot": 129}, {"time": 916, "type": "sen_left_log", "slot": 6, "attackername": "npc_dota_hero_treant", "x": 155.6, "y": 131, "z": 130, "entityleft": true, "ehandle": 5080441, "key": "[156,131]", "player_slot": 129}, {"time": 939, "type": "sen_left_log", "slot": 6, "attackername": "npc_dota_hero_treant", "x": 106.5, "y": 160.3, "z": 130, "entityleft": true, "ehandle": 690449, "key": "[107,160]", "player_slot": 129}, {"time": 1025, "type": "sen_left_log", "slot": 6, "attackername": "npc_dota_hero_hoodwink", "x": 169.1, "y": 101.3, "z": 129, "entityleft": true, "ehandle": 1821098, "key": "[169,101]", "player_slot": 129}, {"time": 1060, "type": "sen_left_log", "slot": 6, "attackername": "npc_dota_hero_furion", "x": 135.8, "y": 153.6, "z": 131.1, "entityleft": true, "ehandle": 11077769, "key": "[136,154]", "player_slot": 129}, {"time": 1114, "type": "sen_left_log", "slot": 6, "attackername": "npc_dota_hero_treant", "x": 122, "y": 155.9, "z": 132.1, "entityleft": true, "ehandle": 9160286, "key": "[122,156]", "player_slot": 129}, {"time": 1256, "type": "sen_left_log", "slot": 6, "attackername": "npc_dota_hero_hoodwink", "x": 147.3, "y": 120.1, "z": 130, "entityleft": true, "ehandle": 9340246, "key": "[147,120]", "player_slot": 129}, {"time": 1521, "type": "sen_left_log", "slot": 6, "attackername": "npc_dota_hero_hoodwink", "x": 157.9, "y": 132.5, "z": 130, "entityleft": true, "ehandle": 509306, "key": "[158,133]", "player_slot": 129}, {"time": 1577, "type": "sen_left_log", "slot": 6, "attackername": "npc_dota_hero_hoodwink", "x": 122.2, "y": 165.4, "z": 130, "entityleft": true, "ehandle": 15533982, "key": "[122,165]", "player_slot": 129}, {"time": 1701, "type": "sen_left_log", "slot": 6, "attackername": "npc_dota_hero_hoodwink", "x": 156.3, "y": 167, "z": 130, "entityleft": true, "ehandle": 4310996, "key": "[156,167]", "player_slot": 129}, {"time": 1716, "type": "sen_left_log", "slot": 6, "attackername": "npc_dota_hero_hoodwink", "x": 156.8, "y": 177, "z": 130, "entityleft": true, "ehandle": 14895087, "key": "[157,177]", "player_slot": 129}, {"time": 1730, "type": "sen_left_log", "slot": 6, "attackername": "npc_dota_hero_hoodwink", "x": 157.8, "y": 144.2, "z": 129, "entityleft": true, "ehandle": 6538853, "key": "[158,144]", "player_slot": 129}, {"time": 1772, "type": "sen_left_log", "slot": 6, "attackername": "npc_dota_hero_hoodwink", "x": 190.6, "y": 114.7, "z": 130, "entityleft": true, "ehandle": 8291512, "key": "[191,115]", "player_slot": 129}], "obs": {"75": {"154": 1}, "85": {"165": 1}, "136": {"154": 1}, "144": {"122": 1}, "154": {"154": 1}, "158": {"135": 1}, "188": {"116": 1}}, "sen": {"75": {"167": 1}, "86": {"161": 1}, "88": {"162": 1}, "107": {"160": 1}, "122": {"156": 1, "165": 1}, "136": {"154": 1}, "147": {"120": 2}, "156": {"131": 1, "167": 1}, "157": {"177": 1}, "158": {"123": 1, "133": 1, "144": 1}, "169": {"101": 1}, "184": {"148": 1}, "191": {"115": 1}}, "pings": 4, "purchase": {"ward_observer": 8, "tango": 1, "blight_stone": 1, "faerie_fire": 1, "clarity": 1, "boots": 1, "ward_sentry": 19, "sobi_mask": 1, "ward_dispenser": 18, "recipe_ring_of_basilius": 1, "ring_of_basilius": 1, "recipe_arcane_boots": 1, "arcane_boots": 1, "smoke_of_deceit": 2, "tpscroll": 1, "staff_of_wizardry": 2, "fluffy_hat": 1, "recipe_force_staff": 1, "force_staff": 1, "dust": 5, "recipe_rod_of_atos": 1}, "item_uses": {"tango": 3, "ward_observer": 5, "clarity": 1, "ward_sentry": 1, "ward_dispenser": 32, "famango": 1, "arcane_boots": 12, "tpscroll": 4, "faerie_fire": 1, "smoke_of_deceit": 2, "force_staff": 7, "dust": 4, "light_collector": 2}, "runes": {"4": 1, "5": 1}, "kill_streaks": {}, "multi_kills": {}, "life_state": {"0": 1474, "1": 20, "2": 169}, "account_id": 874019626, "hero_id": 123, "hero_variant": 2, "kills": 3, "deaths": 6, "assists": 15, "leaver_status": 0, "last_hits": 35, "denies": 4, "gold_per_min": 288, "xp_per_min": 397, "level": 14, "net_worth": 6558, "hero_damage": 13317, "tower_damage": 0, "hero_healing": 0, "gold": 1278, "gold_spent": 6805, "win": 0, "lose": 1, "total_gold": 7977, "total_xp": 10996, "kills_per_min": 0.10830324909747292, "kda": 2.57, "abandons": 0, "neutral_kills": 9, "tower_kills": 0, "courier_kills": 0, "lane_kills": 16, "hero_kills": 3, "observer_kills": 4, "sentry_kills": 7, "roshan_kills": 0, "necronomicon_kills": 0, "ancient_kills": 0, "buyback_count": 0, "observer_uses": 5, "sentry_uses": 1, "lane_efficiency": 0.3561034761519806, "lane_efficiency_pct": 35, "lane": 3, "lane_role": 1, "is_roaming": false, "purchase_ward_observer": 8, "purchase_ward_sentry": 19, "purchase_tpscroll": 1, "actions_per_min": 131, "life_state_dead": 189, "rank_tier": 43, "benchmarks": {"gold_per_min": {"raw": 288, "pct": 0.1130600571973308}, "xp_per_min": {"raw": 397, "pct": 0.14852240228789323}, "kills_per_min": {"raw": 0.10830324909747292, "pct": 0.32163965681601525}, "last_hits_per_min": {"raw": 1.263537906137184, "pct": 0.09551954242135367}, "hero_damage_per_min": {"raw": 480.7581227436823, "pct": 0.3069590085795996}, "hero_healing_per_min": {"raw": 0, "pct": 0.6798856053384176}, "tower_damage": {"raw": 0, "pct": 0.1727359389895138}}}, {"player_slot": 130, "obs_placed": 0, "sen_placed": 0, "creeps_stacked": 9, "camps_stacked": 2, "rune_pickups": 1, "teamfight_participation": 0.48, "observers_placed": 0, "stuns": 27.866776, "obs_log": [], "sen_log": [], "obs_left_log": [], "sen_left_log": [], "obs": {}, "sen": {}, "pings": 1, "purchase": {"circlet": 1, "gauntlets": 1, "branches": 3, "tango": 1, "sobi_mask": 1, "ring_of_basilius": 1, "recipe_ring_of_basilius": 1, "recipe_bracer": 1, "bracer": 1, "boots": 1, "recipe_arcane_boots": 1, "arcane_boots": 1, "point_booster": 1, "ogre_axe": 2, "blade_of_alacrity": 1, "staff_of_wizardry": 1, "ultimate_scepter": 1, "mithril_hammer": 1}, "item_uses": {"tpscroll": 9, "branches": 2, "tango": 3, "arcane_boots": 14}, "runes": {"5": 1}, "kill_streaks": {}, "multi_kills": {}, "life_state": {"0": 1315, "1": 33, "2": 315}, "hero_id": 38, "hero_variant": 2, "kills": 1, "deaths": 11, "assists": 11, "leaver_status": 0, "last_hits": 124, "denies": 4, "gold_per_min": 377, "xp_per_min": 417, "level": 14, "net_worth": 9860, "hero_damage": 11372, "tower_damage": 0, "hero_healing": 0, "gold": 1105, "gold_spent": 9000, "win": 0, "lose": 1, "total_gold": 10442, "total_xp": 11550, "kills_per_min": 0.036101083032490974, "kda": 1, "abandons": 0, "neutral_kills": 31, "tower_kills": 0, "courier_kills": 0, "lane_kills": 81, "hero_kills": 1, "observer_kills": 0, "sentry_kills": 0, "roshan_kills": 0, "necronomicon_kills": 0, "ancient_kills": 16, "buyback_count": 0, "observer_uses": 0, "sentry_uses": 0, "lane_efficiency": 0.4812045270816491, "lane_efficiency_pct": 48, "lane": 1, "lane_role": 3, "is_roaming": false, "actions_per_min": 323, "life_state_dead": 348, "rank_tier": null, "benchmarks": {"gold_per_min": {"raw": 377, "pct": 0.12038014783526928}, "xp_per_min": {"raw": 417, "pct": 0.10559662090813093}, "kills_per_min": {"raw": 0.036101083032490974, "pct": 0.04963041182682154}, "last_hits_per_min": {"raw": 4.4765342960288805, "pct": 0.21541710665258712}, "hero_damage_per_min": {"raw": 410.54151624548734, "pct": 0.12565997888067582}, "hero_healing_per_min": {"raw": 0, "pct": 0.8495248152059134}, "tower_damage": {"raw": 0, "pct": 0.0839493136219641}}}, {"player_slot": 131, "obs_placed": 1, "sen_placed": 0, "creeps_stacked": 2, "camps_stacked": 1, "rune_pickups": 6, "teamfight_participation": 0.8, "observers_placed": 1, "stuns": 63.594402, "obs_log": [{"time": 332, "type": "obs_log", "slot": 8, "x": 123.3, "y": 139.9, "z": 129, "entityleft": false, "ehandle": 13306083, "key": "[123,140]", "player_slot": 131}], "sen_log": [], "obs_left_log": [{"time": 692, "type": "obs_left_log", "slot": 8, "attackername": "npc_dota_hero_tiny", "x": 123.3, "y": 139.9, "z": 129, "entityleft": true, "ehandle": 13306083, "key": "[123,140]", "player_slot": 131}], "sen_left_log": [], "obs": {"123": {"140": 1}}, "sen": {}, "pings": 12, "purchase": {"tango": 1, "quelling_blade": 1, "gauntlets": 2, "ward_observer": 1, "circlet": 1, "bottle": 1, "recipe_bracer": 1, "bracer": 1, "boots": 1, "diadem": 1, "recipe_phylactery": 1, "tpscroll": 1, "point_booster": 1, "phylactery": 1, "gloves": 1, "power_treads": 1, "belt_of_strength": 2, "blink": 1, "ogre_axe": 1, "sange": 1, "recipe_sange": 1, "staff_of_wizardry": 1, "robe": 1, "kaya": 1, "recipe_kaya": 1, "kaya_and_sange": 1, "claymore": 1, "blades_of_attack": 1}, "item_uses": {"tango": 3, "bottle": 46, "ward_observer": 1, "tpscroll": 5, "quelling_blade": 6, "blink": 14}, "runes": {"0": 1, "5": 3, "6": 1, "7": 1}, "kill_streaks": {"3": 2}, "multi_kills": {"2": 1}, "life_state": {"0": 1323, "1": 31, "2": 309}, "hero_id": 19, "hero_variant": 1, "kills": 12, "deaths": 8, "assists": 8, "leaver_status": 0, "last_hits": 100, "denies": 4, "gold_per_min": 532, "xp_per_min": 663, "level": 18, "net_worth": 13815, "hero_damage": 23486, "tower_damage": 0, "hero_healing": 0, "gold": 185, "gold_spent": 13860, "win": 0, "lose": 1, "total_gold": 14736, "total_xp": 18365, "kills_per_min": 0.4332129963898917, "kda": 2.22, "abandons": 0, "neutral_kills": 2, "tower_kills": 0, "courier_kills": 0, "lane_kills": 94, "hero_kills": 11, "observer_kills": 1, "sentry_kills": 0, "roshan_kills": 0, "necronomicon_kills": 0, "ancient_kills": 0, "buyback_count": 0, "observer_uses": 1, "sentry_uses": 0, "lane_efficiency": 0.7217057396928052, "lane_efficiency_pct": 72, "lane": 2, "lane_role": 2, "is_roaming": false, "purchase_ward_observer": 1, "purchase_tpscroll": 1, "actions_per_min": 173, "life_state_dead": 340, "rank_tier": null, "benchmarks": {"gold_per_min": {"raw": 532, "pct": 0.567435249526216}, "xp_per_min": {"raw": 663, "pct": 0.46178142766898295}, "kills_per_min": {"raw": 0.4332129963898917, "pct": 0.8911876184459886}, "last_hits_per_min": {"raw": 3.6101083032490973, "pct": 0.2959570435881238}, "hero_damage_per_min": {"raw": 847.870036101083, "pct": 0.6244472520530638}, "hero_healing_per_min": {"raw": 0, "pct": 0.8673404927353127}, "tower_damage": {"raw": 0, "pct": 0.06317119393556538}}}, {"player_slot": 132, "obs_placed": 0, "sen_placed": 0, "creeps_stacked": 0, "camps_stacked": 0, "rune_pickups": 1, "teamfight_participation": 0.68, "observers_placed": 0, "stuns": 0, "obs_log": [], "sen_log": [], "obs_left_log": [], "sen_left_log": [], "obs": {}, "sen": {}, "pings": 1, "purchase": {"tango": 2, "quelling_blade": 1, "blight_stone": 1, "branches": 2, "tpscroll": 3, "boots": 1, "magic_stick": 1, "magic_wand": 1, "recipe_magic_wand": 1, "gloves": 1, "boots_of_elves": 1, "fluffy_hat": 1, "sobi_mask": 1, "power_treads": 1, "flask": 4, "blades_of_attack": 2, "recipe_falcon_blade": 1, "falcon_blade": 1, "mithril_hammer": 2, "desolator": 1, "dust": 1, "claymore": 1, "lesser_crit": 1, "recipe_lesser_crit": 1}, "item_uses": {"quelling_blade": 18, "tpscroll": 8, "tango": 6, "magic_wand": 6, "flask": 4, "power_treads": 16, "dust": 1}, "runes": {"8": 1}, "kill_streaks": {"3": 1}, "multi_kills": {}, "life_state": {"0": 1471, "1": 12, "2": 180}, "hero_id": 63, "hero_variant": 1, "kills": 7, "deaths": 6, "assists": 10, "leaver_status": 0, "last_hits": 133, "denies": 7, "gold_per_min": 453, "xp_per_min": 537, "level": 16, "net_worth": 10928, "hero_damage": 16777, "tower_damage": 36, "hero_healing": 0, "gold": 2153, "gold_spent": 9535, "win": 0, "lose": 1, "total_gold": 12548, "total_xp": 14874, "kills_per_min": 0.2527075812274368, "kda": 2.43, "abandons": 0, "neutral_kills": 32, "tower_kills": 0, "courier_kills": 0, "lane_kills": 100, "hero_kills": 7, "observer_kills": 0, "sentry_kills": 0, "roshan_kills": 0, "necronomicon_kills": 0, "ancient_kills": 5, "buyback_count": 1, "observer_uses": 0, "sentry_uses": 0, "lane_efficiency": 0.8185125303152789, "lane_efficiency_pct": 81, "lane": 3, "lane_role": 1, "is_roaming": false, "purchase_tpscroll": 3, "actions_per_min": 194, "life_state_dead": 192, "rank_tier": null, "benchmarks": {"gold_per_min": {"raw": 453, "pct": 0.3629919335125886}, "xp_per_min": {"raw": 537, "pct": 0.20435101442190173}, "kills_per_min": {"raw": 0.2527075812274368, "pct": 0.5922757272060621}, "last_hits_per_min": {"raw": 4.8014440433212995, "pct": 0.4832559276460523}, "hero_damage_per_min": {"raw": 605.6678700361011, "pct": 0.4566120752872158}, "hero_healing_per_min": {"raw": 0, "pct": 0.7582498166707407}, "tower_damage": {"raw": 36, "pct": 0.09386458078709362}}}], "duration": 1662, "radiant_win": true, "lobby_type": 7, "radiant_score": 45, "dire_score": 25, "metadata": null, "replay_url": "http://replay271.valve.net/570/7863228895_930687612.dem.bz2"}