{"match_id": 7865913905, "players": [{"player_slot": 0, "obs_placed": 5, "sen_placed": 9, "creeps_stacked": 3, "camps_stacked": 1, "rune_pickups": 2, "teamfight_participation": 0.5106383, "observers_placed": 5, "stuns": 85.83408, "obs_log": [{"time": -50, "type": "obs_log", "slot": 0, "x": 158, "y": 91.9, "z": 132.2, "entityleft": false, "ehandle": 360829, "key": "[158,92]", "player_slot": 0}, {"time": 339, "type": "obs_log", "slot": 0, "x": 158.1, "y": 92, "z": 132.2, "entityleft": false, "ehandle": 9046232, "key": "[158,92]", "player_slot": 0}, {"time": 938, "type": "obs_log", "slot": 0, "x": 187.7, "y": 116, "z": 132.1, "entityleft": false, "ehandle": 149907, "key": "[188,116]", "player_slot": 0}, {"time": 984, "type": "obs_log", "slot": 0, "x": 136.6, "y": 135.3, "z": 129, "entityleft": false, "ehandle": 6392268, "key": "[137,135]", "player_slot": 0}, {"time": 1164, "type": "obs_log", "slot": 0, "x": 147.1, "y": 159, "z": 129, "entityleft": false, "ehandle": 14124618, "key": "[147,159]", "player_slot": 0}], "sen_log": [{"time": -46, "type": "sen_log", "slot": 0, "x": 162.2, "y": 99.1, "z": 129, "entityleft": false, "ehandle": 14549386, "key": "[162,99]", "player_slot": 0}, {"time": 8, "type": "sen_log", "slot": 0, "x": 157.9, "y": 91.9, "z": 132.2, "entityleft": false, "ehandle": 8422023, "key": "[158,92]", "player_slot": 0}, {"time": 382, "type": "sen_log", "slot": 0, "x": 129.8, "y": 122.1, "z": 128, "entityleft": false, "ehandle": 6441299, "key": "[130,122]", "player_slot": 0}, {"time": 941, "type": "sen_log", "slot": 0, "x": 187.5, "y": 119.1, "z": 129.7, "entityleft": false, "ehandle": 444497, "key": "[188,119]", "player_slot": 0}, {"time": 953, "type": "sen_log", "slot": 0, "x": 163.9, "y": 134, "z": 132.1, "entityleft": false, "ehandle": 8374113, "key": "[164,134]", "player_slot": 0}, {"time": 973, "type": "sen_log", "slot": 0, "x": 144.3, "y": 121.8, "z": 132.1, "entityleft": false, "ehandle": 4016551, "key": "[144,122]", "player_slot": 0}, {"time": 1160, "type": "sen_log", "slot": 0, "x": 135.9, "y": 153.9, "z": 131.1, "entityleft": false, "ehandle": 4507636, "key": "[136,154]", "player_slot": 0}, {"time": 1197, "type": "sen_log", "slot": 0, "x": 116.2, "y": 182, "z": 131.1, "entityleft": false, "ehandle": 132954, "key": "[116,182]", "player_slot": 0}, {"time": 1241, "type": "sen_log", "slot": 0, "x": 130.5, "y": 165.4, "z": 129, "entityleft": false, "ehandle": 1984250, "key": "[131,165]", "player_slot": 0}], "obs_left_log": [{"time": 310, "type": "obs_left_log", "slot": 0, "attackername": "npc_dota_hero_shadow_shaman", "x": 158, "y": 91.9, "z": 132.2, "entityleft": true, "ehandle": 360829, "key": "[158,92]", "player_slot": 0}, {"time": 587, "type": "obs_left_log", "slot": 0, "attackername": "npc_dota_hero_windrunner", "x": 158.1, "y": 92, "z": 132.2, "entityleft": true, "ehandle": 9046232, "key": "[158,92]", "player_slot": 0}, {"time": 1298, "type": "obs_left_log", "slot": 0, "attackername": "npc_dota_hero_shadow_shaman", "x": 187.7, "y": 116, "z": 132.1, "entityleft": true, "ehandle": 149907, "key": "[188,116]", "player_slot": 0}, {"time": 1345, "type": "obs_left_log", "slot": 0, "attackername": "npc_dota_hero_shadow_shaman", "x": 136.6, "y": 135.3, "z": 129, "entityleft": true, "ehandle": 6392268, "key": "[137,135]", "player_slot": 0}, {"time": 1524, "type": "obs_left_log", "slot": 0, "attackername": "npc_dota_hero_shadow_shaman", "x": 147.1, "y": 159, "z": 129, "entityleft": true, "ehandle": 14124618, "key": "[147,159]", "player_slot": 0}], "sen_left_log": [{"time": 374, "type": "sen_left_log", "slot": 0, "attackername": "npc_dota_hero_shadow_shaman", "x": 162.2, "y": 99.1, "z": 129, "entityleft": true, "ehandle": 14549386, "key": "[162,99]", "player_slot": 0}, {"time": 428, "type": "sen_left_log", "slot": 0, "attackername": "npc_dota_hero_shadow_shaman", "x": 157.9, "y": 91.9, "z": 132.2, "entityleft": true, "ehandle": 8422023, "key": "[158,92]", "player_slot": 0}, {"time": 802, "type": "sen_left_log", "slot": 0, "attackername": "npc_dota_hero_shadow_shaman", "x": 129.8, "y": 122.1, "z": 128, "entityleft": true, "ehandle": 6441299, "key": "[130,122]", "player_slot": 0}, {"time": 1157, "type": "sen_left_log", "slot": 0, "attackername": "npc_dota_hero_witch_doctor", "x": 163.9, "y": 134, "z": 132.1, "entityleft": true, "ehandle": 8374113, "key": "[164,134]", "player_slot": 0}, {"time": 1167, "type": "sen_left_log", "slot": 0, "attackername": "npc_dota_hero_witch_doctor", "x": 144.3, "y": 121.8, "z": 132.1, "entityleft": true, "ehandle": 4016551, "key": "[144,122]", "player_slot": 0}, {"time": 1194, "type": "sen_left_log", "slot": 0, "attackername": "npc_dota_hero_witch_doctor", "x": 135.9, "y": 153.9, "z": 131.1, "entityleft": true, "ehandle": 4507636, "key": "[136,154]", "player_slot": 0}, {"time": 1361, "type": "sen_left_log", "slot": 0, "attackername": "npc_dota_hero_shadow_shaman", "x": 187.5, "y": 119.1, "z": 129.7, "entityleft": true, "ehandle": 444497, "key": "[188,119]", "player_slot": 0}, {"time": 1617, "type": "sen_left_log", "slot": 0, "attackername": "npc_dota_hero_shadow_shaman", "x": 116.2, "y": 182, "z": 131.1, "entityleft": true, "ehandle": 132954, "key": "[116,182]", "player_slot": 0}, {"time": 1661, "type": "sen_left_log", "slot": 0, "attackername": "npc_dota_hero_shadow_shaman", "x": 130.5, "y": 165.4, "z": 129, "entityleft": true, "ehandle": 1984250, "key": "[131,165]", "player_slot": 0}], "obs": {"137": {"135": 1}, "147": {"159": 1}, "158": {"92": 2}, "188": {"116": 1}}, "sen": {"116": {"182": 1}, "130": {"122": 1}, "131": {"165": 1}, "136": {"154": 1}, "144": {"122": 1}, "158": {"92": 1}, "162": {"99": 1}, "164": {"134": 1}, "188": {"119": 1}}, "pings": 3, "purchase": {"ward_dispenser": 9, "tango": 1, "branches": 2, "clarity": 3, "magic_stick": 1, "blood_grenade": 2, "recipe_magic_wand": 1, "ward_observer": 4, "ward_sentry": 7, "smoke_of_deceit": 3, "magic_wand": 1, "boots": 1, "sobi_mask": 1, "recipe_ring_of_basilius": 1, "recipe_arcane_boots": 1, "ring_of_basilius": 1, "arcane_boots": 1, "dust": 2, "shadow_amulet": 1, "recipe_glimmer_cape": 1, "cloak": 1, "glimmer_cape": 1, "fluffy_hat": 1, "staff_of_wizardry": 1, "great_famango": 1, "void_stone": 1, "recipe_aether_lens": 1, "aether_lens": 1, "energy_booster": 1}, "item_uses": {"ward_dispenser": 11, "ward_sentry": 5, "blood_grenade": 2, "tango": 3, "clarity": 3, "famango": 1, "magic_wand": 7, "arcane_boots": 11, "smoke_of_deceit": 3, "tpscroll": 3, "shadow_amulet": 1, "ward_observer": 1, "dust": 2, "glimmer_cape": 10, "great_famango": 1}, "runes": {"5": 2}, "kill_streaks": {}, "multi_kills": {}, "life_state": {"0": 1544, "1": 4, "2": 81}, "hero_id": 27, "hero_variant": 1, "kills": 3, "deaths": 4, "assists": 22, "leaver_status": 0, "last_hits": 33, "denies": 2, "gold_per_min": 365, "xp_per_min": 400, "level": 13, "net_worth": 8526, "hero_damage": 3993, "tower_damage": 2496, "hero_healing": 125, "gold": 1001, "gold_spent": 8525, "win": 1, "lose": 0, "total_gold": 9903, "total_xp": 10853, "kills_per_min": 0.11056511056511056, "kda": 5, "abandons": 0, "neutral_kills": 0, "tower_kills": 2, "courier_kills": 1, "lane_kills": 27, "hero_kills": 3, "observer_kills": 2, "sentry_kills": 2, "roshan_kills": 0, "necronomicon_kills": 0, "ancient_kills": 0, "buyback_count": 1, "observer_uses": 1, "sentry_uses": 5, "lane_efficiency": 0.35246564268391267, "lane_efficiency_pct": 35, "lane": 1, "lane_role": 1, "is_roaming": false, "purchase_ward_observer": 4, "purchase_ward_sentry": 7, "actions_per_min": 387, "life_state_dead": 85, "rank_tier": null, "benchmarks": {"gold_per_min": {"raw": 365, "pct": 0.525042686397268}, "xp_per_min": {"raw": 400, "pct": 0.20574843483210017}, "kills_per_min": {"raw": 0.11056511056511056, "pct": 0.605862265224815}, "last_hits_per_min": {"raw": 1.2162162162162162, "pct": 0.25412635173591347}, "hero_damage_per_min": {"raw": 147.16216216216216, "pct": 0.026465566306203756}, "hero_healing_per_min": {"raw": 4.606879606879606, "pct": 0.7766078542970973}, "tower_damage": {"raw": 2496, "pct": 0.5116676152532726}}}, {"player_slot": 1, "obs_placed": 0, "sen_placed": 0, "creeps_stacked": 0, "camps_stacked": 0, "rune_pickups": 3, "teamfight_participation": 0.40425533, "observers_placed": 0, "stuns": 0, "obs_log": [], "sen_log": [], "obs_left_log": [], "sen_left_log": [], "obs": {}, "sen": {}, "pings": 3, "purchase": {"quelling_blade": 1, "tango": 1, "branches": 2, "circlet": 1, "slippers": 1, "recipe_wraith_band": 1, "magic_stick": 1, "recipe_magic_wand": 1, "wraith_band": 1, "magic_wand": 1, "boots": 1, "chainmail": 1, "blades_of_attack": 1, "phase_boots": 1, "cornucopia": 1, "claymore": 2, "tpscroll": 3, "broadsword": 1, "recipe_bfury": 1, "bfury": 1, "boots_of_elves": 1, "blade_of_alacrity": 2, "yasha": 1, "recipe_yasha": 1, "ogre_axe": 1, "belt_of_strength": 1, "sange": 1, "recipe_sange": 1, "sange_and_yasha": 1, "clarity": 1, "eagle": 1, "talisman_of_evasion": 1, "butterfly": 1}, "item_uses": {"quelling_blade": 14, "tango": 3, "phase_boots": 81, "magic_wand": 3, "tpscroll": 4, "vambrace": 2, "bfury": 1, "clarity": 1}, "runes": {"5": 2, "6": 1}, "kill_streaks": {"3": 1, "4": 1, "5": 1, "6": 1, "7": 1}, "multi_kills": {"2": 1}, "life_state": {"0": 1602, "1": 3, "2": 24}, "account_id": 208414945, "hero_id": 8, "hero_variant": 1, "kills": 9, "deaths": 1, "assists": 10, "leaver_status": 0, "last_hits": 250, "denies": 7, "gold_per_min": 707, "xp_per_min": 740, "level": 19, "net_worth": 19363, "hero_damage": 18851, "tower_damage": 20213, "hero_healing": 11927, "gold": 2058, "gold_spent": 17745, "win": 1, "lose": 0, "total_gold": 19183, "total_xp": 20078, "kills_per_min": 0.3316953316953317, "kda": 9.5, "abandons": 0, "neutral_kills": 107, "tower_kills": 5, "courier_kills": 0, "lane_kills": 131, "hero_kills": 9, "observer_kills": 0, "sentry_kills": 0, "roshan_kills": 0, "necronomicon_kills": 0, "ancient_kills": 18, "buyback_count": 0, "observer_uses": 0, "sentry_uses": 0, "lane_efficiency": 0.7702101859337106, "lane_efficiency_pct": 77, "lane": 1, "lane_role": 1, "is_roaming": false, "purchase_tpscroll": 3, "actions_per_min": 295, "life_state_dead": 27, "rank_tier": 35, "benchmarks": {"gold_per_min": {"raw": 707, "pct": 0.79491133384734}, "xp_per_min": {"raw": 740, "pct": 0.4361989205859676}, "kills_per_min": {"raw": 0.33169533169533166, "pct": 0.7555898226676947}, "last_hits_per_min": {"raw": 9.213759213759213, "pct": 0.856206630686199}, "hero_damage_per_min": {"raw": 694.7542997542997, "pct": 0.501349267540478}, "hero_healing_per_min": {"raw": 439.57002457002454, "pct": 0.9371626831148805}, "tower_damage": {"raw": 20213, "pct": 0.9658828064764842}}}, {"player_slot": 2, "obs_placed": 2, "sen_placed": 0, "creeps_stacked": 0, "camps_stacked": 0, "rune_pickups": 7, "teamfight_participation": 0.5531915, "observers_placed": 2, "stuns": 110.43329, "obs_log": [{"time": -55, "type": "obs_log", "slot": 2, "x": 128, "y": 114.3, "z": 130, "entityleft": false, "ehandle": 6324601, "key": "[128,114]", "player_slot": 2}, {"time": 403, "type": "obs_log", "slot": 2, "x": 128.5, "y": 114, "z": 130, "entityleft": false, "ehandle": 16418321, "key": "[129,114]", "player_slot": 2}], "sen_log": [], "obs_left_log": [{"time": 305, "type": "obs_left_log", "slot": 2, "attackername": "npc_dota_hero_obsidian_destroyer", "x": 128, "y": 114.3, "z": 130, "entityleft": true, "ehandle": 6324601, "key": "[128,114]", "player_slot": 2}, {"time": 764, "type": "obs_left_log", "slot": 2, "attackername": "npc_dota_hero_obsidian_destroyer", "x": 128.5, "y": 114, "z": 130, "entityleft": true, "ehandle": 16418321, "key": "[129,114]", "player_slot": 2}], "sen_left_log": [], "obs": {"128": {"114": 1}, "129": {"114": 1}}, "sen": {}, "pings": 20, "purchase": {"tango": 1, "branches": 2, "faerie_fire": 1, "mantle": 1, "circlet": 1, "ward_observer": 2, "recipe_null_talisman": 1, "null_talisman": 1, "boots": 1, "gloves": 1, "robe": 2, "power_treads": 1, "flask": 1, "tpscroll": 2, "blitz_knuckles": 1, "sobi_mask": 1, "chainmail": 1, "recipe_witch_blade": 1, "oblivion_staff": 1, "witch_blade": 1, "staff_of_wizardry": 2, "fluffy_hat": 1, "force_staff": 1, "recipe_force_staff": 1, "blade_of_alacrity": 2, "belt_of_strength": 1, "recipe_dragon_lance": 1, "recipe_hurricane_pike": 1, "dragon_lance": 1, "hurricane_pike": 1, "point_booster": 1, "ogre_axe": 1, "ultimate_scepter": 1}, "item_uses": {"ward_observer": 2, "branches": 2, "tango": 3, "tpscroll": 3, "faerie_fire": 1, "power_treads": 1, "flask": 1, "force_staff": 3, "hurricane_pike": 7}, "runes": {"2": 1, "3": 1, "4": 1, "5": 1, "6": 1, "7": 2}, "kill_streaks": {"3": 2, "4": 2, "5": 2, "6": 1, "7": 1, "8": 1}, "multi_kills": {"2": 2, "3": 1}, "life_state": {"0": 1580, "1": 11, "2": 38}, "hero_id": 76, "hero_variant": 1, "kills": 13, "deaths": 1, "assists": 13, "leaver_status": 0, "last_hits": 108, "denies": 25, "gold_per_min": 582, "xp_per_min": 618, "level": 17, "net_worth": 15729, "hero_damage": 35624, "tower_damage": 3042, "hero_healing": 0, "gold": 2299, "gold_spent": 13885, "win": 1, "lose": 0, "total_gold": 15791, "total_xp": 16768, "kills_per_min": 0.47911547911547914, "kda": 13, "abandons": 0, "neutral_kills": 1, "tower_kills": 0, "courier_kills": 0, "lane_kills": 126, "hero_kills": 13, "observer_kills": 0, "sentry_kills": 0, "roshan_kills": 1, "necronomicon_kills": 0, "ancient_kills": 1, "buyback_count": 0, "observer_uses": 2, "sentry_uses": 0, "lane_efficiency": 0.6980598221503638, "lane_efficiency_pct": 69, "lane": 2, "lane_role": 2, "is_roaming": false, "purchase_ward_observer": 2, "purchase_tpscroll": 2, "actions_per_min": 356, "life_state_dead": 49, "rank_tier": null, "benchmarks": {"gold_per_min": {"raw": 582, "pct": 0.6030320044918585}, "xp_per_min": {"raw": 618, "pct": 0.3323975294778215}, "kills_per_min": {"raw": 0.47911547911547914, "pct": 0.8787198203256598}, "last_hits_per_min": {"raw": 3.9803439803439797, "pct": 0.2711959573273442}, "hero_damage_per_min": {"raw": 1312.9238329238328, "pct": 0.9073554183043234}, "hero_healing_per_min": {"raw": 0, "pct": 0.9674340258281864}, "tower_damage": {"raw": 3042, "pct": 0.5833801235261089}}}, {"player_slot": 3, "obs_placed": 5, "sen_placed": 8, "creeps_stacked": 0, "camps_stacked": 0, "rune_pickups": 3, "teamfight_participation": 0.7446808, "observers_placed": 5, "stuns": 89.69566, "obs_log": [{"time": 871, "type": "obs_log", "slot": 3, "x": 159.7, "y": 122, "z": 130, "entityleft": false, "ehandle": 8013655, "key": "[160,122]", "player_slot": 3}, {"time": 1037, "type": "obs_log", "slot": 3, "x": 159.4, "y": 145.6, "z": 129, "entityleft": false, "ehandle": 7505576, "key": "[159,146]", "player_slot": 3}, {"time": 1136, "type": "obs_log", "slot": 3, "x": 122.3, "y": 155.9, "z": 132.1, "entityleft": false, "ehandle": 346552, "key": "[122,156]", "player_slot": 3}, {"time": 1255, "type": "obs_log", "slot": 3, "x": 116, "y": 182, "z": 131.1, "entityleft": false, "ehandle": 14173043, "key": "[116,182]", "player_slot": 3}, {"time": 1435, "type": "obs_log", "slot": 3, "x": 184.1, "y": 146, "z": 130, "entityleft": false, "ehandle": 9110276, "key": "[184,146]", "player_slot": 3}], "sen_log": [{"time": -48, "type": "sen_log", "slot": 3, "x": 103, "y": 169.1, "z": 129, "entityleft": false, "ehandle": 1098114, "key": "[103,169]", "player_slot": 3}, {"time": 248, "type": "sen_log", "slot": 3, "x": 83.3, "y": 159.2, "z": 129, "entityleft": false, "ehandle": 12912231, "key": "[83,159]", "player_slot": 3}, {"time": 576, "type": "sen_log", "slot": 3, "x": 84, "y": 167.9, "z": 129, "entityleft": false, "ehandle": 14715239, "key": "[84,168]", "player_slot": 3}, {"time": 861, "type": "sen_log", "slot": 3, "x": 156.2, "y": 131.1, "z": 130, "entityleft": false, "ehandle": 5048120, "key": "[156,131]", "player_slot": 3}, {"time": 1011, "type": "sen_log", "slot": 3, "x": 147.8, "y": 130.8, "z": 129, "entityleft": false, "ehandle": 1313109, "key": "[148,131]", "player_slot": 3}, {"time": 1134, "type": "sen_log", "slot": 3, "x": 129.3, "y": 154, "z": 129, "entityleft": false, "ehandle": 4262064, "key": "[129,154]", "player_slot": 3}, {"time": 1384, "type": "sen_log", "slot": 3, "x": 144.2, "y": 122.2, "z": 132.1, "entityleft": false, "ehandle": 6636332, "key": "[144,122]", "player_slot": 3}, {"time": 1423, "type": "sen_log", "slot": 3, "x": 177.8, "y": 143.6, "z": 129, "entityleft": false, "ehandle": 2115974, "key": "[178,144]", "player_slot": 3}], "obs_left_log": [{"time": 1074, "type": "obs_left_log", "slot": 3, "attackername": "npc_dota_hero_lycan", "x": 159.4, "y": 145.6, "z": 129, "entityleft": true, "ehandle": 7505576, "key": "[159,146]", "player_slot": 3}, {"time": 1231, "type": "obs_left_log", "slot": 3, "attackername": "npc_dota_hero_tiny", "x": 159.7, "y": 122, "z": 130, "entityleft": true, "ehandle": 8013655, "key": "[160,122]", "player_slot": 3}, {"time": 1496, "type": "obs_left_log", "slot": 3, "attackername": "npc_dota_hero_tiny", "x": 122.3, "y": 155.9, "z": 132.1, "entityleft": true, "ehandle": 346552, "key": "[122,156]", "player_slot": 3}, {"time": 1615, "type": "obs_left_log", "slot": 3, "attackername": "npc_dota_hero_tiny", "x": 116, "y": 182, "z": 131.1, "entityleft": true, "ehandle": 14173043, "key": "[116,182]", "player_slot": 3}], "sen_left_log": [{"time": 279, "type": "sen_left_log", "slot": 3, "attackername": "npc_dota_hero_witch_doctor", "x": 83.3, "y": 159.2, "z": 129, "entityleft": true, "ehandle": 12912231, "key": "[83,159]", "player_slot": 3}, {"time": 372, "type": "sen_left_log", "slot": 3, "attackername": "npc_dota_hero_tiny", "x": 103, "y": 169.1, "z": 129, "entityleft": true, "ehandle": 1098114, "key": "[103,169]", "player_slot": 3}, {"time": 996, "type": "sen_left_log", "slot": 3, "attackername": "npc_dota_hero_tiny", "x": 84, "y": 167.9, "z": 129, "entityleft": true, "ehandle": 14715239, "key": "[84,168]", "player_slot": 3}, {"time": 1152, "type": "sen_left_log", "slot": 3, "attackername": "npc_dota_hero_witch_doctor", "x": 156.2, "y": 131.1, "z": 130, "entityleft": true, "ehandle": 5048120, "key": "[156,131]", "player_slot": 3}, {"time": 1172, "type": "sen_left_log", "slot": 3, "attackername": "npc_dota_hero_witch_doctor", "x": 147.8, "y": 130.8, "z": 129, "entityleft": true, "ehandle": 1313109, "key": "[148,131]", "player_slot": 3}, {"time": 1554, "type": "sen_left_log", "slot": 3, "attackername": "npc_dota_hero_tiny", "x": 129.3, "y": 154, "z": 129, "entityleft": true, "ehandle": 4262064, "key": "[129,154]", "player_slot": 3}], "obs": {"116": {"182": 1}, "122": {"156": 1}, "159": {"146": 1}, "160": {"122": 1}, "184": {"146": 1}}, "sen": {"83": {"159": 1}, "84": {"168": 1}, "103": {"169": 1}, "129": {"154": 1}, "144": {"122": 1}, "148": {"131": 1}, "156": {"131": 1}, "178": {"144": 1}}, "pings": 10, "purchase": {"tango": 1, "magic_stick": 1, "ward_sentry": 8, "wind_lace": 1, "clarity": 4, "boots": 1, "sobi_mask": 1, "recipe_ring_of_basilius": 1, "ring_of_basilius": 1, "arcane_boots": 1, "recipe_arcane_boots": 1, "flask": 1, "ward_dispenser": 7, "ward_observer": 5, "dust": 5, "tpscroll": 1, "smoke_of_deceit": 1, "blink": 1, "staff_of_wizardry": 2, "fluffy_hat": 1, "recipe_force_staff": 1, "force_staff": 1, "diadem": 1, "recipe_phylactery": 1, "phylactery": 1, "point_booster": 1, "void_stone": 1, "recipe_cyclone": 1, "cyclone": 1}, "item_uses": {"ward_sentry": 2, "tango": 3, "magic_stick": 11, "tpscroll": 5, "clarity": 4, "flask": 1, "arcane_boots": 14, "ward_dispenser": 14, "ward_observer": 4, "smoke_of_deceit": 1, "blink": 18, "dust": 4, "famango": 1, "force_staff": 3}, "runes": {"1": 1, "4": 1, "5": 1}, "kill_streaks": {"3": 3, "4": 1, "5": 1}, "multi_kills": {"2": 2, "3": 1}, "life_state": {"0": 1495, "1": 19, "2": 115}, "hero_id": 19, "hero_variant": 1, "kills": 11, "deaths": 5, "assists": 24, "leaver_status": 0, "last_hits": 45, "denies": 1, "gold_per_min": 488, "xp_per_min": 597, "level": 17, "net_worth": 13286, "hero_damage": 19313, "tower_damage": 1297, "hero_healing": 192, "gold": 631, "gold_spent": 12515, "win": 1, "lose": 0, "total_gold": 13241, "total_xp": 16198, "kills_per_min": 0.40540540540540543, "kda": 5.83, "abandons": 0, "neutral_kills": 5, "tower_kills": 0, "courier_kills": 0, "lane_kills": 36, "hero_kills": 11, "observer_kills": 2, "sentry_kills": 2, "roshan_kills": 0, "necronomicon_kills": 0, "ancient_kills": 0, "buyback_count": 0, "observer_uses": 4, "sentry_uses": 2, "lane_efficiency": 0.553354890864996, "lane_efficiency_pct": 55, "lane": 3, "lane_role": 3, "is_roaming": false, "purchase_ward_observer": 5, "purchase_ward_sentry": 8, "purchase_tpscroll": 1, "actions_per_min": 379, "life_state_dead": 134, "rank_tier": null, "benchmarks": {"gold_per_min": {"raw": 488, "pct": 0.43086458995549903}, "xp_per_min": {"raw": 597, "pct": 0.3313731722822632}, "kills_per_min": {"raw": 0.40540540540540543, "pct": 0.8598219961856326}, "last_hits_per_min": {"raw": 1.6584766584766584, "pct": 0.04624920534011443}, "hero_damage_per_min": {"raw": 711.7813267813268, "pct": 0.43467895740623014}, "hero_healing_per_min": {"raw": 7.076167076167076, "pct": 0.9642403051493961}, "tower_damage": {"raw": 1297, "pct": 0.336935791481246}}}, {"player_slot": 4, "obs_placed": 0, "sen_placed": 0, "creeps_stacked": 0, "camps_stacked": 0, "rune_pickups": 1, "teamfight_participation": 0.5744681, "observers_placed": 0, "stuns": 18.433472, "obs_log": [], "sen_log": [], "obs_left_log": [], "sen_left_log": [], "obs": {}, "sen": {}, "pings": 22, "purchase": {"tango": 1, "quelling_blade": 1, "branches": 2, "circlet": 1, "gauntlets": 1, "recipe_bracer": 1, "bracer": 1, "boots": 1, "magic_stick": 1, "magic_wand": 1, "recipe_magic_wand": 1, "flask": 1, "chainmail": 2, "blades_of_attack": 1, "phase_boots": 1, "blood_grenade": 1, "blink": 1, "smoke_of_deceit": 1, "clarity": 1, "broadsword": 1, "tpscroll": 2, "recipe_blade_mail": 1, "blade_mail": 1, "aghanims_shard": 1, "dust": 2, "ogre_axe": 1, "mithril_hammer": 1, "recipe_black_king_bar": 1, "black_king_bar": 1}, "item_uses": {"quelling_blade": 2, "tango": 3, "tpscroll": 7, "magic_wand": 5, "tango_single": 1, "flask": 1, "blood_grenade": 1, "phase_boots": 80, "famango": 2, "blink": 14, "smoke_of_deceit": 1, "clarity": 1, "blade_mail": 5, "dust": 2, "black_king_bar": 1}, "runes": {"0": 1}, "kill_streaks": {"3": 1}, "multi_kills": {"2": 1}, "life_state": {"0": 1466, "1": 9, "2": 154}, "hero_id": 104, "hero_variant": 1, "kills": 10, "deaths": 6, "assists": 17, "leaver_status": 0, "last_hits": 140, "denies": 13, "gold_per_min": 603, "xp_per_min": 609, "level": 17, "net_worth": 15000, "hero_damage": 18621, "tower_damage": 6807, "hero_healing": 360, "gold": 2895, "gold_spent": 13255, "win": 1, "lose": 0, "total_gold": 16361, "total_xp": 16524, "kills_per_min": 0.36855036855036855, "kda": 3.86, "abandons": 0, "neutral_kills": 23, "tower_kills": 2, "courier_kills": 1, "lane_kills": 122, "hero_kills": 10, "observer_kills": 0, "sentry_kills": 0, "roshan_kills": 0, "necronomicon_kills": 0, "ancient_kills": 2, "buyback_count": 0, "observer_uses": 0, "sentry_uses": 0, "lane_efficiency": 0.8791430881164106, "lane_efficiency_pct": 87, "lane": 3, "lane_role": 3, "is_roaming": false, "purchase_tpscroll": 2, "actions_per_min": 325, "life_state_dead": 163, "rank_tier": null, "benchmarks": {"gold_per_min": {"raw": 603, "pct": 0.8102335928809788}, "xp_per_min": {"raw": 609, "pct": 0.3699666295884316}, "kills_per_min": {"raw": 0.36855036855036855, "pct": 0.8271412680756396}, "last_hits_per_min": {"raw": 5.15970515970516, "pct": 0.6865406006674082}, "hero_damage_per_min": {"raw": 686.2776412776412, "pct": 0.47052280311457173}, "hero_healing_per_min": {"raw": 13.267813267813267, "pct": 0.35061179087875416}, "tower_damage": {"raw": 6807, "pct": 0.7492769744160178}}}, {"player_slot": 128, "obs_placed": 1, "sen_placed": 0, "creeps_stacked": 0, "camps_stacked": 0, "rune_pickups": 3, "teamfight_participation": 0.33333334, "observers_placed": 1, "stuns": 26.433313, "obs_log": [{"time": 547, "type": "obs_log", "slot": 5, "x": 168.6, "y": 92.1, "z": 129, "entityleft": false, "ehandle": 5095678, "key": "[169,92]", "player_slot": 128}], "sen_log": [], "obs_left_log": [{"time": 907, "type": "obs_left_log", "slot": 5, "attackername": "npc_dota_hero_axe", "x": 168.6, "y": 92.1, "z": 129, "entityleft": true, "ehandle": 5095678, "key": "[169,92]", "player_slot": 128}], "sen_left_log": [], "obs": {"169": {"92": 1}}, "sen": {}, "pings": 14, "purchase": {"tango": 1, "quelling_blade": 1, "branches": 2, "gauntlets": 1, "circlet": 1, "recipe_bracer": 1, "boots": 1, "bracer": 1, "chainmail": 2, "blades_of_attack": 1, "phase_boots": 1, "magic_stick": 1, "magic_wand": 1, "recipe_magic_wand": 1, "ward_observer": 1, "ring_of_health": 1, "vitality_booster": 1, "vanguard": 1, "blink": 1, "broadsword": 1, "recipe_blade_mail": 1, "blade_mail": 1}, "item_uses": {"tango": 3, "tpscroll": 6, "phase_boots": 58, "famango": 2, "ward_observer": 1, "magic_wand": 6, "blink": 8, "blade_mail": 2}, "runes": {"5": 3}, "kill_streaks": {}, "multi_kills": {}, "life_state": {"0": 1325, "1": 10, "2": 294}, "account_id": 86720091, "hero_id": 2, "hero_variant": 1, "kills": 4, "deaths": 10, "assists": 1, "leaver_status": 0, "last_hits": 102, "denies": 8, "gold_per_min": 369, "xp_per_min": 387, "level": 13, "net_worth": 9910, "hero_damage": 9526, "tower_damage": 0, "hero_healing": 0, "gold": 1005, "gold_spent": 8895, "win": 0, "lose": 1, "total_gold": 10012, "total_xp": 10500, "kills_per_min": 0.14742014742014742, "kda": 0.45, "abandons": 0, "neutral_kills": 41, "tower_kills": 0, "courier_kills": 0, "lane_kills": 61, "hero_kills": 4, "observer_kills": 0, "sentry_kills": 0, "roshan_kills": 0, "necronomicon_kills": 0, "ancient_kills": 0, "buyback_count": 0, "observer_uses": 1, "sentry_uses": 0, "lane_efficiency": 0.5507275666936136, "lane_efficiency_pct": 55, "lane": 1, "lane_role": 3, "is_roaming": false, "purchase_ward_observer": 1, "actions_per_min": 250, "life_state_dead": 304, "rank_tier": 64, "benchmarks": {"gold_per_min": {"raw": 369, "pct": 0.10205728116175877}, "xp_per_min": {"raw": 387, "pct": 0.06514723678902784}, "kills_per_min": {"raw": 0.14742014742014742, "pct": 0.2154094392900363}, "last_hits_per_min": {"raw": 3.7592137592137593, "pct": 0.2392093586123437}, "hero_damage_per_min": {"raw": 351.0810810810811, "pct": 0.055667607906413875}, "hero_healing_per_min": {"raw": 0, "pct": 0.9517950786607503}, "tower_damage": {"raw": 0, "pct": 0.17224687373941105}}}, {"player_slot": 129, "obs_placed": 1, "sen_placed": 2, "creeps_stacked": 0, "camps_stacked": 0, "rune_pickups": 2, "teamfight_participation": 0.33333334, "observers_placed": 1, "stuns": 22.900198, "obs_log": [{"time": 282, "type": "obs_log", "slot": 6, "x": 151.6, "y": 99.1, "z": 129, "entityleft": false, "ehandle": 1881, "key": "[152,99]", "player_slot": 129}], "sen_log": [{"time": 34, "type": "sen_log", "slot": 6, "x": 168.9, "y": 97.4, "z": 129, "entityleft": false, "ehandle": 2147922, "key": "[169,97]", "player_slot": 129}, {"time": 585, "type": "sen_log", "slot": 6, "x": 157.7, "y": 92.1, "z": 132.2, "entityleft": false, "ehandle": 6195545, "key": "[158,92]", "player_slot": 129}], "obs_left_log": [{"time": 643, "type": "obs_left_log", "slot": 6, "attackername": "npc_dota_hero_windrunner", "x": 151.6, "y": 99.1, "z": 129, "entityleft": true, "ehandle": 1881, "key": "[152,99]", "player_slot": 129}], "sen_left_log": [{"time": 66, "type": "sen_left_log", "slot": 6, "attackername": "npc_dota_hero_shadow_shaman", "x": 168.9, "y": 97.4, "z": 129, "entityleft": true, "ehandle": 2147922, "key": "[169,97]", "player_slot": 129}, {"time": 1005, "type": "sen_left_log", "slot": 6, "attackername": "npc_dota_hero_windrunner", "x": 157.7, "y": 92.1, "z": 132.2, "entityleft": true, "ehandle": 6195545, "key": "[158,92]", "player_slot": 129}], "obs": {"152": {"99": 1}}, "sen": {"158": {"92": 1}, "169": {"97": 1}}, "purchase": {"ward_dispenser": 2, "tango": 2, "blood_grenade": 1, "clarity": 2, "branches": 2, "circlet": 1, "recipe_bracer": 1, "gauntlets": 1, "bracer": 1, "magic_stick": 1, "recipe_magic_wand": 1, "magic_wand": 1, "boots": 1, "ward_sentry": 4, "sobi_mask": 1, "ring_of_basilius": 1, "recipe_ring_of_basilius": 1, "recipe_arcane_boots": 1, "arcane_boots": 1, "javelin": 1, "mithril_hammer": 1, "gloves": 1, "maelstrom": 1}, "item_uses": {"ward_dispenser": 2, "tango": 6, "ward_observer": 1, "clarity": 2, "tpscroll": 3, "magic_wand": 4, "blood_grenade": 1, "ward_sentry": 1, "arcane_boots": 4, "famango": 1}, "runes": {"8": 2}, "kill_streaks": {}, "multi_kills": {}, "life_state": {"0": 1448, "1": 9, "2": 172}, "hero_id": 21, "hero_variant": 1, "kills": 2, "deaths": 5, "assists": 5, "leaver_status": 0, "last_hits": 74, "denies": 7, "gold_per_min": 315, "xp_per_min": 423, "level": 14, "net_worth": 8066, "hero_damage": 12053, "tower_damage": 867, "hero_healing": 0, "gold": 2811, "gold_spent": 5785, "win": 0, "lose": 1, "total_gold": 8547, "total_xp": 11477, "kills_per_min": 0.07371007371007371, "kda": 1.17, "abandons": 0, "neutral_kills": 3, "tower_kills": 0, "courier_kills": 0, "lane_kills": 73, "hero_kills": 2, "observer_kills": 1, "sentry_kills": 0, "roshan_kills": 0, "necronomicon_kills": 0, "ancient_kills": 2, "buyback_count": 0, "observer_uses": 1, "sentry_uses": 1, "lane_efficiency": 0.38763136620856914, "lane_efficiency_pct": 38, "lane": 1, "lane_role": 3, "is_roaming": false, "purchase_ward_sentry": 4, "actions_per_min": 234, "life_state_dead": 181, "rank_tier": null, "benchmarks": {"gold_per_min": {"raw": 315, "pct": 0.0763094921563414}, "xp_per_min": {"raw": 423, "pct": 0.1114065408136134}, "kills_per_min": {"raw": 0.07371007371007371, "pct": 0.10103695825578303}, "last_hits_per_min": {"raw": 2.7272727272727275, "pct": 0.19064078702472748}, "hero_damage_per_min": {"raw": 444.2137592137592, "pct": 0.20287157670832226}, "hero_healing_per_min": {"raw": 0, "pct": 0.8883275724541345}, "tower_damage": {"raw": 867, "pct": 0.27997872906141985}}}, {"player_slot": 130, "obs_placed": 7, "sen_placed": 12, "creeps_stacked": 0, "camps_stacked": 0, "rune_pickups": 1, "teamfight_participation": 0.8, "observers_placed": 7, "stuns": 22.799461, "obs_log": [{"time": 155, "type": "obs_log", "slot": 7, "x": 85.3, "y": 161.8, "z": 129, "entityleft": false, "ehandle": 12372192, "key": "[85,162]", "player_slot": 130}, {"time": 332, "type": "obs_log", "slot": 7, "x": 86.4, "y": 163.9, "z": 129, "entityleft": false, "ehandle": 9767073, "key": "[86,164]", "player_slot": 130}, {"time": 850, "type": "obs_log", "slot": 7, "x": 164.4, "y": 133.9, "z": 132.1, "entityleft": false, "ehandle": 1982906, "key": "[164,134]", "player_slot": 130}, {"time": 931, "type": "obs_log", "slot": 7, "x": 124.3, "y": 132.8, "z": 129, "entityleft": false, "ehandle": 4899636, "key": "[124,133]", "player_slot": 130}, {"time": 1163, "type": "obs_log", "slot": 7, "x": 144, "y": 122, "z": 132.1, "entityleft": false, "ehandle": 5752788, "key": "[144,122]", "player_slot": 130}, {"time": 1196, "type": "obs_log", "slot": 7, "x": 136.4, "y": 153.9, "z": 131.1, "entityleft": false, "ehandle": 6997574, "key": "[136,154]", "player_slot": 130}, {"time": 1378, "type": "obs_log", "slot": 7, "x": 168, "y": 126.1, "z": 130, "entityleft": false, "ehandle": 16451256, "key": "[168,126]", "player_slot": 130}], "sen_log": [{"time": 126, "type": "sen_log", "slot": 7, "x": 88, "y": 162, "z": 129, "entityleft": false, "ehandle": 6949005, "key": "[88,162]", "player_slot": 130}, {"time": 920, "type": "sen_log", "slot": 7, "x": 107.4, "y": 162.3, "z": 130, "entityleft": false, "ehandle": 3082033, "key": "[107,162]", "player_slot": 130}, {"time": 930, "type": "sen_log", "slot": 7, "x": 124.9, "y": 135.7, "z": 129, "entityleft": false, "ehandle": 5671306, "key": "[125,136]", "player_slot": 130}, {"time": 962, "type": "sen_log", "slot": 7, "x": 143.9, "y": 122, "z": 132.1, "entityleft": false, "ehandle": 15124433, "key": "[144,122]", "player_slot": 130}, {"time": 985, "type": "sen_log", "slot": 7, "x": 136.2, "y": 153.9, "z": 131.1, "entityleft": false, "ehandle": 7193367, "key": "[136,154]", "player_slot": 130}, {"time": 1047, "type": "sen_log", "slot": 7, "x": 159.4, "y": 147.9, "z": 129, "entityleft": false, "ehandle": 15894923, "key": "[159,148]", "player_slot": 130}, {"time": 1150, "type": "sen_log", "slot": 7, "x": 153.9, "y": 128.7, "z": 130, "entityleft": false, "ehandle": 9470696, "key": "[154,129]", "player_slot": 130}, {"time": 1154, "type": "sen_log", "slot": 7, "x": 164.2, "y": 133.8, "z": 132.1, "entityleft": false, "ehandle": 6406521, "key": "[164,134]", "player_slot": 130}, {"time": 1165, "type": "sen_log", "slot": 7, "x": 144.1, "y": 121.8, "z": 132.1, "entityleft": false, "ehandle": 12749150, "key": "[144,122]", "player_slot": 130}, {"time": 1191, "type": "sen_log", "slot": 7, "x": 136.2, "y": 153.9, "z": 131.1, "entityleft": false, "ehandle": 11028974, "key": "[136,154]", "player_slot": 130}, {"time": 1210, "type": "sen_log", "slot": 7, "x": 122.1, "y": 182.9, "z": 129, "entityleft": false, "ehandle": 296862, "key": "[122,183]", "player_slot": 130}, {"time": 1407, "type": "sen_log", "slot": 7, "x": 170.2, "y": 153.6, "z": 130, "entityleft": false, "ehandle": 8226973, "key": "[170,154]", "player_slot": 130}], "obs_left_log": [{"time": 251, "type": "obs_left_log", "slot": 7, "attackername": "npc_dota_hero_tiny", "x": 85.3, "y": 161.8, "z": 129, "entityleft": true, "ehandle": 12372192, "key": "[85,162]", "player_slot": 130}, {"time": 650, "type": "obs_left_log", "slot": 7, "attackername": "npc_dota_hero_shadow_shaman", "x": 86.4, "y": 163.9, "z": 129, "entityleft": true, "ehandle": 9767073, "key": "[86,164]", "player_slot": 130}, {"time": 956, "type": "obs_left_log", "slot": 7, "attackername": "npc_dota_hero_shadow_shaman", "x": 164.4, "y": 133.9, "z": 132.1, "entityleft": true, "ehandle": 1982906, "key": "[164,134]", "player_slot": 130}, {"time": 1292, "type": "obs_left_log", "slot": 7, "attackername": "npc_dota_hero_witch_doctor", "x": 124.3, "y": 132.8, "z": 129, "entityleft": true, "ehandle": 4899636, "key": "[124,133]", "player_slot": 130}, {"time": 1389, "type": "obs_left_log", "slot": 7, "attackername": "npc_dota_hero_tiny", "x": 144, "y": 122, "z": 132.1, "entityleft": true, "ehandle": 5752788, "key": "[144,122]", "player_slot": 130}, {"time": 1556, "type": "obs_left_log", "slot": 7, "attackername": "npc_dota_hero_witch_doctor", "x": 136.4, "y": 153.9, "z": 131.1, "entityleft": true, "ehandle": 6997574, "key": "[136,154]", "player_slot": 130}], "sen_left_log": [{"time": 546, "type": "sen_left_log", "slot": 7, "attackername": "npc_dota_hero_witch_doctor", "x": 88, "y": 162, "z": 129, "entityleft": true, "ehandle": 6949005, "key": "[88,162]", "player_slot": 130}, {"time": 977, "type": "sen_left_log", "slot": 7, "attackername": "npc_dota_hero_shadow_shaman", "x": 143.9, "y": 122, "z": 132.1, "entityleft": true, "ehandle": 15124433, "key": "[144,122]", "player_slot": 130}, {"time": 1147, "type": "sen_left_log", "slot": 7, "attackername": "npc_dota_hero_tiny", "x": 136.2, "y": 153.9, "z": 131.1, "entityleft": true, "ehandle": 7193367, "key": "[136,154]", "player_slot": 130}, {"time": 1237, "type": "sen_left_log", "slot": 7, "attackername": "npc_dota_creep_goodguys_ranged", "x": 122.1, "y": 182.9, "z": 129, "entityleft": true, "ehandle": 296862, "key": "[122,183]", "player_slot": 130}, {"time": 1340, "type": "sen_left_log", "slot": 7, "attackername": "npc_dota_hero_witch_doctor", "x": 107.4, "y": 162.3, "z": 130, "entityleft": true, "ehandle": 3082033, "key": "[107,162]", "player_slot": 130}, {"time": 1350, "type": "sen_left_log", "slot": 7, "attackername": "npc_dota_hero_witch_doctor", "x": 124.9, "y": 135.7, "z": 129, "entityleft": true, "ehandle": 5671306, "key": "[125,136]", "player_slot": 130}, {"time": 1395, "type": "sen_left_log", "slot": 7, "attackername": "npc_dota_hero_tiny", "x": 144.1, "y": 121.8, "z": 132.1, "entityleft": true, "ehandle": 12749150, "key": "[144,122]", "player_slot": 130}, {"time": 1467, "type": "sen_left_log", "slot": 7, "attackername": "npc_dota_hero_witch_doctor", "x": 159.4, "y": 147.9, "z": 129, "entityleft": true, "ehandle": 15894923, "key": "[159,148]", "player_slot": 130}, {"time": 1570, "type": "sen_left_log", "slot": 7, "attackername": "npc_dota_hero_witch_doctor", "x": 153.9, "y": 128.7, "z": 130, "entityleft": true, "ehandle": 9470696, "key": "[154,129]", "player_slot": 130}, {"time": 1574, "type": "sen_left_log", "slot": 7, "attackername": "npc_dota_hero_witch_doctor", "x": 164.2, "y": 133.8, "z": 132.1, "entityleft": true, "ehandle": 6406521, "key": "[164,134]", "player_slot": 130}, {"time": 1612, "type": "sen_left_log", "slot": 7, "attackername": "npc_dota_hero_witch_doctor", "x": 136.2, "y": 153.9, "z": 131.1, "entityleft": true, "ehandle": 11028974, "key": "[136,154]", "player_slot": 130}], "obs": {"85": {"162": 1}, "86": {"164": 1}, "124": {"133": 1}, "136": {"154": 1}, "144": {"122": 1}, "164": {"134": 1}, "168": {"126": 1}}, "sen": {"88": {"162": 1}, "107": {"162": 1}, "122": {"183": 1}, "125": {"136": 1}, "136": {"154": 2}, "144": {"122": 2}, "154": {"129": 1}, "159": {"148": 1}, "164": {"134": 1}, "170": {"154": 1}}, "purchase": {"magic_stick": 1, "faerie_fire": 1, "enchanted_mango": 1, "branches": 2, "blood_grenade": 3, "tango": 1, "ward_sentry": 12, "ward_observer": 8, "ward_dispenser": 14, "magic_wand": 1, "recipe_magic_wand": 1, "boots": 1, "clarity": 1, "sobi_mask": 1, "recipe_ring_of_basilius": 1, "recipe_arcane_boots": 1, "ring_of_basilius": 1, "arcane_boots": 1, "smoke_of_deceit": 2, "cloak": 1, "shadow_amulet": 1, "recipe_glimmer_cape": 1, "glimmer_cape": 1, "aghanims_shard": 1, "dust": 2, "staff_of_wizardry": 1, "ogre_axe": 1}, "item_uses": {"tango": 3, "magic_stick": 1, "tpscroll": 8, "ward_dispenser": 26, "ward_observer": 3, "blood_grenade": 3, "magic_wand": 11, "enchanted_mango": 2, "faerie_fire": 1, "famango": 2, "clarity": 1, "arcane_boots": 5, "smoke_of_deceit": 2, "ward_sentry": 1, "glimmer_cape": 12, "dust": 1}, "runes": {"8": 1}, "kill_streaks": {}, "multi_kills": {}, "life_state": {"0": 1144, "1": 32, "2": 453}, "account_id": 336756444, "hero_id": 30, "hero_variant": 2, "kills": 4, "deaths": 16, "assists": 10, "leaver_status": 0, "last_hits": 50, "denies": 4, "gold_per_min": 387, "xp_per_min": 339, "level": 12, "net_worth": 8182, "hero_damage": 20139, "tower_damage": 0, "hero_healing": 0, "gold": 1702, "gold_spent": 7800, "win": 0, "lose": 1, "total_gold": 10500, "total_xp": 9198, "kills_per_min": 0.14742014742014742, "kda": 0.82, "abandons": 0, "neutral_kills": 6, "tower_kills": 0, "courier_kills": 0, "lane_kills": 39, "hero_kills": 4, "observer_kills": 0, "sentry_kills": 6, "roshan_kills": 0, "necronomicon_kills": 0, "ancient_kills": 0, "buyback_count": 1, "observer_uses": 3, "sentry_uses": 1, "lane_efficiency": 0.48100242522231207, "lane_efficiency_pct": 48, "lane": 3, "lane_role": 1, "is_roaming": false, "purchase_ward_observer": 8, "purchase_ward_sentry": 12, "actions_per_min": 165, "life_state_dead": 485, "rank_tier": 51, "benchmarks": {"gold_per_min": {"raw": 387, "pct": 0.44103356890459366}, "xp_per_min": {"raw": 339, "pct": 0.1071113074204947}, "kills_per_min": {"raw": 0.14742014742014742, "pct": 0.39730565371024734}, "last_hits_per_min": {"raw": 1.8427518427518428, "pct": 0.5784010600706714}, "hero_damage_per_min": {"raw": 742.2235872235873, "pct": 0.754196113074205}, "hero_healing_per_min": {"raw": 0, "pct": 0.13780918727915195}, "tower_damage": {"raw": 0, "pct": 0.21908127208480566}}}, {"player_slot": 131, "obs_placed": 2, "sen_placed": 0, "creeps_stacked": 6, "camps_stacked": 2, "rune_pickups": 7, "teamfight_participation": 0.33333334, "observers_placed": 2, "stuns": 0, "obs_log": [{"time": -47, "type": "obs_log", "slot": 8, "x": 124, "y": 131.1, "z": 129, "entityleft": false, "ehandle": 11846022, "key": "[124,131]", "player_slot": 131}, {"time": 403, "type": "obs_log", "slot": 8, "x": 124, "y": 133, "z": 129, "entityleft": false, "ehandle": 11340152, "key": "[124,133]", "player_slot": 131}], "sen_log": [], "obs_left_log": [{"time": 313, "type": "obs_left_log", "slot": 8, "attackername": "npc_dota_hero_lycan", "x": 124, "y": 131.1, "z": 129, "entityleft": true, "ehandle": 11846022, "key": "[124,131]", "player_slot": 131}, {"time": 763, "type": "obs_left_log", "slot": 8, "attackername": "npc_dota_hero_lycan", "x": 124, "y": 133, "z": 129, "entityleft": true, "ehandle": 11340152, "key": "[124,133]", "player_slot": 131}], "sen_left_log": [], "obs": {"124": {"131": 1, "133": 1}}, "sen": {}, "pings": 2, "purchase": {"circlet": 2, "gauntlets": 2, "ward_observer": 2, "tango": 2, "branches": 1, "recipe_bracer": 2, "bracer": 2, "boots": 1, "gloves": 1, "belt_of_strength": 1, "power_treads": 1, "enchanted_mango": 3, "blade_of_alacrity": 1, "recipe_diffusal_blade": 1, "robe": 1, "diffusal_blade": 1, "ogre_axe": 1, "broadsword": 1}, "item_uses": {"ward_observer": 2, "tango": 6, "branches": 1, "tpscroll": 2, "trusty_shovel": 11, "enchanted_mango": 5, "power_treads": 45, "flask": 2, "diffusal_blade": 5}, "runes": {"5": 3, "7": 2, "8": 1, "9": 1}, "kill_streaks": {}, "multi_kills": {}, "life_state": {"0": 1392, "1": 10, "2": 227}, "account_id": 334378873, "hero_id": 77, "hero_variant": 2, "kills": 0, "deaths": 7, "assists": 6, "leaver_status": 0, "last_hits": 101, "denies": 13, "gold_per_min": 313, "xp_per_min": 428, "level": 14, "net_worth": 8098, "hero_damage": 5196, "tower_damage": 0, "hero_healing": 0, "gold": 1023, "gold_spent": 7335, "win": 0, "lose": 1, "total_gold": 8492, "total_xp": 11613, "kda": 0.75, "abandons": 0, "neutral_kills": 44, "tower_kills": 0, "courier_kills": 0, "lane_kills": 57, "hero_kills": 0, "observer_kills": 1, "sentry_kills": 0, "roshan_kills": 0, "necronomicon_kills": 0, "ancient_kills": 12, "buyback_count": 0, "observer_uses": 2, "sentry_uses": 0, "lane_efficiency": 0.501818916734034, "lane_efficiency_pct": 50, "lane": 2, "lane_role": 2, "is_roaming": false, "purchase_ward_observer": 2, "actions_per_min": 217, "life_state_dead": 237, "rank_tier": 53, "benchmarks": {"gold_per_min": {"raw": 313, "pct": 0.09428129829984544}, "xp_per_min": {"raw": 428, "pct": 0.17465224111282843}, "kills_per_min": {"raw": 0, "pct": 0.0401854714064915}, "last_hits_per_min": {"raw": 3.7223587223587224, "pct": 0.1947449768160742}, "hero_damage_per_min": {"raw": 191.4987714987715, "pct": 0.11901081916537867}, "hero_healing_per_min": {"raw": 0, "pct": 0.794435857805255}, "tower_damage": {"raw": 0, "pct": 0.11591962905718702}}}, {"player_slot": 132, "obs_placed": 0, "sen_placed": 0, "creeps_stacked": 0, "camps_stacked": 0, "rune_pickups": 3, "teamfight_participation": 0.8, "observers_placed": 0, "stuns": 0, "obs_log": [], "sen_log": [], "obs_left_log": [], "sen_left_log": [], "obs": {}, "sen": {}, "pings": 3, "purchase": {"quelling_blade": 1, "circlet": 1, "flask": 3, "tango": 1, "enchanted_mango": 1, "faerie_fire": 1, "slippers": 1, "recipe_wraith_band": 1, "boots": 1, "boots_of_elves": 1, "wraith_band": 1, "magic_stick": 1, "gloves": 1, "power_treads": 1, "blade_of_alacrity": 1, "robe": 1, "recipe_diffusal_blade": 1, "diffusal_blade": 1, "ogre_axe": 1, "mithril_hammer": 1, "black_king_bar": 1, "recipe_black_king_bar": 1}, "item_uses": {"tango": 3, "flask": 3, "enchanted_mango": 1, "faerie_fire": 1, "tpscroll": 7, "magic_stick": 7, "tango_single": 1, "diffusal_blade": 8, "vambrace": 2, "black_king_bar": 1}, "runes": {"5": 3}, "kill_streaks": {}, "multi_kills": {}, "life_state": {"0": 1330, "1": 14, "2": 285}, "account_id": 146779059, "hero_id": 32, "hero_variant": 1, "kills": 5, "deaths": 9, "assists": 8, "leaver_status": 0, "last_hits": 72, "denies": 9, "gold_per_min": 364, "xp_per_min": 410, "level": 14, "net_worth": 8843, "hero_damage": 10730, "tower_damage": 0, "hero_healing": 0, "gold": 88, "gold_spent": 9275, "win": 0, "lose": 1, "total_gold": 9876, "total_xp": 11124, "kills_per_min": 0.18427518427518427, "kda": 1.3, "abandons": 0, "neutral_kills": 18, "tower_kills": 0, "courier_kills": 0, "lane_kills": 62, "hero_kills": 5, "observer_kills": 0, "sentry_kills": 0, "roshan_kills": 0, "necronomicon_kills": 0, "ancient_kills": 0, "buyback_count": 0, "observer_uses": 0, "sentry_uses": 0, "lane_efficiency": 0.6216653193209377, "lane_efficiency_pct": 62, "lane": 3, "lane_role": 1, "is_roaming": false, "actions_per_min": 207, "life_state_dead": 299, "rank_tier": 43, "benchmarks": {"gold_per_min": {"raw": 364, "pct": 0.22876304023845007}, "xp_per_min": {"raw": 410, "pct": 0.08941877794336811}, "kills_per_min": {"raw": 0.18427518427518427, "pct": 0.37481371087928467}, "last_hits_per_min": {"raw": 2.6535626535626533, "pct": 0.353204172876304}, "hero_damage_per_min": {"raw": 395.45454545454544, "pct": 0.28614008941877794}, "hero_healing_per_min": {"raw": 0, "pct": 0.9448584202682563}, "tower_damage": {"raw": 0, "pct": 0.21907600596125187}}}], "duration": 1628, "radiant_win": true, "lobby_type": 7, "radiant_score": 47, "dire_score": 17, "metadata": null, "replay_url": "http://replay274.valve.net/570/7865913905_1949060038.dem.bz2"}