{"match_id": 7865883511, "players": [{"player_slot": 0, "obs_placed": 5, "sen_placed": 3, "creeps_stacked": 9, "camps_stacked": 2, "rune_pickups": 4, "teamfight_participation": 0.54545456, "observers_placed": 5, "stuns": 12.834171, "obs_log": [{"time": -55, "type": "obs_log", "slot": 0, "x": 109.9, "y": 159.5, "z": 130, "entityleft": false, "ehandle": 11289800, "key": "[110,160]", "player_slot": 0}, {"time": 580, "type": "obs_log", "slot": 0, "x": 101.5, "y": 174.5, "z": 129, "entityleft": false, "ehandle": 935264, "key": "[102,175]", "player_slot": 0}, {"time": 728, "type": "obs_log", "slot": 0, "x": 147.6, "y": 98.6, "z": 129, "entityleft": false, "ehandle": 6178407, "key": "[148,99]", "player_slot": 0}, {"time": 1106, "type": "obs_log", "slot": 0, "x": 112.6, "y": 100.3, "z": 130, "entityleft": false, "ehandle": 15321355, "key": "[113,100]", "player_slot": 0}, {"time": 1506, "type": "obs_log", "slot": 0, "x": 120.3, "y": 88.3, "z": 130, "entityleft": false, "ehandle": 13617041, "key": "[120,88]", "player_slot": 0}], "sen_log": [{"time": -32, "type": "sen_log", "slot": 0, "x": 102.8, "y": 164.4, "z": 129, "entityleft": false, "ehandle": 10634453, "key": "[103,164]", "player_slot": 0}, {"time": 986, "type": "sen_log", "slot": 0, "x": 118.8, "y": 102.7, "z": 130, "entityleft": false, "ehandle": 3492200, "key": "[119,103]", "player_slot": 0}, {"time": 1136, "type": "sen_log", "slot": 0, "x": 133.6, "y": 92.1, "z": 132.2, "entityleft": false, "ehandle": 8751560, "key": "[134,92]", "player_slot": 0}], "obs_left_log": [{"time": 305, "type": "obs_left_log", "slot": 0, "attackername": "npc_dota_hero_zuus", "x": 109.9, "y": 159.5, "z": 130, "entityleft": true, "ehandle": 11289800, "key": "[110,160]", "player_slot": 0}, {"time": 940, "type": "obs_left_log", "slot": 0, "attackername": "npc_dota_hero_zuus", "x": 101.5, "y": 174.5, "z": 129, "entityleft": true, "ehandle": 935264, "key": "[102,175]", "player_slot": 0}, {"time": 1088, "type": "obs_left_log", "slot": 0, "attackername": "npc_dota_hero_zuus", "x": 147.6, "y": 98.6, "z": 129, "entityleft": true, "ehandle": 6178407, "key": "[148,99]", "player_slot": 0}, {"time": 1466, "type": "obs_left_log", "slot": 0, "attackername": "npc_dota_hero_zuus", "x": 112.6, "y": 100.3, "z": 130, "entityleft": true, "ehandle": 15321355, "key": "[113,100]", "player_slot": 0}], "sen_left_log": [{"time": 389, "type": "sen_left_log", "slot": 0, "attackername": "npc_dota_hero_zuus", "x": 102.8, "y": 164.4, "z": 129, "entityleft": true, "ehandle": 10634453, "key": "[103,164]", "player_slot": 0}, {"time": 1109, "type": "sen_left_log", "slot": 0, "attackername": "npc_dota_hero_vengefulspirit", "x": 118.8, "y": 102.7, "z": 130, "entityleft": true, "ehandle": 3492200, "key": "[119,103]", "player_slot": 0}, {"time": 1556, "type": "sen_left_log", "slot": 0, "attackername": "npc_dota_hero_zuus", "x": 133.6, "y": 92.1, "z": 132.2, "entityleft": true, "ehandle": 8751560, "key": "[134,92]", "player_slot": 0}], "obs": {"102": {"175": 1}, "110": {"160": 1}, "113": {"100": 1}, "120": {"88": 1}, "148": {"99": 1}}, "sen": {"103": {"164": 1}, "119": {"103": 1}, "134": {"92": 1}}, "pings": 17, "purchase": {"ward_dispenser": 7, "tango": 3, "faerie_fire": 1, "blood_grenade": 2, "enchanted_mango": 1, "sobi_mask": 1, "magic_stick": 1, "recipe_ring_of_basilius": 1, "ring_of_basilius": 1, "clarity": 5, "branches": 2, "magic_wand": 1, "recipe_magic_wand": 1, "tpscroll": 1, "boots": 1, "ward_observer": 4, "ward_sentry": 2, "recipe_arcane_boots": 1, "arcane_boots": 1, "diadem": 1, "recipe_phylactery": 1, "point_booster": 1, "void_stone": 1, "recipe_aether_lens": 1, "phylactery": 1, "energy_booster": 1, "aether_lens": 1}, "item_uses": {"ward_dispenser": 9, "ward_sentry": 1, "blood_grenade": 2, "faerie_fire": 1, "tpscroll": 7, "tango": 9, "magic_stick": 3, "clarity": 7, "enchanted_mango": 1, "magic_wand": 8, "arcane_ring": 5, "arcane_boots": 7, "ward_observer": 1}, "runes": {"5": 2, "8": 2}, "kill_streaks": {}, "multi_kills": {}, "life_state": {"0": 1307, "1": 34, "2": 317}, "hero_id": 22, "hero_variant": 2, "kills": 4, "deaths": 13, "assists": 8, "leaver_status": 0, "last_hits": 58, "denies": 1, "gold_per_min": 324, "xp_per_min": 311, "level": 12, "net_worth": 8944, "hero_damage": 21293, "tower_damage": 0, "hero_healing": 0, "gold": 819, "gold_spent": 7725, "win": 0, "lose": 1, "total_gold": 8947, "total_xp": 8588, "kills_per_min": 0.14484007242003621, "kda": 0.86, "abandons": 0, "neutral_kills": 4, "tower_kills": 0, "courier_kills": 0, "lane_kills": 49, "hero_kills": 4, "observer_kills": 2, "sentry_kills": 2, "roshan_kills": 0, "necronomicon_kills": 0, "ancient_kills": 0, "buyback_count": 0, "observer_uses": 1, "sentry_uses": 1, "lane_efficiency": 0.4048100242522231, "lane_efficiency_pct": 40, "lane": 3, "lane_role": 3, "is_roaming": false, "purchase_ward_observer": 4, "purchase_ward_sentry": 2, "purchase_tpscroll": 1, "actions_per_min": 147, "life_state_dead": 351, "rank_tier": null, "benchmarks": {"gold_per_min": {"raw": 324, "pct": 0.08550879062333511}, "xp_per_min": {"raw": 311, "pct": 0.02770378263185935}, "kills_per_min": {"raw": 0.14484007242003621, "pct": 0.28929142248268513}, "last_hits_per_min": {"raw": 2.1001810500905247, "pct": 0.19552477357485348}, "hero_damage_per_min": {"raw": 771.0199155099577, "pct": 0.29009057005860417}, "hero_healing_per_min": {"raw": 0, "pct": 0.8209909429941395}, "tower_damage": {"raw": 0, "pct": 0.17767714437932872}}}, {"player_slot": 1, "obs_placed": 0, "sen_placed": 2, "creeps_stacked": 18, "camps_stacked": 3, "rune_pickups": 1, "teamfight_participation": 0.4090909, "observers_placed": 0, "stuns": 27.266724, "obs_log": [], "sen_log": [{"time": 1098, "type": "sen_log", "slot": 1, "x": 120.8, "y": 88.8, "z": 130, "entityleft": false, "ehandle": 13109598, "key": "[121,89]", "player_slot": 1}, {"time": 1121, "type": "sen_log", "slot": 1, "x": 111.6, "y": 115.3, "z": 129, "entityleft": false, "ehandle": 9651731, "key": "[112,115]", "player_slot": 1}], "obs_left_log": [], "sen_left_log": [{"time": 1518, "type": "sen_left_log", "slot": 1, "attackername": "npc_dota_hero_beastmaster", "x": 120.8, "y": 88.8, "z": 130, "entityleft": true, "ehandle": 13109598, "key": "[121,89]", "player_slot": 1}, {"time": 1541, "type": "sen_left_log", "slot": 1, "attackername": "npc_dota_hero_beastmaster", "x": 111.6, "y": 115.3, "z": 129, "entityleft": true, "ehandle": 9651731, "key": "[112,115]", "player_slot": 1}], "obs": {}, "sen": {"112": {"115": 1}, "121": {"89": 1}}, "pings": 8, "purchase": {"magic_stick": 1, "branches": 5, "magic_wand": 1, "recipe_magic_wand": 1, "tango": 1, "boots": 1, "sobi_mask": 1, "recipe_ring_of_basilius": 1, "ring_of_basilius": 1, "recipe_arcane_boots": 1, "wind_lace": 1, "arcane_boots": 1, "point_booster": 1, "smoke_of_deceit": 1, "ogre_axe": 1, "staff_of_wizardry": 1, "ward_sentry": 2, "blade_of_alacrity": 1, "ultimate_scepter": 1, "blink": 1}, "item_uses": {"magic_wand": 11, "tpscroll": 7, "branches": 3, "tango": 3, "tango_single": 2, "arcane_boots": 12, "smoke_of_deceit": 1, "trusty_shovel": 1, "ward_sentry": 2, "blink": 3}, "runes": {"5": 1}, "kill_streaks": {}, "multi_kills": {}, "life_state": {"0": 1307, "1": 33, "2": 318}, "hero_id": 38, "hero_variant": 2, "kills": 1, "deaths": 11, "assists": 8, "leaver_status": 0, "last_hits": 96, "denies": 7, "gold_per_min": 365, "xp_per_min": 483, "level": 15, "net_worth": 9360, "hero_damage": 12982, "tower_damage": 654, "hero_healing": 0, "gold": 810, "gold_spent": 8840, "win": 0, "lose": 1, "total_gold": 10080, "total_xp": 13338, "kills_per_min": 0.036210018105009054, "kda": 0.75, "abandons": 0, "neutral_kills": 38, "tower_kills": 0, "courier_kills": 0, "lane_kills": 48, "hero_kills": 1, "observer_kills": 2, "sentry_kills": 1, "roshan_kills": 0, "necronomicon_kills": 0, "ancient_kills": 24, "buyback_count": 0, "observer_uses": 0, "sentry_uses": 2, "lane_efficiency": 0.5198059822150364, "lane_efficiency_pct": 51, "lane": 3, "lane_role": 3, "is_roaming": false, "purchase_ward_sentry": 2, "actions_per_min": 297, "life_state_dead": 351, "rank_tier": null, "benchmarks": {"gold_per_min": {"raw": 365, "pct": 0.11104783599088838}, "xp_per_min": {"raw": 483, "pct": 0.18052391799544418}, "kills_per_min": {"raw": 0.036210018105009054, "pct": 0.056378132118451024}, "last_hits_per_min": {"raw": 3.4761617380808687, "pct": 0.0979498861047836}, "hero_damage_per_min": {"raw": 470.07845503922755, "pct": 0.20159453302961275}, "hero_healing_per_min": {"raw": 0, "pct": 0.8485193621867881}, "tower_damage": {"raw": 654, "pct": 0.25569476082004555}}}, {"player_slot": 2, "obs_placed": 0, "sen_placed": 0, "creeps_stacked": 3, "camps_stacked": 1, "rune_pickups": 2, "teamfight_participation": 0.5, "observers_placed": 0, "stuns": 0, "obs_log": [], "sen_log": [], "obs_left_log": [], "sen_left_log": [], "obs": {}, "sen": {}, "pings": 2, "purchase": {"tango": 1, "branches": 2, "faerie_fire": 1, "circlet": 1, "quelling_blade": 1, "orb_of_venom": 1, "ring_of_protection": 1, "gloves": 1, "orb_of_corrosion": 1, "boots": 1, "cornucopia": 1, "blades_of_attack": 1, "chainmail": 1, "phase_boots": 1, "claymore": 1, "broadsword": 1, "recipe_bfury": 1, "bfury": 1, "tpscroll": 2, "blink": 1, "ogre_axe": 1}, "item_uses": {"quelling_blade": 2, "tango": 3, "faerie_fire": 1, "tpscroll": 9, "branches": 2, "tango_single": 1, "phase_boots": 67, "blink": 10}, "runes": {"2": 1, "5": 1}, "kill_streaks": {"3": 1}, "multi_kills": {"2": 1}, "life_state": {"0": 1360, "1": 23, "2": 275}, "account_id": 161969067, "hero_id": 70, "hero_variant": 2, "kills": 7, "deaths": 9, "assists": 4, "leaver_status": 0, "last_hits": 156, "denies": 5, "gold_per_min": 502, "xp_per_min": 573, "level": 17, "net_worth": 11929, "hero_damage": 15323, "tower_damage": 154, "hero_healing": 0, "gold": 2049, "gold_spent": 10335, "win": 0, "lose": 1, "total_gold": 13863, "total_xp": 15824, "kills_per_min": 0.25347012673506336, "kda": 1.1, "abandons": 0, "neutral_kills": 65, "tower_kills": 1, "courier_kills": 0, "lane_kills": 90, "hero_kills": 7, "observer_kills": 0, "sentry_kills": 0, "roshan_kills": 0, "necronomicon_kills": 0, "ancient_kills": 13, "buyback_count": 1, "observer_uses": 0, "sentry_uses": 0, "lane_efficiency": 0.7677849636216654, "lane_efficiency_pct": 76, "lane": 1, "lane_role": 1, "is_roaming": false, "purchase_tpscroll": 2, "actions_per_min": 272, "life_state_dead": 298, "rank_tier": 73, "benchmarks": {"gold_per_min": {"raw": 502, "pct": 0.23061430010070494}, "xp_per_min": {"raw": 573, "pct": 0.16414904330312186}, "kills_per_min": {"raw": 0.25347012673506336, "pct": 0.4136455186304129}, "last_hits_per_min": {"raw": 5.6487628243814125, "pct": 0.26460221550855995}, "hero_damage_per_min": {"raw": 554.8461074230537, "pct": 0.2673716012084592}, "hero_healing_per_min": {"raw": 0, "pct": 0.9650050352467271}, "tower_damage": {"raw": 154, "pct": 0.16817724068479356}}}, {"player_slot": 3, "obs_placed": 2, "sen_placed": 0, "creeps_stacked": 0, "camps_stacked": 0, "rune_pickups": 5, "teamfight_participation": 0.6363636, "observers_placed": 2, "stuns": 0, "obs_log": [{"time": -64, "type": "obs_log", "slot": 3, "x": 125.1, "y": 119.7, "z": 129, "entityleft": false, "ehandle": 2147513, "key": "[125,120]", "player_slot": 3}, {"time": 261, "type": "obs_log", "slot": 3, "x": 121.9, "y": 121.4, "z": 129, "entityleft": false, "ehandle": 13420815, "key": "[122,121]", "player_slot": 3}], "sen_log": [], "obs_left_log": [{"time": -36, "type": "obs_left_log", "slot": 3, "attackername": "npc_dota_hero_templar_assassin", "x": 125.1, "y": 119.7, "z": 129, "entityleft": true, "ehandle": 2147513, "key": "[125,120]", "player_slot": 3}, {"time": 574, "type": "obs_left_log", "slot": 3, "attackername": "npc_dota_hero_undying", "x": 121.9, "y": 121.4, "z": 129, "entityleft": true, "ehandle": 13420815, "key": "[122,121]", "player_slot": 3}], "sen_left_log": [], "obs": {"122": {"121": 1}, "125": {"120": 1}}, "sen": {}, "pings": 9, "purchase": {"tango": 1, "branches": 3, "quelling_blade": 1, "circlet": 1, "ward_observer": 2, "bottle": 1, "boots": 1, "clarity": 3, "boots_of_elves": 1, "gloves": 1, "power_treads": 1, "tpscroll": 3, "mantle": 1, "recipe_null_talisman": 1, "blight_stone": 1, "null_talisman": 1, "magic_stick": 1, "magic_wand": 1, "recipe_magic_wand": 1, "blade_of_alacrity": 1, "belt_of_strength": 1, "recipe_dragon_lance": 1, "dragon_lance": 1, "blink": 1, "mithril_hammer": 1, "ogre_axe": 1, "black_king_bar": 1, "recipe_black_king_bar": 1}, "item_uses": {"ward_observer": 2, "quelling_blade": 8, "branches": 1, "tango": 3, "bottle": 26, "clarity": 3, "tpscroll": 9, "power_treads": 108, "magic_wand": 4, "blink": 13}, "runes": {"5": 3, "7": 2}, "kill_streaks": {"3": 1}, "multi_kills": {}, "life_state": {"0": 1316, "1": 21, "2": 321}, "hero_id": 46, "hero_variant": 2, "kills": 7, "deaths": 7, "assists": 7, "leaver_status": 0, "last_hits": 176, "denies": 7, "gold_per_min": 527, "xp_per_min": 774, "level": 19, "net_worth": 12107, "hero_damage": 17192, "tower_damage": 582, "hero_healing": 106, "gold": 777, "gold_spent": 12220, "win": 0, "lose": 1, "total_gold": 14553, "total_xp": 21375, "kills_per_min": 0.25347012673506336, "kda": 1.75, "abandons": 0, "neutral_kills": 54, "tower_kills": 0, "courier_kills": 0, "lane_kills": 116, "hero_kills": 7, "observer_kills": 2, "sentry_kills": 1, "roshan_kills": 0, "necronomicon_kills": 0, "ancient_kills": 9, "buyback_count": 1, "observer_uses": 2, "sentry_uses": 0, "lane_efficiency": 0.7789005658852062, "lane_efficiency_pct": 77, "lane": 2, "lane_role": 2, "is_roaming": false, "purchase_ward_observer": 2, "purchase_tpscroll": 3, "actions_per_min": 294, "life_state_dead": 342, "rank_tier": null, "benchmarks": {"gold_per_min": {"raw": 527, "pct": 0.38621887666473653}, "xp_per_min": {"raw": 774, "pct": 0.5460335842501448}, "kills_per_min": {"raw": 0.25347012673506336, "pct": 0.5993051534452808}, "last_hits_per_min": {"raw": 6.372963186481593, "pct": 0.42211928199189347}, "hero_damage_per_min": {"raw": 622.5226312613156, "pct": 0.4678633468442386}, "hero_healing_per_min": {"raw": 3.838261919130959, "pct": 0.9756803705848291}, "tower_damage": {"raw": 582, "pct": 0.2154024319629415}}}, {"player_slot": 4, "obs_placed": 3, "sen_placed": 6, "creeps_stacked": 0, "camps_stacked": 0, "rune_pickups": 1, "teamfight_participation": 0.59090906, "observers_placed": 3, "stuns": 14.900183, "obs_log": [{"time": 473, "type": "obs_log", "slot": 4, "x": 158.1, "y": 92, "z": 132.2, "entityleft": false, "ehandle": 6998156, "key": "[158,92]", "player_slot": 4}, {"time": 929, "type": "obs_log", "slot": 4, "x": 117.2, "y": 124.2, "z": 129, "entityleft": false, "ehandle": 9209139, "key": "[117,124]", "player_slot": 4}, {"time": 1531, "type": "obs_log", "slot": 4, "x": 95.8, "y": 140.2, "z": 132.2, "entityleft": false, "ehandle": 16221408, "key": "[96,140]", "player_slot": 4}], "sen_log": [{"time": 25, "type": "sen_log", "slot": 4, "x": 127.8, "y": 122.9, "z": 128, "entityleft": false, "ehandle": 16581603, "key": "[128,123]", "player_slot": 4}, {"time": 128, "type": "sen_log", "slot": 4, "x": 161.2, "y": 88.5, "z": 129, "entityleft": false, "ehandle": 15829134, "key": "[161,89]", "player_slot": 4}, {"time": 466, "type": "sen_log", "slot": 4, "x": 158.3, "y": 92.2, "z": 132.2, "entityleft": false, "ehandle": 13945307, "key": "[158,92]", "player_slot": 4}, {"time": 920, "type": "sen_log", "slot": 4, "x": 118.7, "y": 122, "z": 129, "entityleft": false, "ehandle": 2443190, "key": "[119,122]", "player_slot": 4}, {"time": 1109, "type": "sen_log", "slot": 4, "x": 97.7, "y": 100.5, "z": 129, "entityleft": false, "ehandle": 8669143, "key": "[98,101]", "player_slot": 4}, {"time": 1532, "type": "sen_log", "slot": 4, "x": 92.5, "y": 144.3, "z": 129, "entityleft": false, "ehandle": 7898963, "key": "[93,144]", "player_slot": 4}], "obs_left_log": [{"time": 634, "type": "obs_left_log", "slot": 4, "attackername": "npc_dota_hero_vengefulspirit", "x": 158.1, "y": 92, "z": 132.2, "entityleft": true, "ehandle": 6998156, "key": "[158,92]", "player_slot": 4}, {"time": 1289, "type": "obs_left_log", "slot": 4, "attackername": "npc_dota_hero_phoenix", "x": 117.2, "y": 124.2, "z": 129, "entityleft": true, "ehandle": 9209139, "key": "[117,124]", "player_slot": 4}], "sen_left_log": [{"time": 367, "type": "sen_left_log", "slot": 4, "attackername": "npc_dota_hero_vengefulspirit", "x": 161.2, "y": 88.5, "z": 129, "entityleft": true, "ehandle": 15829134, "key": "[161,89]", "player_slot": 4}, {"time": 446, "type": "sen_left_log", "slot": 4, "attackername": "npc_dota_hero_phoenix", "x": 127.8, "y": 122.9, "z": 128, "entityleft": true, "ehandle": 16581603, "key": "[128,123]", "player_slot": 4}, {"time": 636, "type": "sen_left_log", "slot": 4, "attackername": "npc_dota_hero_vengefulspirit", "x": 158.3, "y": 92.2, "z": 132.2, "entityleft": true, "ehandle": 13945307, "key": "[158,92]", "player_slot": 4}, {"time": 1340, "type": "sen_left_log", "slot": 4, "attackername": "npc_dota_hero_phoenix", "x": 118.7, "y": 122, "z": 129, "entityleft": true, "ehandle": 2443190, "key": "[119,122]", "player_slot": 4}, {"time": 1529, "type": "sen_left_log", "slot": 4, "attackername": "npc_dota_hero_phoenix", "x": 97.7, "y": 100.5, "z": 129, "entityleft": true, "ehandle": 8669143, "key": "[98,101]", "player_slot": 4}], "obs": {"96": {"140": 1}, "117": {"124": 1}, "158": {"92": 1}}, "sen": {"93": {"144": 1}, "98": {"101": 1}, "119": {"122": 1}, "128": {"123": 1}, "158": {"92": 1}, "161": {"89": 1}}, "pings": 28, "purchase": {"tango": 3, "wind_lace": 2, "blood_grenade": 2, "ward_sentry": 7, "branches": 3, "ward_dispenser": 5, "ward_observer": 6, "circlet": 1, "gauntlets": 1, "bracer": 1, "recipe_bracer": 1, "magic_stick": 1, "magic_wand": 1, "recipe_magic_wand": 1, "infused_raindrop": 1, "flask": 1, "boots": 1, "ring_of_regen": 1, "tranquil_boots": 1, "void_stone": 1, "recipe_cyclone": 1, "staff_of_wizardry": 1, "cyclone": 1}, "item_uses": {"blood_grenade": 2, "ward_sentry": 2, "tango": 9, "ward_dispenser": 12, "tpscroll": 7, "famango": 1, "magic_wand": 19, "ward_observer": 2, "flask": 1, "unstable_wand": 1, "cyclone": 5}, "runes": {"5": 1}, "kill_streaks": {}, "multi_kills": {}, "life_state": {"0": 1239, "1": 33, "2": 386}, "hero_id": 110, "hero_variant": 1, "kills": 1, "deaths": 14, "assists": 12, "leaver_status": 0, "last_hits": 53, "denies": 6, "gold_per_min": 281, "xp_per_min": 331, "level": 12, "net_worth": 5855, "hero_damage": 17995, "tower_damage": 0, "hero_healing": 17, "gold": 1200, "gold_spent": 5600, "win": 0, "lose": 1, "total_gold": 7760, "total_xp": 9141, "kills_per_min": 0.036210018105009054, "kda": 0.87, "abandons": 0, "neutral_kills": 1, "tower_kills": 0, "courier_kills": 2, "lane_kills": 45, "hero_kills": 1, "observer_kills": 1, "sentry_kills": 5, "roshan_kills": 0, "necronomicon_kills": 0, "ancient_kills": 0, "buyback_count": 1, "observer_uses": 2, "sentry_uses": 2, "lane_efficiency": 0.4935327405012126, "lane_efficiency_pct": 49, "lane": 1, "lane_role": 1, "is_roaming": false, "purchase_ward_observer": 6, "purchase_ward_sentry": 7, "actions_per_min": 170, "life_state_dead": 419, "rank_tier": null, "benchmarks": {"gold_per_min": {"raw": 281, "pct": 0.09542314335060449}, "xp_per_min": {"raw": 331, "pct": 0.07987910189982729}, "kills_per_min": {"raw": 0.036210018105009054, "pct": 0.0729706390328152}, "last_hits_per_min": {"raw": 1.9191309595654795, "pct": 0.3160621761658031}, "hero_damage_per_min": {"raw": 651.5992757996379, "pct": 0.5988773747841105}, "hero_healing_per_min": {"raw": 0.6155703077851539, "pct": 0.047495682210708115}, "tower_damage": {"raw": 0, "pct": 0.14853195164075994}}}, {"player_slot": 128, "obs_placed": 2, "sen_placed": 0, "creeps_stacked": 0, "camps_stacked": 0, "rune_pickups": 10, "teamfight_participation": 0.5283019, "observers_placed": 2, "stuns": 23.833399, "obs_log": [{"time": -52, "type": "obs_log", "slot": 5, "x": 122.9, "y": 120.7, "z": 129, "entityleft": false, "ehandle": 12764365, "key": "[123,121]", "player_slot": 128}, {"time": 312, "type": "obs_log", "slot": 5, "x": 123.5, "y": 136.1, "z": 129, "entityleft": false, "ehandle": 14240008, "key": "[124,136]", "player_slot": 128}], "sen_log": [], "obs_left_log": [{"time": 33, "type": "obs_left_log", "slot": 5, "attackername": "npc_dota_hero_templar_assassin", "x": 122.9, "y": 120.7, "z": 129, "entityleft": true, "ehandle": 12764365, "key": "[123,121]", "player_slot": 128}, {"time": 672, "type": "obs_left_log", "slot": 5, "attackername": "npc_dota_hero_snapfire", "x": 123.5, "y": 136.1, "z": 129, "entityleft": true, "ehandle": 14240008, "key": "[124,136]", "player_slot": 128}], "sen_left_log": [], "obs": {"123": {"121": 1}, "124": {"136": 1}}, "sen": {}, "pings": 10, "purchase": {"ward_observer": 2, "tango": 1, "magic_stick": 1, "branches": 2, "circlet": 1, "bottle": 1, "recipe_magic_wand": 1, "gauntlets": 1, "magic_wand": 1, "recipe_bracer": 1, "bracer": 1, "boots": 1, "gloves": 1, "javelin": 1, "mithril_hammer": 1, "tpscroll": 2, "maelstrom": 1, "blade_of_alacrity": 1, "belt_of_strength": 1, "dragon_lance": 1, "recipe_dragon_lance": 1, "staff_of_wizardry": 2, "recipe_rod_of_atos": 1, "recipe_gungir": 1, "vitality_booster": 1, "rod_of_atos": 1, "gungir": 1, "fluffy_hat": 1, "force_staff": 1, "recipe_force_staff": 1, "recipe_hurricane_pike": 1, "hurricane_pike": 1, "recipe_travel_boots": 1, "claymore": 1, "blades_of_attack": 1, "lesser_crit": 1, "recipe_lesser_crit": 1, "demon_edge": 1, "recipe_greater_crit": 1, "greater_crit": 1}, "item_uses": {"ward_observer": 2, "bottle": 36, "magic_wand": 6, "tpscroll": 8, "royal_jelly": 7, "gungir": 11, "hurricane_pike": 4}, "runes": {"0": 1, "1": 1, "4": 1, "5": 1, "6": 1, "7": 2, "8": 2, "9": 1}, "kill_streaks": {"3": 4, "4": 1, "5": 1, "6": 1, "7": 1, "8": 1}, "multi_kills": {"2": 3, "3": 1}, "life_state": {"0": 1487, "1": 23, "2": 148}, "hero_id": 128, "hero_variant": 1, "kills": 17, "deaths": 4, "assists": 11, "leaver_status": 0, "last_hits": 200, "denies": 12, "gold_per_min": 726, "xp_per_min": 894, "level": 21, "net_worth": 19335, "hero_damage": 28052, "tower_damage": 7264, "hero_healing": 310, "gold": 880, "gold_spent": 19420, "win": 1, "lose": 0, "total_gold": 20049, "total_xp": 24689, "kills_per_min": 0.6155703077851539, "kda": 5.6, "abandons": 0, "neutral_kills": 57, "tower_kills": 3, "courier_kills": 1, "lane_kills": 132, "hero_kills": 17, "observer_kills": 0, "sentry_kills": 0, "roshan_kills": 0, "necronomicon_kills": 0, "ancient_kills": 17, "buyback_count": 0, "observer_uses": 2, "sentry_uses": 0, "lane_efficiency": 0.845392077607114, "lane_efficiency_pct": 84, "lane": 2, "lane_role": 2, "is_roaming": false, "purchase_ward_observer": 2, "purchase_tpscroll": 2, "actions_per_min": 225, "life_state_dead": 171, "rank_tier": null, "benchmarks": {"gold_per_min": {"raw": 726, "pct": 0.9554089709762533}, "xp_per_min": {"raw": 894, "pct": 0.8931398416886543}, "kills_per_min": {"raw": 0.6155703077851539, "pct": 0.9912928759894459}, "last_hits_per_min": {"raw": 7.24200362100181, "pct": 0.9007915567282322}, "hero_damage_per_min": {"raw": 1015.7634278817138, "pct": 0.8918205804749341}, "hero_healing_per_min": {"raw": 11.225105612552806, "pct": 0.6807387862796834}, "tower_damage": {"raw": 7264, "pct": 0.8701846965699208}}}, {"player_slot": 129, "obs_placed": 2, "sen_placed": 4, "creeps_stacked": 3, "camps_stacked": 1, "rune_pickups": 2, "teamfight_participation": 0.6415094, "observers_placed": 2, "stuns": 0, "obs_log": [{"time": 910, "type": "obs_log", "slot": 6, "x": 115.7, "y": 102.6, "z": 130, "entityleft": false, "ehandle": 1378133, "key": "[116,103]", "player_slot": 129}, {"time": 947, "type": "obs_log", "slot": 6, "x": 111.9, "y": 114.2, "z": 129, "entityleft": false, "ehandle": 16614952, "key": "[112,114]", "player_slot": 129}], "sen_log": [{"time": 114, "type": "sen_log", "slot": 6, "x": 89.7, "y": 162.1, "z": 129, "entityleft": false, "ehandle": 13944925, "key": "[90,162]", "player_slot": 129}, {"time": 570, "type": "sen_log", "slot": 6, "x": 122.1, "y": 124.4, "z": 128.1, "entityleft": false, "ehandle": 14780622, "key": "[122,124]", "player_slot": 129}, {"time": 675, "type": "sen_log", "slot": 6, "x": 82.2, "y": 151.2, "z": 129, "entityleft": false, "ehandle": 10963065, "key": "[82,151]", "player_slot": 129}, {"time": 912, "type": "sen_log", "slot": 6, "x": 119.4, "y": 102.5, "z": 130, "entityleft": false, "ehandle": 6097271, "key": "[119,103]", "player_slot": 129}], "obs_left_log": [{"time": 988, "type": "obs_left_log", "slot": 6, "attackername": "npc_dota_hero_zuus", "x": 115.7, "y": 102.6, "z": 130, "entityleft": true, "ehandle": 1378133, "key": "[116,103]", "player_slot": 129}, {"time": 1123, "type": "obs_left_log", "slot": 6, "attackername": "npc_dota_hero_beastmaster", "x": 111.9, "y": 114.2, "z": 129, "entityleft": true, "ehandle": 16614952, "key": "[112,114]", "player_slot": 129}], "sen_left_log": [{"time": 522, "type": "sen_left_log", "slot": 6, "attackername": "npc_dota_hero_juggernaut", "x": 89.7, "y": 162.1, "z": 129, "entityleft": true, "ehandle": 13944925, "key": "[90,162]", "player_slot": 129}, {"time": 925, "type": "sen_left_log", "slot": 6, "attackername": "npc_dota_hero_phoenix", "x": 122.1, "y": 124.4, "z": 128.1, "entityleft": true, "ehandle": 14780622, "key": "[122,124]", "player_slot": 129}, {"time": 1095, "type": "sen_left_log", "slot": 6, "attackername": "npc_dota_hero_undying", "x": 82.2, "y": 151.2, "z": 129, "entityleft": true, "ehandle": 10963065, "key": "[82,151]", "player_slot": 129}, {"time": 1120, "type": "sen_left_log", "slot": 6, "attackername": "npc_dota_hero_zuus", "x": 119.4, "y": 102.5, "z": 130, "entityleft": true, "ehandle": 6097271, "key": "[119,103]", "player_slot": 129}], "obs": {"112": {"114": 1}, "116": {"103": 1}}, "sen": {"82": {"151": 1}, "90": {"162": 1}, "119": {"103": 1}, "122": {"124": 1}}, "pings": 2, "purchase": {"tango": 1, "enchanted_mango": 7, "blood_grenade": 3, "ward_sentry": 4, "faerie_fire": 2, "magic_stick": 1, "branches": 2, "recipe_magic_wand": 1, "magic_wand": 1, "sobi_mask": 1, "ring_of_basilius": 1, "recipe_ring_of_basilius": 1, "boots": 1, "ward_dispenser": 2, "ward_observer": 2, "smoke_of_deceit": 2, "recipe_arcane_boots": 1, "arcane_boots": 1, "broadsword": 1, "chainmail": 1, "recipe_blade_mail": 1, "blade_mail": 1, "tpscroll": 2, "ogre_axe": 2, "belt_of_strength": 1, "recipe_sange": 1, "sange": 1, "recipe_heavens_halberd": 1, "talisman_of_evasion": 1, "heavens_halberd": 1, "great_famango": 1, "staff_of_wizardry": 1, "blade_of_alacrity": 1}, "item_uses": {"blood_grenade": 3, "tango": 3, "faerie_fire": 1, "enchanted_mango": 7, "ward_sentry": 1, "tpscroll": 7, "famango": 1, "magic_wand": 11, "ward_dispenser": 6, "arcane_boots": 15, "arcane_ring": 4, "ward_observer": 1, "blade_mail": 5, "heavens_halberd": 3}, "runes": {"5": 2}, "kill_streaks": {"3": 1}, "multi_kills": {}, "life_state": {"0": 1500, "1": 13, "2": 145}, "account_id": 1033464859, "hero_id": 85, "hero_variant": 1, "kills": 5, "deaths": 7, "assists": 30, "leaver_status": 0, "last_hits": 55, "denies": 1, "gold_per_min": 467, "xp_per_min": 616, "level": 17, "net_worth": 11880, "hero_damage": 12459, "tower_damage": 2626, "hero_healing": 1170, "gold": 1080, "gold_spent": 11875, "win": 1, "lose": 0, "total_gold": 12896, "total_xp": 17011, "kills_per_min": 0.18105009052504525, "kda": 4.38, "abandons": 0, "neutral_kills": 7, "tower_kills": 0, "courier_kills": 0, "lane_kills": 41, "hero_kills": 5, "observer_kills": 1, "sentry_kills": 0, "roshan_kills": 0, "necronomicon_kills": 0, "ancient_kills": 0, "buyback_count": 0, "observer_uses": 1, "sentry_uses": 1, "lane_efficiency": 0.501818916734034, "lane_efficiency_pct": 50, "lane": 3, "lane_role": 1, "is_roaming": false, "purchase_ward_observer": 2, "purchase_ward_sentry": 4, "purchase_tpscroll": 2, "actions_per_min": 103, "life_state_dead": 158, "rank_tier": 73, "benchmarks": {"gold_per_min": {"raw": 467, "pct": 0.7501067919692439}, "xp_per_min": {"raw": 616, "pct": 0.5903460059803503}, "kills_per_min": {"raw": 0.18105009052504525, "pct": 0.6206749252456215}, "last_hits_per_min": {"raw": 1.9915509957754978, "pct": 0.41136266552755235}, "hero_damage_per_min": {"raw": 451.1406155703078, "pct": 0.6035882101665955}, "hero_healing_per_min": {"raw": 42.3657211828606, "pct": 0.3532678342588637}, "tower_damage": {"raw": 2626, "pct": 0.8846646732165742}}}, {"player_slot": 130, "obs_placed": 0, "sen_placed": 0, "creeps_stacked": 0, "camps_stacked": 0, "rune_pickups": 2, "teamfight_participation": 0.6792453, "observers_placed": 0, "stuns": 96.99983, "obs_log": [], "sen_log": [], "obs_left_log": [], "sen_left_log": [], "obs": {}, "sen": {}, "pings": 22, "purchase": {"branches": 2, "circlet": 1, "quelling_blade": 1, "gauntlets": 1, "tango": 2, "recipe_bracer": 1, "bracer": 1, "boots": 1, "sobi_mask": 1, "ring_of_basilius": 1, "recipe_ring_of_basilius": 1, "recipe_arcane_boots": 1, "arcane_boots": 1, "magic_stick": 1, "recipe_magic_wand": 1, "magic_wand": 1, "flask": 1, "ring_of_regen": 2, "headdress": 2, "recipe_headdress": 2, "chainmail": 1, "recipe_mekansm": 1, "clarity": 5, "mekansm": 1, "vitality_booster": 1, "staff_of_wizardry": 1, "recipe_rod_of_atos": 1, "rod_of_atos": 1, "cloak": 1, "ring_of_tarrasque": 1, "tpscroll": 2, "recipe_pipe": 1, "pipe": 1, "enchanted_mango": 2, "ring_of_protection": 1, "buckler": 1, "recipe_buckler": 1, "recipe_guardian_greaves": 1, "guardian_greaves": 1, "helm_of_iron_will": 1, "recipe_veil_of_discord": 1, "veil_of_discord": 1, "crown": 1}, "item_uses": {"quelling_blade": 11, "tango": 6, "tpscroll": 5, "arcane_boots": 17, "flask": 1, "famango": 2, "mekansm": 8, "clarity": 4, "magic_wand": 6, "rod_of_atos": 16, "enchanted_mango": 2, "pipe": 6, "guardian_greaves": 5, "veil_of_discord": 6}, "runes": {"4": 1, "5": 1}, "kill_streaks": {"3": 1, "4": 1, "5": 1, "6": 1, "7": 1, "8": 1, "9": 1, "10": 1, "11": 1, "12": 1}, "multi_kills": {"2": 2}, "life_state": {"0": 1575, "1": 7, "2": 76}, "hero_id": 108, "hero_variant": 1, "kills": 13, "deaths": 3, "assists": 24, "leaver_status": 0, "last_hits": 134, "denies": 16, "gold_per_min": 603, "xp_per_min": 637, "level": 18, "net_worth": 16094, "hero_damage": 17901, "tower_damage": 9604, "hero_healing": 6295, "gold": 2339, "gold_spent": 14565, "win": 1, "lose": 0, "total_gold": 16652, "total_xp": 17591, "kills_per_min": 0.47073023536511766, "kda": 9.25, "abandons": 0, "neutral_kills": 36, "tower_kills": 3, "courier_kills": 0, "lane_kills": 98, "hero_kills": 13, "observer_kills": 0, "sentry_kills": 0, "roshan_kills": 0, "necronomicon_kills": 0, "ancient_kills": 0, "buyback_count": 0, "observer_uses": 0, "sentry_uses": 0, "lane_efficiency": 1.0028294260307196, "lane_efficiency_pct": 100, "lane": 1, "lane_role": 3, "is_roaming": false, "purchase_tpscroll": 2, "actions_per_min": 301, "life_state_dead": 83, "rank_tier": null, "benchmarks": {"gold_per_min": {"raw": 603, "pct": 0.9190059825126553}, "xp_per_min": {"raw": 637, "pct": 0.5370455591348366}, "kills_per_min": {"raw": 0.4707302353651177, "pct": 0.9940174873446848}, "last_hits_per_min": {"raw": 4.852142426071213, "pct": 0.5448688449148642}, "hero_damage_per_min": {"raw": 648.1955340977671, "pct": 0.6138978370915784}, "hero_healing_per_min": {"raw": 227.94206397103198, "pct": 0.9337321675103544}, "tower_damage": {"raw": 9604, "pct": 0.9641049240681087}}}, {"player_slot": 131, "obs_placed": 5, "sen_placed": 11, "creeps_stacked": 17, "camps_stacked": 4, "rune_pickups": 4, "teamfight_participation": 0.7358491, "observers_placed": 5, "stuns": 55.067966, "obs_log": [{"time": 370, "type": "obs_log", "slot": 8, "x": 158.4, "y": 92.3, "z": 132.2, "entityleft": false, "ehandle": 16157178, "key": "[158,92]", "player_slot": 131}, {"time": 642, "type": "obs_log", "slot": 8, "x": 140.2, "y": 95.4, "z": 130, "entityleft": false, "ehandle": 4244655, "key": "[140,95]", "player_slot": 131}, {"time": 916, "type": "obs_log", "slot": 8, "x": 120.4, "y": 88.2, "z": 130, "entityleft": false, "ehandle": 1280305, "key": "[120,88]", "player_slot": 131}, {"time": 1018, "type": "obs_log", "slot": 8, "x": 94.1, "y": 119.9, "z": 132.2, "entityleft": false, "ehandle": 3359859, "key": "[94,120]", "player_slot": 131}, {"time": 1118, "type": "obs_log", "slot": 8, "x": 134.2, "y": 92.2, "z": 132.2, "entityleft": false, "ehandle": 3835888, "key": "[134,92]", "player_slot": 131}], "sen_log": [{"time": -40, "type": "sen_log", "slot": 8, "x": 128.6, "y": 122.3, "z": 128, "entityleft": false, "ehandle": 11388113, "key": "[129,122]", "player_slot": 131}, {"time": 71, "type": "sen_log", "slot": 8, "x": 154.2, "y": 89.1, "z": 129, "entityleft": false, "ehandle": 15550278, "key": "[154,89]", "player_slot": 131}, {"time": 232, "type": "sen_log", "slot": 8, "x": 169.9, "y": 95.8, "z": 129, "entityleft": false, "ehandle": 4032309, "key": "[170,96]", "player_slot": 131}, {"time": 292, "type": "sen_log", "slot": 8, "x": 160, "y": 88.9, "z": 129, "entityleft": false, "ehandle": 4622408, "key": "[160,89]", "player_slot": 131}, {"time": 364, "type": "sen_log", "slot": 8, "x": 158.1, "y": 91.6, "z": 132.2, "entityleft": false, "ehandle": 14191021, "key": "[158,92]", "player_slot": 131}, {"time": 544, "type": "sen_log", "slot": 8, "x": 152, "y": 108.5, "z": 128, "entityleft": false, "ehandle": 15386040, "key": "[152,109]", "player_slot": 131}, {"time": 631, "type": "sen_log", "slot": 8, "x": 158, "y": 92.1, "z": 132.2, "entityleft": false, "ehandle": 3393606, "key": "[158,92]", "player_slot": 131}, {"time": 855, "type": "sen_log", "slot": 8, "x": 122.8, "y": 125.5, "z": 128, "entityleft": false, "ehandle": 12486031, "key": "[123,126]", "player_slot": 131}, {"time": 911, "type": "sen_log", "slot": 8, "x": 134, "y": 92.2, "z": 132.2, "entityleft": false, "ehandle": 84139, "key": "[134,92]", "player_slot": 131}, {"time": 1086, "type": "sen_log", "slot": 8, "x": 99, "y": 120.8, "z": 130, "entityleft": false, "ehandle": 13878983, "key": "[99,121]", "player_slot": 131}, {"time": 1099, "type": "sen_log", "slot": 8, "x": 106.8, "y": 111.8, "z": 129, "entityleft": false, "ehandle": 14254324, "key": "[107,112]", "player_slot": 131}], "obs_left_log": [{"time": 471, "type": "obs_left_log", "slot": 8, "attackername": "npc_dota_hero_phoenix", "x": 158.4, "y": 92.3, "z": 132.2, "entityleft": true, "ehandle": 16157178, "key": "[158,92]", "player_slot": 131}, {"time": 1002, "type": "obs_left_log", "slot": 8, "attackername": "npc_dota_hero_vengefulspirit", "x": 140.2, "y": 95.4, "z": 130, "entityleft": true, "ehandle": 4244655, "key": "[140,95]", "player_slot": 131}, {"time": 1100, "type": "obs_left_log", "slot": 8, "attackername": "npc_dota_hero_beastmaster", "x": 120.4, "y": 88.2, "z": 130, "entityleft": true, "ehandle": 1280305, "key": "[120,88]", "player_slot": 131}, {"time": 1141, "type": "obs_left_log", "slot": 8, "attackername": "npc_dota_hero_zuus", "x": 134.2, "y": 92.2, "z": 132.2, "entityleft": true, "ehandle": 3835888, "key": "[134,92]", "player_slot": 131}, {"time": 1378, "type": "obs_left_log", "slot": 8, "attackername": "npc_dota_hero_vengefulspirit", "x": 94.1, "y": 119.9, "z": 132.2, "entityleft": true, "ehandle": 3359859, "key": "[94,120]", "player_slot": 131}], "sen_left_log": [{"time": 27, "type": "sen_left_log", "slot": 8, "attackername": "npc_dota_hero_templar_assassin", "x": 128.6, "y": 122.3, "z": 128, "entityleft": true, "ehandle": 11388113, "key": "[129,122]", "player_slot": 131}, {"time": 133, "type": "sen_left_log", "slot": 8, "attackername": "npc_dota_hero_phoenix", "x": 154.2, "y": 89.1, "z": 129, "entityleft": true, "ehandle": 15550278, "key": "[154,89]", "player_slot": 131}, {"time": 298, "type": "sen_left_log", "slot": 8, "attackername": "npc_dota_hero_phoenix", "x": 160, "y": 88.9, "z": 129, "entityleft": true, "ehandle": 4622408, "key": "[160,89]", "player_slot": 131}, {"time": 469, "type": "sen_left_log", "slot": 8, "attackername": "npc_dota_hero_phoenix", "x": 158.1, "y": 91.6, "z": 132.2, "entityleft": true, "ehandle": 14191021, "key": "[158,92]", "player_slot": 131}, {"time": 652, "type": "sen_left_log", "slot": 8, "attackername": "npc_dota_hero_vengefulspirit", "x": 169.9, "y": 95.8, "z": 129, "entityleft": true, "ehandle": 4032309, "key": "[170,96]", "player_slot": 131}, {"time": 928, "type": "sen_left_log", "slot": 8, "attackername": "npc_dota_hero_phoenix", "x": 122.8, "y": 125.5, "z": 128, "entityleft": true, "ehandle": 12486031, "key": "[123,126]", "player_slot": 131}, {"time": 964, "type": "sen_left_log", "slot": 8, "attackername": "npc_dota_hero_vengefulspirit", "x": 152, "y": 108.5, "z": 128, "entityleft": true, "ehandle": 15386040, "key": "[152,109]", "player_slot": 131}, {"time": 1051, "type": "sen_left_log", "slot": 8, "attackername": "npc_dota_hero_vengefulspirit", "x": 158, "y": 92.1, "z": 132.2, "entityleft": true, "ehandle": 3393606, "key": "[158,92]", "player_slot": 131}, {"time": 1124, "type": "sen_left_log", "slot": 8, "attackername": "npc_dota_hero_beastmaster", "x": 106.8, "y": 111.8, "z": 129, "entityleft": true, "ehandle": 14254324, "key": "[107,112]", "player_slot": 131}, {"time": 1138, "type": "sen_left_log", "slot": 8, "attackername": "npc_dota_hero_zuus", "x": 134, "y": 92.2, "z": 132.2, "entityleft": true, "ehandle": 84139, "key": "[134,92]", "player_slot": 131}, {"time": 1506, "type": "sen_left_log", "slot": 8, "attackername": "npc_dota_hero_vengefulspirit", "x": 99, "y": 120.8, "z": 130, "entityleft": true, "ehandle": 13878983, "key": "[99,121]", "player_slot": 131}], "obs": {"94": {"120": 1}, "120": {"88": 1}, "134": {"92": 1}, "140": {"95": 1}, "158": {"92": 1}}, "sen": {"99": {"121": 1}, "107": {"112": 1}, "123": {"126": 1}, "129": {"122": 1}, "134": {"92": 1}, "152": {"109": 1}, "154": {"89": 1}, "158": {"92": 2}, "160": {"89": 1}, "170": {"96": 1}}, "pings": 6, "purchase": {"branches": 2, "circlet": 1, "tango": 1, "blood_grenade": 2, "ward_sentry": 13, "boots": 1, "sobi_mask": 2, "ward_observer": 7, "ward_dispenser": 11, "magic_stick": 1, "ring_of_protection": 2, "recipe_urn_of_shadows": 1, "smoke_of_deceit": 1, "urn_of_shadows": 1, "dust": 2, "point_booster": 1, "magic_wand": 1, "recipe_magic_wand": 1, "ogre_axe": 1, "blade_of_alacrity": 1, "staff_of_wizardry": 1, "ultimate_scepter": 1, "buckler": 1, "recipe_buckler": 1, "ring_of_basilius": 1, "recipe_ring_of_basilius": 1, "lifesteal": 1, "vladmir": 1, "blades_of_attack": 1, "crown": 1, "fluffy_hat": 1, "recipe_spirit_vessel": 1, "spirit_vessel": 1}, "item_uses": {"ward_sentry": 2, "tango": 3, "tpscroll": 6, "blood_grenade": 1, "ward_dispenser": 15, "ward_observer": 5, "magic_stick": 2, "urn_of_shadows": 13, "dust": 2, "magic_wand": 6}, "runes": {"3": 1, "5": 2, "8": 1}, "kill_streaks": {"3": 1, "4": 1, "5": 1}, "multi_kills": {"2": 2}, "life_state": {"0": 1462, "1": 13, "2": 183}, "hero_id": 20, "hero_variant": 1, "kills": 9, "deaths": 7, "assists": 30, "leaver_status": 0, "last_hits": 34, "denies": 1, "gold_per_min": 447, "xp_per_min": 698, "level": 18, "net_worth": 11538, "hero_damage": 16647, "tower_damage": 2964, "hero_healing": 1557, "gold": 1208, "gold_spent": 11180, "win": 1, "lose": 0, "total_gold": 12344, "total_xp": 19276, "kills_per_min": 0.32589016294508144, "kda": 4.88, "abandons": 0, "neutral_kills": 12, "tower_kills": 1, "courier_kills": 0, "lane_kills": 17, "hero_kills": 9, "observer_kills": 1, "sentry_kills": 3, "roshan_kills": 0, "necronomicon_kills": 0, "ancient_kills": 0, "buyback_count": 0, "observer_uses": 5, "sentry_uses": 2, "lane_efficiency": 0.4700889248181083, "lane_efficiency_pct": 47, "lane": 1, "lane_role": 3, "is_roaming": false, "purchase_ward_observer": 7, "purchase_ward_sentry": 13, "actions_per_min": 321, "life_state_dead": 196, "rank_tier": null, "benchmarks": {"gold_per_min": {"raw": 447, "pct": 0.7477050636659757}, "xp_per_min": {"raw": 698, "pct": 0.7059520284275984}, "kills_per_min": {"raw": 0.3258901629450815, "pct": 0.9505478235119929}, "last_hits_per_min": {"raw": 1.2311406155703077, "pct": 0.36363636363636365}, "hero_damage_per_min": {"raw": 602.7881713940858, "pct": 0.7906425821735268}, "hero_healing_per_min": {"raw": 56.3789981894991, "pct": 0.9464021320698845}, "tower_damage": {"raw": 2964, "pct": 0.7740598164050932}}}, {"player_slot": 132, "obs_placed": 0, "sen_placed": 0, "creeps_stacked": 0, "camps_stacked": 0, "rune_pickups": 3, "teamfight_participation": 0.3207547, "observers_placed": 0, "stuns": 8.966553, "obs_log": [], "sen_log": [], "obs_left_log": [], "sen_left_log": [], "obs": {}, "sen": {}, "pings": 25, "purchase": {"branches": 3, "quelling_blade": 1, "magic_stick": 1, "tango": 2, "boots": 1, "recipe_magic_wand": 1, "blades_of_attack": 1, "magic_wand": 1, "chainmail": 1, "phase_boots": 1, "gloves": 1, "javelin": 1, "mithril_hammer": 1, "maelstrom": 1, "tpscroll": 4, "staff_of_wizardry": 5, "blade_of_alacrity": 2, "boots_of_elves": 1, "recipe_yasha": 1, "yasha": 1, "diadem": 1, "recipe_rod_of_atos": 1, "recipe_gungir": 1, "rod_of_atos": 1, "vitality_booster": 1, "gungir": 1, "recipe_manta": 1, "manta": 1, "enchanted_mango": 4, "ogre_axe": 1, "ultimate_scepter": 1, "point_booster": 1}, "item_uses": {"quelling_blade": 28, "tango": 6, "magic_stick": 1, "phase_boots": 114, "magic_wand": 13, "famango": 2, "tpscroll": 4, "gungir": 4, "enchanted_mango": 4, "manta": 2}, "runes": {"5": 2, "8": 1}, "kill_streaks": {"3": 1, "4": 1, "5": 1, "6": 1, "7": 1}, "multi_kills": {"2": 1}, "life_state": {"0": 1592, "1": 3, "2": 63}, "hero_id": 8, "hero_variant": 2, "kills": 9, "deaths": 1, "assists": 8, "leaver_status": 0, "last_hits": 244, "denies": 26, "gold_per_min": 689, "xp_per_min": 772, "level": 19, "net_worth": 18581, "hero_damage": 10248, "tower_damage": 12486, "hero_healing": 7588, "gold": 2031, "gold_spent": 20520, "win": 1, "lose": 0, "total_gold": 19027, "total_xp": 21320, "kills_per_min": 0.32589016294508144, "kda": 8.5, "abandons": 0, "neutral_kills": 81, "tower_kills": 4, "courier_kills": 0, "lane_kills": 165, "hero_kills": 9, "observer_kills": 0, "sentry_kills": 1, "roshan_kills": 1, "necronomicon_kills": 0, "ancient_kills": 3, "buyback_count": 0, "observer_uses": 0, "sentry_uses": 0, "lane_efficiency": 0.8219482619240097, "lane_efficiency_pct": 82, "lane": 3, "lane_role": 1, "is_roaming": false, "purchase_tpscroll": 4, "actions_per_min": 402, "life_state_dead": 66, "rank_tier": null, "benchmarks": {"gold_per_min": {"raw": 689, "pct": 0.744988434849653}, "xp_per_min": {"raw": 772, "pct": 0.49036237471087124}, "kills_per_min": {"raw": 0.3258901629450815, "pct": 0.7455666923670008}, "last_hits_per_min": {"raw": 8.83524441762221, "pct": 0.8047417116422514}, "hero_damage_per_min": {"raw": 371.08026554013276, "pct": 0.1295296838858905}, "hero_healing_per_min": {"raw": 274.76161738080873, "pct": 0.7775636083269083}, "tower_damage": {"raw": 12486, "pct": 0.7638781804163454}}}], "duration": 1657, "radiant_win": false, "lobby_type": 7, "radiant_score": 22, "dire_score": 53, "metadata": null, "comeback": 246, "stomp": 23418, "replay_url": "http://replay274.valve.net/570/7865883511_641555208.dem.bz2"}