{"match_id": 7865858235, "players": [{"player_slot": 0, "obs_placed": 10, "sen_placed": 5, "creeps_stacked": 0, "camps_stacked": 0, "rune_pickups": 0, "teamfight_participation": 0.7368421, "observers_placed": 10, "stuns": 124.83472, "obs_log": [{"time": 351, "type": "obs_log", "slot": 0, "x": 171.4, "y": 102.9, "z": 129, "entityleft": false, "ehandle": 10111295, "key": "[171,103]", "player_slot": 0}, {"time": 850, "type": "obs_log", "slot": 0, "x": 146.2, "y": 97.9, "z": 129, "entityleft": false, "ehandle": 1984329, "key": "[146,98]", "player_slot": 0}, {"time": 981, "type": "obs_log", "slot": 0, "x": 153.9, "y": 139.3, "z": 129, "entityleft": false, "ehandle": 1016632, "key": "[154,139]", "player_slot": 0}, {"time": 986, "type": "obs_log", "slot": 0, "x": 164.2, "y": 134.1, "z": 132.1, "entityleft": false, "ehandle": 5555950, "key": "[164,134]", "player_slot": 0}, {"time": 1112, "type": "obs_log", "slot": 0, "x": 135.9, "y": 154.2, "z": 131.1, "entityleft": false, "ehandle": 10275150, "key": "[136,154]", "player_slot": 0}, {"time": 1117, "type": "obs_log", "slot": 0, "x": 137.5, "y": 170.7, "z": 129, "entityleft": false, "ehandle": 15942524, "key": "[138,171]", "player_slot": 0}, {"time": 1486, "type": "obs_log", "slot": 0, "x": 96.2, "y": 139.9, "z": 132.2, "entityleft": false, "ehandle": 4163765, "key": "[96,140]", "player_slot": 0}, {"time": 1600, "type": "obs_log", "slot": 0, "x": 122.7, "y": 136, "z": 129, "entityleft": false, "ehandle": 8898739, "key": "[123,136]", "player_slot": 0}, {"time": 1631, "type": "obs_log", "slot": 0, "x": 135.8, "y": 153.9, "z": 131.1, "entityleft": false, "ehandle": 12012153, "key": "[136,154]", "player_slot": 0}, {"time": 1727, "type": "obs_log", "slot": 0, "x": 87.8, "y": 147.7, "z": 129, "entityleft": false, "ehandle": 2640742, "key": "[88,148]", "player_slot": 0}], "sen_log": [{"time": 594, "type": "sen_log", "slot": 0, "x": 82.9, "y": 153.5, "z": 129, "entityleft": false, "ehandle": 15239452, "key": "[83,154]", "player_slot": 0}, {"time": 1169, "type": "sen_log", "slot": 0, "x": 128.8, "y": 117.6, "z": 129, "entityleft": false, "ehandle": 362872, "key": "[129,118]", "player_slot": 0}, {"time": 1324, "type": "sen_log", "slot": 0, "x": 159.3, "y": 121.2, "z": 130, "entityleft": false, "ehandle": 4621946, "key": "[159,121]", "player_slot": 0}, {"time": 1388, "type": "sen_log", "slot": 0, "x": 133.9, "y": 92, "z": 132.2, "entityleft": false, "ehandle": 3557255, "key": "[134,92]", "player_slot": 0}, {"time": 1483, "type": "sen_log", "slot": 0, "x": 96, "y": 140.2, "z": 132.2, "entityleft": false, "ehandle": 10750129, "key": "[96,140]", "player_slot": 0}], "obs_left_log": [{"time": 711, "type": "obs_left_log", "slot": 0, "attackername": "npc_dota_hero_spirit_breaker", "x": 171.4, "y": 102.9, "z": 129, "entityleft": true, "ehandle": 10111295, "key": "[171,103]", "player_slot": 0}, {"time": 1077, "type": "obs_left_log", "slot": 0, "attackername": "npc_dota_hero_hoodwink", "x": 146.2, "y": 97.9, "z": 129, "entityleft": true, "ehandle": 1984329, "key": "[146,98]", "player_slot": 0}, {"time": 1247, "type": "obs_left_log", "slot": 0, "attackername": "npc_dota_hero_venomancer", "x": 135.9, "y": 154.2, "z": 131.1, "entityleft": true, "ehandle": 10275150, "key": "[136,154]", "player_slot": 0}, {"time": 1341, "type": "obs_left_log", "slot": 0, "attackername": "npc_dota_hero_spirit_breaker", "x": 153.9, "y": 139.3, "z": 129, "entityleft": true, "ehandle": 1016632, "key": "[154,139]", "player_slot": 0}, {"time": 1346, "type": "obs_left_log", "slot": 0, "attackername": "npc_dota_hero_spirit_breaker", "x": 164.2, "y": 134.1, "z": 132.1, "entityleft": true, "ehandle": 5555950, "key": "[164,134]", "player_slot": 0}, {"time": 1478, "type": "obs_left_log", "slot": 0, "attackername": "npc_dota_hero_spirit_breaker", "x": 137.5, "y": 170.7, "z": 129, "entityleft": true, "ehandle": 15942524, "key": "[138,171]", "player_slot": 0}, {"time": 1846, "type": "obs_left_log", "slot": 0, "attackername": "npc_dota_hero_spirit_breaker", "x": 96.2, "y": 139.9, "z": 132.2, "entityleft": true, "ehandle": 4163765, "key": "[96,140]", "player_slot": 0}], "sen_left_log": [{"time": 1014, "type": "sen_left_log", "slot": 0, "attackername": "npc_dota_hero_spirit_breaker", "x": 82.9, "y": 153.5, "z": 129, "entityleft": true, "ehandle": 15239452, "key": "[83,154]", "player_slot": 0}, {"time": 1589, "type": "sen_left_log", "slot": 0, "attackername": "npc_dota_hero_spirit_breaker", "x": 128.8, "y": 117.6, "z": 129, "entityleft": true, "ehandle": 362872, "key": "[129,118]", "player_slot": 0}, {"time": 1744, "type": "sen_left_log", "slot": 0, "attackername": "npc_dota_hero_spirit_breaker", "x": 159.3, "y": 121.2, "z": 130, "entityleft": true, "ehandle": 4621946, "key": "[159,121]", "player_slot": 0}, {"time": 1808, "type": "sen_left_log", "slot": 0, "attackername": "npc_dota_hero_spirit_breaker", "x": 133.9, "y": 92, "z": 132.2, "entityleft": true, "ehandle": 3557255, "key": "[134,92]", "player_slot": 0}, {"time": 1903, "type": "sen_left_log", "slot": 0, "attackername": "npc_dota_hero_spirit_breaker", "x": 96, "y": 140.2, "z": 132.2, "entityleft": true, "ehandle": 10750129, "key": "[96,140]", "player_slot": 0}], "obs": {"88": {"148": 1}, "96": {"140": 1}, "123": {"136": 1}, "136": {"154": 2}, "138": {"171": 1}, "146": {"98": 1}, "154": {"139": 1}, "164": {"134": 1}, "171": {"103": 1}}, "sen": {"83": {"154": 1}, "96": {"140": 1}, "129": {"118": 1}, "134": {"92": 1}, "159": {"121": 1}}, "pings": 9, "purchase": {"bracer": 2, "blood_grenade": 2, "boots": 1, "ward_sentry": 9, "ward_dispenser": 14, "ward_observer": 11, "circlet": 1, "gauntlets": 1, "recipe_bracer": 1, "magic_stick": 1, "wind_lace": 1, "blades_of_attack": 1, "chainmail": 1, "phase_boots": 1, "tpscroll": 3, "blitz_knuckles": 1, "broadsword": 1, "shadow_amulet": 1, "invis_sword": 1, "ogre_axe": 2, "blade_of_alacrity": 1, "recipe_yasha": 1, "boots_of_elves": 1, "yasha": 1, "clarity": 2, "recipe_sange": 1, "belt_of_strength": 1, "sange": 1, "sange_and_yasha": 1, "hyperstone": 1}, "item_uses": {"tpscroll": 6, "blood_grenade": 1, "ward_dispenser": 17, "phase_boots": 83, "magic_stick": 3, "ward_observer": 1, "invis_sword": 10, "ward_sentry": 1, "clarity": 2, "famango": 1}, "runes": {}, "kill_streaks": {"3": 1}, "multi_kills": {}, "life_state": {"0": 1589, "1": 20, "2": 236}, "hero_id": 71, "hero_variant": 1, "kills": 7, "deaths": 7, "assists": 21, "leaver_status": 0, "last_hits": 90, "denies": 2, "gold_per_min": 451, "xp_per_min": 680, "level": 19, "net_worth": 12593, "hero_damage": 21966, "tower_damage": 192, "hero_healing": 0, "gold": 483, "gold_spent": 14110, "win": 0, "lose": 1, "total_gold": 13860, "total_xp": 20898, "kills_per_min": 0.227765726681128, "kda": 3.5, "abandons": 0, "neutral_kills": 20, "tower_kills": 0, "courier_kills": 0, "lane_kills": 51, "hero_kills": 7, "observer_kills": 0, "sentry_kills": 2, "roshan_kills": 0, "necronomicon_kills": 0, "ancient_kills": 0, "buyback_count": 0, "observer_uses": 1, "sentry_uses": 1, "lane_efficiency": 0.5254648342764754, "lane_efficiency_pct": 52, "lane": 1, "lane_role": 1, "is_roaming": false, "purchase_ward_observer": 11, "purchase_ward_sentry": 9, "purchase_tpscroll": 3, "actions_per_min": 101, "life_state_dead": 256, "rank_tier": null, "benchmarks": {"gold_per_min": {"raw": 451, "pct": 0.611664591116646}, "xp_per_min": {"raw": 680, "pct": 0.5417185554171855}, "kills_per_min": {"raw": 0.22776572668112796, "pct": 0.7320464923204649}, "last_hits_per_min": {"raw": 2.928416485900217, "pct": 0.5855126608551267}, "hero_damage_per_min": {"raw": 714.7288503253797, "pct": 0.8526359485263595}, "hero_healing_per_min": {"raw": 0, "pct": 0.7451224574512246}, "tower_damage": {"raw": 192, "pct": 0.34059775840597756}}}, {"player_slot": 1, "obs_placed": 1, "sen_placed": 1, "creeps_stacked": 6, "camps_stacked": 2, "rune_pickups": 5, "teamfight_participation": 0.6315789, "observers_placed": 1, "stuns": 9.666699, "obs_log": [{"time": -33, "type": "obs_log", "slot": 1, "x": 138.5, "y": 173.3, "z": 129, "entityleft": false, "ehandle": 4424065, "key": "[139,173]", "player_slot": 1}], "sen_log": [{"time": 107, "type": "sen_log", "slot": 1, "x": 102.6, "y": 163.4, "z": 129, "entityleft": false, "ehandle": 3688540, "key": "[103,163]", "player_slot": 1}], "obs_left_log": [{"time": 327, "type": "obs_left_log", "slot": 1, "attackername": "npc_dota_hero_bounty_hunter", "x": 138.5, "y": 173.3, "z": 129, "entityleft": true, "ehandle": 4424065, "key": "[139,173]", "player_slot": 1}], "sen_left_log": [{"time": 187, "type": "sen_left_log", "slot": 1, "attackername": "npc_dota_hero_venomancer", "x": 102.6, "y": 163.4, "z": 129, "entityleft": true, "ehandle": 3688540, "key": "[103,163]", "player_slot": 1}], "obs": {"139": {"173": 1}}, "sen": {"103": {"163": 1}}, "pings": 28, "purchase": {"ward_observer": 2, "boots": 1, "tango": 2, "faerie_fire": 1, "ward_sentry": 2, "ward_dispenser": 1, "flask": 1, "magic_stick": 1, "branches": 2, "magic_wand": 1, "recipe_magic_wand": 1, "tpscroll": 1, "ogre_axe": 1, "point_booster": 1, "staff_of_wizardry": 3, "blade_of_alacrity": 1, "ultimate_scepter": 1, "fluffy_hat": 1, "force_staff": 1, "recipe_force_staff": 1, "void_stone": 2, "recipe_aether_lens": 2, "energy_booster": 1, "aether_lens": 1, "wind_lace": 1, "cyclone": 1, "recipe_cyclone": 1}, "item_uses": {"ward_observer": 1, "tango": 6, "tpscroll": 8, "ward_sentry": 1, "flask": 1, "magic_wand": 8, "faerie_fire": 1, "famango": 3, "force_staff": 6, "cyclone": 2}, "runes": {"5": 3, "8": 2}, "kill_streaks": {}, "multi_kills": {}, "life_state": {"0": 1512, "1": 35, "2": 298}, "hero_id": 62, "hero_variant": 2, "kills": 7, "deaths": 12, "assists": 17, "leaver_status": 0, "last_hits": 28, "denies": 1, "gold_per_min": 515, "xp_per_min": 626, "level": 18, "net_worth": 14482, "hero_damage": 13911, "tower_damage": 91, "hero_healing": 0, "gold": 732, "gold_spent": 13570, "win": 0, "lose": 1, "total_gold": 15827, "total_xp": 19239, "kills_per_min": 0.227765726681128, "kda": 1.85, "abandons": 0, "neutral_kills": 6, "tower_kills": 1, "courier_kills": 3, "lane_kills": 15, "hero_kills": 7, "observer_kills": 0, "sentry_kills": 1, "roshan_kills": 0, "necronomicon_kills": 0, "ancient_kills": 0, "buyback_count": 1, "observer_uses": 1, "sentry_uses": 1, "lane_efficiency": 0.3872271624898949, "lane_efficiency_pct": 38, "lane": 3, "lane_role": 3, "is_roaming": false, "purchase_ward_observer": 2, "purchase_ward_sentry": 2, "purchase_tpscroll": 1, "actions_per_min": 110, "life_state_dead": 333, "rank_tier": null, "benchmarks": {"gold_per_min": {"raw": 515, "pct": 0.5765529308836396}, "xp_per_min": {"raw": 626, "pct": 0.5800524934383202}, "kills_per_min": {"raw": 0.22776572668112796, "pct": 0.7729658792650919}, "last_hits_per_min": {"raw": 0.9110629067245118, "pct": 0.2020997375328084}, "hero_damage_per_min": {"raw": 452.6355748373102, "pct": 0.46106736657917763}, "hero_healing_per_min": {"raw": 0, "pct": 0.6824146981627297}, "tower_damage": {"raw": 91, "pct": 0.3215223097112861}}}, {"player_slot": 2, "obs_placed": 1, "sen_placed": 1, "creeps_stacked": 9, "camps_stacked": 3, "rune_pickups": 3, "teamfight_participation": 0.2631579, "observers_placed": 1, "stuns": 0, "obs_log": [{"time": 568, "type": "obs_log", "slot": 2, "x": 147.5, "y": 71.6, "z": 131.2, "entityleft": false, "ehandle": 722629, "key": "[148,72]", "player_slot": 2}], "sen_log": [{"time": 568, "type": "sen_log", "slot": 2, "x": 147.5, "y": 71.6, "z": 131.2, "entityleft": false, "ehandle": 3770601, "key": "[148,72]", "player_slot": 2}], "obs_left_log": [{"time": 928, "type": "obs_left_log", "slot": 2, "attackername": "npc_dota_hero_ursa", "x": 147.5, "y": 71.6, "z": 131.2, "entityleft": true, "ehandle": 722629, "key": "[148,72]", "player_slot": 2}], "sen_left_log": [{"time": 988, "type": "sen_left_log", "slot": 2, "attackername": "npc_dota_hero_ursa", "x": 147.5, "y": 71.6, "z": 131.2, "entityleft": true, "ehandle": 3770601, "key": "[148,72]", "player_slot": 2}], "obs": {"148": {"72": 1}}, "sen": {"148": {"72": 1}}, "pings": 29, "purchase": {"quelling_blade": 1, "tango": 2, "slippers": 1, "circlet": 1, "branches": 2, "recipe_wraith_band": 1, "boots": 1, "wraith_band": 1, "wind_lace": 1, "chainmail": 2, "cornucopia": 1, "ward_sentry": 1, "ward_dispenser": 1, "ward_observer": 1, "claymore": 1, "broadsword": 1, "recipe_bfury": 1, "bfury": 1, "blink": 1, "tpscroll": 3, "mithril_hammer": 1, "ogre_axe": 1, "recipe_black_king_bar": 1, "black_king_bar": 1, "smoke_of_deceit": 1, "javelin": 1, "blitz_knuckles": 1, "recipe_monkey_king_bar": 1, "monkey_king_bar": 1, "demon_edge": 1, "phase_boots": 1, "blades_of_attack": 1}, "item_uses": {"quelling_blade": 10, "tango": 6, "tpscroll": 6, "royal_jelly": 12, "ward_dispenser": 1, "ward_sentry": 1, "bfury": 4, "blink": 20, "smoke_of_deceit": 1, "black_king_bar": 3, "phase_boots": 2}, "runes": {"5": 1, "8": 2}, "kill_streaks": {"3": 1, "4": 1}, "multi_kills": {"2": 1}, "life_state": {"0": 1584, "1": 10, "2": 251}, "hero_id": 70, "hero_variant": 1, "kills": 7, "deaths": 4, "assists": 3, "leaver_status": 0, "last_hits": 297, "denies": 6, "gold_per_min": 629, "xp_per_min": 868, "level": 22, "net_worth": 17937, "hero_damage": 16852, "tower_damage": 1604, "hero_healing": 0, "gold": 732, "gold_spent": 18725, "win": 0, "lose": 1, "total_gold": 19331, "total_xp": 26676, "kills_per_min": 0.227765726681128, "kda": 2, "abandons": 0, "neutral_kills": 112, "tower_kills": 0, "courier_kills": 0, "lane_kills": 135, "hero_kills": 7, "observer_kills": 0, "sentry_kills": 0, "roshan_kills": 0, "necronomicon_kills": 0, "ancient_kills": 36, "buyback_count": 0, "observer_uses": 0, "sentry_uses": 1, "lane_efficiency": 0.6639046079223929, "lane_efficiency_pct": 66, "lane": 1, "lane_role": 1, "is_roaming": false, "purchase_ward_observer": 1, "purchase_ward_sentry": 1, "purchase_tpscroll": 3, "actions_per_min": 257, "life_state_dead": 261, "rank_tier": null, "benchmarks": {"gold_per_min": {"raw": 629, "pct": 0.547079556898288}, "xp_per_min": {"raw": 868, "pct": 0.6090130916414904}, "kills_per_min": {"raw": 0.22776572668112796, "pct": 0.34390735146022156}, "last_hits_per_min": {"raw": 9.663774403470716, "pct": 0.9486404833836858}, "hero_damage_per_min": {"raw": 548.3297180043384, "pct": 0.26057401812688824}, "hero_healing_per_min": {"raw": 0, "pct": 0.9650050352467271}, "tower_damage": {"raw": 1604, "pct": 0.36530715005035247}}}, {"player_slot": 3, "obs_placed": 2, "sen_placed": 3, "creeps_stacked": 0, "camps_stacked": 0, "rune_pickups": 7, "teamfight_participation": 0.4473684, "observers_placed": 2, "stuns": 49.86719, "obs_log": [{"time": -33, "type": "obs_log", "slot": 3, "x": 127.9, "y": 114.4, "z": 130, "entityleft": false, "ehandle": 4505981, "key": "[128,114]", "player_slot": 3}, {"time": 346, "type": "obs_log", "slot": 3, "x": 126.3, "y": 114.1, "z": 130, "entityleft": false, "ehandle": 16484688, "key": "[126,114]", "player_slot": 3}], "sen_log": [{"time": 101, "type": "sen_log", "slot": 3, "x": 127.3, "y": 122.9, "z": 128, "entityleft": false, "ehandle": 16025623, "key": "[127,123]", "player_slot": 3}, {"time": 215, "type": "sen_log", "slot": 3, "x": 126.7, "y": 123.1, "z": 128, "entityleft": false, "ehandle": 6736355, "key": "[127,123]", "player_slot": 3}, {"time": 348, "type": "sen_log", "slot": 3, "x": 125.4, "y": 120.2, "z": 129, "entityleft": false, "ehandle": 3295453, "key": "[125,120]", "player_slot": 3}], "obs_left_log": [{"time": 327, "type": "obs_left_log", "slot": 3, "attackername": "npc_dota_hero_sand_king", "x": 127.9, "y": 114.4, "z": 130, "entityleft": true, "ehandle": 4505981, "key": "[128,114]", "player_slot": 3}, {"time": 706, "type": "obs_left_log", "slot": 3, "attackername": "npc_dota_hero_sand_king", "x": 126.3, "y": 114.1, "z": 130, "entityleft": true, "ehandle": 16484688, "key": "[126,114]", "player_slot": 3}], "sen_left_log": [{"time": 171, "type": "sen_left_log", "slot": 3, "attackername": "npc_dota_hero_arc_warden", "x": 127.3, "y": 122.9, "z": 128, "entityleft": true, "ehandle": 16025623, "key": "[127,123]", "player_slot": 3}, {"time": 314, "type": "sen_left_log", "slot": 3, "attackername": "npc_dota_hero_arc_warden", "x": 126.7, "y": 123.1, "z": 128, "entityleft": true, "ehandle": 6736355, "key": "[127,123]", "player_slot": 3}, {"time": 768, "type": "sen_left_log", "slot": 3, "attackername": "npc_dota_hero_sand_king", "x": 125.4, "y": 120.2, "z": 129, "entityleft": true, "ehandle": 3295453, "key": "[125,120]", "player_slot": 3}], "obs": {"126": {"114": 1}, "128": {"114": 1}}, "sen": {"125": {"120": 1}, "127": {"123": 2}}, "pings": 8, "purchase": {"tango": 2, "gauntlets": 2, "circlet": 2, "branches": 2, "ward_observer": 2, "ward_sentry": 3, "recipe_bracer": 2, "magic_stick": 1, "recipe_magic_wand": 1, "bracer": 2, "magic_wand": 1, "boots": 1, "clarity": 2, "ward_dispenser": 1, "sobi_mask": 1, "ring_of_basilius": 1, "recipe_ring_of_basilius": 1, "recipe_arcane_boots": 1, "arcane_boots": 1, "flask": 1, "tpscroll": 2, "blink": 1, "ogre_axe": 1, "point_booster": 1, "staff_of_wizardry": 2, "blade_of_alacrity": 1, "ultimate_scepter": 1, "aghanims_shard": 1, "void_stone": 1, "wind_lace": 1, "cyclone": 1, "recipe_cyclone": 1}, "item_uses": {"ward_observer": 1, "ward_sentry": 3, "tango": 6, "magic_wand": 7, "clarity": 2, "ward_dispenser": 1, "arcane_boots": 16, "flask": 1, "tpscroll": 9, "blink": 32, "unstable_wand": 1, "famango": 1}, "runes": {"2": 1, "3": 1, "5": 2, "6": 1, "7": 2}, "kill_streaks": {"3": 1, "4": 1, "5": 1, "6": 1, "7": 1, "8": 1}, "multi_kills": {"2": 1, "3": 1}, "life_state": {"0": 1456, "1": 12, "2": 377}, "hero_id": 16, "hero_variant": 1, "kills": 9, "deaths": 8, "assists": 8, "leaver_status": 0, "last_hits": 256, "denies": 5, "gold_per_min": 551, "xp_per_min": 636, "level": 19, "net_worth": 13256, "hero_damage": 30140, "tower_damage": 578, "hero_healing": 0, "gold": 471, "gold_spent": 13965, "win": 0, "lose": 1, "total_gold": 16934, "total_xp": 19546, "kills_per_min": 0.2928416485900217, "kda": 1.89, "abandons": 0, "neutral_kills": 46, "tower_kills": 3, "courier_kills": 0, "lane_kills": 132, "hero_kills": 9, "observer_kills": 1, "sentry_kills": 3, "roshan_kills": 0, "necronomicon_kills": 0, "ancient_kills": 9, "buyback_count": 1, "observer_uses": 1, "sentry_uses": 3, "lane_efficiency": 0.9858528698464026, "lane_efficiency_pct": 98, "lane": 2, "lane_role": 2, "is_roaming": false, "purchase_ward_observer": 2, "purchase_ward_sentry": 3, "purchase_tpscroll": 2, "actions_per_min": 202, "life_state_dead": 389, "rank_tier": null, "benchmarks": {"gold_per_min": {"raw": 551, "pct": 0.5165203923593186}, "xp_per_min": {"raw": 636, "pct": 0.3678368611254517}, "kills_per_min": {"raw": 0.2928416485900217, "pct": 0.81672689726381}, "last_hits_per_min": {"raw": 8.329718004338394, "pct": 0.8928755807950439}, "hero_damage_per_min": {"raw": 980.6941431670283, "pct": 0.7823954568921012}, "hero_healing_per_min": {"raw": 0, "pct": 0.9024264326277749}, "tower_damage": {"raw": 578, "pct": 0.4024264326277749}}}, {"player_slot": 4, "obs_placed": 0, "sen_placed": 0, "creeps_stacked": 0, "camps_stacked": 0, "rune_pickups": 4, "teamfight_participation": 0.57894737, "observers_placed": 0, "stuns": 65.56048, "obs_log": [], "sen_log": [], "obs_left_log": [], "sen_left_log": [], "obs": {}, "sen": {}, "pings": 22, "purchase": {"tango": 1, "quelling_blade": 1, "branches": 3, "circlet": 1, "mantle": 1, "null_talisman": 1, "recipe_null_talisman": 1, "boots": 1, "sobi_mask": 1, "ring_of_basilius": 1, "recipe_ring_of_basilius": 1, "recipe_arcane_boots": 1, "arcane_boots": 1, "magic_stick": 1, "magic_wand": 1, "recipe_magic_wand": 1, "wind_lace": 1, "blink": 1, "point_booster": 1, "recipe_phylactery": 1, "diadem": 1, "phylactery": 1, "blades_of_attack": 1, "recipe_lesser_crit": 1, "recipe_angels_demise": 1, "claymore": 1, "lesser_crit": 1, "angels_demise": 1, "smoke_of_deceit": 1, "ogre_axe": 1}, "item_uses": {"quelling_blade": 8, "tango": 3, "tpscroll": 7, "branches": 1, "arcane_boots": 14, "famango": 2, "magic_wand": 6, "blink": 18, "smoke_of_deceit": 1}, "runes": {"1": 1, "4": 1, "5": 1, "6": 1}, "kill_streaks": {}, "multi_kills": {}, "life_state": {"0": 1404, "1": 52, "2": 389}, "hero_id": 19, "hero_variant": 1, "kills": 7, "deaths": 13, "assists": 15, "leaver_status": 0, "last_hits": 115, "denies": 1, "gold_per_min": 434, "xp_per_min": 577, "level": 18, "net_worth": 11851, "hero_damage": 23355, "tower_damage": 776, "hero_healing": 0, "gold": 796, "gold_spent": 11245, "win": 0, "lose": 1, "total_gold": 13338, "total_xp": 17733, "kills_per_min": 0.227765726681128, "kda": 1.57, "abandons": 0, "neutral_kills": 16, "tower_kills": 0, "courier_kills": 0, "lane_kills": 81, "hero_kills": 7, "observer_kills": 0, "sentry_kills": 0, "roshan_kills": 0, "necronomicon_kills": 0, "ancient_kills": 3, "buyback_count": 0, "observer_uses": 0, "sentry_uses": 0, "lane_efficiency": 0.5388035569927243, "lane_efficiency_pct": 53, "lane": 3, "lane_role": 3, "is_roaming": false, "actions_per_min": 300, "life_state_dead": 441, "rank_tier": null, "benchmarks": {"gold_per_min": {"raw": 434, "pct": 0.2806738715829625}, "xp_per_min": {"raw": 577, "pct": 0.29418308963763506}, "kills_per_min": {"raw": 0.22776572668112796, "pct": 0.5425937698664971}, "last_hits_per_min": {"raw": 3.7418655097613884, "pct": 0.3142085187539733}, "hero_damage_per_min": {"raw": 759.9240780911063, "pct": 0.49888747616020346}, "hero_healing_per_min": {"raw": 0, "pct": 0.8660203432930705}, "tower_damage": {"raw": 776, "pct": 0.25842339478703114}}}, {"player_slot": 128, "obs_placed": 0, "sen_placed": 0, "creeps_stacked": 0, "camps_stacked": 0, "rune_pickups": 5, "teamfight_participation": 0.6363636, "observers_placed": 0, "stuns": 35.766766, "obs_log": [], "sen_log": [], "obs_left_log": [], "sen_left_log": [], "obs": {}, "sen": {}, "pings": 21, "purchase": {"quelling_blade": 1, "circlet": 2, "tango": 1, "branches": 1, "slippers": 1, "recipe_wraith_band": 1, "mantle": 1, "recipe_null_talisman": 1, "ring_of_protection": 1, "wraith_band": 1, "null_talisman": 1, "gauntlets": 2, "recipe_soul_ring": 1, "boots": 1, "soul_ring": 1, "gloves": 1, "belt_of_strength": 2, "power_treads": 1, "relic": 1, "talisman_of_evasion": 1, "radiance": 1, "cloak": 1, "ogre_axe": 2, "recipe_eternal_shroud": 1, "eternal_shroud": 1, "vitality_booster": 1, "tpscroll": 1, "blade_of_alacrity": 2, "staff_of_wizardry": 1, "point_booster": 1, "ultimate_scepter": 1, "dragon_lance": 1, "recipe_dragon_lance": 1}, "item_uses": {"quelling_blade": 16, "tango": 3, "tango_single": 1, "soul_ring": 28, "tpscroll": 8, "power_treads": 6}, "runes": {"0": 1, "5": 3, "9": 1}, "kill_streaks": {"3": 2, "4": 1, "5": 1}, "multi_kills": {"2": 2}, "life_state": {"0": 1514, "1": 9, "2": 322}, "hero_id": 49, "hero_variant": 2, "kills": 11, "deaths": 7, "assists": 17, "leaver_status": 0, "last_hits": 243, "denies": 18, "gold_per_min": 724, "xp_per_min": 957, "level": 23, "net_worth": 19780, "hero_damage": 27275, "tower_damage": 10367, "hero_healing": 0, "gold": 2975, "gold_spent": 18055, "win": 1, "lose": 0, "total_gold": 22250, "total_xp": 29411, "kills_per_min": 0.35791757049891537, "kda": 3.5, "abandons": 0, "neutral_kills": 91, "tower_kills": 2, "courier_kills": 0, "lane_kills": 156, "hero_kills": 11, "observer_kills": 0, "sentry_kills": 0, "roshan_kills": 0, "necronomicon_kills": 0, "ancient_kills": 9, "buyback_count": 0, "observer_uses": 0, "sentry_uses": 0, "lane_efficiency": 1.0414308811641066, "lane_efficiency_pct": 104, "lane": 3, "lane_role": 1, "is_roaming": false, "purchase_tpscroll": 1, "actions_per_min": 228, "life_state_dead": 331, "rank_tier": null, "benchmarks": {"gold_per_min": {"raw": 724, "pct": 0.9373744139316812}, "xp_per_min": {"raw": 957, "pct": 0.8784326858673811}, "kills_per_min": {"raw": 0.35791757049891537, "pct": 0.9005358338914936}, "last_hits_per_min": {"raw": 7.906724511930586, "pct": 0.832886805090422}, "hero_damage_per_min": {"raw": 887.4728850325379, "pct": 0.8549899531145345}, "hero_healing_per_min": {"raw": 0, "pct": 0.9675150703281983}, "tower_damage": {"raw": 10367, "pct": 0.7146684527796383}}}, {"player_slot": 129, "obs_placed": 3, "sen_placed": 7, "creeps_stacked": 7, "camps_stacked": 3, "rune_pickups": 3, "teamfight_participation": 0.8636364, "observers_placed": 3, "stuns": 0, "obs_log": [{"time": 703, "type": "obs_log", "slot": 6, "x": 101.1, "y": 151.8, "z": 129, "entityleft": false, "ehandle": 1624089, "key": "[101,152]", "player_slot": 129}, {"time": 1317, "type": "obs_log", "slot": 6, "x": 117.8, "y": 139.9, "z": 129, "entityleft": false, "ehandle": 7063535, "key": "[118,140]", "player_slot": 129}, {"time": 1680, "type": "obs_log", "slot": 6, "x": 87.9, "y": 151.7, "z": 129, "entityleft": false, "ehandle": 10732976, "key": "[88,152]", "player_slot": 129}], "sen_log": [{"time": 182, "type": "sen_log", "slot": 6, "x": 97.8, "y": 166, "z": 129, "entityleft": false, "ehandle": 6982006, "key": "[98,166]", "player_slot": 129}, {"time": 597, "type": "sen_log", "slot": 6, "x": 87.7, "y": 156.6, "z": 129, "entityleft": false, "ehandle": 3426042, "key": "[88,157]", "player_slot": 129}, {"time": 700, "type": "sen_log", "slot": 6, "x": 100.6, "y": 154.6, "z": 129, "entityleft": false, "ehandle": 3360744, "key": "[101,155]", "player_slot": 129}, {"time": 984, "type": "sen_log", "slot": 6, "x": 136.1, "y": 153.9, "z": 131.1, "entityleft": false, "ehandle": 5277296, "key": "[136,154]", "player_slot": 129}, {"time": 1022, "type": "sen_log", "slot": 6, "x": 160.3, "y": 121.7, "z": 130, "entityleft": false, "ehandle": 9078932, "key": "[160,122]", "player_slot": 129}, {"time": 1306, "type": "sen_log", "slot": 6, "x": 123.5, "y": 161.6, "z": 129.2, "entityleft": false, "ehandle": 1345078, "key": "[124,162]", "player_slot": 129}, {"time": 1605, "type": "sen_log", "slot": 6, "x": 92.4, "y": 142, "z": 129, "entityleft": false, "ehandle": 14123082, "key": "[92,142]", "player_slot": 129}], "obs_left_log": [{"time": 1063, "type": "obs_left_log", "slot": 6, "attackername": "npc_dota_hero_venomancer", "x": 101.1, "y": 151.8, "z": 129, "entityleft": true, "ehandle": 1624089, "key": "[101,152]", "player_slot": 129}, {"time": 1677, "type": "obs_left_log", "slot": 6, "attackername": "npc_dota_hero_venomancer", "x": 117.8, "y": 139.9, "z": 129, "entityleft": true, "ehandle": 7063535, "key": "[118,140]", "player_slot": 129}], "sen_left_log": [{"time": 602, "type": "sen_left_log", "slot": 6, "attackername": "npc_dota_hero_venomancer", "x": 97.8, "y": 166, "z": 129, "entityleft": true, "ehandle": 6982006, "key": "[98,166]", "player_slot": 129}, {"time": 605, "type": "sen_left_log", "slot": 6, "attackername": "npc_dota_hero_spirit_breaker", "x": 87.7, "y": 156.6, "z": 129, "entityleft": true, "ehandle": 3426042, "key": "[88,157]", "player_slot": 129}, {"time": 1120, "type": "sen_left_log", "slot": 6, "attackername": "npc_dota_hero_venomancer", "x": 100.6, "y": 154.6, "z": 129, "entityleft": true, "ehandle": 3360744, "key": "[101,155]", "player_slot": 129}, {"time": 1328, "type": "sen_left_log", "slot": 6, "attackername": "npc_dota_hero_spirit_breaker", "x": 160.3, "y": 121.7, "z": 130, "entityleft": true, "ehandle": 9078932, "key": "[160,122]", "player_slot": 129}, {"time": 1405, "type": "sen_left_log", "slot": 6, "attackername": "npc_dota_hero_venomancer", "x": 136.1, "y": 153.9, "z": 131.1, "entityleft": true, "ehandle": 5277296, "key": "[136,154]", "player_slot": 129}, {"time": 1610, "type": "sen_left_log", "slot": 6, "attackername": "npc_dota_hero_bounty_hunter", "x": 92.4, "y": 142, "z": 129, "entityleft": true, "ehandle": 14123082, "key": "[92,142]", "player_slot": 129}, {"time": 1726, "type": "sen_left_log", "slot": 6, "attackername": "npc_dota_hero_venomancer", "x": 123.5, "y": 161.6, "z": 129.2, "entityleft": true, "ehandle": 1345078, "key": "[124,162]", "player_slot": 129}], "obs": {"88": {"152": 1}, "101": {"152": 1}, "118": {"140": 1}}, "sen": {"88": {"157": 1}, "92": {"142": 1}, "98": {"166": 1}, "101": {"155": 1}, "124": {"162": 1}, "136": {"154": 1}, "160": {"122": 1}}, "pings": 27, "purchase": {"ward_sentry": 7, "blood_grenade": 2, "tango": 2, "circlet": 1, "ring_of_protection": 1, "enchanted_mango": 1, "sobi_mask": 1, "recipe_urn_of_shadows": 1, "urn_of_shadows": 1, "magic_stick": 1, "ring_of_regen": 2, "clarity": 1, "tpscroll": 1, "boots": 1, "dust": 11, "ward_observer": 3, "wind_lace": 1, "tranquil_boots": 1, "ward_dispenser": 4, "branches": 2, "magic_wand": 1, "recipe_magic_wand": 1, "fluffy_hat": 2, "crown": 1, "recipe_spirit_vessel": 1, "spirit_vessel": 1, "cloak": 1, "headdress": 1, "recipe_headdress": 1, "recipe_pipe": 1, "ring_of_tarrasque": 1, "pipe": 1, "staff_of_wizardry": 1, "force_staff": 1, "recipe_force_staff": 1}, "item_uses": {"tango": 6, "blood_grenade": 2, "tpscroll": 11, "urn_of_shadows": 9, "ward_sentry": 3, "magic_stick": 4, "dust": 9, "ward_dispenser": 9, "ward_observer": 3, "spirit_vessel": 12, "magic_wand": 3, "clarity": 1, "pipe": 3}, "runes": {"5": 3}, "kill_streaks": {}, "multi_kills": {"2": 1}, "life_state": {"0": 1488, "1": 27, "2": 330}, "account_id": 295469258, "hero_id": 40, "hero_variant": 1, "kills": 5, "deaths": 10, "assists": 33, "leaver_status": 0, "last_hits": 43, "denies": 3, "gold_per_min": 459, "xp_per_min": 460, "level": 16, "net_worth": 12027, "hero_damage": 24037, "tower_damage": 387, "hero_healing": 557, "gold": 1767, "gold_spent": 11805, "win": 1, "lose": 0, "total_gold": 14106, "total_xp": 14137, "kills_per_min": 0.16268980477223427, "kda": 3.45, "abandons": 0, "neutral_kills": 16, "tower_kills": 0, "courier_kills": 0, "lane_kills": 28, "hero_kills": 5, "observer_kills": 1, "sentry_kills": 1, "roshan_kills": 0, "necronomicon_kills": 0, "ancient_kills": 0, "buyback_count": 0, "observer_uses": 3, "sentry_uses": 3, "lane_efficiency": 0.48059822150363785, "lane_efficiency_pct": 48, "lane": 3, "lane_role": 1, "is_roaming": false, "purchase_ward_observer": 3, "purchase_ward_sentry": 7, "purchase_tpscroll": 1, "actions_per_min": 251, "life_state_dead": 357, "rank_tier": 75, "benchmarks": {"gold_per_min": {"raw": 459, "pct": 0.7670542635658915}, "xp_per_min": {"raw": 460, "pct": 0.29534883720930233}, "kills_per_min": {"raw": 0.16268980477223427, "pct": 0.7790697674418605}, "last_hits_per_min": {"raw": 1.3991323210412148, "pct": 0.13604651162790699}, "hero_damage_per_min": {"raw": 782.1149674620391, "pct": 0.8104651162790698}, "hero_healing_per_min": {"raw": 18.1236442516269, "pct": 0.47364341085271316}, "tower_damage": {"raw": 387, "pct": 0.3437984496124031}}}, {"player_slot": 130, "obs_placed": 2, "sen_placed": 4, "creeps_stacked": 0, "camps_stacked": 0, "rune_pickups": 5, "teamfight_participation": 0.52272725, "observers_placed": 2, "stuns": 16.03352, "obs_log": [{"time": -50, "type": "obs_log", "slot": 7, "x": 132.1, "y": 125.8, "z": 129, "entityleft": false, "ehandle": 6996330, "key": "[132,126]", "player_slot": 130}, {"time": 434, "type": "obs_log", "slot": 7, "x": 123.7, "y": 135.2, "z": 129, "entityleft": false, "ehandle": 4261948, "key": "[124,135]", "player_slot": 130}], "sen_log": [{"time": 68, "type": "sen_log", "slot": 7, "x": 123.6, "y": 125.3, "z": 128, "entityleft": false, "ehandle": 16385874, "key": "[124,125]", "player_slot": 130}, {"time": 167, "type": "sen_log", "slot": 7, "x": 128.7, "y": 125.9, "z": 129, "entityleft": false, "ehandle": 11340099, "key": "[129,126]", "player_slot": 130}, {"time": 311, "type": "sen_log", "slot": 7, "x": 127.8, "y": 122.1, "z": 128, "entityleft": false, "ehandle": 14780598, "key": "[128,122]", "player_slot": 130}, {"time": 436, "type": "sen_log", "slot": 7, "x": 124.2, "y": 130.1, "z": 129, "entityleft": false, "ehandle": 7899564, "key": "[124,130]", "player_slot": 130}], "obs_left_log": [{"time": 150, "type": "obs_left_log", "slot": 7, "attackername": "npc_dota_hero_sand_king", "x": 132.1, "y": 125.8, "z": 129, "entityleft": true, "ehandle": 6996330, "key": "[132,126]", "player_slot": 130}, {"time": 794, "type": "obs_left_log", "slot": 7, "attackername": "npc_dota_hero_arc_warden", "x": 123.7, "y": 135.2, "z": 129, "entityleft": true, "ehandle": 4261948, "key": "[124,135]", "player_slot": 130}], "sen_left_log": [{"time": 103, "type": "sen_left_log", "slot": 7, "attackername": "npc_dota_hero_sand_king", "x": 123.6, "y": 125.3, "z": 128, "entityleft": true, "ehandle": 16385874, "key": "[124,125]", "player_slot": 130}, {"time": 218, "type": "sen_left_log", "slot": 7, "attackername": "npc_dota_hero_sand_king", "x": 128.7, "y": 125.9, "z": 129, "entityleft": true, "ehandle": 11340099, "key": "[129,126]", "player_slot": 130}, {"time": 352, "type": "sen_left_log", "slot": 7, "attackername": "npc_dota_hero_sand_king", "x": 127.8, "y": 122.1, "z": 128, "entityleft": true, "ehandle": 14780598, "key": "[128,122]", "player_slot": 130}, {"time": 856, "type": "sen_left_log", "slot": 7, "attackername": "npc_dota_hero_arc_warden", "x": 124.2, "y": 130.1, "z": 129, "entityleft": true, "ehandle": 7899564, "key": "[124,130]", "player_slot": 130}], "obs": {"124": {"135": 1}, "132": {"126": 1}}, "sen": {"124": {"125": 1, "130": 1}, "128": {"122": 1}, "129": {"126": 1}}, "pings": 7, "purchase": {"branches": 3, "circlet": 2, "tango": 1, "ward_observer": 2, "ward_sentry": 4, "magic_stick": 1, "recipe_magic_wand": 1, "magic_wand": 1, "gloves": 3, "ward_dispenser": 1, "recipe_hand_of_midas": 1, "hand_of_midas": 1, "boots": 1, "javelin": 1, "mithril_hammer": 1, "maelstrom": 1, "blitz_knuckles": 2, "staff_of_wizardry": 1, "recipe_gungir": 1, "recipe_rod_of_atos": 1, "rod_of_atos": 1, "vitality_booster": 1, "tpscroll": 3, "gungir": 1, "sobi_mask": 1, "oblivion_staff": 1, "robe": 1, "recipe_orchid": 1, "cornucopia": 1, "orchid": 1, "blade_of_alacrity": 1, "boots_of_elves": 2, "yasha": 1, "recipe_yasha": 1, "recipe_manta": 1, "diadem": 1, "manta": 1, "recipe_travel_boots": 1}, "item_uses": {"ward_observer": 1, "ward_sentry": 4, "tango": 2, "tpscroll": 14, "ward_dispenser": 1, "hand_of_midas": 24, "magic_wand": 4, "gungir": 26, "orchid": 9, "manta": 8}, "runes": {"4": 1, "5": 1, "7": 2, "8": 1}, "kill_streaks": {"3": 1, "4": 1}, "multi_kills": {"2": 2}, "life_state": {"0": 1615, "1": 17, "2": 213}, "account_id": 904409865, "hero_id": 113, "hero_variant": 2, "kills": 8, "deaths": 5, "assists": 15, "leaver_status": 0, "last_hits": 258, "denies": 8, "gold_per_min": 817, "xp_per_min": 925, "level": 22, "net_worth": 23805, "hero_damage": 26226, "tower_damage": 10966, "hero_healing": 0, "gold": 5190, "gold_spent": 21375, "additional_units": [{"unitname": "", "item_0": 1466, "item_1": 98, "item_2": 147, "item_3": 48, "item_4": 65, "item_5": 36, "backpack_0": 0, "backpack_1": 0, "backpack_2": 0, "item_neutral": 0}], "win": 1, "lose": 0, "total_gold": 25109, "total_xp": 28428, "kills_per_min": 0.2603036876355748, "kda": 3.83, "abandons": 0, "neutral_kills": 104, "tower_kills": 4, "courier_kills": 0, "lane_kills": 147, "hero_kills": 8, "observer_kills": 0, "sentry_kills": 2, "roshan_kills": 0, "necronomicon_kills": 0, "ancient_kills": 12, "buyback_count": 0, "observer_uses": 1, "sentry_uses": 4, "lane_efficiency": 0.7271624898949071, "lane_efficiency_pct": 72, "lane": 2, "lane_role": 2, "is_roaming": false, "purchase_ward_observer": 2, "purchase_ward_sentry": 4, "purchase_tpscroll": 3, "actions_per_min": 208, "life_state_dead": 230, "rank_tier": 75, "benchmarks": {"gold_per_min": {"raw": 817, "pct": 0.8473967684021544}, "xp_per_min": {"raw": 925, "pct": 0.748653500897666}, "kills_per_min": {"raw": 0.2603036876355748, "pct": 0.4614003590664273}, "last_hits_per_min": {"raw": 8.394793926247289, "pct": 0.8653500897666068}, "hero_damage_per_min": {"raw": 853.3405639913232, "pct": 0.48922800718132853}, "hero_healing_per_min": {"raw": 0, "pct": 0.9596050269299821}, "tower_damage": {"raw": 10966, "pct": 0.6499102333931778}}}, {"player_slot": 131, "obs_placed": 7, "sen_placed": 14, "creeps_stacked": 3, "camps_stacked": 1, "rune_pickups": 3, "teamfight_participation": 0.5, "observers_placed": 7, "stuns": 31.533298, "obs_log": [{"time": -45, "type": "obs_log", "slot": 8, "x": 157.9, "y": 78.2, "z": 129, "entityleft": false, "ehandle": 10240374, "key": "[158,78]", "player_slot": 131}, {"time": 837, "type": "obs_log", "slot": 8, "x": 144.4, "y": 122.2, "z": 132.1, "entityleft": false, "ehandle": 15761614, "key": "[144,122]", "player_slot": 131}, {"time": 1100, "type": "obs_log", "slot": 8, "x": 118.6, "y": 99.7, "z": 130, "entityleft": false, "ehandle": 12716476, "key": "[119,100]", "player_slot": 131}, {"time": 1208, "type": "obs_log", "slot": 8, "x": 144, "y": 121.6, "z": 132.1, "entityleft": false, "ehandle": 7291653, "key": "[144,122]", "player_slot": 131}, {"time": 1591, "type": "obs_log", "slot": 8, "x": 66, "y": 142.4, "z": 132.2, "entityleft": false, "ehandle": 6309421, "key": "[66,142]", "player_slot": 131}, {"time": 1717, "type": "obs_log", "slot": 8, "x": 65.9, "y": 163.7, "z": 129, "entityleft": false, "ehandle": 8111735, "key": "[66,164]", "player_slot": 131}, {"time": 1796, "type": "obs_log", "slot": 8, "x": 74, "y": 91.4, "z": 130, "entityleft": false, "ehandle": 12224768, "key": "[74,91]", "player_slot": 131}], "sen_log": [{"time": -47, "type": "sen_log", "slot": 8, "x": 157.1, "y": 86.4, "z": 129, "entityleft": false, "ehandle": 1524081, "key": "[157,86]", "player_slot": 131}, {"time": 793, "type": "sen_log", "slot": 8, "x": 95.7, "y": 140.2, "z": 132.2, "entityleft": false, "ehandle": 8243518, "key": "[96,140]", "player_slot": 131}, {"time": 836, "type": "sen_log", "slot": 8, "x": 144.1, "y": 122.2, "z": 132.1, "entityleft": false, "ehandle": 100861, "key": "[144,122]", "player_slot": 131}, {"time": 983, "type": "sen_log", "slot": 8, "x": 152, "y": 150.4, "z": 129, "entityleft": false, "ehandle": 2246887, "key": "[152,150]", "player_slot": 131}, {"time": 1066, "type": "sen_log", "slot": 8, "x": 133.3, "y": 96.7, "z": 130, "entityleft": false, "ehandle": 11601802, "key": "[133,97]", "player_slot": 131}, {"time": 1072, "type": "sen_log", "slot": 8, "x": 151.8, "y": 93.8, "z": 129, "entityleft": false, "ehandle": 1163522, "key": "[152,94]", "player_slot": 131}, {"time": 1125, "type": "sen_log", "slot": 8, "x": 170.6, "y": 103.5, "z": 129, "entityleft": false, "ehandle": 2312452, "key": "[171,104]", "player_slot": 131}, {"time": 1206, "type": "sen_log", "slot": 8, "x": 148.3, "y": 116.6, "z": 130, "entityleft": false, "ehandle": 10928941, "key": "[148,117]", "player_slot": 131}, {"time": 1345, "type": "sen_log", "slot": 8, "x": 157.3, "y": 147.8, "z": 129, "entityleft": false, "ehandle": 11289011, "key": "[157,148]", "player_slot": 131}, {"time": 1402, "type": "sen_log", "slot": 8, "x": 97.3, "y": 100.1, "z": 129, "entityleft": false, "ehandle": 1050886, "key": "[97,100]", "player_slot": 131}, {"time": 1556, "type": "sen_log", "slot": 8, "x": 78.1, "y": 184.3, "z": 130, "entityleft": false, "ehandle": 3623210, "key": "[78,184]", "player_slot": 131}, {"time": 1578, "type": "sen_log", "slot": 8, "x": 78.4, "y": 148.9, "z": 129, "entityleft": false, "ehandle": 6931994, "key": "[78,149]", "player_slot": 131}, {"time": 1709, "type": "sen_log", "slot": 8, "x": 65.7, "y": 181.2, "z": 128, "entityleft": false, "ehandle": 1295639, "key": "[66,181]", "player_slot": 131}, {"time": 1797, "type": "sen_log", "slot": 8, "x": 76, "y": 90.4, "z": 130, "entityleft": false, "ehandle": 15698197, "key": "[76,90]", "player_slot": 131}], "obs_left_log": [{"time": 315, "type": "obs_left_log", "slot": 8, "attackername": "npc_dota_hero_hoodwink", "x": 157.9, "y": 78.2, "z": 129, "entityleft": true, "ehandle": 10240374, "key": "[158,78]", "player_slot": 131}, {"time": 1197, "type": "obs_left_log", "slot": 8, "attackername": "npc_dota_hero_hoodwink", "x": 144.4, "y": 122.2, "z": 132.1, "entityleft": true, "ehandle": 15761614, "key": "[144,122]", "player_slot": 131}, {"time": 1460, "type": "obs_left_log", "slot": 8, "attackername": "npc_dota_hero_hoodwink", "x": 118.6, "y": 99.7, "z": 130, "entityleft": true, "ehandle": 12716476, "key": "[119,100]", "player_slot": 131}, {"time": 1568, "type": "obs_left_log", "slot": 8, "attackername": "npc_dota_hero_hoodwink", "x": 144, "y": 121.6, "z": 132.1, "entityleft": true, "ehandle": 7291653, "key": "[144,122]", "player_slot": 131}], "sen_left_log": [{"time": 373, "type": "sen_left_log", "slot": 8, "attackername": "npc_dota_hero_hoodwink", "x": 157.1, "y": 86.4, "z": 129, "entityleft": true, "ehandle": 1524081, "key": "[157,86]", "player_slot": 131}, {"time": 1213, "type": "sen_left_log", "slot": 8, "attackername": "npc_dota_hero_hoodwink", "x": 95.7, "y": 140.2, "z": 132.2, "entityleft": true, "ehandle": 8243518, "key": "[96,140]", "player_slot": 131}, {"time": 1256, "type": "sen_left_log", "slot": 8, "attackername": "npc_dota_hero_hoodwink", "x": 144.1, "y": 122.2, "z": 132.1, "entityleft": true, "ehandle": 100861, "key": "[144,122]", "player_slot": 131}, {"time": 1403, "type": "sen_left_log", "slot": 8, "attackername": "npc_dota_hero_hoodwink", "x": 152, "y": 150.4, "z": 129, "entityleft": true, "ehandle": 2246887, "key": "[152,150]", "player_slot": 131}, {"time": 1486, "type": "sen_left_log", "slot": 8, "attackername": "npc_dota_hero_hoodwink", "x": 133.3, "y": 96.7, "z": 130, "entityleft": true, "ehandle": 11601802, "key": "[133,97]", "player_slot": 131}, {"time": 1492, "type": "sen_left_log", "slot": 8, "attackername": "npc_dota_hero_hoodwink", "x": 151.8, "y": 93.8, "z": 129, "entityleft": true, "ehandle": 1163522, "key": "[152,94]", "player_slot": 131}, {"time": 1545, "type": "sen_left_log", "slot": 8, "attackername": "npc_dota_hero_hoodwink", "x": 170.6, "y": 103.5, "z": 129, "entityleft": true, "ehandle": 2312452, "key": "[171,104]", "player_slot": 131}, {"time": 1626, "type": "sen_left_log", "slot": 8, "attackername": "npc_dota_hero_hoodwink", "x": 148.3, "y": 116.6, "z": 130, "entityleft": true, "ehandle": 10928941, "key": "[148,117]", "player_slot": 131}, {"time": 1765, "type": "sen_left_log", "slot": 8, "attackername": "npc_dota_hero_hoodwink", "x": 157.3, "y": 147.8, "z": 129, "entityleft": true, "ehandle": 11289011, "key": "[157,148]", "player_slot": 131}, {"time": 1823, "type": "sen_left_log", "slot": 8, "attackername": "npc_dota_hero_hoodwink", "x": 97.3, "y": 100.1, "z": 129, "entityleft": true, "ehandle": 1050886, "key": "[97,100]", "player_slot": 131}, {"time": 1976, "type": "sen_left_log", "slot": 8, "attackername": "npc_dota_hero_hoodwink", "x": 78.1, "y": 184.3, "z": 130, "entityleft": true, "ehandle": 3623210, "key": "[78,184]", "player_slot": 131}], "obs": {"66": {"142": 1, "164": 1}, "74": {"91": 1}, "119": {"100": 1}, "144": {"122": 2}, "158": {"78": 1}}, "sen": {"66": {"181": 1}, "76": {"90": 1}, "78": {"149": 1, "184": 1}, "96": {"140": 1}, "97": {"100": 1}, "133": {"97": 1}, "144": {"122": 1}, "148": {"117": 1}, "152": {"94": 1, "150": 1}, "157": {"86": 1, "148": 1}, "171": {"104": 1}}, "pings": 16, "purchase": {"ward_dispenser": 16, "branches": 2, "blight_stone": 1, "tango": 1, "blood_grenade": 3, "enchanted_mango": 2, "sobi_mask": 1, "ring_of_basilius": 1, "recipe_ring_of_basilius": 1, "tpscroll": 2, "dust": 9, "boots": 1, "recipe_arcane_boots": 1, "arcane_boots": 1, "ward_observer": 6, "ward_sentry": 13, "smoke_of_deceit": 5, "staff_of_wizardry": 1, "recipe_rod_of_atos": 2, "vitality_booster": 1, "rod_of_atos": 1, "great_famango": 1, "recipe_headdress": 2, "headdress": 1, "ring_of_regen": 1, "chainmail": 1, "mekansm": 1, "recipe_mekansm": 1, "ring_of_protection": 1, "buckler": 1, "recipe_buckler": 1, "recipe_guardian_greaves": 1}, "item_uses": {"ward_dispenser": 49, "ward_observer": 4, "blood_grenade": 3, "tango": 3, "enchanted_mango": 2, "tpscroll": 12, "famango": 5, "dust": 9, "arcane_boots": 9, "ward_sentry": 2, "smoke_of_deceit": 2, "rod_of_atos": 6, "great_famango": 1, "mekansm": 1}, "runes": {"5": 1, "8": 2}, "kill_streaks": {}, "multi_kills": {}, "life_state": {"0": 1483, "1": 38, "2": 324}, "account_id": 485561923, "hero_id": 123, "hero_variant": 2, "kills": 3, "deaths": 11, "assists": 20, "leaver_status": 0, "last_hits": 20, "denies": 1, "gold_per_min": 355, "xp_per_min": 490, "level": 16, "net_worth": 7767, "hero_damage": 12134, "tower_damage": 507, "hero_healing": 125, "gold": 17, "gold_spent": 10640, "win": 1, "lose": 0, "total_gold": 10910, "total_xp": 15059, "kills_per_min": 0.09761388286334056, "kda": 1.92, "abandons": 0, "neutral_kills": 0, "tower_kills": 1, "courier_kills": 0, "lane_kills": 19, "hero_kills": 3, "observer_kills": 1, "sentry_kills": 0, "roshan_kills": 0, "necronomicon_kills": 0, "ancient_kills": 0, "buyback_count": 1, "observer_uses": 4, "sentry_uses": 2, "lane_efficiency": 0.3241713823767179, "lane_efficiency_pct": 32, "lane": 1, "lane_role": 3, "is_roaming": false, "purchase_ward_observer": 6, "purchase_ward_sentry": 13, "purchase_tpscroll": 2, "actions_per_min": 278, "life_state_dead": 362, "rank_tier": 75, "benchmarks": {"gold_per_min": {"raw": 355, "pct": 0.2710526315789474}, "xp_per_min": {"raw": 490, "pct": 0.2800751879699248}, "kills_per_min": {"raw": 0.09761388286334056, "pct": 0.27593984962406015}, "last_hits_per_min": {"raw": 0.6507592190889371, "pct": 0.016165413533834588}, "hero_damage_per_min": {"raw": 394.81561822125815, "pct": 0.1518796992481203}, "hero_healing_per_min": {"raw": 4.067245119305857, "pct": 0.7887218045112782}, "tower_damage": {"raw": 507, "pct": 0.42349624060150376}}}, {"player_slot": 132, "obs_placed": 3, "sen_placed": 0, "creeps_stacked": 1, "camps_stacked": 1, "rune_pickups": 4, "teamfight_participation": 0.65909094, "observers_placed": 3, "stuns": 0, "obs_log": [{"time": 466, "type": "obs_log", "slot": 9, "x": 157.8, "y": 92.4, "z": 132.2, "entityleft": false, "ehandle": 10651846, "key": "[158,92]", "player_slot": 132}, {"time": 789, "type": "obs_log", "slot": 9, "x": 133, "y": 69.4, "z": 129, "entityleft": false, "ehandle": 5456136, "key": "[133,69]", "player_slot": 132}, {"time": 903, "type": "obs_log", "slot": 9, "x": 139.1, "y": 89.4, "z": 130, "entityleft": false, "ehandle": 16745310, "key": "[139,89]", "player_slot": 132}], "sen_log": [], "obs_left_log": [{"time": 826, "type": "obs_left_log", "slot": 9, "attackername": "npc_dota_hero_broodmother", "x": 157.8, "y": 92.4, "z": 132.2, "entityleft": true, "ehandle": 10651846, "key": "[158,92]", "player_slot": 132}, {"time": 1149, "type": "obs_left_log", "slot": 9, "attackername": "npc_dota_hero_broodmother", "x": 133, "y": 69.4, "z": 129, "entityleft": true, "ehandle": 5456136, "key": "[133,69]", "player_slot": 132}, {"time": 1263, "type": "obs_left_log", "slot": 9, "attackername": "npc_dota_hero_broodmother", "x": 139.1, "y": 89.4, "z": 130, "entityleft": true, "ehandle": 16745310, "key": "[139,89]", "player_slot": 132}], "sen_left_log": [], "obs": {"133": {"69": 1}, "139": {"89": 1}, "158": {"92": 1}}, "sen": {}, "pings": 19, "purchase": {"tango": 1, "circlet": 2, "branches": 3, "gauntlets": 3, "recipe_bracer": 1, "slippers": 1, "bracer": 1, "recipe_wraith_band": 1, "wraith_band": 1, "boots": 1, "gloves": 1, "belt_of_strength": 2, "power_treads": 1, "ring_of_protection": 1, "ward_observer": 3, "soul_ring": 1, "recipe_soul_ring": 1, "blitz_knuckles": 1, "cornucopia": 1, "sobi_mask": 1, "robe": 1, "recipe_orchid": 1, "oblivion_staff": 1, "orchid": 1, "ogre_axe": 2, "mithril_hammer": 1, "recipe_black_king_bar": 1, "black_king_bar": 1, "javelin": 1, "recipe_bloodthorn": 1, "hyperstone": 1, "bloodthorn": 1, "blade_of_alacrity": 1, "boots_of_elves": 1, "yasha": 1, "recipe_yasha": 1, "sange": 1, "recipe_sange": 1, "sange_and_yasha": 2, "aghanims_shard": 1}, "item_uses": {"tango": 3, "tpscroll": 5, "power_treads": 263, "soul_ring": 32, "ward_observer": 3, "orchid": 8, "unstable_wand": 1, "black_king_bar": 5, "bloodthorn": 12}, "runes": {"5": 4}, "kill_streaks": {"3": 2, "4": 1, "5": 1, "6": 1, "7": 1, "8": 1}, "multi_kills": {"2": 2, "3": 1}, "life_state": {"0": 1600, "1": 35, "2": 210}, "account_id": 1588516718, "hero_id": 61, "hero_variant": 1, "kills": 16, "deaths": 5, "assists": 13, "leaver_status": 0, "last_hits": 283, "denies": 18, "gold_per_min": 840, "xp_per_min": 1139, "level": 25, "net_worth": 24681, "hero_damage": 26619, "tower_damage": 16137, "hero_healing": 0, "gold": 5596, "gold_spent": 19730, "win": 1, "lose": 0, "total_gold": 25816, "total_xp": 35005, "kills_per_min": 0.5206073752711496, "kda": 4.83, "abandons": 0, "neutral_kills": 134, "tower_kills": 3, "courier_kills": 0, "lane_kills": 144, "hero_kills": 16, "observer_kills": 0, "sentry_kills": 0, "roshan_kills": 2, "necronomicon_kills": 0, "ancient_kills": 5, "buyback_count": 0, "observer_uses": 3, "sentry_uses": 0, "lane_efficiency": 0.8872271624898949, "lane_efficiency_pct": 88, "lane": 1, "lane_role": 3, "is_roaming": false, "purchase_ward_observer": 3, "actions_per_min": 383, "life_state_dead": 245, "rank_tier": 74, "benchmarks": {"gold_per_min": {"raw": 840, "pct": 0.9623846699787083}, "xp_per_min": {"raw": 1139, "pct": 0.9581263307310149}, "kills_per_min": {"raw": 0.5206073752711496, "pct": 0.9027679205110007}, "last_hits_per_min": {"raw": 9.20824295010846, "pct": 0.8963804116394606}, "hero_damage_per_min": {"raw": 866.1279826464208, "pct": 0.8332150461320085}, "hero_healing_per_min": {"raw": 0, "pct": 0.9723207948899929}, "tower_damage": {"raw": 16137, "pct": 0.8261178140525195}}}], "duration": 1844, "radiant_win": false, "lobby_type": 7, "radiant_score": 38, "dire_score": 44, "metadata": null, "comeback": 1125, "stomp": 11680, "replay_url": "http://replay271.valve.net/570/7865858235_876615968.dem.bz2"}