{
    "dire_score": 10,
    "duration": 1582,
    "lobby_type": 7,
    "match_id": 7877160987,
    "metadata": null,
    "players": [
        {
            "abandons": 0,
            "account_id": 129054582,
            "actions_per_min": 343,
            "ancient_kills": 0,
            "assists": 19,
            "benchmarks": {
                "gold_per_min": {
                    "pct": 0.3125,
                    "raw": 316
                },
                "hero_damage_per_min": {
                    "pct": 0.6814759036144579,
                    "raw": 471.4285714285714
                },
                "hero_healing_per_min": {
                    "pct": 0.6069277108433735,
                    "raw": 220.50568900126422
                },
                "kills_per_min": {
                    "pct": 0.40286144578313254,
                    "raw": 0.07585335018963338
                },
                "last_hits_per_min": {
                    "pct": 0.6867469879518072,
                    "raw": 1.8204804045512009
                },
                "tower_damage": {
                    "pct": 0.6739457831325302,
                    "raw": 1265
                },
                "xp_per_min": {
                    "pct": 0.30346385542168675,
                    "raw": 452
                }
            },
            "buyback_count": 0,
            "camps_stacked": 0,
            "courier_kills": 0,
            "creeps_stacked": 0,
            "deaths": 2,
            "denies": 8,
            "gold": 952,
            "gold_per_min": 316,
            "gold_spent": 7915,
            "hero_damage": 12430,
            "hero_healing": 5814,
            "hero_id": 83,
            "hero_kills": 2,
            "hero_variant": 2,
            "is_roaming": false,
            "item_uses": {
                "arcane_boots": 13,
                "blood_grenade": 5,
                "clarity": 5,
                "dust": 1,
                "enchanted_mango": 1,
                "famango": 3,
                "magic_stick": 2,
                "magic_wand": 5,
                "meteor_hammer": 1,
                "seeds_of_serenity": 6,
                "tango": 3,
                "tpscroll": 4,
                "ward_dispenser": 18,
                "ward_observer": 6,
                "ward_sentry": 4
            },
            "kda": 7,
            "kill_streaks": {},
            "kills": 2,
            "kills_per_min": 0.07585335018963338,
            "lane": 1,
            "lane_efficiency": 0.3704527081649151,
            "lane_efficiency_pct": 37,
            "lane_kills": 48,
            "lane_role": 1,
            "last_hits": 48,
            "leaver_status": 0,
            "level": 14,
            "life_state": {
                "0": 1538,
                "1": 6,
                "2": 40
            },
            "life_state_dead": 46,
            "lose": 0,
            "multi_kills": {},
            "necronomicon_kills": 0,
            "net_worth": 7432,
            "neutral_kills": 1,
            "obs": {
                "155": {
                    "146": 1
                },
                "158": {
                    "92": 2
                },
                "159": {
                    "92": 1
                },
                "175": {
                    "70": 1
                },
                "180": {
                    "101": 1
                },
                "188": {
                    "116": 1
                },
                "193": {
                    "131": 1
                }
            },
            "obs_left_log": [
                {
                    "attackername": "npc_dota_hero_nyx_assassin",
                    "ehandle": 9619098,
                    "entityleft": true,
                    "key": "[158,92]",
                    "player_slot": 0,
                    "slot": 0,
                    "time": 301,
                    "type": "obs_left_log",
                    "x": 158.2,
                    "y": 92,
                    "z": 132.2
                },
                {
                    "attackername": "npc_dota_hero_nyx_assassin",
                    "ehandle": 16713920,
                    "entityleft": true,
                    "key": "[159,92]",
                    "player_slot": 0,
                    "slot": 0,
                    "time": 456,
                    "type": "obs_left_log",
                    "x": 158.5,
                    "y": 91.9,
                    "z": 132.2
                },
                {
                    "attackername": "npc_dota_hero_nyx_assassin",
                    "ehandle": 311683,
                    "entityleft": true,
                    "key": "[158,92]",
                    "player_slot": 0,
                    "slot": 0,
                    "time": 871,
                    "type": "obs_left_log",
                    "x": 158.2,
                    "y": 92.3,
                    "z": 132.2
                },
                {
                    "attackername": "npc_dota_hero_treant",
                    "ehandle": 7783972,
                    "entityleft": true,
                    "key": "[175,70]",
                    "player_slot": 0,
                    "slot": 0,
                    "time": 1246,
                    "type": "obs_left_log",
                    "x": 175.4,
                    "y": 69.7,
                    "z": 130
                },
                {
                    "attackername": "npc_dota_hero_treant",
                    "ehandle": 3835674,
                    "entityleft": true,
                    "key": "[180,101]",
                    "player_slot": 0,
                    "slot": 0,
                    "time": 1282,
                    "type": "obs_left_log",
                    "x": 179.7,
                    "y": 101.1,
                    "z": 129
                },
                {
                    "attackername": "npc_dota_hero_abaddon",
                    "ehandle": 13976540,
                    "entityleft": true,
                    "key": "[193,131]",
                    "player_slot": 0,
                    "slot": 0,
                    "time": 1346,
                    "type": "obs_left_log",
                    "x": 193.2,
                    "y": 131.1,
                    "z": 130
                },
                {
                    "attackername": "npc_dota_hero_abaddon",
                    "ehandle": 12175100,
                    "entityleft": true,
                    "key": "[188,116]",
                    "player_slot": 0,
                    "slot": 0,
                    "time": 1355,
                    "type": "obs_left_log",
                    "x": 187.7,
                    "y": 115.9,
                    "z": 132.1
                }
            ],
            "obs_log": [
                {
                    "ehandle": 9619098,
                    "entityleft": false,
                    "key": "[158,92]",
                    "player_slot": 0,
                    "slot": 0,
                    "time": 207,
                    "type": "obs_log",
                    "x": 158.2,
                    "y": 92,
                    "z": 132.2
                },
                {
                    "ehandle": 16713920,
                    "entityleft": false,
                    "key": "[159,92]",
                    "player_slot": 0,
                    "slot": 0,
                    "time": 345,
                    "type": "obs_log",
                    "x": 158.5,
                    "y": 91.9,
                    "z": 132.2
                },
                {
                    "ehandle": 311683,
                    "entityleft": false,
                    "key": "[158,92]",
                    "player_slot": 0,
                    "slot": 0,
                    "time": 518,
                    "type": "obs_log",
                    "x": 158.2,
                    "y": 92.3,
                    "z": 132.2
                },
                {
                    "ehandle": 7783972,
                    "entityleft": false,
                    "key": "[175,70]",
                    "player_slot": 0,
                    "slot": 0,
                    "time": 886,
                    "type": "obs_log",
                    "x": 175.4,
                    "y": 69.7,
                    "z": 130
                },
                {
                    "ehandle": 3835674,
                    "entityleft": false,
                    "key": "[180,101]",
                    "player_slot": 0,
                    "slot": 0,
                    "time": 922,
                    "type": "obs_log",
                    "x": 179.7,
                    "y": 101.1,
                    "z": 129
                },
                {
                    "ehandle": 12175100,
                    "entityleft": false,
                    "key": "[188,116]",
                    "player_slot": 0,
                    "slot": 0,
                    "time": 1151,
                    "type": "obs_log",
                    "x": 187.7,
                    "y": 115.9,
                    "z": 132.1
                },
                {
                    "ehandle": 13976540,
                    "entityleft": false,
                    "key": "[193,131]",
                    "player_slot": 0,
                    "slot": 0,
                    "time": 1199,
                    "type": "obs_log",
                    "x": 193.2,
                    "y": 131.1,
                    "z": 130
                },
                {
                    "ehandle": 3113039,
                    "entityleft": false,
                    "key": "[155,146]",
                    "player_slot": 0,
                    "slot": 0,
                    "time": 1432,
                    "type": "obs_log",
                    "x": 155.2,
                    "y": 146.2,
                    "z": 129
                }
            ],
            "obs_placed": 8,
            "observer_kills": 1,
            "observer_uses": 6,
            "observers_placed": 8,
            "pings": 3,
            "player_slot": 0,
            "purchase": {
                "aghanims_shard": 1,
                "arcane_boots": 1,
                "blood_grenade": 5,
                "boots": 1,
                "branches": 2,
                "clarity": 5,
                "crown": 1,
                "dust": 2,
                "enchanted_mango": 1,
                "kaya": 1,
                "magic_stick": 1,
                "magic_wand": 1,
                "meteor_hammer": 1,
                "recipe_arcane_boots": 1,
                "recipe_kaya": 1,
                "recipe_magic_wand": 1,
                "recipe_meteor_hammer": 1,
                "recipe_ring_of_basilius": 1,
                "ring_of_basilius": 1,
                "robe": 1,
                "smoke_of_deceit": 1,
                "sobi_mask": 1,
                "staff_of_wizardry": 1,
                "tango": 1,
                "tpscroll": 2,
                "ward_dispenser": 8,
                "ward_observer": 8,
                "ward_sentry": 12,
                "wind_lace": 1
            },
            "purchase_tpscroll": 2,
            "purchase_ward_observer": 8,
            "purchase_ward_sentry": 12,
            "rank_tier": 73,
            "roshan_kills": 0,
            "rune_pickups": 1,
            "runes": {
                "5": 1
            },
            "sen": {
                "157": {
                    "82": 1
                },
                "162": {
                    "94": 5
                },
                "171": {
                    "93": 1
                },
                "172": {
                    "121": 1
                },
                "175": {
                    "70": 1
                },
                "177": {
                    "170": 1
                },
                "188": {
                    "116": 1,
                    "130": 1
                }
            },
            "sen_left_log": [
                {
                    "attackername": "npc_dota_hero_nyx_assassin",
                    "ehandle": 3064564,
                    "entityleft": true,
                    "key": "[162,94]",
                    "player_slot": 0,
                    "slot": 0,
                    "time": 176,
                    "type": "sen_left_log",
                    "x": 161.8,
                    "y": 93.6,
                    "z": 129
                },
                {
                    "attackername": "npc_dota_hero_nyx_assassin",
                    "ehandle": 8964607,
                    "entityleft": true,
                    "key": "[162,94]",
                    "player_slot": 0,
                    "slot": 0,
                    "time": 304,
                    "type": "sen_left_log",
                    "x": 161.7,
                    "y": 93.7,
                    "z": 129
                },
                {
                    "attackername": "npc_dota_hero_nyx_assassin",
                    "ehandle": 13764962,
                    "entityleft": true,
                    "key": "[162,94]",
                    "player_slot": 0,
                    "slot": 0,
                    "time": 348,
                    "type": "sen_left_log",
                    "x": 162,
                    "y": 93.8,
                    "z": 129
                },
                {
                    "attackername": "npc_dota_hero_nyx_assassin",
                    "ehandle": 5474785,
                    "entityleft": true,
                    "key": "[162,94]",
                    "player_slot": 0,
                    "slot": 0,
                    "time": 458,
                    "type": "sen_left_log",
                    "x": 161.7,
                    "y": 93.9,
                    "z": 129
                },
                {
                    "attackername": "npc_dota_hero_treant",
                    "ehandle": 16140314,
                    "entityleft": true,
                    "key": "[157,82]",
                    "player_slot": 0,
                    "slot": 0,
                    "time": 530,
                    "type": "sen_left_log",
                    "x": 157.1,
                    "y": 82.2,
                    "z": 129
                },
                {
                    "attackername": "npc_dota_hero_phantom_lancer",
                    "ehandle": 3230085,
                    "entityleft": true,
                    "key": "[162,94]",
                    "player_slot": 0,
                    "slot": 0,
                    "time": 805,
                    "type": "sen_left_log",
                    "x": 162,
                    "y": 94,
                    "z": 129
                },
                {
                    "attackername": "npc_dota_hero_treant",
                    "ehandle": 3738003,
                    "entityleft": true,
                    "key": "[175,70]",
                    "player_slot": 0,
                    "slot": 0,
                    "time": 1304,
                    "type": "sen_left_log",
                    "x": 175.3,
                    "y": 69.6,
                    "z": 130
                },
                {
                    "attackername": "npc_dota_hero_treant",
                    "ehandle": 3802079,
                    "entityleft": true,
                    "key": "[171,93]",
                    "player_slot": 0,
                    "slot": 0,
                    "time": 1324,
                    "type": "sen_left_log",
                    "x": 171,
                    "y": 93.2,
                    "z": 129
                },
                {
                    "attackername": "npc_dota_hero_queenofpain",
                    "ehandle": 6965035,
                    "entityleft": true,
                    "key": "[188,130]",
                    "player_slot": 0,
                    "slot": 0,
                    "time": 1348,
                    "type": "sen_left_log",
                    "x": 187.9,
                    "y": 129.7,
                    "z": 129.9
                },
                {
                    "attackername": "npc_dota_hero_treant",
                    "ehandle": 9111329,
                    "entityleft": true,
                    "key": "[188,116]",
                    "player_slot": 0,
                    "slot": 0,
                    "time": 1570,
                    "type": "sen_left_log",
                    "x": 187.7,
                    "y": 115.6,
                    "z": 132.1
                },
                {
                    "attackername": "npc_dota_hero_treant",
                    "ehandle": 2377970,
                    "entityleft": true,
                    "key": "[172,121]",
                    "player_slot": 0,
                    "slot": 0,
                    "time": 1594,
                    "type": "sen_left_log",
                    "x": 172.1,
                    "y": 121.4,
                    "z": 129
                }
            ],
            "sen_log": [
                {
                    "ehandle": 3064564,
                    "entityleft": false,
                    "key": "[162,94]",
                    "player_slot": 0,
                    "slot": 0,
                    "time": 14,
                    "type": "sen_log",
                    "x": 161.8,
                    "y": 93.6,
                    "z": 129
                },
                {
                    "ehandle": 16140314,
                    "entityleft": false,
                    "key": "[157,82]",
                    "player_slot": 0,
                    "slot": 0,
                    "time": 110,
                    "type": "sen_log",
                    "x": 157.1,
                    "y": 82.2,
                    "z": 129
                },
                {
                    "ehandle": 8964607,
                    "entityleft": false,
                    "key": "[162,94]",
                    "player_slot": 0,
                    "slot": 0,
                    "time": 206,
                    "type": "sen_log",
                    "x": 161.7,
                    "y": 93.7,
                    "z": 129
                },
                {
                    "ehandle": 13764962,
                    "entityleft": false,
                    "key": "[162,94]",
                    "player_slot": 0,
                    "slot": 0,
                    "time": 344,
                    "type": "sen_log",
                    "x": 162,
                    "y": 93.8,
                    "z": 129
                },
                {
                    "ehandle": 5474785,
                    "entityleft": false,
                    "key": "[162,94]",
                    "player_slot": 0,
                    "slot": 0,
                    "time": 451,
                    "type": "sen_log",
                    "x": 161.7,
                    "y": 93.9,
                    "z": 129
                },
                {
                    "ehandle": 3230085,
                    "entityleft": false,
                    "key": "[162,94]",
                    "player_slot": 0,
                    "slot": 0,
                    "time": 517,
                    "type": "sen_log",
                    "x": 162,
                    "y": 94,
                    "z": 129
                },
                {
                    "ehandle": 3738003,
                    "entityleft": false,
                    "key": "[175,70]",
                    "player_slot": 0,
                    "slot": 0,
                    "time": 884,
                    "type": "sen_log",
                    "x": 175.3,
                    "y": 69.6,
                    "z": 130
                },
                {
                    "ehandle": 3802079,
                    "entityleft": false,
                    "key": "[171,93]",
                    "player_slot": 0,
                    "slot": 0,
                    "time": 904,
                    "type": "sen_log",
                    "x": 171,
                    "y": 93.2,
                    "z": 129
                },
                {
                    "ehandle": 9111329,
                    "entityleft": false,
                    "key": "[188,116]",
                    "player_slot": 0,
                    "slot": 0,
                    "time": 1150,
                    "type": "sen_log",
                    "x": 187.7,
                    "y": 115.6,
                    "z": 132.1
                },
                {
                    "ehandle": 2377970,
                    "entityleft": false,
                    "key": "[172,121]",
                    "player_slot": 0,
                    "slot": 0,
                    "time": 1174,
                    "type": "sen_log",
                    "x": 172.1,
                    "y": 121.4,
                    "z": 129
                },
                {
                    "ehandle": 6965035,
                    "entityleft": false,
                    "key": "[188,130]",
                    "player_slot": 0,
                    "slot": 0,
                    "time": 1194,
                    "type": "sen_log",
                    "x": 187.9,
                    "y": 129.7,
                    "z": 129.9
                },
                {
                    "ehandle": 9683379,
                    "entityleft": false,
                    "key": "[177,170]",
                    "player_slot": 0,
                    "slot": 0,
                    "time": 1574,
                    "type": "sen_log",
                    "x": 177.4,
                    "y": 170.4,
                    "z": 130
                }
            ],
            "sen_placed": 12,
            "sentry_kills": 4,
            "sentry_uses": 4,
            "stuns": 31.866577,
            "teamfight_participation": 0.7,
            "total_gold": 8331,
            "total_xp": 11917,
            "tower_damage": 1265,
            "tower_kills": 1,
            "win": 1,
            "xp_per_min": 452
        },
        {
            "abandons": 0,
            "actions_per_min": 356,
            "ancient_kills": 0,
            "assists": 2,
            "benchmarks": {
                "gold_per_min": {
                    "pct": 0.27912395153774466,
                    "raw": 454
                },
                "hero_damage_per_min": {
                    "pct": 0.05358807082945014,
                    "raw": 184.47534766118838
                },
                "hero_healing_per_min": {
                    "pct": 0.9636533084808947,
                    "raw": 0
                },
                "kills_per_min": {
                    "pct": 0.5111835973904939,
                    "raw": 0.15170670037926676
                },
                "last_hits_per_min": {
                    "pct": 0.7176141658900279,
                    "raw": 7.737041719342605
                },
                "tower_damage": {
                    "pct": 0.5093196644920783,
                    "raw": 2677
                },
                "xp_per_min": {
                    "pct": 0.17054986020503263,
                    "raw": 498
                }
            },
            "buyback_count": 0,
            "camps_stacked": 0,
            "courier_kills": 0,
            "creeps_stacked": 0,
            "deaths": 0,
            "denies": 8,
            "gold": 256,
            "gold_per_min": 454,
            "gold_spent": 12320,
            "hero_damage": 4864,
            "hero_healing": 0,
            "hero_id": 12,
            "hero_kills": 4,
            "hero_variant": 1,
            "is_roaming": false,
            "item_uses": {
                "clarity": 3,
                "diffusal_blade": 2,
                "famango": 1,
                "magic_wand": 3,
                "power_treads": 12,
                "quelling_blade": 26,
                "tango": 3,
                "tpscroll": 1
            },
            "kda": 6,
            "kill_streaks": {
                "3": 1,
                "4": 1
            },
            "kills": 4,
            "kills_per_min": 0.15170670037926676,
            "lane": 1,
            "lane_efficiency": 0.5905416329830234,
            "lane_efficiency_pct": 59,
            "lane_kills": 86,
            "lane_role": 1,
            "last_hits": 204,
            "leaver_status": 0,
            "level": 15,
            "life_state": {
                "0": 1584
            },
            "life_state_dead": 0,
            "lose": 0,
            "multi_kills": {},
            "necronomicon_kills": 0,
            "net_worth": 12336,
            "neutral_kills": 119,
            "obs": {},
            "obs_left_log": [],
            "obs_log": [],
            "obs_placed": 0,
            "observer_kills": 0,
            "observer_uses": 0,
            "observers_placed": 0,
            "pings": 2,
            "player_slot": 1,
            "purchase": {
                "blade_of_alacrity": 2,
                "blitz_knuckles": 1,
                "boots": 1,
                "boots_of_elves": 1,
                "branches": 2,
                "circlet": 1,
                "clarity": 3,
                "cloak": 1,
                "diffusal_blade": 1,
                "gloves": 1,
                "magic_stick": 1,
                "magic_wand": 1,
                "oblivion_staff": 1,
                "ogre_axe": 1,
                "point_booster": 1,
                "power_treads": 1,
                "quelling_blade": 1,
                "recipe_diffusal_blade": 1,
                "recipe_mage_slayer": 1,
                "recipe_magic_wand": 1,
                "recipe_wraith_band": 1,
                "robe": 2,
                "slippers": 1,
                "sobi_mask": 1,
                "staff_of_wizardry": 1,
                "tango": 1,
                "tpscroll": 1,
                "ultimate_scepter": 1,
                "wraith_band": 1
            },
            "purchase_tpscroll": 1,
            "rank_tier": null,
            "roshan_kills": 0,
            "rune_pickups": 2,
            "runes": {
                "2": 1,
                "5": 1
            },
            "sen": {},
            "sen_left_log": [],
            "sen_log": [],
            "sen_placed": 0,
            "sentry_kills": 1,
            "sentry_uses": 0,
            "stuns": 0,
            "teamfight_participation": 0.2,
            "total_gold": 11970,
            "total_xp": 13130,
            "tower_damage": 2677,
            "tower_kills": 0,
            "win": 1,
            "xp_per_min": 498
        },
        {
            "abandons": 0,
            "account_id": 19613941,
            "actions_per_min": 275,
            "ancient_kills": 3,
            "assists": 11,
            "benchmarks": {
                "gold_per_min": {
                    "pct": 0.8218588640275387,
                    "raw": 502
                },
                "hero_damage_per_min": {
                    "pct": 0.8485370051635112,
                    "raw": 661.0240202275601
                },
                "hero_healing_per_min": {
                    "pct": 0.6755593803786575,
                    "raw": 194.9810366624526
                },
                "kills_per_min": {
                    "pct": 0.9302925989672978,
                    "raw": 0.3413400758533502
                },
                "last_hits_per_min": {
                    "pct": 0.8166953528399311,
                    "raw": 4.36156763590392
                },
                "tower_damage": {
                    "pct": 0.9345955249569707,
                    "raw": 6221
                },
                "xp_per_min": {
                    "pct": 0.5533562822719449,
                    "raw": 561
                }
            },
            "buyback_count": 0,
            "camps_stacked": 0,
            "courier_kills": 0,
            "creeps_stacked": 0,
            "deaths": 2,
            "denies": 6,
            "gold": 2199,
            "gold_per_min": 502,
            "gold_spent": 11450,
            "hero_damage": 17429,
            "hero_healing": 5141,
            "hero_id": 57,
            "hero_kills": 9,
            "hero_variant": 2,
            "is_roaming": false,
            "item_uses": {
                "arcane_boots": 15,
                "holy_locket": 2,
                "magic_stick": 12,
                "royal_jelly": 12,
                "tango": 3,
                "tpscroll": 4,
                "ward_dispenser": 4,
                "ward_sentry": 6
            },
            "kda": 6.67,
            "kill_streaks": {
                "3": 1,
                "4": 1,
                "5": 1,
                "6": 1
            },
            "kills": 9,
            "kills_per_min": 0.3413400758533502,
            "lane": 3,
            "lane_efficiency": 0.4660468876313662,
            "lane_efficiency_pct": 46,
            "lane_kills": 60,
            "lane_role": 3,
            "last_hits": 115,
            "leaver_status": 0,
            "level": 16,
            "life_state": {
                "0": 1511,
                "1": 6,
                "2": 67
            },
            "life_state_dead": 73,
            "lose": 0,
            "multi_kills": {
                "2": 1
            },
            "necronomicon_kills": 0,
            "net_worth": 13109,
            "neutral_kills": 36,
            "obs": {
                "155": {
                    "136": 1
                }
            },
            "obs_left_log": [
                {
                    "attackername": "npc_dota_hero_omniknight",
                    "ehandle": 1525319,
                    "entityleft": true,
                    "key": "[155,136]",
                    "player_slot": 2,
                    "slot": 2,
                    "time": 1532,
                    "type": "obs_left_log",
                    "x": 155,
                    "y": 135.6,
                    "z": 130
                }
            ],
            "obs_log": [
                {
                    "ehandle": 1525319,
                    "entityleft": false,
                    "key": "[155,136]",
                    "player_slot": 2,
                    "slot": 2,
                    "time": 1172,
                    "type": "obs_log",
                    "x": 155,
                    "y": 135.6,
                    "z": 130
                }
            ],
            "obs_placed": 1,
            "observer_kills": 2,
            "observer_uses": 0,
            "observers_placed": 1,
            "pings": 2,
            "player_slot": 2,
            "purchase": {
                "aghanims_shard": 1,
                "arcane_boots": 1,
                "boots": 1,
                "bracer": 2,
                "branches": 2,
                "circlet": 2,
                "diadem": 1,
                "gauntlets": 2,
                "holy_locket": 1,
                "magic_stick": 1,
                "magic_wand": 1,
                "radiance": 1,
                "recipe_arcane_boots": 1,
                "recipe_bracer": 2,
                "recipe_holy_locket": 1,
                "recipe_magic_wand": 1,
                "recipe_ring_of_basilius": 1,
                "relic": 1,
                "ring_of_basilius": 1,
                "sobi_mask": 1,
                "talisman_of_evasion": 1,
                "tango": 1,
                "tpscroll": 3,
                "ward_dispenser": 1,
                "ward_observer": 1,
                "ward_sentry": 8
            },
            "purchase_tpscroll": 3,
            "purchase_ward_observer": 1,
            "purchase_ward_sentry": 8,
            "rank_tier": 73,
            "roshan_kills": 0,
            "rune_pickups": 0,
            "runes": {},
            "sen": {
                "122": {
                    "156": 1
                },
                "141": {
                    "150": 1
                },
                "144": {
                    "122": 1
                },
                "164": {
                    "134": 2
                },
                "169": {
                    "170": 1
                },
                "91": {
                    "164": 1
                }
            },
            "sen_left_log": [
                {
                    "attackername": "npc_dota_hero_abaddon",
                    "ehandle": 12141069,
                    "entityleft": true,
                    "key": "[91,164]",
                    "player_slot": 2,
                    "slot": 2,
                    "time": 673,
                    "type": "sen_left_log",
                    "x": 90.6,
                    "y": 164.2,
                    "z": 128
                },
                {
                    "attackername": "npc_dota_hero_abaddon",
                    "ehandle": 14746265,
                    "entityleft": true,
                    "key": "[122,156]",
                    "player_slot": 2,
                    "slot": 2,
                    "time": 1058,
                    "type": "sen_left_log",
                    "x": 121.7,
                    "y": 155.9,
                    "z": 132.1
                },
                {
                    "attackername": "npc_dota_hero_abaddon",
                    "ehandle": 13109971,
                    "entityleft": true,
                    "key": "[164,134]",
                    "player_slot": 2,
                    "slot": 2,
                    "time": 1291,
                    "type": "sen_left_log",
                    "x": 164.1,
                    "y": 134.1,
                    "z": 132.1
                },
                {
                    "attackername": "npc_dota_hero_omniknight",
                    "ehandle": 2738721,
                    "entityleft": true,
                    "key": "[144,122]",
                    "player_slot": 2,
                    "slot": 2,
                    "time": 1576,
                    "type": "sen_left_log",
                    "x": 143.6,
                    "y": 122.3,
                    "z": 132.1
                }
            ],
            "sen_log": [
                {
                    "ehandle": 12141069,
                    "entityleft": false,
                    "key": "[91,164]",
                    "player_slot": 2,
                    "slot": 2,
                    "time": 365,
                    "type": "sen_log",
                    "x": 90.6,
                    "y": 164.2,
                    "z": 128
                },
                {
                    "ehandle": 14746265,
                    "entityleft": false,
                    "key": "[122,156]",
                    "player_slot": 2,
                    "slot": 2,
                    "time": 1053,
                    "type": "sen_log",
                    "x": 121.7,
                    "y": 155.9,
                    "z": 132.1
                },
                {
                    "ehandle": 2738721,
                    "entityleft": false,
                    "key": "[144,122]",
                    "player_slot": 2,
                    "slot": 2,
                    "time": 1156,
                    "type": "sen_log",
                    "x": 143.6,
                    "y": 122.3,
                    "z": 132.1
                },
                {
                    "ehandle": 13109971,
                    "entityleft": false,
                    "key": "[164,134]",
                    "player_slot": 2,
                    "slot": 2,
                    "time": 1173,
                    "type": "sen_log",
                    "x": 164.1,
                    "y": 134.1,
                    "z": 132.1
                },
                {
                    "ehandle": 5834345,
                    "entityleft": false,
                    "key": "[164,134]",
                    "player_slot": 2,
                    "slot": 2,
                    "time": 1378,
                    "type": "sen_log",
                    "x": 164.1,
                    "y": 134.1,
                    "z": 132.1
                },
                {
                    "ehandle": 1313673,
                    "entityleft": false,
                    "key": "[141,150]",
                    "player_slot": 2,
                    "slot": 2,
                    "time": 1413,
                    "type": "sen_log",
                    "x": 141.1,
                    "y": 150.3,
                    "z": 129
                },
                {
                    "ehandle": 2525303,
                    "entityleft": false,
                    "key": "[169,170]",
                    "player_slot": 2,
                    "slot": 2,
                    "time": 1555,
                    "type": "sen_log",
                    "x": 169,
                    "y": 169.9,
                    "z": 130
                }
            ],
            "sen_placed": 7,
            "sentry_kills": 5,
            "sentry_uses": 6,
            "stuns": 0,
            "teamfight_participation": 0.6666667,
            "total_gold": 13236,
            "total_xp": 14791,
            "tower_damage": 6221,
            "tower_kills": 4,
            "win": 1,
            "xp_per_min": 561
        },
        {
            "abandons": 0,
            "actions_per_min": 103,
            "ancient_kills": 6,
            "assists": 9,
            "benchmarks": {
                "gold_per_min": {
                    "pct": 0.40760436054240895,
                    "raw": 470
                },
                "hero_damage_per_min": {
                    "pct": 0.08481786758840734,
                    "raw": 348.2427307206068
                },
                "hero_healing_per_min": {
                    "pct": 0.8973677213507046,
                    "raw": 0
                },
                "kills_per_min": {
                    "pct": 0.5479925551714969,
                    "raw": 0.2275600505689001
                },
                "last_hits_per_min": {
                    "pct": 0.5908003190640787,
                    "raw": 5.195954487989886
                },
                "tower_damage": {
                    "pct": 0.4801914384472215,
                    "raw": 2772
                },
                "xp_per_min": {
                    "pct": 0.10927944695559691,
                    "raw": 432
                }
            },
            "buyback_count": 0,
            "camps_stacked": 2,
            "courier_kills": 0,
            "creeps_stacked": 4,
            "deaths": 6,
            "denies": 6,
            "gold": 1908,
            "gold_per_min": 470,
            "gold_spent": 10485,
            "hero_damage": 9182,
            "hero_healing": 0,
            "hero_id": 21,
            "hero_kills": 6,
            "hero_variant": 2,
            "is_roaming": false,
            "item_uses": {
                "arcane_ring": 10,
                "black_king_bar": 1,
                "enchanted_mango": 1,
                "faerie_fire": 2,
                "famango": 4,
                "flask": 1,
                "magic_wand": 6,
                "power_treads": 12,
                "tango": 3,
                "tpscroll": 6
            },
            "kda": 2.14,
            "kill_streaks": {},
            "kills": 6,
            "kills_per_min": 0.22756005056890014,
            "lane": 3,
            "lane_efficiency": 0.7544462409054163,
            "lane_efficiency_pct": 75,
            "lane_kills": 90,
            "lane_role": 3,
            "last_hits": 137,
            "leaver_status": 0,
            "level": 14,
            "life_state": {
                "0": 1403,
                "1": 11,
                "2": 170
            },
            "life_state_dead": 181,
            "lose": 0,
            "multi_kills": {},
            "necronomicon_kills": 0,
            "net_worth": 13268,
            "neutral_kills": 46,
            "obs": {},
            "obs_left_log": [],
            "obs_log": [],
            "obs_placed": 0,
            "observer_kills": 0,
            "observer_uses": 0,
            "observers_placed": 0,
            "pings": 25,
            "player_slot": 3,
            "purchase": {
                "belt_of_strength": 1,
                "black_king_bar": 1,
                "boots": 1,
                "bracer": 1,
                "branches": 2,
                "circlet": 2,
                "enchanted_mango": 1,
                "faerie_fire": 2,
                "flask": 1,
                "gauntlets": 1,
                "gloves": 2,
                "javelin": 1,
                "maelstrom": 1,
                "magic_stick": 1,
                "magic_wand": 1,
                "mantle": 1,
                "mithril_hammer": 2,
                "null_talisman": 1,
                "ogre_axe": 1,
                "power_treads": 1,
                "recipe_black_king_bar": 1,
                "recipe_bracer": 1,
                "recipe_magic_wand": 1,
                "recipe_null_talisman": 1,
                "tango": 1
            },
            "rank_tier": null,
            "roshan_kills": 0,
            "rune_pickups": 2,
            "runes": {
                "5": 1,
                "8": 1
            },
            "sen": {},
            "sen_left_log": [],
            "sen_log": [],
            "sen_placed": 0,
            "sentry_kills": 0,
            "sentry_uses": 0,
            "stuns": 19.133474,
            "teamfight_participation": 0.5,
            "total_gold": 12392,
            "total_xp": 11390,
            "tower_damage": 2772,
            "tower_kills": 1,
            "win": 1,
            "xp_per_min": 432
        },
        {
            "abandons": 0,
            "actions_per_min": 310,
            "ancient_kills": 0,
            "assists": 6,
            "benchmarks": {
                "gold_per_min": {
                    "pct": 0.7722182511317608,
                    "raw": 579
                },
                "hero_damage_per_min": {
                    "pct": 0.7564927329044555,
                    "raw": 838.8242730720607
                },
                "hero_healing_per_min": {
                    "pct": 0.8656182987848463,
                    "raw": 0
                },
                "kills_per_min": {
                    "pct": 0.8770550393137956,
                    "raw": 0.3413400758533502
                },
                "last_hits_per_min": {
                    "pct": 0.7724565165594472,
                    "raw": 5.916561314791403
                },
                "tower_damage": {
                    "pct": 0.792232547057422,
                    "raw": 6760
                },
                "xp_per_min": {
                    "pct": 0.6487967595901835,
                    "raw": 740
                }
            },
            "buyback_count": 0,
            "camps_stacked": 0,
            "courier_kills": 0,
            "creeps_stacked": 0,
            "deaths": 0,
            "denies": 12,
            "gold": 1033,
            "gold_per_min": 579,
            "gold_spent": 15025,
            "hero_damage": 22117,
            "hero_healing": 0,
            "hero_id": 19,
            "hero_kills": 9,
            "hero_variant": 1,
            "is_roaming": false,
            "item_uses": {
                "arcane_boots": 17,
                "blink": 10,
                "bottle": 32,
                "enchanted_mango": 1,
                "quelling_blade": 2,
                "tango": 3,
                "tpscroll": 6,
                "ward_dispenser": 2,
                "ward_observer": 3
            },
            "kda": 15,
            "kill_streaks": {
                "3": 1,
                "4": 1,
                "5": 1,
                "6": 1,
                "7": 1,
                "8": 1,
                "9": 1
            },
            "kills": 9,
            "kills_per_min": 0.3413400758533502,
            "lane": 2,
            "lane_efficiency": 0.700282942603072,
            "lane_efficiency_pct": 70,
            "lane_kills": 164,
            "lane_role": 2,
            "last_hits": 156,
            "leaver_status": 0,
            "level": 19,
            "life_state": {
                "0": 1584
            },
            "life_state_dead": 0,
            "lose": 0,
            "multi_kills": {
                "2": 2
            },
            "necronomicon_kills": 0,
            "net_worth": 15163,
            "neutral_kills": 1,
            "obs": {
                "118": {
                    "126": 1
                },
                "128": {
                    "114": 1
                },
                "136": {
                    "154": 1
                }
            },
            "obs_left_log": [
                {
                    "attackername": "npc_dota_hero_tiny",
                    "ehandle": 11747711,
                    "entityleft": true,
                    "key": "[128,114]",
                    "player_slot": 4,
                    "slot": 4,
                    "time": 327,
                    "type": "obs_left_log",
                    "x": 128.3,
                    "y": 114.3,
                    "z": 130
                },
                {
                    "attackername": "npc_dota_hero_tiny",
                    "ehandle": 11321761,
                    "entityleft": true,
                    "key": "[118,126]",
                    "player_slot": 4,
                    "slot": 4,
                    "time": 730,
                    "type": "obs_left_log",
                    "x": 117.6,
                    "y": 126.3,
                    "z": 129
                }
            ],
            "obs_log": [
                {
                    "ehandle": 11747711,
                    "entityleft": false,
                    "key": "[128,114]",
                    "player_slot": 4,
                    "slot": 4,
                    "time": -33,
                    "type": "obs_log",
                    "x": 128.3,
                    "y": 114.3,
                    "z": 130
                },
                {
                    "ehandle": 11321761,
                    "entityleft": false,
                    "key": "[118,126]",
                    "player_slot": 4,
                    "slot": 4,
                    "time": 370,
                    "type": "obs_log",
                    "x": 117.6,
                    "y": 126.3,
                    "z": 129
                },
                {
                    "ehandle": 9783381,
                    "entityleft": false,
                    "key": "[136,154]",
                    "player_slot": 4,
                    "slot": 4,
                    "time": 1308,
                    "type": "obs_log",
                    "x": 135.8,
                    "y": 153.9,
                    "z": 131.1
                }
            ],
            "obs_placed": 3,
            "observer_kills": 0,
            "observer_uses": 3,
            "observers_placed": 3,
            "pings": 21,
            "player_slot": 4,
            "purchase": {
                "angels_demise": 1,
                "arcane_boots": 1,
                "blades_of_attack": 1,
                "blink": 1,
                "boots": 1,
                "bottle": 1,
                "branches": 1,
                "circlet": 1,
                "claymore": 1,
                "diadem": 1,
                "enchanted_mango": 1,
                "gauntlets": 1,
                "hyperstone": 2,
                "lesser_crit": 1,
                "moon_shard": 1,
                "phylactery": 1,
                "point_booster": 1,
                "quelling_blade": 1,
                "recipe_angels_demise": 1,
                "recipe_arcane_boots": 1,
                "recipe_lesser_crit": 1,
                "recipe_phylactery": 1,
                "recipe_ring_of_basilius": 1,
                "recipe_wraith_band": 1,
                "ring_of_basilius": 1,
                "slippers": 1,
                "sobi_mask": 1,
                "tango": 1,
                "tpscroll": 6,
                "ward_dispenser": 1,
                "ward_observer": 3,
                "ward_sentry": 1,
                "wraith_band": 1
            },
            "purchase_tpscroll": 6,
            "purchase_ward_observer": 3,
            "purchase_ward_sentry": 1,
            "rank_tier": null,
            "roshan_kills": 0,
            "rune_pickups": 11,
            "runes": {
                "1": 2,
                "2": 1,
                "3": 1,
                "4": 1,
                "5": 3,
                "7": 2,
                "9": 1
            },
            "sen": {
                "122": {
                    "156": 1
                }
            },
            "sen_left_log": [
                {
                    "attackername": "npc_dota_hero_tiny",
                    "ehandle": 11290457,
                    "entityleft": true,
                    "key": "[122,156]",
                    "player_slot": 4,
                    "slot": 4,
                    "time": 1724,
                    "type": "sen_left_log",
                    "x": 121.9,
                    "y": 156.2,
                    "z": 132.1
                }
            ],
            "sen_log": [
                {
                    "ehandle": 11290457,
                    "entityleft": false,
                    "key": "[122,156]",
                    "player_slot": 4,
                    "slot": 4,
                    "time": 1304,
                    "type": "sen_log",
                    "x": 121.9,
                    "y": 156.2,
                    "z": 132.1
                }
            ],
            "sen_placed": 1,
            "sentry_kills": 0,
            "sentry_uses": 0,
            "stuns": 50.996014,
            "teamfight_participation": 0.5,
            "total_gold": 15266,
            "total_xp": 19511,
            "tower_damage": 6760,
            "tower_kills": 2,
            "win": 1,
            "xp_per_min": 740
        },
        {
            "abandons": 0,
            "account_id": 323327407,
            "actions_per_min": 280,
            "ancient_kills": 0,
            "assists": 3,
            "benchmarks": {
                "gold_per_min": {
                    "pct": 0.06007301692665118,
                    "raw": 264
                },
                "hero_damage_per_min": {
                    "pct": 0.11184865582475938,
                    "raw": 401.45385587863467
                },
                "hero_healing_per_min": {
                    "pct": 0.7915698639230003,
                    "raw": 0
                },
                "kills_per_min": {
                    "pct": 0.16130102887487555,
                    "raw": 0.11378002528445005
                },
                "last_hits_per_min": {
                    "pct": 0.547295054762695,
                    "raw": 2.0101137800252844
                },
                "tower_damage": {
                    "pct": 0.2983737139064056,
                    "raw": 0
                },
                "xp_per_min": {
                    "pct": 0.04613342183869897,
                    "raw": 314
                }
            },
            "buyback_count": 0,
            "camps_stacked": 0,
            "courier_kills": 0,
            "creeps_stacked": 0,
            "deaths": 8,
            "denies": 0,
            "gold": 911,
            "gold_per_min": 264,
            "gold_spent": 6240,
            "hero_damage": 10585,
            "hero_healing": 0,
            "hero_id": 88,
            "hero_kills": 3,
            "hero_variant": 2,
            "is_roaming": false,
            "item_uses": {
                "arcane_boots": 6,
                "blood_grenade": 1,
                "branches": 3,
                "dagon": 1,
                "dagon_2": 2,
                "tango": 3,
                "tpscroll": 7,
                "ward_dispenser": 8,
                "ward_observer": 1,
                "ward_sentry": 4
            },
            "kda": 0.67,
            "kill_streaks": {},
            "kills": 3,
            "kills_per_min": 0.11378002528445007,
            "lane": 1,
            "lane_efficiency": 0.4626111560226354,
            "lane_efficiency_pct": 46,
            "lane_kills": 34,
            "lane_role": 3,
            "last_hits": 53,
            "leaver_status": 0,
            "level": 12,
            "life_state": {
                "0": 1371,
                "1": 20,
                "2": 193
            },
            "life_state_dead": 213,
            "lose": 1,
            "multi_kills": {},
            "necronomicon_kills": 0,
            "net_worth": 6611,
            "neutral_kills": 12,
            "obs": {
                "122": {
                    "156": 1
                },
                "139": {
                    "98": 1
                },
                "158": {
                    "92": 1
                }
            },
            "obs_left_log": [
                {
                    "attackername": "npc_dota_hero_treant",
                    "ehandle": 6097259,
                    "entityleft": true,
                    "key": "[158,92]",
                    "player_slot": 128,
                    "slot": 5,
                    "time": 209,
                    "type": "obs_left_log",
                    "x": 158.2,
                    "y": 92.2,
                    "z": 132.2
                },
                {
                    "attackername": "npc_dota_hero_omniknight",
                    "ehandle": 1509673,
                    "entityleft": true,
                    "key": "[122,156]",
                    "player_slot": 128,
                    "slot": 5,
                    "time": 1059,
                    "type": "obs_left_log",
                    "x": 122,
                    "y": 156.3,
                    "z": 132.1
                },
                {
                    "attackername": "npc_dota_hero_nyx_assassin",
                    "ehandle": 13371370,
                    "entityleft": true,
                    "key": "[139,98]",
                    "player_slot": 128,
                    "slot": 5,
                    "time": 1213,
                    "type": "obs_left_log",
                    "x": 139.2,
                    "y": 98.2,
                    "z": 130
                }
            ],
            "obs_log": [
                {
                    "ehandle": 6097259,
                    "entityleft": false,
                    "key": "[158,92]",
                    "player_slot": 128,
                    "slot": 5,
                    "time": 178,
                    "type": "obs_log",
                    "x": 158.2,
                    "y": 92.2,
                    "z": 132.2
                },
                {
                    "ehandle": 1509673,
                    "entityleft": false,
                    "key": "[122,156]",
                    "player_slot": 128,
                    "slot": 5,
                    "time": 795,
                    "type": "obs_log",
                    "x": 122,
                    "y": 156.3,
                    "z": 132.1
                },
                {
                    "ehandle": 13371370,
                    "entityleft": false,
                    "key": "[139,98]",
                    "player_slot": 128,
                    "slot": 5,
                    "time": 853,
                    "type": "obs_log",
                    "x": 139.2,
                    "y": 98.2,
                    "z": 130
                }
            ],
            "obs_placed": 3,
            "observer_kills": 3,
            "observer_uses": 1,
            "observers_placed": 3,
            "pings": 4,
            "player_slot": 128,
            "purchase": {
                "arcane_boots": 1,
                "blood_grenade": 1,
                "boots": 1,
                "branches": 3,
                "dagon": 1,
                "dagon_2": 1,
                "diadem": 1,
                "recipe_arcane_boots": 1,
                "recipe_dagon": 2,
                "recipe_ring_of_basilius": 1,
                "ring_of_basilius": 1,
                "sobi_mask": 1,
                "tango": 1,
                "voodoo_mask": 1,
                "ward_dispenser": 5,
                "ward_observer": 3,
                "ward_sentry": 8,
                "wind_lace": 1
            },
            "purchase_ward_observer": 3,
            "purchase_ward_sentry": 8,
            "rank_tier": 73,
            "roshan_kills": 0,
            "rune_pickups": 4,
            "runes": {
                "5": 3,
                "8": 1
            },
            "sen": {
                "120": {
                    "152": 1
                },
                "156": {
                    "83": 1
                },
                "158": {
                    "92": 3
                },
                "161": {
                    "95": 1,
                    "97": 1
                }
            },
            "sen_left_log": [
                {
                    "attackername": "npc_dota_creep_goodguys_melee",
                    "ehandle": 262531,
                    "entityleft": true,
                    "key": "[156,83]",
                    "player_slot": 128,
                    "slot": 5,
                    "time": 115,
                    "type": "sen_left_log",
                    "x": 155.6,
                    "y": 83.1,
                    "z": 129
                },
                {
                    "attackername": "npc_dota_hero_treant",
                    "ehandle": 9652313,
                    "entityleft": true,
                    "key": "[161,97]",
                    "player_slot": 128,
                    "slot": 5,
                    "time": 134,
                    "type": "sen_left_log",
                    "x": 161,
                    "y": 97.2,
                    "z": 129
                },
                {
                    "attackername": "npc_dota_hero_treant",
                    "ehandle": 14223705,
                    "entityleft": true,
                    "key": "[161,95]",
                    "player_slot": 128,
                    "slot": 5,
                    "time": 213,
                    "type": "sen_left_log",
                    "x": 160.8,
                    "y": 95,
                    "z": 129
                },
                {
                    "attackername": "npc_dota_hero_treant",
                    "ehandle": 10963059,
                    "entityleft": true,
                    "key": "[158,92]",
                    "player_slot": 128,
                    "slot": 5,
                    "time": 348,
                    "type": "sen_left_log",
                    "x": 158,
                    "y": 91.8,
                    "z": 132.2
                },
                {
                    "attackername": "npc_dota_hero_treant",
                    "ehandle": 12126513,
                    "entityleft": true,
                    "key": "[158,92]",
                    "player_slot": 128,
                    "slot": 5,
                    "time": 520,
                    "type": "sen_left_log",
                    "x": 158.2,
                    "y": 92.1,
                    "z": 132.2
                },
                {
                    "attackername": "npc_dota_hero_nyx_assassin",
                    "ehandle": 15418215,
                    "entityleft": true,
                    "key": "[120,152]",
                    "player_slot": 128,
                    "slot": 5,
                    "time": 1216,
                    "type": "sen_left_log",
                    "x": 119.9,
                    "y": 151.6,
                    "z": 130
                },
                {
                    "attackername": "npc_dota_hero_nyx_assassin",
                    "ehandle": 7161972,
                    "entityleft": true,
                    "key": "[158,92]",
                    "player_slot": 128,
                    "slot": 5,
                    "time": 1288,
                    "type": "sen_left_log",
                    "x": 158.2,
                    "y": 91.8,
                    "z": 132.2
                }
            ],
            "sen_log": [
                {
                    "ehandle": 262531,
                    "entityleft": false,
                    "key": "[156,83]",
                    "player_slot": 128,
                    "slot": 5,
                    "time": -32,
                    "type": "sen_log",
                    "x": 155.6,
                    "y": 83.1,
                    "z": 129
                },
                {
                    "ehandle": 9652313,
                    "entityleft": false,
                    "key": "[161,97]",
                    "player_slot": 128,
                    "slot": 5,
                    "time": 125,
                    "type": "sen_log",
                    "x": 161,
                    "y": 97.2,
                    "z": 129
                },
                {
                    "ehandle": 14223705,
                    "entityleft": false,
                    "key": "[161,95]",
                    "player_slot": 128,
                    "slot": 5,
                    "time": 175,
                    "type": "sen_log",
                    "x": 160.8,
                    "y": 95,
                    "z": 129
                },
                {
                    "ehandle": 10963059,
                    "entityleft": false,
                    "key": "[158,92]",
                    "player_slot": 128,
                    "slot": 5,
                    "time": 298,
                    "type": "sen_log",
                    "x": 158,
                    "y": 91.8,
                    "z": 132.2
                },
                {
                    "ehandle": 12126513,
                    "entityleft": false,
                    "key": "[158,92]",
                    "player_slot": 128,
                    "slot": 5,
                    "time": 453,
                    "type": "sen_log",
                    "x": 158.2,
                    "y": 92.1,
                    "z": 132.2
                },
                {
                    "ehandle": 15418215,
                    "entityleft": false,
                    "key": "[120,152]",
                    "player_slot": 128,
                    "slot": 5,
                    "time": 796,
                    "type": "sen_log",
                    "x": 119.9,
                    "y": 151.6,
                    "z": 130
                },
                {
                    "ehandle": 7161972,
                    "entityleft": false,
                    "key": "[158,92]",
                    "player_slot": 128,
                    "slot": 5,
                    "time": 868,
                    "type": "sen_log",
                    "x": 158.2,
                    "y": 91.8,
                    "z": 132.2
                }
            ],
            "sen_placed": 7,
            "sentry_kills": 4,
            "sentry_uses": 4,
            "stuns": 49.933342,
            "teamfight_participation": 0.6,
            "total_gold": 6960,
            "total_xp": 8279,
            "tower_damage": 0,
            "tower_kills": 0,
            "win": 0,
            "xp_per_min": 314
        },
        {
            "abandons": 0,
            "actions_per_min": 339,
            "ancient_kills": 0,
            "assists": 2,
            "benchmarks": {
                "gold_per_min": {
                    "pct": 0.051352410819286556,
                    "raw": 321
                },
                "hero_damage_per_min": {
                    "pct": 0.306546452371619,
                    "raw": 655.0695322376738
                },
                "hero_healing_per_min": {
                    "pct": 0.8330066640533125,
                    "raw": 0
                },
                "kills_per_min": {
                    "pct": 0.0199921599372795,
                    "raw": 0.03792667509481669
                },
                "last_hits_per_min": {
                    "pct": 0.3312426499411995,
                    "raw": 4.209860935524652
                },
                "tower_damage": {
                    "pct": 0.08859270874166994,
                    "raw": 0
                },
                "xp_per_min": {
                    "pct": 0.07173657389259114,
                    "raw": 422
                }
            },
            "buyback_count": 0,
            "camps_stacked": 1,
            "courier_kills": 0,
            "creeps_stacked": 2,
            "deaths": 8,
            "denies": 15,
            "gold": 621,
            "gold_per_min": 321,
            "gold_spent": 7400,
            "hero_damage": 17272,
            "hero_healing": 0,
            "hero_id": 39,
            "hero_kills": 1,
            "hero_variant": 1,
            "is_roaming": false,
            "item_uses": {
                "clarity": 7,
                "famango": 2,
                "magic_wand": 13,
                "orchid": 3,
                "power_treads": 6,
                "quelling_blade": 6,
                "smoke_of_deceit": 2,
                "tango": 3,
                "tpscroll": 6
            },
            "kda": 0.33,
            "kill_streaks": {},
            "kills": 1,
            "kills_per_min": 0.03792667509481669,
            "lane": 1,
            "lane_efficiency": 0.6511721907841552,
            "lane_efficiency_pct": 65,
            "lane_kills": 114,
            "lane_role": 3,
            "last_hits": 111,
            "leaver_status": 0,
            "level": 14,
            "life_state": {
                "0": 1285,
                "1": 13,
                "2": 286
            },
            "life_state_dead": 299,
            "lose": 1,
            "multi_kills": {},
            "necronomicon_kills": 0,
            "net_worth": 7431,
            "neutral_kills": 9,
            "obs": {},
            "obs_left_log": [],
            "obs_log": [],
            "obs_placed": 0,
            "observer_kills": 0,
            "observer_uses": 0,
            "observers_placed": 0,
            "pings": 4,
            "player_slot": 129,
            "purchase": {
                "blitz_knuckles": 1,
                "boots": 1,
                "branches": 2,
                "circlet": 1,
                "clarity": 7,
                "cornucopia": 1,
                "diadem": 1,
                "dust": 1,
                "gloves": 1,
                "magic_stick": 1,
                "magic_wand": 1,
                "mantle": 1,
                "null_talisman": 1,
                "oblivion_staff": 1,
                "orchid": 1,
                "power_treads": 1,
                "quelling_blade": 1,
                "recipe_magic_wand": 1,
                "recipe_null_talisman": 1,
                "recipe_orchid": 1,
                "robe": 2,
                "smoke_of_deceit": 2,
                "sobi_mask": 1,
                "tango": 1
            },
            "rank_tier": null,
            "roshan_kills": 0,
            "rune_pickups": 4,
            "runes": {
                "5": 1,
                "8": 3
            },
            "sen": {},
            "sen_left_log": [],
            "sen_log": [],
            "sen_placed": 0,
            "sentry_kills": 1,
            "sentry_uses": 0,
            "stuns": 0,
            "teamfight_participation": 0.3,
            "total_gold": 8463,
            "total_xp": 11126,
            "tower_damage": 0,
            "tower_kills": 0,
            "win": 0,
            "xp_per_min": 422
        },
        {
            "abandons": 0,
            "actions_per_min": 314,
            "ancient_kills": 0,
            "assists": 6,
            "benchmarks": {
                "gold_per_min": {
                    "pct": 0.028037383177570093,
                    "raw": 203
                },
                "hero_damage_per_min": {
                    "pct": 0.32585669781931464,
                    "raw": 261.73198482933
                },
                "hero_healing_per_min": {
                    "pct": 0.4928348909657321,
                    "raw": 181.7825537294564
                },
                "kills_per_min": {
                    "pct": 0.08099688473520249,
                    "raw": 0
                },
                "last_hits_per_min": {
                    "pct": 0.19065420560747665,
                    "raw": 0.8723135271807838
                },
                "tower_damage": {
                    "pct": 0.16199376947040497,
                    "raw": 0
                },
                "xp_per_min": {
                    "pct": 0.06978193146417445,
                    "raw": 308
                }
            },
            "buyback_count": 0,
            "camps_stacked": 0,
            "courier_kills": 0,
            "creeps_stacked": 0,
            "deaths": 6,
            "denies": 1,
            "gold": 538,
            "gold_per_min": 203,
            "gold_spent": 5115,
            "hero_damage": 6901,
            "hero_healing": 4793,
            "hero_id": 102,
            "hero_kills": 0,
            "hero_variant": 2,
            "is_roaming": false,
            "item_uses": {
                "arcane_boots": 9,
                "blood_grenade": 1,
                "clarity": 3,
                "famango": 1,
                "magic_stick": 11,
                "seeds_of_serenity": 1,
                "tango": 3,
                "tpscroll": 7,
                "ward_dispenser": 20,
                "ward_observer": 1,
                "ward_sentry": 2
            },
            "kda": 0.86,
            "kill_streaks": {},
            "kills": 0,
            "lane": 3,
            "lane_efficiency": 0.3488278092158448,
            "lane_efficiency_pct": 34,
            "lane_kills": 19,
            "lane_role": 1,
            "last_hits": 23,
            "leaver_status": 0,
            "level": 11,
            "life_state": {
                "0": 1423,
                "1": 18,
                "2": 143
            },
            "life_state_dead": 161,
            "lose": 1,
            "multi_kills": {},
            "necronomicon_kills": 0,
            "net_worth": 4613,
            "neutral_kills": 0,
            "obs": {
                "108": {
                    "162": 1
                },
                "118": {
                    "140": 1
                },
                "144": {
                    "122": 1
                },
                "81": {
                    "153": 1
                }
            },
            "obs_left_log": [
                {
                    "attackername": "npc_dota_hero_abaddon",
                    "ehandle": 10912122,
                    "entityleft": true,
                    "key": "[81,153]",
                    "player_slot": 130,
                    "slot": 7,
                    "time": 313,
                    "type": "obs_left_log",
                    "x": 81.3,
                    "y": 152.9,
                    "z": 129
                },
                {
                    "attackername": "npc_dota_hero_omniknight",
                    "ehandle": 4868878,
                    "entityleft": true,
                    "key": "[144,122]",
                    "player_slot": 130,
                    "slot": 7,
                    "time": 1158,
                    "type": "obs_left_log",
                    "x": 144.2,
                    "y": 122.1,
                    "z": 132.1
                },
                {
                    "attackername": "npc_dota_hero_abaddon",
                    "ehandle": 15256020,
                    "entityleft": true,
                    "key": "[118,140]",
                    "player_slot": 130,
                    "slot": 7,
                    "time": 1287,
                    "type": "obs_left_log",
                    "x": 118.1,
                    "y": 139.9,
                    "z": 129
                },
                {
                    "attackername": "npc_dota_hero_abaddon",
                    "ehandle": 2721849,
                    "entityleft": true,
                    "key": "[108,162]",
                    "player_slot": 130,
                    "slot": 7,
                    "time": 1530,
                    "type": "obs_left_log",
                    "x": 108.3,
                    "y": 162.1,
                    "z": 130
                }
            ],
            "obs_log": [
                {
                    "ehandle": 10912122,
                    "entityleft": false,
                    "key": "[81,153]",
                    "player_slot": 130,
                    "slot": 7,
                    "time": -47,
                    "type": "obs_log",
                    "x": 81.3,
                    "y": 152.9,
                    "z": 129
                },
                {
                    "ehandle": 15256020,
                    "entityleft": false,
                    "key": "[118,140]",
                    "player_slot": 130,
                    "slot": 7,
                    "time": 927,
                    "type": "obs_log",
                    "x": 118.1,
                    "y": 139.9,
                    "z": 129
                },
                {
                    "ehandle": 4868878,
                    "entityleft": false,
                    "key": "[144,122]",
                    "player_slot": 130,
                    "slot": 7,
                    "time": 1120,
                    "type": "obs_log",
                    "x": 144.2,
                    "y": 122.1,
                    "z": 132.1
                },
                {
                    "ehandle": 2721849,
                    "entityleft": false,
                    "key": "[108,162]",
                    "player_slot": 130,
                    "slot": 7,
                    "time": 1170,
                    "type": "obs_log",
                    "x": 108.3,
                    "y": 162.1,
                    "z": 130
                }
            ],
            "obs_placed": 4,
            "observer_kills": 2,
            "observer_uses": 1,
            "observers_placed": 4,
            "pings": 19,
            "player_slot": 130,
            "purchase": {
                "aether_lens": 1,
                "arcane_boots": 1,
                "blood_grenade": 1,
                "boots": 1,
                "branches": 2,
                "clarity": 3,
                "energy_booster": 1,
                "magic_stick": 1,
                "recipe_aether_lens": 1,
                "recipe_arcane_boots": 1,
                "recipe_ring_of_basilius": 1,
                "ring_of_basilius": 1,
                "smoke_of_deceit": 1,
                "sobi_mask": 1,
                "tango": 1,
                "tpscroll": 2,
                "void_stone": 1,
                "ward_dispenser": 11,
                "ward_observer": 6,
                "ward_sentry": 13
            },
            "purchase_tpscroll": 2,
            "purchase_ward_observer": 6,
            "purchase_ward_sentry": 13,
            "rank_tier": null,
            "roshan_kills": 0,
            "rune_pickups": 1,
            "runes": {
                "5": 1
            },
            "sen": {
                "109": {
                    "163": 1
                },
                "122": {
                    "156": 1
                },
                "139": {
                    "136": 1
                },
                "144": {
                    "122": 1
                },
                "164": {
                    "134": 1
                },
                "168": {
                    "150": 1
                },
                "180": {
                    "141": 1
                },
                "188": {
                    "116": 1
                },
                "191": {
                    "131": 1
                },
                "84": {
                    "167": 1
                },
                "85": {
                    "166": 1
                },
                "93": {
                    "164": 1
                },
                "98": {
                    "159": 1
                }
            },
            "sen_left_log": [
                {
                    "attackername": "npc_dota_hero_omniknight",
                    "ehandle": 13043880,
                    "entityleft": true,
                    "key": "[93,164]",
                    "player_slot": 130,
                    "slot": 7,
                    "time": 368,
                    "type": "sen_left_log",
                    "x": 92.9,
                    "y": 163.6,
                    "z": 128
                },
                {
                    "attackername": "npc_dota_hero_omniknight",
                    "ehandle": 8980612,
                    "entityleft": true,
                    "key": "[84,167]",
                    "player_slot": 130,
                    "slot": 7,
                    "time": 373,
                    "type": "sen_left_log",
                    "x": 83.7,
                    "y": 167.2,
                    "z": 129
                },
                {
                    "attackername": "npc_dota_hero_abaddon",
                    "ehandle": 16451983,
                    "entityleft": true,
                    "key": "[98,159]",
                    "player_slot": 130,
                    "slot": 7,
                    "time": 993,
                    "type": "sen_left_log",
                    "x": 98.1,
                    "y": 158.9,
                    "z": 129
                },
                {
                    "attackername": "npc_dota_hero_abaddon",
                    "ehandle": 10832337,
                    "entityleft": true,
                    "key": "[85,166]",
                    "player_slot": 130,
                    "slot": 7,
                    "time": 1091,
                    "type": "sen_left_log",
                    "x": 84.9,
                    "y": 166.1,
                    "z": 129
                },
                {
                    "attackername": "npc_dota_hero_omniknight",
                    "ehandle": 16730622,
                    "entityleft": true,
                    "key": "[144,122]",
                    "player_slot": 130,
                    "slot": 7,
                    "time": 1160,
                    "type": "sen_left_log",
                    "x": 144.1,
                    "y": 122.1,
                    "z": 132.1
                },
                {
                    "attackername": "npc_dota_hero_omniknight",
                    "ehandle": 6850499,
                    "entityleft": true,
                    "key": "[122,156]",
                    "player_slot": 130,
                    "slot": 7,
                    "time": 1308,
                    "type": "sen_left_log",
                    "x": 122,
                    "y": 156.1,
                    "z": 132.1
                },
                {
                    "attackername": "npc_dota_hero_omniknight",
                    "ehandle": 3525585,
                    "entityleft": true,
                    "key": "[164,134]",
                    "player_slot": 130,
                    "slot": 7,
                    "time": 1380,
                    "type": "sen_left_log",
                    "x": 164.1,
                    "y": 134.2,
                    "z": 132.1
                },
                {
                    "attackername": "npc_dota_hero_abaddon",
                    "ehandle": 11733487,
                    "entityleft": true,
                    "key": "[139,136]",
                    "player_slot": 130,
                    "slot": 7,
                    "time": 1535,
                    "type": "sen_left_log",
                    "x": 139,
                    "y": 135.9,
                    "z": 129
                },
                {
                    "attackername": "npc_dota_hero_abaddon",
                    "ehandle": 3786987,
                    "entityleft": true,
                    "key": "[109,163]",
                    "player_slot": 130,
                    "slot": 7,
                    "time": 1591,
                    "type": "sen_left_log",
                    "x": 108.9,
                    "y": 162.6,
                    "z": 130
                },
                {
                    "attackername": "npc_dota_hero_abaddon",
                    "ehandle": 1870516,
                    "entityleft": true,
                    "key": "[180,141]",
                    "player_slot": 130,
                    "slot": 7,
                    "time": 1702,
                    "type": "sen_left_log",
                    "x": 179.7,
                    "y": 141.3,
                    "z": 129
                }
            ],
            "sen_log": [
                {
                    "ehandle": 13043880,
                    "entityleft": false,
                    "key": "[93,164]",
                    "player_slot": 130,
                    "slot": 7,
                    "time": 153,
                    "type": "sen_log",
                    "x": 92.9,
                    "y": 163.6,
                    "z": 128
                },
                {
                    "ehandle": 8980612,
                    "entityleft": false,
                    "key": "[84,167]",
                    "player_slot": 130,
                    "slot": 7,
                    "time": 271,
                    "type": "sen_log",
                    "x": 83.7,
                    "y": 167.2,
                    "z": 129
                },
                {
                    "ehandle": 16451983,
                    "entityleft": false,
                    "key": "[98,159]",
                    "player_slot": 130,
                    "slot": 7,
                    "time": 573,
                    "type": "sen_log",
                    "x": 98.1,
                    "y": 158.9,
                    "z": 129
                },
                {
                    "ehandle": 10832337,
                    "entityleft": false,
                    "key": "[85,166]",
                    "player_slot": 130,
                    "slot": 7,
                    "time": 671,
                    "type": "sen_log",
                    "x": 84.9,
                    "y": 166.1,
                    "z": 129
                },
                {
                    "ehandle": 16730622,
                    "entityleft": false,
                    "key": "[144,122]",
                    "player_slot": 130,
                    "slot": 7,
                    "time": 830,
                    "type": "sen_log",
                    "x": 144.1,
                    "y": 122.1,
                    "z": 132.1
                },
                {
                    "ehandle": 11733487,
                    "entityleft": false,
                    "key": "[139,136]",
                    "player_slot": 130,
                    "slot": 7,
                    "time": 1115,
                    "type": "sen_log",
                    "x": 139,
                    "y": 135.9,
                    "z": 129
                },
                {
                    "ehandle": 6850499,
                    "entityleft": false,
                    "key": "[122,156]",
                    "player_slot": 130,
                    "slot": 7,
                    "time": 1165,
                    "type": "sen_log",
                    "x": 122,
                    "y": 156.1,
                    "z": 132.1
                },
                {
                    "ehandle": 3786987,
                    "entityleft": false,
                    "key": "[109,163]",
                    "player_slot": 130,
                    "slot": 7,
                    "time": 1171,
                    "type": "sen_log",
                    "x": 108.9,
                    "y": 162.6,
                    "z": 130
                },
                {
                    "ehandle": 1870516,
                    "entityleft": false,
                    "key": "[180,141]",
                    "player_slot": 130,
                    "slot": 7,
                    "time": 1281,
                    "type": "sen_log",
                    "x": 179.7,
                    "y": 141.3,
                    "z": 129
                },
                {
                    "ehandle": 3525585,
                    "entityleft": false,
                    "key": "[164,134]",
                    "player_slot": 130,
                    "slot": 7,
                    "time": 1287,
                    "type": "sen_log",
                    "x": 164.1,
                    "y": 134.2,
                    "z": 132.1
                },
                {
                    "ehandle": 4163868,
                    "entityleft": false,
                    "key": "[191,131]",
                    "player_slot": 130,
                    "slot": 7,
                    "time": 1344,
                    "type": "sen_log",
                    "x": 190.5,
                    "y": 131.1,
                    "z": 130
                },
                {
                    "ehandle": 8767054,
                    "entityleft": false,
                    "key": "[188,116]",
                    "player_slot": 130,
                    "slot": 7,
                    "time": 1352,
                    "type": "sen_log",
                    "x": 188,
                    "y": 116.2,
                    "z": 132.1
                },
                {
                    "ehandle": 15108902,
                    "entityleft": false,
                    "key": "[168,150]",
                    "player_slot": 130,
                    "slot": 7,
                    "time": 1380,
                    "type": "sen_log",
                    "x": 167.8,
                    "y": 149.9,
                    "z": 130
                }
            ],
            "sen_placed": 13,
            "sentry_kills": 3,
            "sentry_uses": 2,
            "stuns": 0,
            "teamfight_participation": 0.6,
            "total_gold": 5352,
            "total_xp": 8120,
            "tower_damage": 0,
            "tower_kills": 0,
            "win": 0,
            "xp_per_min": 308
        },
        {
            "abandons": 0,
            "actions_per_min": 348,
            "ancient_kills": 3,
            "assists": 2,
            "benchmarks": {
                "gold_per_min": {
                    "pct": 0.1664897381457891,
                    "raw": 448
                },
                "hero_damage_per_min": {
                    "pct": 0.16012031139419675,
                    "raw": 400.84702907711755
                },
                "hero_healing_per_min": {
                    "pct": 0.9608987968860581,
                    "raw": 0
                },
                "kills_per_min": {
                    "pct": 0.2807855626326964,
                    "raw": 0.18963337547408343
                },
                "last_hits_per_min": {
                    "pct": 0.6307501769285209,
                    "raw": 7.737041719342605
                },
                "tower_damage": {
                    "pct": 0.27388535031847133,
                    "raw": 366
                },
                "xp_per_min": {
                    "pct": 0.1259731068648266,
                    "raw": 519
                }
            },
            "buyback_count": 0,
            "camps_stacked": 0,
            "courier_kills": 0,
            "creeps_stacked": 0,
            "deaths": 5,
            "denies": 10,
            "gold": 860,
            "gold_per_min": 448,
            "gold_spent": 11070,
            "hero_damage": 10569,
            "hero_healing": 0,
            "hero_id": 44,
            "hero_kills": 5,
            "hero_variant": 2,
            "is_roaming": false,
            "item_uses": {
                "bfury": 9,
                "black_king_bar": 1,
                "magic_wand": 5,
                "power_treads": 145,
                "quelling_blade": 29,
                "tango": 6,
                "tango_single": 2,
                "tpscroll": 4
            },
            "kda": 1.17,
            "kill_streaks": {
                "3": 1,
                "4": 1
            },
            "kills": 5,
            "kills_per_min": 0.18963337547408343,
            "lane": 3,
            "lane_efficiency": 0.7568714632174616,
            "lane_efficiency_pct": 75,
            "lane_kills": 95,
            "lane_role": 1,
            "last_hits": 204,
            "leaver_status": 0,
            "level": 15,
            "life_state": {
                "0": 1405,
                "1": 15,
                "2": 164
            },
            "life_state_dead": 179,
            "lose": 1,
            "multi_kills": {},
            "necronomicon_kills": 0,
            "net_worth": 11465,
            "neutral_kills": 114,
            "obs": {},
            "obs_left_log": [],
            "obs_log": [],
            "obs_placed": 0,
            "observer_kills": 0,
            "observer_uses": 0,
            "observers_placed": 0,
            "pings": 44,
            "player_slot": 131,
            "purchase": {
                "bfury": 1,
                "black_king_bar": 1,
                "boots": 1,
                "boots_of_elves": 1,
                "branches": 2,
                "broadsword": 1,
                "circlet": 1,
                "claymore": 1,
                "cornucopia": 1,
                "gloves": 1,
                "magic_stick": 1,
                "magic_wand": 1,
                "mithril_hammer": 1,
                "ogre_axe": 1,
                "power_treads": 1,
                "quelling_blade": 1,
                "recipe_bfury": 1,
                "recipe_black_king_bar": 1,
                "recipe_magic_wand": 1,
                "recipe_wraith_band": 1,
                "slippers": 1,
                "tango": 2,
                "wraith_band": 1
            },
            "rank_tier": null,
            "roshan_kills": 0,
            "rune_pickups": 1,
            "runes": {
                "5": 1
            },
            "sen": {},
            "sen_left_log": [],
            "sen_log": [],
            "sen_placed": 0,
            "sentry_kills": 0,
            "sentry_uses": 0,
            "stuns": 0,
            "teamfight_participation": 0.7,
            "total_gold": 11812,
            "total_xp": 13684,
            "tower_damage": 366,
            "tower_kills": 0,
            "win": 0,
            "xp_per_min": 519
        },
        {
            "abandons": 0,
            "account_id": 1622498451,
            "actions_per_min": 316,
            "ancient_kills": 12,
            "assists": 5,
            "benchmarks": {
                "gold_per_min": {
                    "pct": 0.0834929145921103,
                    "raw": 372
                },
                "hero_damage_per_min": {
                    "pct": 0.1903485254691689,
                    "raw": 659.4690265486726
                },
                "hero_healing_per_min": {
                    "pct": 0.8575258521639219,
                    "raw": 0.3034134007585335
                },
                "kills_per_min": {
                    "pct": 0.026043661432401378,
                    "raw": 0.03792667509481669
                },
                "last_hits_per_min": {
                    "pct": 0.3071620068939104,
                    "raw": 5.082174462705436
                },
                "tower_damage": {
                    "pct": 0.08425890463423975,
                    "raw": 0
                },
                "xp_per_min": {
                    "pct": 0.08042895442359249,
                    "raw": 431
                }
            },
            "buyback_count": 1,
            "camps_stacked": 0,
            "courier_kills": 0,
            "creeps_stacked": 0,
            "deaths": 3,
            "denies": 9,
            "gold": 32,
            "gold_per_min": 372,
            "gold_spent": 9105,
            "hero_damage": 17388,
            "hero_healing": 8,
            "hero_id": 106,
            "hero_kills": 1,
            "hero_variant": 1,
            "is_roaming": false,
            "item_uses": {
                "arcane_ring": 9,
                "bottle": 70,
                "branches": 1,
                "clarity": 1,
                "iron_talon": 4,
                "phase_boots": 64,
                "tango": 3,
                "tpscroll": 6,
                "ward_observer": 2
            },
            "kda": 1.5,
            "kill_streaks": {},
            "kills": 1,
            "kills_per_min": 0.03792667509481669,
            "lane": 2,
            "lane_efficiency": 0.7281729991915926,
            "lane_efficiency_pct": 72,
            "lane_kills": 81,
            "lane_role": 2,
            "last_hits": 134,
            "leaver_status": 0,
            "level": 14,
            "life_state": {
                "0": 1521,
                "1": 8,
                "2": 55
            },
            "life_state_dead": 63,
            "lose": 1,
            "multi_kills": {},
            "necronomicon_kills": 0,
            "net_worth": 8532,
            "neutral_kills": 54,
            "obs": {
                "124": {
                    "134": 1
                },
                "133": {
                    "125": 1
                }
            },
            "obs_left_log": [
                {
                    "attackername": "npc_dota_hero_ember_spirit",
                    "ehandle": 3359162,
                    "entityleft": true,
                    "key": "[124,134]",
                    "player_slot": 132,
                    "slot": 9,
                    "time": 350,
                    "type": "obs_left_log",
                    "x": 123.5,
                    "y": 133.6,
                    "z": 129
                },
                {
                    "attackername": "npc_dota_hero_ember_spirit",
                    "ehandle": 2393684,
                    "entityleft": true,
                    "key": "[133,125]",
                    "player_slot": 132,
                    "slot": 9,
                    "time": 910,
                    "type": "obs_left_log",
                    "x": 133,
                    "y": 124.6,
                    "z": 129
                }
            ],
            "obs_log": [
                {
                    "ehandle": 3359162,
                    "entityleft": false,
                    "key": "[124,134]",
                    "player_slot": 132,
                    "slot": 9,
                    "time": -10,
                    "type": "obs_log",
                    "x": 123.5,
                    "y": 133.6,
                    "z": 129
                },
                {
                    "ehandle": 2393684,
                    "entityleft": false,
                    "key": "[133,125]",
                    "player_slot": 132,
                    "slot": 9,
                    "time": 550,
                    "type": "obs_log",
                    "x": 133,
                    "y": 124.6,
                    "z": 129
                }
            ],
            "obs_placed": 2,
            "observer_kills": 0,
            "observer_uses": 2,
            "observers_placed": 2,
            "pings": 5,
            "player_slot": 132,
            "purchase": {
                "blades_of_attack": 1,
                "blight_stone": 1,
                "blitz_knuckles": 1,
                "boots": 1,
                "bottle": 1,
                "branches": 2,
                "chainmail": 1,
                "clarity": 1,
                "cloak": 1,
                "faerie_fire": 1,
                "gloves": 1,
                "javelin": 1,
                "maelstrom": 1,
                "mage_slayer": 1,
                "mithril_hammer": 1,
                "oblivion_staff": 1,
                "phase_boots": 1,
                "quelling_blade": 1,
                "recipe_mage_slayer": 1,
                "robe": 1,
                "sobi_mask": 1,
                "tango": 1,
                "tpscroll": 4,
                "ward_observer": 2
            },
            "purchase_tpscroll": 4,
            "purchase_ward_observer": 2,
            "rank_tier": 72,
            "roshan_kills": 0,
            "rune_pickups": 10,
            "runes": {
                "0": 1,
                "5": 6,
                "6": 1,
                "7": 2
            },
            "sen": {},
            "sen_left_log": [],
            "sen_log": [],
            "sen_placed": 0,
            "sentry_kills": 0,
            "sentry_uses": 0,
            "stuns": 40.965816,
            "teamfight_participation": 0.6,
            "total_gold": 9808,
            "total_xp": 11364,
            "tower_damage": 0,
            "tower_kills": 0,
            "win": 0,
            "xp_per_min": 431
        }
    ],
    "radiant_score": 30,
    "radiant_win": true,
    "replay_url": "http://replay273.valve.net/570/7877160987_745867835.dem.bz2"
}