{
    "comeback": -663,
    "dire_score": 54,
    "duration": 1502,
    "lobby_type": 7,
    "match_id": 7877208117,
    "metadata": null,
    "players": [
        {
            "abandons": 0,
            "account_id": 295910242,
            "actions_per_min": 261,
            "ancient_kills": 0,
            "assists": 3,
            "benchmarks": {
                "gold_per_min": {
                    "pct": 0.03787878787878788,
                    "raw": 284
                },
                "hero_damage_per_min": {
                    "pct": 0.18240093240093241,
                    "raw": 361.3981358189081
                },
                "hero_healing_per_min": {
                    "pct": 0.8828671328671329,
                    "raw": 0
                },
                "kills_per_min": {
                    "pct": 0.038461538461538464,
                    "raw": 0
                },
                "last_hits_per_min": {
                    "pct": 0.09848484848484848,
                    "raw": 2.5166444740346203
                },
                "tower_damage": {
                    "pct": 0.2727272727272727,
                    "raw": 250
                },
                "xp_per_min": {
                    "pct": 0.03904428904428905,
                    "raw": 321
                }
            },
            "buyback_count": 0,
            "camps_stacked": 0,
            "courier_kills": 0,
            "creeps_stacked": 0,
            "deaths": 10,
            "denies": 1,
            "gold": 442,
            "gold_per_min": 284,
            "gold_spent": 6455,
            "hero_damage": 9047,
            "hero_healing": 0,
            "hero_id": 129,
            "hero_kills": 0,
            "hero_variant": 1,
            "is_roaming": false,
            "item_uses": {
                "blade_mail": 1,
                "dust": 1,
                "famango": 1,
                "flask": 1,
                "magic_stick": 1,
                "magic_wand": 10,
                "phase_boots": 25,
                "quelling_blade": 17,
                "soul_ring": 5,
                "tango": 6,
                "tango_single": 1,
                "tpscroll": 5,
                "ward_sentry": 3
            },
            "kda": 0.27,
            "kill_streaks": {},
            "kills": 0,
            "lane": 3,
            "lane_efficiency": 0.3928860145513339,
            "lane_efficiency_pct": 39,
            "lane_kills": 60,
            "lane_role": 3,
            "last_hits": 63,
            "leaver_status": 0,
            "level": 11,
            "life_state": {
                "0": 1217,
                "1": 42,
                "2": 244
            },
            "life_state_dead": 286,
            "lose": 1,
            "multi_kills": {},
            "necronomicon_kills": 0,
            "net_worth": 6202,
            "neutral_kills": 1,
            "obs": {},
            "obs_left_log": [],
            "obs_log": [],
            "obs_placed": 0,
            "observer_kills": 2,
            "observer_uses": 0,
            "observers_placed": 0,
            "pings": 2,
            "player_slot": 0,
            "purchase": {
                "blade_mail": 1,
                "blades_of_attack": 1,
                "boots": 1,
                "bracer": 1,
                "branches": 2,
                "broadsword": 1,
                "chainmail": 2,
                "circlet": 1,
                "dust": 2,
                "enchanted_mango": 1,
                "flask": 1,
                "gauntlets": 4,
                "magic_stick": 1,
                "magic_wand": 1,
                "phase_boots": 1,
                "quelling_blade": 1,
                "recipe_blade_mail": 1,
                "recipe_bracer": 1,
                "recipe_magic_wand": 1,
                "recipe_soul_ring": 1,
                "ring_of_protection": 1,
                "soul_ring": 1,
                "tango": 2,
                "ward_sentry": 3
            },
            "purchase_ward_sentry": 3,
            "rank_tier": 73,
            "roshan_kills": 0,
            "rune_pickups": 2,
            "runes": {
                "5": 1,
                "8": 1
            },
            "sen": {
                "87": {
                    "78": 1
                },
                "96": {
                    "140": 1
                },
                "99": {
                    "130": 1
                }
            },
            "sen_left_log": [
                {
                    "attackername": "npc_dota_hero_lion",
                    "ehandle": 5130021,
                    "entityleft": true,
                    "key": "[96,140]",
                    "player_slot": 0,
                    "slot": 0,
                    "time": 918,
                    "type": "sen_left_log",
                    "x": 95.9,
                    "y": 139.7,
                    "z": 132.2
                },
                {
                    "attackername": "npc_dota_hero_mars",
                    "ehandle": 13158620,
                    "entityleft": true,
                    "key": "[99,130]",
                    "player_slot": 0,
                    "slot": 0,
                    "time": 1041,
                    "type": "sen_left_log",
                    "x": 99.3,
                    "y": 130.3,
                    "z": 130
                }
            ],
            "sen_log": [
                {
                    "ehandle": 13158620,
                    "entityleft": false,
                    "key": "[99,130]",
                    "player_slot": 0,
                    "slot": 0,
                    "time": 621,
                    "type": "sen_log",
                    "x": 99.3,
                    "y": 130.3,
                    "z": 130
                },
                {
                    "ehandle": 5130021,
                    "entityleft": false,
                    "key": "[96,140]",
                    "player_slot": 0,
                    "slot": 0,
                    "time": 625,
                    "type": "sen_log",
                    "x": 95.9,
                    "y": 139.7,
                    "z": 132.2
                },
                {
                    "ehandle": 1410708,
                    "entityleft": false,
                    "key": "[87,78]",
                    "player_slot": 0,
                    "slot": 0,
                    "time": 1446,
                    "type": "sen_log",
                    "x": 87,
                    "y": 78.4,
                    "z": 130
                }
            ],
            "sen_placed": 3,
            "sentry_kills": 0,
            "sentry_uses": 3,
            "stuns": 23.566833,
            "teamfight_participation": 0.2,
            "total_gold": 7109,
            "total_xp": 8035,
            "tower_damage": 250,
            "tower_kills": 0,
            "win": 0,
            "xp_per_min": 321
        },
        {
            "abandons": 0,
            "account_id": 85723053,
            "actions_per_min": 83,
            "ancient_kills": 0,
            "assists": 7,
            "benchmarks": {
                "gold_per_min": {
                    "pct": 0.03366920619316786,
                    "raw": 236
                },
                "hero_damage_per_min": {
                    "pct": 0.08503317768493487,
                    "raw": 275.1131824234354
                },
                "hero_healing_per_min": {
                    "pct": 0.74096829687884,
                    "raw": 0
                },
                "kills_per_min": {
                    "pct": 0.18554927500614402,
                    "raw": 0.07989347536617844
                },
                "last_hits_per_min": {
                    "pct": 0.0624231998033915,
                    "raw": 0.8788282290279628
                },
                "tower_damage": {
                    "pct": 0.3701155074956992,
                    "raw": 208
                },
                "xp_per_min": {
                    "pct": 0.09682968788400098,
                    "raw": 400
                }
            },
            "buyback_count": 0,
            "camps_stacked": 0,
            "courier_kills": 0,
            "creeps_stacked": 0,
            "deaths": 10,
            "denies": 1,
            "gold": 2638,
            "gold_per_min": 236,
            "gold_spent": 3280,
            "hero_damage": 6887,
            "hero_healing": 0,
            "hero_id": 71,
            "hero_kills": 2,
            "hero_variant": 1,
            "is_roaming": false,
            "item_uses": {
                "blood_grenade": 2,
                "clarity": 1,
                "dust": 3,
                "magic_wand": 5,
                "phase_boots": 18,
                "tango": 9,
                "tpscroll": 6,
                "ward_observer": 1
            },
            "kda": 0.82,
            "kill_streaks": {},
            "kills": 2,
            "kills_per_min": 0.07989347536617843,
            "lane": 3,
            "lane_efficiency": 0.3781325788197251,
            "lane_efficiency_pct": 37,
            "lane_kills": 22,
            "lane_role": 3,
            "last_hits": 22,
            "leaver_status": 0,
            "level": 13,
            "life_state": {
                "0": 1229,
                "1": 27,
                "2": 247
            },
            "life_state_dead": 274,
            "lose": 1,
            "multi_kills": {},
            "necronomicon_kills": 0,
            "net_worth": 5258,
            "neutral_kills": 0,
            "obs": {
                "84": {
                    "174": 1
                }
            },
            "obs_left_log": [
                {
                    "attackername": "npc_dota_hero_spirit_breaker",
                    "ehandle": 2721864,
                    "entityleft": true,
                    "key": "[84,174]",
                    "player_slot": 1,
                    "slot": 1,
                    "time": 468,
                    "type": "obs_left_log",
                    "x": 83.9,
                    "y": 174.1,
                    "z": 129
                }
            ],
            "obs_log": [
                {
                    "ehandle": 2721864,
                    "entityleft": false,
                    "key": "[84,174]",
                    "player_slot": 1,
                    "slot": 1,
                    "time": 108,
                    "type": "obs_log",
                    "x": 83.9,
                    "y": 174.1,
                    "z": 129
                }
            ],
            "obs_placed": 1,
            "observer_kills": 0,
            "observer_uses": 1,
            "observers_placed": 1,
            "pings": 23,
            "player_slot": 1,
            "purchase": {
                "blades_of_attack": 1,
                "blood_grenade": 2,
                "boots": 1,
                "bracer": 1,
                "branches": 2,
                "chainmail": 1,
                "circlet": 1,
                "clarity": 1,
                "dust": 3,
                "enchanted_mango": 1,
                "gauntlets": 1,
                "magic_stick": 1,
                "magic_wand": 1,
                "phase_boots": 1,
                "recipe_bracer": 1,
                "recipe_magic_wand": 1,
                "tango": 3,
                "tpscroll": 1,
                "ward_observer": 1
            },
            "purchase_tpscroll": 1,
            "purchase_ward_observer": 1,
            "rank_tier": 74,
            "roshan_kills": 0,
            "rune_pickups": 3,
            "runes": {
                "5": 1,
                "8": 2
            },
            "sen": {},
            "sen_left_log": [],
            "sen_log": [],
            "sen_placed": 0,
            "sentry_kills": 1,
            "sentry_uses": 0,
            "stuns": 65.5336,
            "teamfight_participation": 0.53333336,
            "total_gold": 5907,
            "total_xp": 10013,
            "tower_damage": 208,
            "tower_kills": 0,
            "win": 0,
            "xp_per_min": 400
        },
        {
            "abandons": 0,
            "actions_per_min": 267,
            "ancient_kills": 0,
            "assists": 5,
            "benchmarks": {
                "gold_per_min": {
                    "pct": 0.012862353618736801,
                    "raw": 273
                },
                "hero_damage_per_min": {
                    "pct": 0.06392781723939336,
                    "raw": 353.12916111850865
                },
                "hero_healing_per_min": {
                    "pct": 0.8623536187368017,
                    "raw": 0
                },
                "kills_per_min": {
                    "pct": 0.18506431176809368,
                    "raw": 0.11984021304926765
                },
                "last_hits_per_min": {
                    "pct": 0.01593396045306201,
                    "raw": 1.6378162450066578
                },
                "tower_damage": {
                    "pct": 0.0756383182952582,
                    "raw": 0
                },
                "xp_per_min": {
                    "pct": 0.02034939527740449,
                    "raw": 317
                }
            },
            "buyback_count": 1,
            "camps_stacked": 1,
            "courier_kills": 0,
            "creeps_stacked": 3,
            "deaths": 11,
            "denies": 5,
            "gold": 1307,
            "gold_per_min": 273,
            "gold_spent": 4910,
            "hero_damage": 8840,
            "hero_healing": 0,
            "hero_id": 11,
            "hero_kills": 2,
            "hero_variant": 2,
            "is_roaming": false,
            "item_uses": {
                "blood_grenade": 3,
                "clarity": 7,
                "cyclone": 5,
                "enchanted_mango": 2,
                "faerie_fire": 1,
                "famango": 1,
                "tango": 3,
                "tpscroll": 7,
                "ward_dispenser": 21,
                "ward_observer": 3,
                "ward_sentry": 5
            },
            "kda": 0.67,
            "kill_streaks": {},
            "kills": 3,
            "kills_per_min": 0.11984021304926763,
            "lane": 1,
            "lane_efficiency": 0.5317299919159256,
            "lane_efficiency_pct": 53,
            "lane_kills": 17,
            "lane_role": 1,
            "last_hits": 41,
            "leaver_status": 0,
            "level": 11,
            "life_state": {
                "0": 1245,
                "1": 16,
                "2": 242
            },
            "life_state_dead": 258,
            "lose": 1,
            "multi_kills": {
                "2": 1
            },
            "necronomicon_kills": 0,
            "net_worth": 4632,
            "neutral_kills": 23,
            "obs": {
                "103": {
                    "117": 1
                },
                "128": {
                    "118": 1
                },
                "134": {
                    "92": 1
                },
                "158": {
                    "92": 1
                },
                "179": {
                    "101": 1
                },
                "96": {
                    "140": 1
                }
            },
            "obs_left_log": [
                {
                    "attackername": "npc_dota_hero_nevermore",
                    "ehandle": 12109595,
                    "entityleft": true,
                    "key": "[179,101]",
                    "player_slot": 2,
                    "slot": 2,
                    "time": 418,
                    "type": "obs_left_log",
                    "x": 179,
                    "y": 101.2,
                    "z": 129
                },
                {
                    "attackername": "npc_dota_hero_lion",
                    "ehandle": 5523738,
                    "entityleft": true,
                    "key": "[158,92]",
                    "player_slot": 2,
                    "slot": 2,
                    "time": 724,
                    "type": "obs_left_log",
                    "x": 157.9,
                    "y": 92,
                    "z": 132.2
                },
                {
                    "attackername": "npc_dota_hero_nevermore",
                    "ehandle": 8210509,
                    "entityleft": true,
                    "key": "[128,118]",
                    "player_slot": 2,
                    "slot": 2,
                    "time": 800,
                    "type": "obs_left_log",
                    "x": 128.4,
                    "y": 118.1,
                    "z": 129
                },
                {
                    "attackername": "npc_dota_hero_lion",
                    "ehandle": 4310740,
                    "entityleft": true,
                    "key": "[96,140]",
                    "player_slot": 2,
                    "slot": 2,
                    "time": 916,
                    "type": "obs_left_log",
                    "x": 95.7,
                    "y": 139.9,
                    "z": 132.2
                },
                {
                    "attackername": "npc_dota_hero_nevermore",
                    "ehandle": 12585099,
                    "entityleft": true,
                    "key": "[134,92]",
                    "player_slot": 2,
                    "slot": 2,
                    "time": 1417,
                    "type": "obs_left_log",
                    "x": 133.9,
                    "y": 91.8,
                    "z": 132.2
                },
                {
                    "attackername": "npc_dota_hero_nevermore",
                    "ehandle": 6243996,
                    "entityleft": true,
                    "key": "[103,117]",
                    "player_slot": 2,
                    "slot": 2,
                    "time": 1459,
                    "type": "obs_left_log",
                    "x": 102.8,
                    "y": 117,
                    "z": 130
                }
            ],
            "obs_log": [
                {
                    "ehandle": 12109595,
                    "entityleft": false,
                    "key": "[179,101]",
                    "player_slot": 2,
                    "slot": 2,
                    "time": 58,
                    "type": "obs_log",
                    "x": 179,
                    "y": 101.2,
                    "z": 129
                },
                {
                    "ehandle": 8210509,
                    "entityleft": false,
                    "key": "[128,118]",
                    "player_slot": 2,
                    "slot": 2,
                    "time": 440,
                    "type": "obs_log",
                    "x": 128.4,
                    "y": 118.1,
                    "z": 129
                },
                {
                    "ehandle": 5523738,
                    "entityleft": false,
                    "key": "[158,92]",
                    "player_slot": 2,
                    "slot": 2,
                    "time": 462,
                    "type": "obs_log",
                    "x": 157.9,
                    "y": 92,
                    "z": 132.2
                },
                {
                    "ehandle": 4310740,
                    "entityleft": false,
                    "key": "[96,140]",
                    "player_slot": 2,
                    "slot": 2,
                    "time": 857,
                    "type": "obs_log",
                    "x": 95.7,
                    "y": 139.9,
                    "z": 132.2
                },
                {
                    "ehandle": 12585099,
                    "entityleft": false,
                    "key": "[134,92]",
                    "player_slot": 2,
                    "slot": 2,
                    "time": 1057,
                    "type": "obs_log",
                    "x": 133.9,
                    "y": 91.8,
                    "z": 132.2
                },
                {
                    "ehandle": 6243996,
                    "entityleft": false,
                    "key": "[103,117]",
                    "player_slot": 2,
                    "slot": 2,
                    "time": 1098,
                    "type": "obs_log",
                    "x": 102.8,
                    "y": 117,
                    "z": 130
                }
            ],
            "obs_placed": 6,
            "observer_kills": 2,
            "observer_uses": 3,
            "observers_placed": 6,
            "pings": 5,
            "player_slot": 2,
            "purchase": {
                "blood_grenade": 3,
                "boots": 1,
                "branches": 2,
                "clarity": 9,
                "cyclone": 1,
                "enchanted_mango": 1,
                "faerie_fire": 1,
                "recipe_cyclone": 1,
                "smoke_of_deceit": 1,
                "staff_of_wizardry": 1,
                "tango": 1,
                "void_stone": 1,
                "ward_dispenser": 11,
                "ward_observer": 8,
                "ward_sentry": 14,
                "wind_lace": 1
            },
            "purchase_ward_observer": 8,
            "purchase_ward_sentry": 14,
            "rank_tier": null,
            "roshan_kills": 0,
            "rune_pickups": 2,
            "runes": {
                "1": 1,
                "5": 1
            },
            "sen": {
                "100": {
                    "92": 1
                },
                "108": {
                    "77": 1
                },
                "128": {
                    "118": 1
                },
                "134": {
                    "92": 2
                },
                "150": {
                    "79": 1
                },
                "155": {
                    "96": 1
                },
                "158": {
                    "82": 1
                },
                "175": {
                    "87": 1
                },
                "176": {
                    "89": 2
                },
                "179": {
                    "100": 1
                },
                "80": {
                    "133": 1
                },
                "83": {
                    "156": 1
                },
                "87": {
                    "78": 1
                }
            },
            "sen_left_log": [
                {
                    "attackername": "npc_dota_hero_bounty_hunter",
                    "ehandle": 4245204,
                    "entityleft": true,
                    "key": "[175,87]",
                    "player_slot": 2,
                    "slot": 2,
                    "time": 205,
                    "type": "sen_left_log",
                    "x": 175,
                    "y": 86.7,
                    "z": 129
                },
                {
                    "attackername": "npc_dota_hero_bounty_hunter",
                    "ehandle": 12224951,
                    "entityleft": true,
                    "key": "[176,89]",
                    "player_slot": 2,
                    "slot": 2,
                    "time": 250,
                    "type": "sen_left_log",
                    "x": 176,
                    "y": 88.9,
                    "z": 129
                },
                {
                    "attackername": "npc_dota_hero_nevermore",
                    "ehandle": 13993551,
                    "entityleft": true,
                    "key": "[158,82]",
                    "player_slot": 2,
                    "slot": 2,
                    "time": 455,
                    "type": "sen_left_log",
                    "x": 158.1,
                    "y": 81.7,
                    "z": 129
                },
                {
                    "attackername": "npc_dota_hero_nevermore",
                    "ehandle": 15780069,
                    "entityleft": true,
                    "key": "[179,100]",
                    "player_slot": 2,
                    "slot": 2,
                    "time": 571,
                    "type": "sen_left_log",
                    "x": 179,
                    "y": 100.1,
                    "z": 129
                },
                {
                    "attackername": "npc_dota_hero_nevermore",
                    "ehandle": 15287981,
                    "entityleft": true,
                    "key": "[176,89]",
                    "player_slot": 2,
                    "slot": 2,
                    "time": 819,
                    "type": "sen_left_log",
                    "x": 175.9,
                    "y": 88.9,
                    "z": 129
                },
                {
                    "attackername": "npc_dota_hero_nevermore",
                    "ehandle": 13469429,
                    "entityleft": true,
                    "key": "[128,118]",
                    "player_slot": 2,
                    "slot": 2,
                    "time": 860,
                    "type": "sen_left_log",
                    "x": 128.4,
                    "y": 118.1,
                    "z": 129
                },
                {
                    "attackername": "npc_dota_hero_nevermore",
                    "ehandle": 15730748,
                    "entityleft": true,
                    "key": "[155,96]",
                    "player_slot": 2,
                    "slot": 2,
                    "time": 884,
                    "type": "sen_left_log",
                    "x": 154.7,
                    "y": 95.9,
                    "z": 129
                },
                {
                    "attackername": "npc_dota_hero_nevermore",
                    "ehandle": 2015468,
                    "entityleft": true,
                    "key": "[150,79]",
                    "player_slot": 2,
                    "slot": 2,
                    "time": 906,
                    "type": "sen_left_log",
                    "x": 149.8,
                    "y": 79,
                    "z": 129
                },
                {
                    "attackername": "npc_dota_hero_bounty_hunter",
                    "ehandle": 1312499,
                    "entityleft": true,
                    "key": "[134,92]",
                    "player_slot": 2,
                    "slot": 2,
                    "time": 1026,
                    "type": "sen_left_log",
                    "x": 133.9,
                    "y": 92,
                    "z": 132.2
                },
                {
                    "attackername": "npc_dota_hero_nevermore",
                    "ehandle": 4376522,
                    "entityleft": true,
                    "key": "[80,133]",
                    "player_slot": 2,
                    "slot": 2,
                    "time": 1224,
                    "type": "sen_left_log",
                    "x": 79.8,
                    "y": 132.5,
                    "z": 129
                },
                {
                    "attackername": "npc_dota_hero_nevermore",
                    "ehandle": 215162,
                    "entityleft": true,
                    "key": "[83,156]",
                    "player_slot": 2,
                    "slot": 2,
                    "time": 1233,
                    "type": "sen_left_log",
                    "x": 82.9,
                    "y": 155.5,
                    "z": 129
                },
                {
                    "attackername": "npc_dota_hero_lion",
                    "ehandle": 9537586,
                    "entityleft": true,
                    "key": "[100,92]",
                    "player_slot": 2,
                    "slot": 2,
                    "time": 1322,
                    "type": "sen_left_log",
                    "x": 99.6,
                    "y": 92.2,
                    "z": 129
                },
                {
                    "attackername": "npc_dota_hero_nevermore",
                    "ehandle": 4358368,
                    "entityleft": true,
                    "key": "[134,92]",
                    "player_slot": 2,
                    "slot": 2,
                    "time": 1474,
                    "type": "sen_left_log",
                    "x": 134.2,
                    "y": 91.6,
                    "z": 132.2
                },
                {
                    "attackername": "npc_dota_hero_nevermore",
                    "ehandle": 2492015,
                    "entityleft": true,
                    "key": "[108,77]",
                    "player_slot": 2,
                    "slot": 2,
                    "time": 1633,
                    "type": "sen_left_log",
                    "x": 107.5,
                    "y": 76.6,
                    "z": 129
                }
            ],
            "sen_log": [
                {
                    "ehandle": 13993551,
                    "entityleft": false,
                    "key": "[158,82]",
                    "player_slot": 2,
                    "slot": 2,
                    "time": 35,
                    "type": "sen_log",
                    "x": 158.1,
                    "y": 81.7,
                    "z": 129
                },
                {
                    "ehandle": 4245204,
                    "entityleft": false,
                    "key": "[175,87]",
                    "player_slot": 2,
                    "slot": 2,
                    "time": 46,
                    "type": "sen_log",
                    "x": 175,
                    "y": 86.7,
                    "z": 129
                },
                {
                    "ehandle": 15780069,
                    "entityleft": false,
                    "key": "[179,100]",
                    "player_slot": 2,
                    "slot": 2,
                    "time": 151,
                    "type": "sen_log",
                    "x": 179,
                    "y": 100.1,
                    "z": 129
                },
                {
                    "ehandle": 12224951,
                    "entityleft": false,
                    "key": "[176,89]",
                    "player_slot": 2,
                    "slot": 2,
                    "time": 206,
                    "type": "sen_log",
                    "x": 176,
                    "y": 88.9,
                    "z": 129
                },
                {
                    "ehandle": 15287981,
                    "entityleft": false,
                    "key": "[176,89]",
                    "player_slot": 2,
                    "slot": 2,
                    "time": 399,
                    "type": "sen_log",
                    "x": 175.9,
                    "y": 88.9,
                    "z": 129
                },
                {
                    "ehandle": 13469429,
                    "entityleft": false,
                    "key": "[128,118]",
                    "player_slot": 2,
                    "slot": 2,
                    "time": 440,
                    "type": "sen_log",
                    "x": 128.4,
                    "y": 118.1,
                    "z": 129
                },
                {
                    "ehandle": 15730748,
                    "entityleft": false,
                    "key": "[155,96]",
                    "player_slot": 2,
                    "slot": 2,
                    "time": 464,
                    "type": "sen_log",
                    "x": 154.7,
                    "y": 95.9,
                    "z": 129
                },
                {
                    "ehandle": 2015468,
                    "entityleft": false,
                    "key": "[150,79]",
                    "player_slot": 2,
                    "slot": 2,
                    "time": 485,
                    "type": "sen_log",
                    "x": 149.8,
                    "y": 79,
                    "z": 129
                },
                {
                    "ehandle": 4376522,
                    "entityleft": false,
                    "key": "[80,133]",
                    "player_slot": 2,
                    "slot": 2,
                    "time": 804,
                    "type": "sen_log",
                    "x": 79.8,
                    "y": 132.5,
                    "z": 129
                },
                {
                    "ehandle": 215162,
                    "entityleft": false,
                    "key": "[83,156]",
                    "player_slot": 2,
                    "slot": 2,
                    "time": 813,
                    "type": "sen_log",
                    "x": 82.9,
                    "y": 155.5,
                    "z": 129
                },
                {
                    "ehandle": 1312499,
                    "entityleft": false,
                    "key": "[134,92]",
                    "player_slot": 2,
                    "slot": 2,
                    "time": 1012,
                    "type": "sen_log",
                    "x": 133.9,
                    "y": 92,
                    "z": 132.2
                },
                {
                    "ehandle": 4358368,
                    "entityleft": false,
                    "key": "[134,92]",
                    "player_slot": 2,
                    "slot": 2,
                    "time": 1054,
                    "type": "sen_log",
                    "x": 134.2,
                    "y": 91.6,
                    "z": 132.2
                },
                {
                    "ehandle": 9537586,
                    "entityleft": false,
                    "key": "[100,92]",
                    "player_slot": 2,
                    "slot": 2,
                    "time": 1128,
                    "type": "sen_log",
                    "x": 99.6,
                    "y": 92.2,
                    "z": 129
                },
                {
                    "ehandle": 2492015,
                    "entityleft": false,
                    "key": "[108,77]",
                    "player_slot": 2,
                    "slot": 2,
                    "time": 1213,
                    "type": "sen_log",
                    "x": 107.5,
                    "y": 76.6,
                    "z": 129
                },
                {
                    "ehandle": 14010471,
                    "entityleft": false,
                    "key": "[87,78]",
                    "player_slot": 2,
                    "slot": 2,
                    "time": 1446,
                    "type": "sen_log",
                    "x": 87.4,
                    "y": 77.8,
                    "z": 130
                }
            ],
            "sen_placed": 15,
            "sentry_kills": 4,
            "sentry_uses": 5,
            "stuns": 14.300123,
            "teamfight_participation": 0.53333336,
            "total_gold": 6834,
            "total_xp": 7935,
            "tower_damage": 0,
            "tower_kills": 0,
            "win": 0,
            "xp_per_min": 317
        },
        {
            "abandons": 0,
            "account_id": 330271347,
            "actions_per_min": 270,
            "ancient_kills": 0,
            "assists": 7,
            "benchmarks": {
                "gold_per_min": {
                    "pct": 0.1718047527296082,
                    "raw": 410
                },
                "hero_damage_per_min": {
                    "pct": 0.12138728323699421,
                    "raw": 325.36617842876166
                },
                "hero_healing_per_min": {
                    "pct": 0.9662813102119461,
                    "raw": 0
                },
                "kills_per_min": {
                    "pct": 0.3882466281310212,
                    "raw": 0.15978695073235688
                },
                "last_hits_per_min": {
                    "pct": 0.24566473988439305,
                    "raw": 4.953395472703063
                },
                "tower_damage": {
                    "pct": 0.12106615285806037,
                    "raw": 0
                },
                "xp_per_min": {
                    "pct": 0.15221579961464354,
                    "raw": 475
                }
            },
            "buyback_count": 0,
            "camps_stacked": 0,
            "courier_kills": 0,
            "creeps_stacked": 0,
            "deaths": 11,
            "denies": 7,
            "gold": 526,
            "gold_per_min": 410,
            "gold_spent": 9095,
            "hero_damage": 8145,
            "hero_healing": 0,
            "hero_id": 6,
            "hero_kills": 4,
            "hero_variant": 1,
            "is_roaming": false,
            "item_uses": {
                "branches": 2,
                "clarity": 1,
                "flask": 1,
                "power_treads": 2,
                "quelling_blade": 2,
                "tango": 3,
                "tpscroll": 9,
                "ward_sentry": 1
            },
            "kda": 0.92,
            "kill_streaks": {},
            "kills": 4,
            "kills_per_min": 0.15978695073235685,
            "lane": 1,
            "lane_efficiency": 0.5468876313662085,
            "lane_efficiency_pct": 54,
            "lane_kills": 67,
            "lane_role": 1,
            "last_hits": 124,
            "leaver_status": 0,
            "level": 14,
            "life_state": {
                "0": 1172,
                "1": 40,
                "2": 291
            },
            "life_state_dead": 331,
            "lose": 1,
            "multi_kills": {},
            "necronomicon_kills": 0,
            "net_worth": 9331,
            "neutral_kills": 56,
            "obs": {},
            "obs_left_log": [],
            "obs_log": [],
            "obs_placed": 0,
            "observer_kills": 0,
            "observer_uses": 0,
            "observers_placed": 0,
            "pings": 9,
            "player_slot": 3,
            "purchase": {
                "belt_of_strength": 1,
                "blade_of_alacrity": 1,
                "boots": 1,
                "boots_of_elves": 1,
                "branches": 2,
                "circlet": 1,
                "clarity": 1,
                "dragon_lance": 1,
                "flask": 1,
                "gloves": 1,
                "pers": 1,
                "power_treads": 1,
                "quelling_blade": 1,
                "recipe_dragon_lance": 1,
                "recipe_sphere": 1,
                "recipe_wraith_band": 1,
                "ring_of_health": 1,
                "slippers": 1,
                "tango": 1,
                "ultimate_orb": 1,
                "void_stone": 1,
                "ward_sentry": 1,
                "wraith_band": 1
            },
            "purchase_ward_sentry": 1,
            "rank_tier": 74,
            "roshan_kills": 0,
            "rune_pickups": 0,
            "runes": {},
            "sen": {
                "174": {
                    "88": 1
                }
            },
            "sen_left_log": [
                {
                    "attackername": "npc_dota_hero_bounty_hunter",
                    "ehandle": 6900046,
                    "entityleft": true,
                    "key": "[174,88]",
                    "player_slot": 3,
                    "slot": 3,
                    "time": 307,
                    "type": "sen_left_log",
                    "x": 174.1,
                    "y": 87.8,
                    "z": 129
                }
            ],
            "sen_log": [
                {
                    "ehandle": 6900046,
                    "entityleft": false,
                    "key": "[174,88]",
                    "player_slot": 3,
                    "slot": 3,
                    "time": 295,
                    "type": "sen_log",
                    "x": 174.1,
                    "y": 87.8,
                    "z": 129
                }
            ],
            "sen_placed": 1,
            "sentry_kills": 0,
            "sentry_uses": 1,
            "stuns": 0,
            "teamfight_participation": 0.73333335,
            "total_gold": 10263,
            "total_xp": 11890,
            "tower_damage": 0,
            "tower_kills": 0,
            "win": 0,
            "xp_per_min": 475
        },
        {
            "abandons": 0,
            "actions_per_min": 119,
            "additional_units": [
                {
                    "backpack_0": 0,
                    "backpack_1": 0,
                    "backpack_2": 0,
                    "item_0": 16,
                    "item_1": 20,
                    "item_2": 65,
                    "item_3": 1466,
                    "item_4": 0,
                    "item_5": 29,
                    "item_neutral": 0,
                    "unitname": ""
                }
            ],
            "ancient_kills": 3,
            "assists": 4,
            "benchmarks": {
                "gold_per_min": {
                    "pct": 0.13096351730589337,
                    "raw": 458
                },
                "hero_damage_per_min": {
                    "pct": 0.3414405986903648,
                    "raw": 711.4114513981358
                },
                "hero_healing_per_min": {
                    "pct": 0.9635173058933583,
                    "raw": 0
                },
                "kills_per_min": {
                    "pct": 0.3292797006548176,
                    "raw": 0.19973368841544606
                },
                "last_hits_per_min": {
                    "pct": 0.15528531337698784,
                    "raw": 3.7549933422103865
                },
                "tower_damage": {
                    "pct": 0.07577174929840973,
                    "raw": 0
                },
                "xp_per_min": {
                    "pct": 0.07015902712815715,
                    "raw": 421
                }
            },
            "buyback_count": 1,
            "camps_stacked": 1,
            "courier_kills": 0,
            "creeps_stacked": 1,
            "deaths": 12,
            "denies": 6,
            "gold": 596,
            "gold_per_min": 458,
            "gold_spent": 8650,
            "hero_damage": 17809,
            "hero_healing": 0,
            "hero_id": 113,
            "hero_kills": 3,
            "hero_variant": 1,
            "is_roaming": false,
            "item_uses": {
                "branches": 1,
                "faerie_fire": 1,
                "gungir": 7,
                "hand_of_midas": 13,
                "tango": 6,
                "tpscroll": 7,
                "ward_observer": 1
            },
            "kda": 0.69,
            "kill_streaks": {},
            "kills": 5,
            "kills_per_min": 0.19973368841544606,
            "lane": 2,
            "lane_efficiency": 0.7983023443815683,
            "lane_efficiency_pct": 79,
            "lane_kills": 66,
            "lane_role": 2,
            "last_hits": 94,
            "leaver_status": 0,
            "level": 13,
            "life_state": {
                "0": 1087,
                "1": 43,
                "2": 373
            },
            "life_state_dead": 416,
            "lose": 1,
            "multi_kills": {},
            "necronomicon_kills": 0,
            "net_worth": 8951,
            "neutral_kills": 31,
            "obs": {
                "128": {
                    "117": 1
                }
            },
            "obs_left_log": [
                {
                    "attackername": "npc_dota_hero_lion",
                    "ehandle": 5816706,
                    "entityleft": true,
                    "key": "[128,117]",
                    "player_slot": 4,
                    "slot": 4,
                    "time": -10,
                    "type": "obs_left_log",
                    "x": 128.1,
                    "y": 117,
                    "z": 129
                }
            ],
            "obs_log": [
                {
                    "ehandle": 5816706,
                    "entityleft": false,
                    "key": "[128,117]",
                    "player_slot": 4,
                    "slot": 4,
                    "time": -47,
                    "type": "obs_log",
                    "x": 128.1,
                    "y": 117,
                    "z": 129
                }
            ],
            "obs_placed": 1,
            "observer_kills": 0,
            "observer_uses": 1,
            "observers_placed": 1,
            "pings": 3,
            "player_slot": 4,
            "purchase": {
                "boots": 1,
                "branches": 2,
                "circlet": 1,
                "faerie_fire": 1,
                "gloves": 2,
                "gungir": 1,
                "hand_of_midas": 1,
                "javelin": 1,
                "maelstrom": 1,
                "mithril_hammer": 1,
                "recipe_gungir": 1,
                "recipe_hand_of_midas": 1,
                "recipe_rod_of_atos": 1,
                "rod_of_atos": 1,
                "staff_of_wizardry": 1,
                "tango": 2,
                "vitality_booster": 1,
                "ward_observer": 1
            },
            "purchase_ward_observer": 1,
            "rank_tier": null,
            "roshan_kills": 0,
            "rune_pickups": 3,
            "runes": {
                "4": 1,
                "7": 2
            },
            "sen": {},
            "sen_left_log": [],
            "sen_log": [],
            "sen_placed": 0,
            "sentry_kills": 0,
            "sentry_uses": 0,
            "stuns": 16.899902,
            "teamfight_participation": 0.6,
            "total_gold": 11465,
            "total_xp": 10539,
            "tower_damage": 0,
            "tower_kills": 0,
            "win": 0,
            "xp_per_min": 421
        },
        {
            "abandons": 0,
            "account_id": 124347708,
            "actions_per_min": 413,
            "ancient_kills": 9,
            "assists": 6,
            "benchmarks": {
                "gold_per_min": {
                    "pct": 0.9631988676574664,
                    "raw": 858
                },
                "hero_damage_per_min": {
                    "pct": 0.8044939844302902,
                    "raw": 1117.9094540612516
                },
                "hero_healing_per_min": {
                    "pct": 0.9608987968860581,
                    "raw": 0
                },
                "kills_per_min": {
                    "pct": 0.9076433121019108,
                    "raw": 0.559254327563249
                },
                "last_hits_per_min": {
                    "pct": 0.9508138711960368,
                    "raw": 10.266311584553929
                },
                "tower_damage": {
                    "pct": 0.9709837225760792,
                    "raw": 16124
                },
                "xp_per_min": {
                    "pct": 0.6449044585987261,
                    "raw": 922
                }
            },
            "buyback_count": 0,
            "camps_stacked": 0,
            "courier_kills": 0,
            "creeps_stacked": 0,
            "deaths": 1,
            "denies": 34,
            "gold": 3527,
            "gold_per_min": 858,
            "gold_spent": 18420,
            "hero_damage": 27985,
            "hero_healing": 0,
            "hero_id": 44,
            "hero_kills": 14,
            "hero_variant": 1,
            "is_roaming": false,
            "item_uses": {
                "bfury": 3,
                "famango": 1,
                "magic_wand": 3,
                "power_treads": 168,
                "quelling_blade": 12,
                "tango": 3,
                "tango_single": 3,
                "tpscroll": 2
            },
            "kda": 10,
            "kill_streaks": {
                "10": 1,
                "11": 1,
                "12": 1,
                "13": 1,
                "3": 1,
                "4": 1,
                "5": 1,
                "6": 1,
                "7": 1,
                "8": 1,
                "9": 1
            },
            "kills": 14,
            "kills_per_min": 0.559254327563249,
            "lane": 3,
            "lane_efficiency": 0.8516572352465642,
            "lane_efficiency_pct": 85,
            "lane_kills": 197,
            "lane_role": 1,
            "last_hits": 257,
            "leaver_status": 0,
            "level": 20,
            "life_state": {
                "0": 1473,
                "1": 4,
                "2": 26
            },
            "life_state_dead": 30,
            "lose": 0,
            "multi_kills": {
                "2": 4,
                "3": 1,
                "4": 1,
                "5": 1
            },
            "necronomicon_kills": 0,
            "net_worth": 21857,
            "neutral_kills": 78,
            "obs": {},
            "obs_left_log": [],
            "obs_log": [],
            "obs_placed": 0,
            "observer_kills": 0,
            "observer_uses": 0,
            "observers_placed": 0,
            "pings": 2,
            "player_slot": 128,
            "purchase": {
                "basher": 1,
                "belt_of_strength": 1,
                "bfury": 1,
                "blight_stone": 1,
                "boots": 1,
                "boots_of_elves": 1,
                "branches": 2,
                "broadsword": 1,
                "circlet": 1,
                "claymore": 1,
                "cornucopia": 1,
                "desolator": 1,
                "gloves": 1,
                "magic_stick": 1,
                "magic_wand": 1,
                "mithril_hammer": 3,
                "point_booster": 1,
                "power_treads": 1,
                "quelling_blade": 1,
                "recipe_basher": 1,
                "recipe_bfury": 1,
                "recipe_magic_wand": 1,
                "recipe_skadi": 1,
                "recipe_wraith_band": 1,
                "skadi": 1,
                "slippers": 1,
                "tango": 1,
                "tpscroll": 2,
                "ultimate_orb": 1,
                "wraith_band": 1
            },
            "purchase_tpscroll": 2,
            "rank_tier": 74,
            "roshan_kills": 0,
            "rune_pickups": 3,
            "runes": {
                "0": 1,
                "5": 1,
                "9": 1
            },
            "sen": {},
            "sen_left_log": [],
            "sen_log": [],
            "sen_placed": 0,
            "sentry_kills": 1,
            "sentry_uses": 0,
            "stuns": 6.8005123,
            "teamfight_participation": 0.37037036,
            "total_gold": 21478,
            "total_xp": 23080,
            "tower_damage": 16124,
            "tower_kills": 2,
            "win": 1,
            "xp_per_min": 922
        },
        {
            "abandons": 0,
            "account_id": 379554837,
            "actions_per_min": 360,
            "ancient_kills": 0,
            "assists": 32,
            "benchmarks": {
                "gold_per_min": {
                    "pct": 0.48496605237633367,
                    "raw": 487
                },
                "hero_damage_per_min": {
                    "pct": 0.7245392822502424,
                    "raw": 638.5885486018642
                },
                "hero_healing_per_min": {
                    "pct": 0.6867119301648884,
                    "raw": 0
                },
                "kills_per_min": {
                    "pct": 0.596023278370514,
                    "raw": 0.15978695073235688
                },
                "last_hits_per_min": {
                    "pct": 0.1338506304558681,
                    "raw": 0.7589880159786951
                },
                "tower_damage": {
                    "pct": 0.8612997090203686,
                    "raw": 3208
                },
                "xp_per_min": {
                    "pct": 0.41173617846750726,
                    "raw": 542
                }
            },
            "buyback_count": 0,
            "camps_stacked": 0,
            "courier_kills": 0,
            "creeps_stacked": 0,
            "deaths": 5,
            "denies": 3,
            "gold": 1100,
            "gold_per_min": 487,
            "gold_spent": 11390,
            "hero_damage": 15986,
            "hero_healing": 0,
            "hero_id": 62,
            "hero_kills": 4,
            "hero_variant": 1,
            "is_roaming": false,
            "item_uses": {
                "ancient_janggo": 8,
                "blood_grenade": 3,
                "bullwhip": 14,
                "clarity": 1,
                "crimson_guard": 1,
                "magic_wand": 11,
                "pavise": 3,
                "smoke_of_deceit": 1,
                "solar_crest": 16,
                "tango": 3,
                "tpscroll": 6,
                "ward_dispenser": 10,
                "ward_observer": 1,
                "ward_sentry": 2
            },
            "kda": 6,
            "kill_streaks": {
                "3": 1
            },
            "kills": 4,
            "kills_per_min": 0.15978695073235685,
            "lane": 1,
            "lane_efficiency": 0.5,
            "lane_efficiency_pct": 50,
            "lane_kills": 17,
            "lane_role": 3,
            "last_hits": 19,
            "leaver_status": 0,
            "level": 15,
            "life_state": {
                "0": 1366,
                "1": 15,
                "2": 122
            },
            "life_state_dead": 137,
            "lose": 0,
            "multi_kills": {
                "2": 1
            },
            "necronomicon_kills": 0,
            "net_worth": 11425,
            "neutral_kills": 1,
            "obs": {
                "148": {
                    "72": 1
                },
                "158": {
                    "92": 1
                },
                "92": {
                    "131": 1
                }
            },
            "obs_left_log": [
                {
                    "attackername": "npc_dota_hero_bounty_hunter",
                    "ehandle": 9617785,
                    "entityleft": true,
                    "key": "[158,92]",
                    "player_slot": 129,
                    "slot": 6,
                    "time": 304,
                    "type": "obs_left_log",
                    "x": 158.2,
                    "y": 92.2,
                    "z": 132.2
                },
                {
                    "attackername": "npc_dota_hero_bounty_hunter",
                    "ehandle": 11814502,
                    "entityleft": true,
                    "key": "[148,72]",
                    "player_slot": 129,
                    "slot": 6,
                    "time": 593,
                    "type": "obs_left_log",
                    "x": 148.3,
                    "y": 72,
                    "z": 131.2
                },
                {
                    "attackername": "npc_dota_hero_nevermore",
                    "ehandle": 13994320,
                    "entityleft": true,
                    "key": "[92,131]",
                    "player_slot": 129,
                    "slot": 6,
                    "time": 863,
                    "type": "obs_left_log",
                    "x": 91.8,
                    "y": 130.7,
                    "z": 130
                }
            ],
            "obs_log": [
                {
                    "ehandle": 9617785,
                    "entityleft": false,
                    "key": "[158,92]",
                    "player_slot": 129,
                    "slot": 6,
                    "time": -56,
                    "type": "obs_log",
                    "x": 158.2,
                    "y": 92.2,
                    "z": 132.2
                },
                {
                    "ehandle": 11814502,
                    "entityleft": false,
                    "key": "[148,72]",
                    "player_slot": 129,
                    "slot": 6,
                    "time": 233,
                    "type": "obs_log",
                    "x": 148.3,
                    "y": 72,
                    "z": 131.2
                },
                {
                    "ehandle": 13994320,
                    "entityleft": false,
                    "key": "[92,131]",
                    "player_slot": 129,
                    "slot": 6,
                    "time": 774,
                    "type": "obs_log",
                    "x": 91.8,
                    "y": 130.7,
                    "z": 130
                }
            ],
            "obs_placed": 3,
            "observer_kills": 0,
            "observer_uses": 1,
            "observers_placed": 3,
            "pings": 39,
            "player_slot": 129,
            "purchase": {
                "ancient_janggo": 1,
                "belt_of_strength": 1,
                "blood_grenade": 3,
                "boots": 1,
                "branches": 2,
                "clarity": 1,
                "crimson_guard": 1,
                "crown": 1,
                "energy_booster": 1,
                "fluffy_hat": 1,
                "gloves": 1,
                "helm_of_iron_will": 1,
                "infused_raindrop": 1,
                "magic_stick": 1,
                "magic_wand": 1,
                "orb_of_corrosion": 1,
                "orb_of_venom": 1,
                "pavise": 1,
                "recipe_ancient_janggo": 1,
                "recipe_crimson_guard": 1,
                "recipe_magic_wand": 2,
                "recipe_pavise": 1,
                "recipe_solar_crest": 1,
                "ring_of_health": 1,
                "ring_of_protection": 2,
                "ring_of_regen": 1,
                "robe": 1,
                "smoke_of_deceit": 1,
                "solar_crest": 1,
                "tango": 1,
                "tpscroll": 2,
                "tranquil_boots": 1,
                "vanguard": 1,
                "vitality_booster": 1,
                "ward_dispenser": 6,
                "ward_observer": 2,
                "ward_sentry": 4,
                "wind_lace": 3
            },
            "purchase_tpscroll": 2,
            "purchase_ward_observer": 2,
            "purchase_ward_sentry": 4,
            "rank_tier": 74,
            "roshan_kills": 0,
            "rune_pickups": 2,
            "runes": {
                "5": 1,
                "8": 1
            },
            "sen": {
                "156": {
                    "83": 1
                },
                "171": {
                    "92": 1
                },
                "174": {
                    "92": 1
                },
                "84": {
                    "153": 1
                },
                "90": {
                    "167": 1
                }
            },
            "sen_left_log": [
                {
                    "attackername": "npc_dota_hero_nevermore",
                    "ehandle": 3703166,
                    "entityleft": true,
                    "key": "[156,83]",
                    "player_slot": 129,
                    "slot": 6,
                    "time": 39,
                    "type": "sen_left_log",
                    "x": 155.5,
                    "y": 83.4,
                    "z": 129
                },
                {
                    "attackername": "npc_dota_hero_nevermore",
                    "ehandle": 8702329,
                    "entityleft": true,
                    "key": "[174,92]",
                    "player_slot": 129,
                    "slot": 6,
                    "time": 209,
                    "type": "sen_left_log",
                    "x": 174.3,
                    "y": 92.3,
                    "z": 129
                },
                {
                    "attackername": "npc_dota_hero_spirit_breaker",
                    "ehandle": 13469421,
                    "entityleft": true,
                    "key": "[171,92]",
                    "player_slot": 129,
                    "slot": 6,
                    "time": 402,
                    "type": "sen_left_log",
                    "x": 171,
                    "y": 92,
                    "z": 129
                },
                {
                    "attackername": "npc_dota_hero_nevermore",
                    "ehandle": 8947381,
                    "entityleft": true,
                    "key": "[84,153]",
                    "player_slot": 129,
                    "slot": 6,
                    "time": 816,
                    "type": "sen_left_log",
                    "x": 84.2,
                    "y": 152.5,
                    "z": 129
                },
                {
                    "attackername": "npc_dota_hero_bounty_hunter",
                    "ehandle": 16451381,
                    "entityleft": true,
                    "key": "[90,167]",
                    "player_slot": 129,
                    "slot": 6,
                    "time": 1181,
                    "type": "sen_left_log",
                    "x": 89.5,
                    "y": 167,
                    "z": 129
                }
            ],
            "sen_log": [
                {
                    "ehandle": 3703166,
                    "entityleft": false,
                    "key": "[156,83]",
                    "player_slot": 129,
                    "slot": 6,
                    "time": -53,
                    "type": "sen_log",
                    "x": 155.5,
                    "y": 83.4,
                    "z": 129
                },
                {
                    "ehandle": 8702329,
                    "entityleft": false,
                    "key": "[174,92]",
                    "player_slot": 129,
                    "slot": 6,
                    "time": 190,
                    "type": "sen_log",
                    "x": 174.3,
                    "y": 92.3,
                    "z": 129
                },
                {
                    "ehandle": 13469421,
                    "entityleft": false,
                    "key": "[171,92]",
                    "player_slot": 129,
                    "slot": 6,
                    "time": 247,
                    "type": "sen_log",
                    "x": 171,
                    "y": 92,
                    "z": 129
                },
                {
                    "ehandle": 16451381,
                    "entityleft": false,
                    "key": "[90,167]",
                    "player_slot": 129,
                    "slot": 6,
                    "time": 760,
                    "type": "sen_log",
                    "x": 89.5,
                    "y": 167,
                    "z": 129
                },
                {
                    "ehandle": 8947381,
                    "entityleft": false,
                    "key": "[84,153]",
                    "player_slot": 129,
                    "slot": 6,
                    "time": 766,
                    "type": "sen_log",
                    "x": 84.2,
                    "y": 152.5,
                    "z": 129
                }
            ],
            "sen_placed": 5,
            "sentry_kills": 4,
            "sentry_uses": 2,
            "stuns": 17.000082,
            "teamfight_participation": 0.6666667,
            "total_gold": 12191,
            "total_xp": 13568,
            "tower_damage": 3208,
            "tower_kills": 0,
            "win": 1,
            "xp_per_min": 542
        },
        {
            "abandons": 0,
            "actions_per_min": 136,
            "ancient_kills": 0,
            "assists": 17,
            "benchmarks": {
                "gold_per_min": {
                    "pct": 0.8257869045615216,
                    "raw": 427
                },
                "hero_damage_per_min": {
                    "pct": 0.8261235482242046,
                    "raw": 534.0079893475366
                },
                "hero_healing_per_min": {
                    "pct": 0.7281602423834371,
                    "raw": 0
                },
                "kills_per_min": {
                    "pct": 0.9597710823093756,
                    "raw": 0.3595206391478029
                },
                "last_hits_per_min": {
                    "pct": 0.35667396061269147,
                    "raw": 0.9587217043941412
                },
                "tower_damage": {
                    "pct": 0.8421141222016496,
                    "raw": 1332
                },
                "xp_per_min": {
                    "pct": 0.3076923076923077,
                    "raw": 465
                }
            },
            "buyback_count": 0,
            "camps_stacked": 0,
            "courier_kills": 1,
            "creeps_stacked": 0,
            "deaths": 3,
            "denies": 2,
            "gold": 917,
            "gold_per_min": 427,
            "gold_spent": 9960,
            "hero_damage": 13368,
            "hero_healing": 0,
            "hero_id": 26,
            "hero_kills": 9,
            "hero_variant": 1,
            "is_roaming": false,
            "item_uses": {
                "arcane_ring": 8,
                "blink": 14,
                "blood_grenade": 2,
                "branches": 1,
                "clarity": 1,
                "faerie_fire": 1,
                "famango": 1,
                "glimmer_cape": 2,
                "magic_stick": 5,
                "magic_wand": 2,
                "smoke_of_deceit": 3,
                "tango": 12,
                "tpscroll": 7,
                "ward_dispenser": 15,
                "ward_observer": 3,
                "ward_sentry": 3
            },
            "kda": 6.5,
            "kill_streaks": {
                "3": 1,
                "4": 1,
                "5": 1,
                "6": 1,
                "7": 1,
                "8": 1
            },
            "kills": 9,
            "kills_per_min": 0.3595206391478029,
            "lane": 3,
            "lane_efficiency": 0.6063055780113177,
            "lane_efficiency_pct": 60,
            "lane_kills": 14,
            "lane_role": 1,
            "last_hits": 24,
            "leaver_status": 0,
            "level": 14,
            "life_state": {
                "0": 1369,
                "1": 5,
                "2": 129
            },
            "life_state_dead": 134,
            "lose": 0,
            "multi_kills": {},
            "necronomicon_kills": 0,
            "net_worth": 8947,
            "neutral_kills": 5,
            "obs": {
                "124": {
                    "133": 1
                },
                "133": {
                    "126": 1
                },
                "134": {
                    "92": 1
                },
                "90": {
                    "112": 1
                },
                "97": {
                    "140": 1
                }
            },
            "obs_left_log": [
                {
                    "attackername": "npc_dota_hero_lion",
                    "ehandle": 8667929,
                    "entityleft": true,
                    "key": "[124,133]",
                    "player_slot": 130,
                    "slot": 7,
                    "time": 375,
                    "type": "obs_left_log",
                    "x": 124.1,
                    "y": 133.1,
                    "z": 129
                },
                {
                    "attackername": "npc_dota_hero_mars",
                    "ehandle": 2033722,
                    "entityleft": true,
                    "key": "[97,140]",
                    "player_slot": 130,
                    "slot": 7,
                    "time": 679,
                    "type": "obs_left_log",
                    "x": 96.5,
                    "y": 140.1,
                    "z": 132.2
                },
                {
                    "attackername": "npc_dota_hero_nevermore",
                    "ehandle": 8931634,
                    "entityleft": true,
                    "key": "[134,92]",
                    "player_slot": 130,
                    "slot": 7,
                    "time": 1014,
                    "type": "obs_left_log",
                    "x": 134,
                    "y": 91.8,
                    "z": 132.2
                },
                {
                    "attackername": "npc_dota_hero_lion",
                    "ehandle": 8095351,
                    "entityleft": true,
                    "key": "[133,126]",
                    "player_slot": 130,
                    "slot": 7,
                    "time": 1309,
                    "type": "obs_left_log",
                    "x": 132.9,
                    "y": 125.5,
                    "z": 129
                }
            ],
            "obs_log": [
                {
                    "ehandle": 8667929,
                    "entityleft": false,
                    "key": "[124,133]",
                    "player_slot": 130,
                    "slot": 7,
                    "time": 15,
                    "type": "obs_log",
                    "x": 124.1,
                    "y": 133.1,
                    "z": 129
                },
                {
                    "ehandle": 2033722,
                    "entityleft": false,
                    "key": "[97,140]",
                    "player_slot": 130,
                    "slot": 7,
                    "time": 626,
                    "type": "obs_log",
                    "x": 96.5,
                    "y": 140.1,
                    "z": 132.2
                },
                {
                    "ehandle": 8931634,
                    "entityleft": false,
                    "key": "[134,92]",
                    "player_slot": 130,
                    "slot": 7,
                    "time": 735,
                    "type": "obs_log",
                    "x": 134,
                    "y": 91.8,
                    "z": 132.2
                },
                {
                    "ehandle": 8095351,
                    "entityleft": false,
                    "key": "[133,126]",
                    "player_slot": 130,
                    "slot": 7,
                    "time": 949,
                    "type": "obs_log",
                    "x": 132.9,
                    "y": 125.5,
                    "z": 129
                },
                {
                    "ehandle": 6570803,
                    "entityleft": false,
                    "key": "[90,112]",
                    "player_slot": 130,
                    "slot": 7,
                    "time": 1208,
                    "type": "obs_log",
                    "x": 90.2,
                    "y": 111.6,
                    "z": 130
                }
            ],
            "obs_placed": 5,
            "observer_kills": 3,
            "observer_uses": 3,
            "observers_placed": 5,
            "pings": 44,
            "player_slot": 130,
            "purchase": {
                "blink": 1,
                "blood_grenade": 2,
                "boots": 1,
                "bracer": 1,
                "branches": 3,
                "circlet": 1,
                "clarity": 1,
                "cloak": 1,
                "faerie_fire": 1,
                "gauntlets": 1,
                "ghost": 1,
                "glimmer_cape": 1,
                "infused_raindrop": 1,
                "magic_stick": 1,
                "magic_wand": 1,
                "recipe_bracer": 1,
                "recipe_glimmer_cape": 1,
                "recipe_magic_wand": 1,
                "ring_of_regen": 1,
                "shadow_amulet": 1,
                "smoke_of_deceit": 3,
                "tango": 6,
                "tpscroll": 5,
                "tranquil_boots": 1,
                "ward_dispenser": 8,
                "ward_observer": 5,
                "ward_sentry": 8,
                "wind_lace": 1
            },
            "purchase_tpscroll": 5,
            "purchase_ward_observer": 5,
            "purchase_ward_sentry": 8,
            "rank_tier": null,
            "roshan_kills": 0,
            "rune_pickups": 3,
            "runes": {
                "5": 3
            },
            "sen": {
                "103": {
                    "99": 1
                },
                "119": {
                    "93": 1
                },
                "121": {
                    "129": 1
                },
                "127": {
                    "122": 1
                },
                "136": {
                    "89": 1
                },
                "158": {
                    "92": 1
                },
                "93": {
                    "164": 1
                },
                "94": {
                    "120": 1
                },
                "96": {
                    "140": 1
                }
            },
            "sen_left_log": [
                {
                    "attackername": "npc_dota_hero_lion",
                    "ehandle": 9945202,
                    "entityleft": true,
                    "key": "[127,122]",
                    "player_slot": 130,
                    "slot": 7,
                    "time": 407,
                    "type": "sen_left_log",
                    "x": 126.9,
                    "y": 122,
                    "z": 128
                },
                {
                    "attackername": "npc_dota_hero_phantom_assassin",
                    "ehandle": 657275,
                    "entityleft": true,
                    "key": "[93,164]",
                    "player_slot": 130,
                    "slot": 7,
                    "time": 596,
                    "type": "sen_left_log",
                    "x": 93.1,
                    "y": 163.7,
                    "z": 128
                },
                {
                    "attackername": "npc_dota_hero_lion",
                    "ehandle": 2050381,
                    "entityleft": true,
                    "key": "[121,129]",
                    "player_slot": 130,
                    "slot": 7,
                    "time": 1030,
                    "type": "sen_left_log",
                    "x": 121,
                    "y": 128.6,
                    "z": 128
                },
                {
                    "attackername": "npc_dota_hero_nevermore",
                    "ehandle": 15485418,
                    "entityleft": true,
                    "key": "[136,89]",
                    "player_slot": 130,
                    "slot": 7,
                    "time": 1057,
                    "type": "sen_left_log",
                    "x": 136.2,
                    "y": 88.5,
                    "z": 130
                },
                {
                    "attackername": "npc_dota_hero_lion",
                    "ehandle": 12289977,
                    "entityleft": true,
                    "key": "[158,92]",
                    "player_slot": 130,
                    "slot": 7,
                    "time": 1141,
                    "type": "sen_left_log",
                    "x": 158.1,
                    "y": 91.9,
                    "z": 132.2
                },
                {
                    "attackername": "npc_dota_hero_lion",
                    "ehandle": 15795187,
                    "entityleft": true,
                    "key": "[96,140]",
                    "player_slot": 130,
                    "slot": 7,
                    "time": 1332,
                    "type": "sen_left_log",
                    "x": 95.8,
                    "y": 139.7,
                    "z": 132.2
                },
                {
                    "attackername": "npc_dota_hero_lion",
                    "ehandle": 5834293,
                    "entityleft": true,
                    "key": "[119,93]",
                    "player_slot": 130,
                    "slot": 7,
                    "time": 1451,
                    "type": "sen_left_log",
                    "x": 118.5,
                    "y": 92.9,
                    "z": 130
                },
                {
                    "attackername": "npc_dota_hero_lion",
                    "ehandle": 3721698,
                    "entityleft": true,
                    "key": "[94,120]",
                    "player_slot": 130,
                    "slot": 7,
                    "time": 1623,
                    "type": "sen_left_log",
                    "x": 93.9,
                    "y": 120,
                    "z": 132.2
                }
            ],
            "sen_log": [
                {
                    "ehandle": 9945202,
                    "entityleft": false,
                    "key": "[127,122]",
                    "player_slot": 130,
                    "slot": 7,
                    "time": -13,
                    "type": "sen_log",
                    "x": 126.9,
                    "y": 122,
                    "z": 128
                },
                {
                    "ehandle": 657275,
                    "entityleft": false,
                    "key": "[93,164]",
                    "player_slot": 130,
                    "slot": 7,
                    "time": 265,
                    "type": "sen_log",
                    "x": 93.1,
                    "y": 163.7,
                    "z": 128
                },
                {
                    "ehandle": 2050381,
                    "entityleft": false,
                    "key": "[121,129]",
                    "player_slot": 130,
                    "slot": 7,
                    "time": 610,
                    "type": "sen_log",
                    "x": 121,
                    "y": 128.6,
                    "z": 128
                },
                {
                    "ehandle": 12289977,
                    "entityleft": false,
                    "key": "[158,92]",
                    "player_slot": 130,
                    "slot": 7,
                    "time": 721,
                    "type": "sen_log",
                    "x": 158.1,
                    "y": 91.9,
                    "z": 132.2
                },
                {
                    "ehandle": 15485418,
                    "entityleft": false,
                    "key": "[136,89]",
                    "player_slot": 130,
                    "slot": 7,
                    "time": 733,
                    "type": "sen_log",
                    "x": 136.2,
                    "y": 88.5,
                    "z": 130
                },
                {
                    "ehandle": 15795187,
                    "entityleft": false,
                    "key": "[96,140]",
                    "player_slot": 130,
                    "slot": 7,
                    "time": 912,
                    "type": "sen_log",
                    "x": 95.8,
                    "y": 139.7,
                    "z": 132.2
                },
                {
                    "ehandle": 5834293,
                    "entityleft": false,
                    "key": "[119,93]",
                    "player_slot": 130,
                    "slot": 7,
                    "time": 1031,
                    "type": "sen_log",
                    "x": 118.5,
                    "y": 92.9,
                    "z": 130
                },
                {
                    "ehandle": 3721698,
                    "entityleft": false,
                    "key": "[94,120]",
                    "player_slot": 130,
                    "slot": 7,
                    "time": 1203,
                    "type": "sen_log",
                    "x": 93.9,
                    "y": 120,
                    "z": 132.2
                },
                {
                    "ehandle": 11323049,
                    "entityleft": false,
                    "key": "[103,99]",
                    "player_slot": 130,
                    "slot": 7,
                    "time": 1248,
                    "type": "sen_log",
                    "x": 102.6,
                    "y": 99,
                    "z": 129
                }
            ],
            "sen_placed": 9,
            "sentry_kills": 2,
            "sentry_uses": 3,
            "stuns": 67.833374,
            "teamfight_participation": 0.4814815,
            "total_gold": 10689,
            "total_xp": 11640,
            "tower_damage": 1332,
            "tower_kills": 1,
            "win": 1,
            "xp_per_min": 465
        },
        {
            "abandons": 0,
            "account_id": 1081169573,
            "actions_per_min": 230,
            "ancient_kills": 3,
            "assists": 18,
            "benchmarks": {
                "gold_per_min": {
                    "pct": 0.8353253652058433,
                    "raw": 610
                },
                "hero_damage_per_min": {
                    "pct": 0.5690571049136787,
                    "raw": 770.5326231691079
                },
                "hero_healing_per_min": {
                    "pct": 0.5462594068171758,
                    "raw": 25.126498002663116
                },
                "kills_per_min": {
                    "pct": 0.9380256750774679,
                    "raw": 0.4793608521970706
                },
                "last_hits_per_min": {
                    "pct": 0.448871181938911,
                    "raw": 4.354194407456725
                },
                "tower_damage": {
                    "pct": 0.6378928729526339,
                    "raw": 4794
                },
                "xp_per_min": {
                    "pct": 0.25232403718459495,
                    "raw": 547
                }
            },
            "buyback_count": 0,
            "camps_stacked": 0,
            "courier_kills": 0,
            "creeps_stacked": 0,
            "deaths": 5,
            "denies": 9,
            "gold": 131,
            "gold_per_min": 610,
            "gold_spent": 15070,
            "hero_damage": 19289,
            "hero_healing": 629,
            "hero_id": 104,
            "hero_kills": 11,
            "hero_variant": 1,
            "is_roaming": false,
            "item_uses": {
                "blade_mail": 6,
                "blink": 19,
                "famango": 2,
                "ironwood_tree": 3,
                "magic_wand": 6,
                "phase_boots": 75,
                "quelling_blade": 14,
                "tango": 9,
                "tpscroll": 5
            },
            "kda": 5,
            "kill_streaks": {
                "3": 2,
                "4": 2,
                "5": 1,
                "6": 1
            },
            "kills": 12,
            "kills_per_min": 0.47936085219707053,
            "lane": 1,
            "lane_efficiency": 0.6887631366208569,
            "lane_efficiency_pct": 68,
            "lane_kills": 94,
            "lane_role": 3,
            "last_hits": 109,
            "leaver_status": 0,
            "level": 15,
            "life_state": {
                "0": 1343,
                "1": 7,
                "2": 153
            },
            "life_state_dead": 160,
            "lose": 0,
            "multi_kills": {
                "2": 2,
                "3": 1,
                "4": 1
            },
            "necronomicon_kills": 0,
            "net_worth": 14931,
            "neutral_kills": 14,
            "obs": {},
            "obs_left_log": [],
            "obs_log": [],
            "obs_placed": 0,
            "observer_kills": 0,
            "observer_uses": 0,
            "observers_placed": 0,
            "pings": 1,
            "player_slot": 131,
            "purchase": {
                "blade_mail": 1,
                "blade_of_alacrity": 1,
                "blades_of_attack": 1,
                "blink": 1,
                "boots": 1,
                "branches": 2,
                "broadsword": 1,
                "chainmail": 2,
                "hyperstone": 2,
                "magic_stick": 1,
                "magic_wand": 1,
                "moon_shard": 1,
                "ogre_axe": 1,
                "phase_boots": 1,
                "point_booster": 1,
                "quelling_blade": 1,
                "recipe_blade_mail": 1,
                "recipe_magic_wand": 1,
                "staff_of_wizardry": 1,
                "tango": 3,
                "ultimate_scepter": 1
            },
            "rank_tier": 74,
            "roshan_kills": 0,
            "rune_pickups": 2,
            "runes": {
                "0": 1,
                "5": 1
            },
            "sen": {},
            "sen_left_log": [],
            "sen_log": [],
            "sen_placed": 0,
            "sentry_kills": 0,
            "sentry_uses": 0,
            "stuns": 24,
            "teamfight_participation": 0.5555556,
            "total_gold": 15270,
            "total_xp": 13693,
            "tower_damage": 4794,
            "tower_kills": 3,
            "win": 1,
            "xp_per_min": 547
        },
        {
            "abandons": 0,
            "actions_per_min": 326,
            "ancient_kills": 0,
            "assists": 22,
            "benchmarks": {
                "gold_per_min": {
                    "pct": 0.9965635738831615,
                    "raw": 667
                },
                "hero_damage_per_min": {
                    "pct": 0.9914089347079038,
                    "raw": 1192.37017310253
                },
                "hero_healing_per_min": {
                    "pct": 0.15206185567010308,
                    "raw": 143.84820239680425
                },
                "kills_per_min": {
                    "pct": 0.9896907216494846,
                    "raw": 0.5992010652463382
                },
                "last_hits_per_min": {
                    "pct": 0.9836769759450171,
                    "raw": 4.114513981358189
                },
                "tower_damage": {
                    "pct": 0.9982817869415808,
                    "raw": 7543
                },
                "xp_per_min": {
                    "pct": 0.9450171821305842,
                    "raw": 769
                }
            },
            "buyback_count": 0,
            "camps_stacked": 0,
            "courier_kills": 0,
            "creeps_stacked": 0,
            "deaths": 1,
            "denies": 14,
            "gold": 2246,
            "gold_per_min": 667,
            "gold_spent": 14980,
            "hero_damage": 29849,
            "hero_healing": 3601,
            "hero_id": 111,
            "hero_kills": 14,
            "hero_variant": 1,
            "is_roaming": false,
            "item_uses": {
                "arcane_boots": 18,
                "bottle": 18,
                "branches": 1,
                "clarity": 2,
                "faerie_fire": 1,
                "lotus_orb": 3,
                "magic_wand": 17,
                "meteor_hammer": 9,
                "tango": 3,
                "tpscroll": 4,
                "ward_observer": 2,
                "ward_sentry": 1
            },
            "kda": 18.5,
            "kill_streaks": {
                "10": 1,
                "11": 1,
                "12": 1,
                "13": 1,
                "3": 1,
                "4": 1,
                "5": 1,
                "6": 1,
                "7": 1,
                "8": 1,
                "9": 1
            },
            "kills": 15,
            "kills_per_min": 0.5992010652463382,
            "lane": 2,
            "lane_efficiency": 0.877728375101051,
            "lane_efficiency_pct": 87,
            "lane_kills": 111,
            "lane_role": 2,
            "last_hits": 103,
            "leaver_status": 0,
            "level": 18,
            "life_state": {
                "0": 1475,
                "1": 3,
                "2": 25
            },
            "life_state_dead": 28,
            "lose": 0,
            "multi_kills": {
                "2": 4
            },
            "necronomicon_kills": 0,
            "net_worth": 16446,
            "neutral_kills": 2,
            "obs": {
                "129": {
                    "126": 1
                },
                "78": {
                    "129": 1
                }
            },
            "obs_left_log": [
                {
                    "attackername": "npc_dota_hero_oracle",
                    "ehandle": 13977886,
                    "entityleft": true,
                    "key": "[129,126]",
                    "player_slot": 132,
                    "slot": 9,
                    "time": 719,
                    "type": "obs_left_log",
                    "x": 128.8,
                    "y": 126.1,
                    "z": 129
                },
                {
                    "attackername": "npc_dota_hero_mars",
                    "ehandle": 12257633,
                    "entityleft": true,
                    "key": "[78,129]",
                    "player_slot": 132,
                    "slot": 9,
                    "time": 921,
                    "type": "obs_left_log",
                    "x": 78.4,
                    "y": 128.8,
                    "z": 129
                }
            ],
            "obs_log": [
                {
                    "ehandle": 13977886,
                    "entityleft": false,
                    "key": "[129,126]",
                    "player_slot": 132,
                    "slot": 9,
                    "time": 359,
                    "type": "obs_log",
                    "x": 128.8,
                    "y": 126.1,
                    "z": 129
                },
                {
                    "ehandle": 12257633,
                    "entityleft": false,
                    "key": "[78,129]",
                    "player_slot": 132,
                    "slot": 9,
                    "time": 907,
                    "type": "obs_log",
                    "x": 78.4,
                    "y": 128.8,
                    "z": 129
                }
            ],
            "obs_placed": 2,
            "observer_kills": 0,
            "observer_uses": 2,
            "observers_placed": 2,
            "pings": 25,
            "player_slot": 132,
            "purchase": {
                "aether_lens": 1,
                "arcane_boots": 1,
                "boots": 1,
                "bottle": 1,
                "branches": 3,
                "clarity": 2,
                "crown": 1,
                "diadem": 1,
                "energy_booster": 2,
                "faerie_fire": 1,
                "infused_raindrop": 1,
                "kaya": 1,
                "lotus_orb": 1,
                "magic_stick": 1,
                "magic_wand": 1,
                "meteor_hammer": 1,
                "pers": 1,
                "phylactery": 1,
                "platemail": 1,
                "point_booster": 1,
                "recipe_aether_lens": 1,
                "recipe_arcane_boots": 1,
                "recipe_kaya": 1,
                "recipe_lotus_orb": 1,
                "recipe_magic_wand": 1,
                "recipe_meteor_hammer": 1,
                "recipe_phylactery": 1,
                "recipe_ring_of_basilius": 1,
                "ring_of_basilius": 1,
                "ring_of_health": 1,
                "robe": 1,
                "sobi_mask": 1,
                "staff_of_wizardry": 1,
                "tango": 1,
                "tpscroll": 3,
                "void_stone": 2,
                "ward_dispenser": 2,
                "ward_observer": 3,
                "ward_sentry": 3
            },
            "purchase_tpscroll": 3,
            "purchase_ward_observer": 3,
            "purchase_ward_sentry": 3,
            "rank_tier": null,
            "roshan_kills": 0,
            "rune_pickups": 5,
            "runes": {
                "2": 1,
                "3": 1,
                "5": 1,
                "7": 2
            },
            "sen": {
                "120": {
                    "129": 1
                }
            },
            "sen_left_log": [
                {
                    "attackername": "npc_dota_hero_oracle",
                    "ehandle": 12208183,
                    "entityleft": true,
                    "key": "[120,129]",
                    "player_slot": 132,
                    "slot": 9,
                    "time": 526,
                    "type": "sen_left_log",
                    "x": 119.7,
                    "y": 128.6,
                    "z": 128
                }
            ],
            "sen_log": [
                {
                    "ehandle": 12208183,
                    "entityleft": false,
                    "key": "[120,129]",
                    "player_slot": 132,
                    "slot": 9,
                    "time": 106,
                    "type": "sen_log",
                    "x": 119.7,
                    "y": 128.6,
                    "z": 128
                }
            ],
            "sen_placed": 1,
            "sentry_kills": 0,
            "sentry_uses": 1,
            "stuns": 83.299934,
            "teamfight_participation": 0.6851852,
            "total_gold": 16697,
            "total_xp": 19250,
            "tower_damage": 7543,
            "tower_kills": 3,
            "win": 1,
            "xp_per_min": 769
        }
    ],
    "radiant_score": 15,
    "radiant_win": false,
    "replay_url": "http://replay271.valve.net/570/7877208117_819505835.dem.bz2",
    "stomp": 34257
}