{
    "dire_score": 11,
    "duration": 1503,
    "lobby_type": 7,
    "match_id": 7877158201,
    "metadata": null,
    "players": [
        {
            "abandons": 0,
            "actions_per_min": 249,
            "ancient_kills": 7,
            "assists": 9,
            "benchmarks": {
                "gold_per_min": {
                    "pct": 0.8910891089108911,
                    "raw": 588
                },
                "hero_damage_per_min": {
                    "pct": 0.823982398239824,
                    "raw": 785.868263473054
                },
                "hero_healing_per_min": {
                    "pct": 0.834983498349835,
                    "raw": 67.22554890219561
                },
                "kills_per_min": {
                    "pct": 0.9651631829849652,
                    "raw": 0.3992015968063872
                },
                "last_hits_per_min": {
                    "pct": 0.8566189952328567,
                    "raw": 5.94810379241517
                },
                "tower_damage": {
                    "pct": 0.8140814081408141,
                    "raw": 5022
                },
                "xp_per_min": {
                    "pct": 0.39933993399339934,
                    "raw": 529
                }
            },
            "buyback_count": 0,
            "camps_stacked": 0,
            "courier_kills": 0,
            "creeps_stacked": 0,
            "deaths": 1,
            "denies": 16,
            "gold": 454,
            "gold_per_min": 588,
            "gold_spent": 14815,
            "hero_damage": 19686,
            "hero_healing": 1684,
            "hero_id": 128,
            "hero_kills": 10,
            "hero_variant": 1,
            "is_roaming": false,
            "item_uses": {
                "arcane_boots": 14,
                "famango": 2,
                "flask": 1,
                "guardian_greaves": 2,
                "magic_wand": 3,
                "mekansm": 1,
                "pipe": 6,
                "tango": 6,
                "tpscroll": 1
            },
            "kda": 9.5,
            "kill_streaks": {
                "3": 2,
                "4": 2,
                "5": 1,
                "6": 1
            },
            "kills": 10,
            "kills_per_min": 0.3992015968063872,
            "lane": 3,
            "lane_efficiency": 0.9017784963621666,
            "lane_efficiency_pct": 90,
            "lane_kills": 125,
            "lane_role": 3,
            "last_hits": 149,
            "leaver_status": 0,
            "level": 15,
            "life_state": {
                "0": 1470,
                "1": 6,
                "2": 28
            },
            "life_state_dead": 34,
            "lose": 0,
            "multi_kills": {
                "2": 1
            },
            "necronomicon_kills": 0,
            "net_worth": 14814,
            "neutral_kills": 29,
            "obs": {},
            "obs_left_log": [],
            "obs_log": [],
            "obs_placed": 0,
            "observer_kills": 0,
            "observer_uses": 0,
            "observers_placed": 0,
            "pings": 21,
            "player_slot": 0,
            "purchase": {
                "aghanims_shard": 1,
                "arcane_boots": 1,
                "boots": 1,
                "bracer": 1,
                "branches": 3,
                "buckler": 1,
                "chainmail": 1,
                "circlet": 2,
                "cloak": 1,
                "flask": 1,
                "gauntlets": 1,
                "guardian_greaves": 1,
                "headdress": 2,
                "helm_of_iron_will": 1,
                "infused_raindrop": 1,
                "magic_stick": 1,
                "magic_wand": 1,
                "mantle": 1,
                "mekansm": 1,
                "null_talisman": 1,
                "pipe": 1,
                "recipe_arcane_boots": 1,
                "recipe_bracer": 1,
                "recipe_buckler": 1,
                "recipe_crimson_guard": 1,
                "recipe_guardian_greaves": 1,
                "recipe_headdress": 2,
                "recipe_magic_wand": 1,
                "recipe_mekansm": 1,
                "recipe_null_talisman": 1,
                "recipe_pipe": 1,
                "recipe_ring_of_basilius": 1,
                "ring_of_basilius": 1,
                "ring_of_health": 1,
                "ring_of_protection": 1,
                "ring_of_regen": 2,
                "ring_of_tarrasque": 1,
                "sobi_mask": 1,
                "tango": 2
            },
            "rank_tier": null,
            "roshan_kills": 0,
            "rune_pickups": 1,
            "runes": {
                "3": 1
            },
            "sen": {},
            "sen_left_log": [],
            "sen_log": [],
            "sen_placed": 0,
            "sentry_kills": 0,
            "sentry_uses": 0,
            "stuns": 16.899736,
            "teamfight_participation": 0.6333333,
            "total_gold": 14729,
            "total_xp": 13251,
            "tower_damage": 5022,
            "tower_kills": 2,
            "win": 1,
            "xp_per_min": 529
        },
        {
            "abandons": 0,
            "actions_per_min": 167,
            "ancient_kills": 12,
            "assists": 3,
            "benchmarks": {
                "gold_per_min": {
                    "pct": 0.5052098000563222,
                    "raw": 616
                },
                "hero_damage_per_min": {
                    "pct": 0.07378203323007604,
                    "raw": 301.7564870259481
                },
                "hero_healing_per_min": {
                    "pct": 0.9622641509433962,
                    "raw": 0
                },
                "kills_per_min": {
                    "pct": 0.12841453111799492,
                    "raw": 0.11976047904191615
                },
                "last_hits_per_min": {
                    "pct": 0.8814418473669389,
                    "raw": 8.78243512974052
                },
                "tower_damage": {
                    "pct": 0.8307519008729936,
                    "raw": 10142
                },
                "xp_per_min": {
                    "pct": 0.27231765699802873,
                    "raw": 659
                }
            },
            "buyback_count": 0,
            "camps_stacked": 0,
            "courier_kills": 0,
            "creeps_stacked": 0,
            "deaths": 3,
            "denies": 4,
            "gold": 2548,
            "gold_per_min": 616,
            "gold_spent": 13460,
            "hero_damage": 7559,
            "hero_healing": 0,
            "hero_id": 70,
            "hero_kills": 3,
            "hero_variant": 2,
            "is_roaming": false,
            "item_uses": {
                "bfury": 8,
                "blink": 8,
                "clarity": 2,
                "famango": 2,
                "flask": 1,
                "magic_stick": 11,
                "phase_boots": 82,
                "quelling_blade": 16,
                "tango": 6,
                "tpscroll": 5
            },
            "kda": 1.5,
            "kill_streaks": {
                "3": 1
            },
            "kills": 3,
            "kills_per_min": 0.11976047904191617,
            "lane": 1,
            "lane_efficiency": 0.6261115602263541,
            "lane_efficiency_pct": 62,
            "lane_kills": 130,
            "lane_role": 1,
            "last_hits": 220,
            "leaver_status": 0,
            "level": 17,
            "life_state": {
                "0": 1464,
                "1": 5,
                "2": 35
            },
            "life_state_dead": 40,
            "lose": 0,
            "multi_kills": {},
            "necronomicon_kills": 0,
            "net_worth": 15478,
            "neutral_kills": 82,
            "obs": {},
            "obs_left_log": [],
            "obs_log": [],
            "obs_placed": 0,
            "observer_kills": 0,
            "observer_uses": 0,
            "observers_placed": 0,
            "pings": 7,
            "player_slot": 1,
            "purchase": {
                "aghanims_shard": 1,
                "basher": 1,
                "belt_of_strength": 1,
                "bfury": 1,
                "blades_of_attack": 1,
                "blink": 1,
                "boots": 1,
                "bracer": 1,
                "branches": 1,
                "broadsword": 1,
                "chainmail": 1,
                "circlet": 1,
                "clarity": 2,
                "claymore": 1,
                "cornucopia": 1,
                "flask": 1,
                "gauntlets": 1,
                "magic_stick": 1,
                "mithril_hammer": 1,
                "phase_boots": 1,
                "quelling_blade": 1,
                "recipe_basher": 1,
                "recipe_bfury": 1,
                "recipe_bracer": 1,
                "tango": 2,
                "tpscroll": 2
            },
            "purchase_tpscroll": 2,
            "rank_tier": null,
            "roshan_kills": 1,
            "rune_pickups": 0,
            "runes": {},
            "sen": {},
            "sen_left_log": [],
            "sen_log": [],
            "sen_placed": 0,
            "sentry_kills": 0,
            "sentry_uses": 0,
            "stuns": 1.9999161,
            "teamfight_participation": 0.2,
            "total_gold": 15430,
            "total_xp": 16507,
            "tower_damage": 10142,
            "tower_kills": 3,
            "win": 1,
            "xp_per_min": 659
        },
        {
            "abandons": 0,
            "account_id": 137340624,
            "actions_per_min": 314,
            "ancient_kills": 0,
            "assists": 14,
            "benchmarks": {
                "gold_per_min": {
                    "pct": 0.1651179413867048,
                    "raw": 358
                },
                "hero_damage_per_min": {
                    "pct": 0.2909220872051465,
                    "raw": 502.5149700598802
                },
                "hero_healing_per_min": {
                    "pct": 0.8656182987848463,
                    "raw": 0
                },
                "kills_per_min": {
                    "pct": 0.7848463187991422,
                    "raw": 0.27944111776447106
                },
                "last_hits_per_min": {
                    "pct": 0.03550154872527996,
                    "raw": 1.2375249500998005
                },
                "tower_damage": {
                    "pct": 0.5534905885156064,
                    "raw": 2587
                },
                "xp_per_min": {
                    "pct": 0.04217298070050036,
                    "raw": 329
                }
            },
            "buyback_count": 0,
            "camps_stacked": 0,
            "courier_kills": 1,
            "creeps_stacked": 0,
            "deaths": 3,
            "denies": 0,
            "gold": 1533,
            "gold_per_min": 358,
            "gold_spent": 7805,
            "hero_damage": 12588,
            "hero_healing": 0,
            "hero_id": 19,
            "hero_kills": 7,
            "hero_variant": 1,
            "is_roaming": false,
            "item_uses": {
                "arcane_boots": 15,
                "blink": 16,
                "blood_grenade": 2,
                "clarity": 1,
                "famango": 2,
                "magic_wand": 13,
                "smoke_of_deceit": 1,
                "tango": 6,
                "tpscroll": 6,
                "ward_dispenser": 5,
                "ward_observer": 1,
                "ward_sentry": 3
            },
            "kda": 5.25,
            "kill_streaks": {
                "3": 2
            },
            "kills": 7,
            "kills_per_min": 0.27944111776447106,
            "lane": 3,
            "lane_efficiency": 0.5994341147938561,
            "lane_efficiency_pct": 59,
            "lane_kills": 19,
            "lane_role": 3,
            "last_hits": 31,
            "leaver_status": 0,
            "level": 12,
            "life_state": {
                "0": 1423,
                "1": 12,
                "2": 69
            },
            "life_state_dead": 81,
            "lose": 0,
            "multi_kills": {},
            "necronomicon_kills": 0,
            "net_worth": 9858,
            "neutral_kills": 10,
            "obs": {
                "136": {
                    "143": 1
                },
                "142": {
                    "135": 1
                },
                "144": {
                    "122": 1
                }
            },
            "obs_left_log": [
                {
                    "attackername": "npc_dota_hero_tiny",
                    "ehandle": 3703221,
                    "entityleft": true,
                    "key": "[144,122]",
                    "player_slot": 2,
                    "slot": 4,
                    "time": 305,
                    "type": "obs_left_log",
                    "x": 143.6,
                    "y": 121.8,
                    "z": 132.1
                },
                {
                    "attackername": "npc_dota_hero_tiny",
                    "ehandle": 14681747,
                    "entityleft": true,
                    "key": "[142,135]",
                    "player_slot": 2,
                    "slot": 4,
                    "time": 817,
                    "type": "obs_left_log",
                    "x": 142.1,
                    "y": 134.7,
                    "z": 129
                },
                {
                    "attackername": "npc_dota_hero_tiny",
                    "ehandle": 4343738,
                    "entityleft": true,
                    "key": "[136,143]",
                    "player_slot": 2,
                    "slot": 4,
                    "time": 1380,
                    "type": "obs_left_log",
                    "x": 136.4,
                    "y": 142.9,
                    "z": 129
                }
            ],
            "obs_log": [
                {
                    "ehandle": 3703221,
                    "entityleft": false,
                    "key": "[144,122]",
                    "player_slot": 2,
                    "slot": 4,
                    "time": -55,
                    "type": "obs_log",
                    "x": 143.6,
                    "y": 121.8,
                    "z": 132.1
                },
                {
                    "ehandle": 14681747,
                    "entityleft": false,
                    "key": "[142,135]",
                    "player_slot": 2,
                    "slot": 4,
                    "time": 457,
                    "type": "obs_log",
                    "x": 142.1,
                    "y": 134.7,
                    "z": 129
                },
                {
                    "ehandle": 4343738,
                    "entityleft": false,
                    "key": "[136,143]",
                    "player_slot": 2,
                    "slot": 4,
                    "time": 1020,
                    "type": "obs_log",
                    "x": 136.4,
                    "y": 142.9,
                    "z": 129
                }
            ],
            "obs_placed": 3,
            "observer_kills": 0,
            "observer_uses": 1,
            "observers_placed": 3,
            "pings": 15,
            "player_slot": 2,
            "purchase": {
                "arcane_boots": 1,
                "blink": 1,
                "blood_grenade": 2,
                "boots": 1,
                "branches": 3,
                "clarity": 1,
                "cyclone": 1,
                "magic_stick": 1,
                "magic_wand": 1,
                "recipe_arcane_boots": 1,
                "recipe_cyclone": 1,
                "recipe_magic_wand": 1,
                "recipe_ring_of_basilius": 1,
                "ring_of_basilius": 1,
                "smoke_of_deceit": 3,
                "sobi_mask": 1,
                "staff_of_wizardry": 1,
                "tango": 2,
                "tpscroll": 3,
                "void_stone": 1,
                "ward_dispenser": 6,
                "ward_observer": 3,
                "ward_sentry": 6,
                "wind_lace": 1
            },
            "purchase_tpscroll": 3,
            "purchase_ward_observer": 3,
            "purchase_ward_sentry": 6,
            "rank_tier": 80,
            "roshan_kills": 0,
            "rune_pickups": 6,
            "runes": {
                "5": 4,
                "8": 2
            },
            "sen": {
                "100": {
                    "163": 1
                },
                "108": {
                    "164": 1
                },
                "156": {
                    "122": 1
                },
                "164": {
                    "134": 1
                },
                "87": {
                    "159": 1
                }
            },
            "sen_left_log": [
                {
                    "attackername": "npc_dota_hero_phoenix",
                    "ehandle": 14173865,
                    "entityleft": true,
                    "key": "[100,163]",
                    "player_slot": 2,
                    "slot": 4,
                    "time": 230,
                    "type": "sen_left_log",
                    "x": 99.8,
                    "y": 163.2,
                    "z": 129
                },
                {
                    "attackername": "npc_dota_hero_tiny",
                    "ehandle": 16484296,
                    "entityleft": true,
                    "key": "[87,159]",
                    "player_slot": 2,
                    "slot": 4,
                    "time": 498,
                    "type": "sen_left_log",
                    "x": 87.2,
                    "y": 158.5,
                    "z": 129
                },
                {
                    "attackername": "npc_dota_hero_tiny",
                    "ehandle": 4556867,
                    "entityleft": true,
                    "key": "[108,164]",
                    "player_slot": 2,
                    "slot": 4,
                    "time": 1049,
                    "type": "sen_left_log",
                    "x": 108.3,
                    "y": 163.6,
                    "z": 130
                },
                {
                    "attackername": "npc_dota_hero_phoenix",
                    "ehandle": 16452031,
                    "entityleft": true,
                    "key": "[156,122]",
                    "player_slot": 2,
                    "slot": 4,
                    "time": 1227,
                    "type": "sen_left_log",
                    "x": 155.6,
                    "y": 122,
                    "z": 130
                },
                {
                    "attackername": "npc_dota_hero_tiny",
                    "ehandle": 6506801,
                    "entityleft": true,
                    "key": "[164,134]",
                    "player_slot": 2,
                    "slot": 4,
                    "time": 1429,
                    "type": "sen_left_log",
                    "x": 163.8,
                    "y": 133.8,
                    "z": 132.1
                }
            ],
            "sen_log": [
                {
                    "ehandle": 14173865,
                    "entityleft": false,
                    "key": "[100,163]",
                    "player_slot": 2,
                    "slot": 4,
                    "time": 40,
                    "type": "sen_log",
                    "x": 99.8,
                    "y": 163.2,
                    "z": 129
                },
                {
                    "ehandle": 16484296,
                    "entityleft": false,
                    "key": "[87,159]",
                    "player_slot": 2,
                    "slot": 4,
                    "time": 78,
                    "type": "sen_log",
                    "x": 87.2,
                    "y": 158.5,
                    "z": 129
                },
                {
                    "ehandle": 4556867,
                    "entityleft": false,
                    "key": "[108,164]",
                    "player_slot": 2,
                    "slot": 4,
                    "time": 629,
                    "type": "sen_log",
                    "x": 108.3,
                    "y": 163.6,
                    "z": 130
                },
                {
                    "ehandle": 16452031,
                    "entityleft": false,
                    "key": "[156,122]",
                    "player_slot": 2,
                    "slot": 4,
                    "time": 1005,
                    "type": "sen_log",
                    "x": 155.6,
                    "y": 122,
                    "z": 130
                },
                {
                    "ehandle": 6506801,
                    "entityleft": false,
                    "key": "[164,134]",
                    "player_slot": 2,
                    "slot": 4,
                    "time": 1009,
                    "type": "sen_log",
                    "x": 163.8,
                    "y": 133.8,
                    "z": 132.1
                }
            ],
            "sen_placed": 5,
            "sentry_kills": 1,
            "sentry_uses": 3,
            "stuns": 77.7309,
            "teamfight_participation": 0.7,
            "total_gold": 8967,
            "total_xp": 8241,
            "tower_damage": 2587,
            "tower_kills": 0,
            "win": 1,
            "xp_per_min": 329
        },
        {
            "abandons": 0,
            "actions_per_min": 206,
            "ancient_kills": 5,
            "assists": 13,
            "benchmarks": {
                "gold_per_min": {
                    "pct": 0.558023745691306,
                    "raw": 598
                },
                "hero_damage_per_min": {
                    "pct": 0.8326311757947147,
                    "raw": 1296.5269461077844
                },
                "hero_healing_per_min": {
                    "pct": 0.8540788969743394,
                    "raw": 0
                },
                "kills_per_min": {
                    "pct": 0.5633856759862121,
                    "raw": 0.27944111776447106
                },
                "last_hits_per_min": {
                    "pct": 0.5419379548065875,
                    "raw": 6.027944111776447
                },
                "tower_damage": {
                    "pct": 0.5637686710072769,
                    "raw": 3138
                },
                "xp_per_min": {
                    "pct": 0.17234775947912678,
                    "raw": 555
                }
            },
            "buyback_count": 0,
            "camps_stacked": 0,
            "courier_kills": 0,
            "creeps_stacked": 0,
            "deaths": 2,
            "denies": 4,
            "gold": 1106,
            "gold_per_min": 598,
            "gold_spent": 14380,
            "hero_damage": 32478,
            "hero_healing": 0,
            "hero_id": 106,
            "hero_kills": 7,
            "hero_variant": 1,
            "is_roaming": false,
            "item_uses": {
                "bottle": 69,
                "branches": 1,
                "clarity": 1,
                "cyclone": 2,
                "famango": 2,
                "magic_wand": 9,
                "phase_boots": 68,
                "quelling_blade": 3,
                "tango": 3,
                "tpscroll": 8,
                "ward_dispenser": 2,
                "ward_observer": 2
            },
            "kda": 6.67,
            "kill_streaks": {
                "3": 2
            },
            "kills": 7,
            "kills_per_min": 0.27944111776447106,
            "lane": 2,
            "lane_efficiency": 0.8550929668552951,
            "lane_efficiency_pct": 85,
            "lane_kills": 137,
            "lane_role": 2,
            "last_hits": 151,
            "leaver_status": 0,
            "level": 15,
            "life_state": {
                "0": 1456,
                "1": 6,
                "2": 42
            },
            "life_state_dead": 48,
            "lose": 0,
            "multi_kills": {},
            "necronomicon_kills": 0,
            "net_worth": 16031,
            "neutral_kills": 12,
            "obs": {
                "125": {
                    "131": 1
                },
                "128": {
                    "118": 1
                }
            },
            "obs_left_log": [
                {
                    "attackername": "npc_dota_hero_ember_spirit",
                    "ehandle": 5538216,
                    "entityleft": true,
                    "key": "[128,118]",
                    "player_slot": 3,
                    "slot": 8,
                    "time": 293,
                    "type": "obs_left_log",
                    "x": 127.5,
                    "y": 118,
                    "z": 129
                },
                {
                    "attackername": "npc_dota_hero_ember_spirit",
                    "ehandle": 9340785,
                    "entityleft": true,
                    "key": "[125,131]",
                    "player_slot": 3,
                    "slot": 8,
                    "time": 621,
                    "type": "obs_left_log",
                    "x": 124.5,
                    "y": 130.5,
                    "z": 129
                }
            ],
            "obs_log": [
                {
                    "ehandle": 5538216,
                    "entityleft": false,
                    "key": "[128,118]",
                    "player_slot": 3,
                    "slot": 8,
                    "time": -67,
                    "type": "obs_log",
                    "x": 127.5,
                    "y": 118,
                    "z": 129
                },
                {
                    "ehandle": 9340785,
                    "entityleft": false,
                    "key": "[125,131]",
                    "player_slot": 3,
                    "slot": 8,
                    "time": 261,
                    "type": "obs_log",
                    "x": 124.5,
                    "y": 130.5,
                    "z": 129
                }
            ],
            "obs_placed": 2,
            "observer_kills": 0,
            "observer_uses": 2,
            "observers_placed": 2,
            "pings": 15,
            "player_slot": 3,
            "purchase": {
                "blades_of_attack": 1,
                "blight_stone": 1,
                "blitz_knuckles": 1,
                "boots": 1,
                "bottle": 1,
                "branches": 3,
                "chainmail": 1,
                "clarity": 1,
                "cloak": 1,
                "cyclone": 1,
                "gloves": 1,
                "javelin": 1,
                "kaya": 1,
                "maelstrom": 1,
                "mage_slayer": 1,
                "magic_stick": 1,
                "magic_wand": 1,
                "mithril_hammer": 1,
                "oblivion_staff": 1,
                "phase_boots": 1,
                "quelling_blade": 1,
                "recipe_cyclone": 1,
                "recipe_kaya": 1,
                "recipe_mage_slayer": 1,
                "recipe_magic_wand": 1,
                "robe": 2,
                "sobi_mask": 1,
                "staff_of_wizardry": 2,
                "tango": 1,
                "tpscroll": 5,
                "void_stone": 1,
                "ward_dispenser": 1,
                "ward_observer": 2,
                "ward_sentry": 1,
                "wind_lace": 1
            },
            "purchase_tpscroll": 5,
            "purchase_ward_observer": 2,
            "purchase_ward_sentry": 1,
            "rank_tier": null,
            "roshan_kills": 0,
            "rune_pickups": 10,
            "runes": {
                "0": 1,
                "1": 1,
                "2": 1,
                "3": 1,
                "5": 2,
                "6": 1,
                "7": 2,
                "9": 1
            },
            "sen": {
                "127": {
                    "124": 1
                }
            },
            "sen_left_log": [
                {
                    "attackername": "npc_dota_hero_ember_spirit",
                    "ehandle": 5654634,
                    "entityleft": true,
                    "key": "[127,124]",
                    "player_slot": 3,
                    "slot": 8,
                    "time": 671,
                    "type": "sen_left_log",
                    "x": 127.2,
                    "y": 123.8,
                    "z": 128
                }
            ],
            "sen_log": [
                {
                    "ehandle": 5654634,
                    "entityleft": false,
                    "key": "[127,124]",
                    "player_slot": 3,
                    "slot": 8,
                    "time": 251,
                    "type": "sen_log",
                    "x": 127.2,
                    "y": 123.8,
                    "z": 128
                }
            ],
            "sen_placed": 1,
            "sentry_kills": 0,
            "sentry_uses": 0,
            "stuns": 77.032036,
            "teamfight_participation": 0.6666667,
            "total_gold": 14979,
            "total_xp": 13902,
            "tower_damage": 3138,
            "tower_kills": 3,
            "win": 1,
            "xp_per_min": 555
        },
        {
            "abandons": 0,
            "account_id": 364848722,
            "actions_per_min": 389,
            "ancient_kills": 0,
            "assists": 17,
            "benchmarks": {
                "gold_per_min": {
                    "pct": 0.18135654697134568,
                    "raw": 344
                },
                "hero_damage_per_min": {
                    "pct": 0.39499455930359084,
                    "raw": 379.560878243513
                },
                "hero_healing_per_min": {
                    "pct": 0.809575625680087,
                    "raw": 0
                },
                "kills_per_min": {
                    "pct": 0.40442509974610086,
                    "raw": 0.11976047904191615
                },
                "last_hits_per_min": {
                    "pct": 0.06129851287631483,
                    "raw": 0.998003992015968
                },
                "tower_damage": {
                    "pct": 0.6155241204207472,
                    "raw": 4639
                },
                "xp_per_min": {
                    "pct": 0.14907508161044614,
                    "raw": 471
                }
            },
            "buyback_count": 0,
            "camps_stacked": 0,
            "courier_kills": 2,
            "creeps_stacked": 0,
            "deaths": 2,
            "denies": 1,
            "gold": 1719,
            "gold_per_min": 344,
            "gold_spent": 7510,
            "hero_damage": 9508,
            "hero_healing": 0,
            "hero_id": 18,
            "hero_kills": 3,
            "hero_variant": 1,
            "is_roaming": true,
            "item_uses": {
                "ancient_janggo": 4,
                "blood_grenade": 4,
                "clarity": 2,
                "enchanted_mango": 1,
                "magic_wand": 2,
                "seeds_of_serenity": 6,
                "smoke_of_deceit": 2,
                "tango": 9,
                "tpscroll": 5,
                "ward_dispenser": 15,
                "ward_observer": 1,
                "ward_sentry": 4
            },
            "kda": 6.67,
            "kill_streaks": {},
            "kills": 3,
            "kills_per_min": 0.11976047904191617,
            "lane": 1,
            "lane_efficiency": 0.4557396928051738,
            "lane_efficiency_pct": 45,
            "lane_kills": 18,
            "lane_role": 1,
            "last_hits": 25,
            "leaver_status": 0,
            "level": 14,
            "life_state": {
                "0": 1461,
                "1": 4,
                "2": 39
            },
            "life_state_dead": 43,
            "lose": 0,
            "multi_kills": {},
            "necronomicon_kills": 0,
            "net_worth": 7519,
            "neutral_kills": 0,
            "obs": {
                "108": {
                    "166": 1
                },
                "151": {
                    "129": 1
                },
                "159": {
                    "92": 1
                },
                "164": {
                    "134": 1
                },
                "168": {
                    "105": 1
                },
                "177": {
                    "168": 1
                }
            },
            "obs_left_log": [
                {
                    "attackername": "npc_dota_hero_luna",
                    "ehandle": 15581852,
                    "entityleft": true,
                    "key": "[108,166]",
                    "player_slot": 4,
                    "slot": 9,
                    "time": 558,
                    "type": "obs_left_log",
                    "x": 107.9,
                    "y": 166.3,
                    "z": 130
                },
                {
                    "attackername": "npc_dota_hero_sven",
                    "ehandle": 1476324,
                    "entityleft": true,
                    "key": "[159,92]",
                    "player_slot": 4,
                    "slot": 9,
                    "time": 757,
                    "type": "obs_left_log",
                    "x": 158.5,
                    "y": 92.4,
                    "z": 132.1
                },
                {
                    "attackername": "npc_dota_hero_sven",
                    "ehandle": 13862514,
                    "entityleft": true,
                    "key": "[168,105]",
                    "player_slot": 4,
                    "slot": 9,
                    "time": 1229,
                    "type": "obs_left_log",
                    "x": 167.8,
                    "y": 104.9,
                    "z": 128.9
                },
                {
                    "attackername": "npc_dota_hero_sven",
                    "ehandle": 3310730,
                    "entityleft": true,
                    "key": "[151,129]",
                    "player_slot": 4,
                    "slot": 9,
                    "time": 1248,
                    "type": "obs_left_log",
                    "x": 151.3,
                    "y": 128.8,
                    "z": 130
                },
                {
                    "attackername": "npc_dota_hero_sven",
                    "ehandle": 2703617,
                    "entityleft": true,
                    "key": "[164,134]",
                    "player_slot": 4,
                    "slot": 9,
                    "time": 1442,
                    "type": "obs_left_log",
                    "x": 164.2,
                    "y": 134.2,
                    "z": 132.1
                }
            ],
            "obs_log": [
                {
                    "ehandle": 1476324,
                    "entityleft": false,
                    "key": "[159,92]",
                    "player_slot": 4,
                    "slot": 9,
                    "time": 397,
                    "type": "obs_log",
                    "x": 158.5,
                    "y": 92.4,
                    "z": 132.1
                },
                {
                    "ehandle": 15581852,
                    "entityleft": false,
                    "key": "[108,166]",
                    "player_slot": 4,
                    "slot": 9,
                    "time": 555,
                    "type": "obs_log",
                    "x": 107.9,
                    "y": 166.3,
                    "z": 130
                },
                {
                    "ehandle": 13862514,
                    "entityleft": false,
                    "key": "[168,105]",
                    "player_slot": 4,
                    "slot": 9,
                    "time": 869,
                    "type": "obs_log",
                    "x": 167.8,
                    "y": 104.9,
                    "z": 128.9
                },
                {
                    "ehandle": 3310730,
                    "entityleft": false,
                    "key": "[151,129]",
                    "player_slot": 4,
                    "slot": 9,
                    "time": 888,
                    "type": "obs_log",
                    "x": 151.3,
                    "y": 128.8,
                    "z": 130
                },
                {
                    "ehandle": 2703617,
                    "entityleft": false,
                    "key": "[164,134]",
                    "player_slot": 4,
                    "slot": 9,
                    "time": 1082,
                    "type": "obs_log",
                    "x": 164.2,
                    "y": 134.2,
                    "z": 132.1
                },
                {
                    "ehandle": 820211,
                    "entityleft": false,
                    "key": "[177,168]",
                    "player_slot": 4,
                    "slot": 9,
                    "time": 1501,
                    "type": "obs_log",
                    "x": 176.6,
                    "y": 168.3,
                    "z": 130
                }
            ],
            "obs_placed": 6,
            "observer_kills": 2,
            "observer_uses": 1,
            "observers_placed": 6,
            "pings": 17,
            "player_slot": 4,
            "purchase": {
                "ancient_janggo": 1,
                "belt_of_strength": 1,
                "blood_grenade": 4,
                "boots": 1,
                "branches": 2,
                "clarity": 2,
                "cyclone": 1,
                "enchanted_mango": 1,
                "infused_raindrop": 1,
                "magic_stick": 1,
                "magic_wand": 1,
                "recipe_ancient_janggo": 1,
                "recipe_cyclone": 1,
                "recipe_magic_wand": 1,
                "ring_of_regen": 1,
                "robe": 1,
                "smoke_of_deceit": 2,
                "staff_of_wizardry": 1,
                "tango": 3,
                "tpscroll": 3,
                "tranquil_boots": 1,
                "void_stone": 1,
                "ward_dispenser": 10,
                "ward_observer": 6,
                "ward_sentry": 10,
                "wind_lace": 3
            },
            "purchase_tpscroll": 3,
            "purchase_ward_observer": 6,
            "purchase_ward_sentry": 10,
            "rank_tier": 80,
            "roshan_kills": 0,
            "rune_pickups": 1,
            "runes": {
                "5": 1
            },
            "sen": {
                "102": {
                    "156": 1
                },
                "119": {
                    "134": 1
                },
                "144": {
                    "122": 2
                },
                "154": {
                    "117": 1
                },
                "158": {
                    "92": 1
                },
                "162": {
                    "94": 1
                },
                "177": {
                    "168": 1
                },
                "183": {
                    "137": 1
                }
            },
            "sen_left_log": [
                {
                    "attackername": "npc_dota_hero_sven",
                    "ehandle": 15943748,
                    "entityleft": true,
                    "key": "[162,94]",
                    "player_slot": 4,
                    "slot": 9,
                    "time": 530,
                    "type": "sen_left_log",
                    "x": 161.5,
                    "y": 93.5,
                    "z": 129
                },
                {
                    "attackername": "npc_dota_hero_sven",
                    "ehandle": 16598547,
                    "entityleft": true,
                    "key": "[119,134]",
                    "player_slot": 4,
                    "slot": 9,
                    "time": 788,
                    "type": "sen_left_log",
                    "x": 118.9,
                    "y": 134.4,
                    "z": 128
                },
                {
                    "attackername": "npc_dota_hero_sven",
                    "ehandle": 3868271,
                    "entityleft": true,
                    "key": "[102,156]",
                    "player_slot": 4,
                    "slot": 9,
                    "time": 982,
                    "type": "sen_left_log",
                    "x": 102,
                    "y": 155.5,
                    "z": 129
                },
                {
                    "attackername": "npc_dota_hero_sven",
                    "ehandle": 5734920,
                    "entityleft": true,
                    "key": "[144,122]",
                    "player_slot": 4,
                    "slot": 9,
                    "time": 1135,
                    "type": "sen_left_log",
                    "x": 143.6,
                    "y": 122.3,
                    "z": 132.1
                },
                {
                    "attackername": "npc_dota_hero_sven",
                    "ehandle": 9472095,
                    "entityleft": true,
                    "key": "[158,92]",
                    "player_slot": 4,
                    "slot": 9,
                    "time": 1293,
                    "type": "sen_left_log",
                    "x": 158.3,
                    "y": 92.3,
                    "z": 132.2
                },
                {
                    "attackername": "npc_dota_hero_sven",
                    "ehandle": 11241249,
                    "entityleft": true,
                    "key": "[154,117]",
                    "player_slot": 4,
                    "slot": 9,
                    "time": 1352,
                    "type": "sen_left_log",
                    "x": 153.7,
                    "y": 117,
                    "z": 130
                }
            ],
            "sen_log": [
                {
                    "ehandle": 15943748,
                    "entityleft": false,
                    "key": "[162,94]",
                    "player_slot": 4,
                    "slot": 9,
                    "time": 110,
                    "type": "sen_log",
                    "x": 161.5,
                    "y": 93.5,
                    "z": 129
                },
                {
                    "ehandle": 16598547,
                    "entityleft": false,
                    "key": "[119,134]",
                    "player_slot": 4,
                    "slot": 9,
                    "time": 368,
                    "type": "sen_log",
                    "x": 118.9,
                    "y": 134.4,
                    "z": 128
                },
                {
                    "ehandle": 3868271,
                    "entityleft": false,
                    "key": "[102,156]",
                    "player_slot": 4,
                    "slot": 9,
                    "time": 562,
                    "type": "sen_log",
                    "x": 102,
                    "y": 155.5,
                    "z": 129
                },
                {
                    "ehandle": 5734920,
                    "entityleft": false,
                    "key": "[144,122]",
                    "player_slot": 4,
                    "slot": 9,
                    "time": 715,
                    "type": "sen_log",
                    "x": 143.6,
                    "y": 122.3,
                    "z": 132.1
                },
                {
                    "ehandle": 9472095,
                    "entityleft": false,
                    "key": "[158,92]",
                    "player_slot": 4,
                    "slot": 9,
                    "time": 873,
                    "type": "sen_log",
                    "x": 158.3,
                    "y": 92.3,
                    "z": 132.2
                },
                {
                    "ehandle": 11241249,
                    "entityleft": false,
                    "key": "[154,117]",
                    "player_slot": 4,
                    "slot": 9,
                    "time": 932,
                    "type": "sen_log",
                    "x": 153.7,
                    "y": 117,
                    "z": 130
                },
                {
                    "ehandle": 4426076,
                    "entityleft": false,
                    "key": "[183,137]",
                    "player_slot": 4,
                    "slot": 9,
                    "time": 1270,
                    "type": "sen_log",
                    "x": 182.9,
                    "y": 137,
                    "z": 129
                },
                {
                    "ehandle": 15352613,
                    "entityleft": false,
                    "key": "[144,122]",
                    "player_slot": 4,
                    "slot": 9,
                    "time": 1319,
                    "type": "sen_log",
                    "x": 144.4,
                    "y": 122,
                    "z": 132.1
                },
                {
                    "ehandle": 3705028,
                    "entityleft": false,
                    "key": "[177,168]",
                    "player_slot": 4,
                    "slot": 9,
                    "time": 1502,
                    "type": "sen_log",
                    "x": 176.6,
                    "y": 168.3,
                    "z": 130
                }
            ],
            "sen_placed": 9,
            "sentry_kills": 2,
            "sentry_uses": 4,
            "stuns": 41.666546,
            "teamfight_participation": 0.6666667,
            "total_gold": 8617,
            "total_xp": 11798,
            "tower_damage": 4639,
            "tower_kills": 1,
            "win": 1,
            "xp_per_min": 471
        },
        {
            "abandons": 0,
            "account_id": 245373129,
            "actions_per_min": 274,
            "ancient_kills": 0,
            "assists": 1,
            "benchmarks": {
                "gold_per_min": {
                    "pct": 0.11316975463194792,
                    "raw": 383
                },
                "hero_damage_per_min": {
                    "pct": 0.13470205307961944,
                    "raw": 397.2055888223553
                },
                "hero_healing_per_min": {
                    "pct": 0.9143715573360041,
                    "raw": 0
                },
                "kills_per_min": {
                    "pct": 0.15222834251377065,
                    "raw": 0.11976047904191615
                },
                "last_hits_per_min": {
                    "pct": 0.7636454682023035,
                    "raw": 6.666666666666666
                },
                "tower_damage": {
                    "pct": 0.10365548322483725,
                    "raw": 0
                },
                "xp_per_min": {
                    "pct": 0.08062093139709564,
                    "raw": 454
                }
            },
            "buyback_count": 0,
            "camps_stacked": 0,
            "courier_kills": 0,
            "creeps_stacked": 0,
            "deaths": 3,
            "denies": 4,
            "gold": 1584,
            "gold_per_min": 383,
            "gold_spent": 8460,
            "hero_damage": 9950,
            "hero_healing": 0,
            "hero_id": 17,
            "hero_kills": 3,
            "hero_variant": 2,
            "is_roaming": false,
            "item_uses": {
                "bottle": 94,
                "branches": 1,
                "clarity": 2,
                "faerie_fire": 1,
                "magic_wand": 16,
                "power_treads": 135,
                "tango": 3,
                "tpscroll": 11,
                "ward_dispenser": 1,
                "ward_observer": 1
            },
            "kda": 1,
            "kill_streaks": {},
            "kills": 3,
            "kills_per_min": 0.11976047904191617,
            "lane": 2,
            "lane_efficiency": 0.711802748585287,
            "lane_efficiency_pct": 71,
            "lane_kills": 60,
            "lane_role": 2,
            "last_hits": 167,
            "leaver_status": 0,
            "level": 14,
            "life_state": {
                "0": 1436,
                "1": 4,
                "2": 64
            },
            "life_state_dead": 68,
            "lose": 1,
            "multi_kills": {},
            "necronomicon_kills": 0,
            "net_worth": 9039,
            "neutral_kills": 101,
            "obs": {
                "124": {
                    "135": 2
                }
            },
            "obs_left_log": [
                {
                    "attackername": "npc_dota_hero_storm_spirit",
                    "ehandle": 15810988,
                    "entityleft": true,
                    "key": "[124,135]",
                    "player_slot": 128,
                    "slot": 1,
                    "time": 303,
                    "type": "obs_left_log",
                    "x": 124.2,
                    "y": 134.6,
                    "z": 129
                },
                {
                    "attackername": "npc_dota_hero_storm_spirit",
                    "ehandle": 2721818,
                    "entityleft": true,
                    "key": "[124,135]",
                    "player_slot": 128,
                    "slot": 1,
                    "time": 465,
                    "type": "obs_left_log",
                    "x": 124.3,
                    "y": 134.7,
                    "z": 129
                }
            ],
            "obs_log": [
                {
                    "ehandle": 15810988,
                    "entityleft": false,
                    "key": "[124,135]",
                    "player_slot": 128,
                    "slot": 1,
                    "time": -57,
                    "type": "obs_log",
                    "x": 124.2,
                    "y": 134.6,
                    "z": 129
                },
                {
                    "ehandle": 2721818,
                    "entityleft": false,
                    "key": "[124,135]",
                    "player_slot": 128,
                    "slot": 1,
                    "time": 458,
                    "type": "obs_log",
                    "x": 124.3,
                    "y": 134.7,
                    "z": 129
                }
            ],
            "obs_placed": 2,
            "observer_kills": 1,
            "observer_uses": 1,
            "observers_placed": 2,
            "pings": 25,
            "player_slot": 128,
            "purchase": {
                "blitz_knuckles": 1,
                "boots": 1,
                "bottle": 1,
                "branches": 3,
                "circlet": 1,
                "clarity": 2,
                "cornucopia": 1,
                "faerie_fire": 1,
                "gloves": 1,
                "magic_stick": 1,
                "magic_wand": 1,
                "mantle": 1,
                "null_talisman": 1,
                "oblivion_staff": 1,
                "ogre_axe": 1,
                "orchid": 1,
                "power_treads": 1,
                "recipe_magic_wand": 1,
                "recipe_null_talisman": 1,
                "recipe_orchid": 1,
                "robe": 2,
                "sobi_mask": 1,
                "tango": 1,
                "tpscroll": 8,
                "ward_dispenser": 1,
                "ward_observer": 2,
                "ward_sentry": 1
            },
            "purchase_tpscroll": 8,
            "purchase_ward_observer": 2,
            "purchase_ward_sentry": 1,
            "rank_tier": 80,
            "roshan_kills": 0,
            "rune_pickups": 7,
            "runes": {
                "0": 1,
                "5": 4,
                "7": 2
            },
            "sen": {},
            "sen_left_log": [],
            "sen_log": [],
            "sen_placed": 0,
            "sentry_kills": 0,
            "sentry_uses": 0,
            "stuns": 13.200307,
            "teamfight_participation": 0.36363637,
            "total_gold": 9594,
            "total_xp": 11372,
            "tower_damage": 0,
            "tower_kills": 0,
            "win": 0,
            "xp_per_min": 454
        },
        {
            "abandons": 0,
            "account_id": 1625677887,
            "actions_per_min": 311,
            "ancient_kills": 0,
            "assists": 6,
            "benchmarks": {
                "gold_per_min": {
                    "pct": 0.008403361344537815,
                    "raw": 198
                },
                "hero_damage_per_min": {
                    "pct": 0.12394957983193278,
                    "raw": 362.9141716566866
                },
                "hero_healing_per_min": {
                    "pct": 0.11554621848739496,
                    "raw": 5.868263473053893
                },
                "kills_per_min": {
                    "pct": 0.07668067226890757,
                    "raw": 0.03992015968063872
                },
                "last_hits_per_min": {
                    "pct": 0.08350840336134453,
                    "raw": 1.0778443113772456
                },
                "tower_damage": {
                    "pct": 0.1407563025210084,
                    "raw": 0
                },
                "xp_per_min": {
                    "pct": 0.058298319327731093,
                    "raw": 295
                }
            },
            "buyback_count": 0,
            "camps_stacked": 2,
            "courier_kills": 0,
            "creeps_stacked": 5,
            "deaths": 9,
            "denies": 2,
            "gold": 51,
            "gold_per_min": 198,
            "gold_spent": 5105,
            "hero_damage": 9091,
            "hero_healing": 147,
            "hero_id": 110,
            "hero_kills": 1,
            "hero_variant": 1,
            "is_roaming": false,
            "item_uses": {
                "blood_grenade": 1,
                "cyclone": 1,
                "famango": 1,
                "magic_stick": 6,
                "magic_wand": 6,
                "tango": 6,
                "tpscroll": 9,
                "ward_dispenser": 15,
                "ward_observer": 2,
                "ward_sentry": 4
            },
            "kda": 0.7,
            "kill_streaks": {},
            "kills": 1,
            "kills_per_min": 0.03992015968063872,
            "lane": 3,
            "lane_efficiency": 0.3769199676637025,
            "lane_efficiency_pct": 37,
            "lane_kills": 14,
            "lane_role": 1,
            "last_hits": 27,
            "leaver_status": 0,
            "level": 11,
            "life_state": {
                "0": 1288,
                "1": 22,
                "2": 194
            },
            "life_state_dead": 216,
            "lose": 1,
            "multi_kills": {},
            "necronomicon_kills": 0,
            "net_worth": 4201,
            "neutral_kills": 13,
            "obs": {
                "131": {
                    "105": 1
                },
                "144": {
                    "122": 1
                },
                "79": {
                    "184": 1
                },
                "89": {
                    "168": 1
                },
                "96": {
                    "140": 1
                }
            },
            "obs_left_log": [
                {
                    "attackername": "npc_dota_hero_phoenix",
                    "ehandle": 9259519,
                    "entityleft": true,
                    "key": "[89,168]",
                    "player_slot": 129,
                    "slot": 3,
                    "time": 760,
                    "type": "obs_left_log",
                    "x": 89.4,
                    "y": 168.2,
                    "z": 129
                },
                {
                    "attackername": "npc_dota_hero_phoenix",
                    "ehandle": 13191175,
                    "entityleft": true,
                    "key": "[79,184]",
                    "player_slot": 129,
                    "slot": 3,
                    "time": 986,
                    "type": "obs_left_log",
                    "x": 78.8,
                    "y": 183.9,
                    "z": 130
                },
                {
                    "attackername": "npc_dota_hero_phoenix",
                    "ehandle": 3409644,
                    "entityleft": true,
                    "key": "[131,105]",
                    "player_slot": 129,
                    "slot": 3,
                    "time": 1175,
                    "type": "obs_left_log",
                    "x": 130.7,
                    "y": 104.7,
                    "z": 130
                },
                {
                    "attackername": "npc_dota_hero_sven",
                    "ehandle": 3426028,
                    "entityleft": true,
                    "key": "[144,122]",
                    "player_slot": 129,
                    "slot": 3,
                    "time": 1321,
                    "type": "obs_left_log",
                    "x": 144.2,
                    "y": 122.1,
                    "z": 132.1
                },
                {
                    "attackername": "npc_dota_hero_phoenix",
                    "ehandle": 8128313,
                    "entityleft": true,
                    "key": "[96,140]",
                    "player_slot": 129,
                    "slot": 3,
                    "time": 1377,
                    "type": "obs_left_log",
                    "x": 95.8,
                    "y": 140.2,
                    "z": 132.2
                }
            ],
            "obs_log": [
                {
                    "ehandle": 9259519,
                    "entityleft": false,
                    "key": "[89,168]",
                    "player_slot": 129,
                    "slot": 3,
                    "time": 400,
                    "type": "obs_log",
                    "x": 89.4,
                    "y": 168.2,
                    "z": 129
                },
                {
                    "ehandle": 13191175,
                    "entityleft": false,
                    "key": "[79,184]",
                    "player_slot": 129,
                    "slot": 3,
                    "time": 626,
                    "type": "obs_log",
                    "x": 78.8,
                    "y": 183.9,
                    "z": 130
                },
                {
                    "ehandle": 3409644,
                    "entityleft": false,
                    "key": "[131,105]",
                    "player_slot": 129,
                    "slot": 3,
                    "time": 814,
                    "type": "obs_log",
                    "x": 130.7,
                    "y": 104.7,
                    "z": 130
                },
                {
                    "ehandle": 8128313,
                    "entityleft": false,
                    "key": "[96,140]",
                    "player_slot": 129,
                    "slot": 3,
                    "time": 1017,
                    "type": "obs_log",
                    "x": 95.8,
                    "y": 140.2,
                    "z": 132.2
                },
                {
                    "ehandle": 3426028,
                    "entityleft": false,
                    "key": "[144,122]",
                    "player_slot": 129,
                    "slot": 3,
                    "time": 1223,
                    "type": "obs_log",
                    "x": 144.2,
                    "y": 122.1,
                    "z": 132.1
                }
            ],
            "obs_placed": 5,
            "observer_kills": 0,
            "observer_uses": 2,
            "observers_placed": 5,
            "pings": 8,
            "player_slot": 129,
            "purchase": {
                "blood_grenade": 1,
                "boots": 1,
                "branches": 2,
                "cyclone": 1,
                "infused_raindrop": 1,
                "magic_stick": 1,
                "magic_wand": 1,
                "recipe_cyclone": 1,
                "recipe_magic_wand": 1,
                "ring_of_regen": 1,
                "smoke_of_deceit": 2,
                "staff_of_wizardry": 1,
                "tango": 1,
                "tpscroll": 1,
                "tranquil_boots": 1,
                "void_stone": 1,
                "ward_dispenser": 8,
                "ward_observer": 5,
                "ward_sentry": 9,
                "wind_lace": 2
            },
            "purchase_tpscroll": 1,
            "purchase_ward_observer": 5,
            "purchase_ward_sentry": 9,
            "rank_tier": 80,
            "roshan_kills": 0,
            "rune_pickups": 2,
            "runes": {
                "5": 1,
                "8": 1
            },
            "sen": {
                "103": {
                    "165": 1
                },
                "128": {
                    "142": 1
                },
                "136": {
                    "154": 1
                },
                "150": {
                    "122": 1
                },
                "155": {
                    "149": 1
                },
                "79": {
                    "184": 1
                },
                "88": {
                    "162": 1
                },
                "90": {
                    "168": 1
                },
                "96": {
                    "140": 1
                }
            },
            "sen_left_log": [
                {
                    "attackername": "npc_dota_hero_tiny",
                    "ehandle": 3393095,
                    "entityleft": true,
                    "key": "[88,162]",
                    "player_slot": 129,
                    "slot": 3,
                    "time": 83,
                    "type": "sen_left_log",
                    "x": 87.7,
                    "y": 162.3,
                    "z": 129
                },
                {
                    "attackername": "npc_dota_hero_phoenix",
                    "ehandle": 14289401,
                    "entityleft": true,
                    "key": "[103,165]",
                    "player_slot": 129,
                    "slot": 3,
                    "time": 648,
                    "type": "sen_left_log",
                    "x": 103.4,
                    "y": 164.9,
                    "z": 129
                },
                {
                    "attackername": "npc_dota_hero_phoenix",
                    "ehandle": 5147100,
                    "entityleft": true,
                    "key": "[90,168]",
                    "player_slot": 129,
                    "slot": 3,
                    "time": 820,
                    "type": "sen_left_log",
                    "x": 89.5,
                    "y": 168.2,
                    "z": 129
                },
                {
                    "attackername": "npc_dota_hero_phoenix",
                    "ehandle": 1181513,
                    "entityleft": true,
                    "key": "[79,184]",
                    "player_slot": 129,
                    "slot": 3,
                    "time": 1047,
                    "type": "sen_left_log",
                    "x": 78.7,
                    "y": 183.8,
                    "z": 130
                },
                {
                    "attackername": "npc_dota_hero_phoenix",
                    "ehandle": 12044345,
                    "entityleft": true,
                    "key": "[128,142]",
                    "player_slot": 129,
                    "slot": 3,
                    "time": 1218,
                    "type": "sen_left_log",
                    "x": 128.3,
                    "y": 141.8,
                    "z": 129
                },
                {
                    "attackername": "npc_dota_hero_sven",
                    "ehandle": 9325055,
                    "entityleft": true,
                    "key": "[150,122]",
                    "player_slot": 129,
                    "slot": 3,
                    "time": 1317,
                    "type": "sen_left_log",
                    "x": 150.2,
                    "y": 121.8,
                    "z": 130
                },
                {
                    "attackername": "npc_dota_hero_phoenix",
                    "ehandle": 16140270,
                    "entityleft": true,
                    "key": "[96,140]",
                    "player_slot": 129,
                    "slot": 3,
                    "time": 1435,
                    "type": "sen_left_log",
                    "x": 95.8,
                    "y": 140.2,
                    "z": 132.2
                }
            ],
            "sen_log": [
                {
                    "ehandle": 3393095,
                    "entityleft": false,
                    "key": "[88,162]",
                    "player_slot": 129,
                    "slot": 3,
                    "time": 34,
                    "type": "sen_log",
                    "x": 87.7,
                    "y": 162.3,
                    "z": 129
                },
                {
                    "ehandle": 14289401,
                    "entityleft": false,
                    "key": "[103,165]",
                    "player_slot": 129,
                    "slot": 3,
                    "time": 228,
                    "type": "sen_log",
                    "x": 103.4,
                    "y": 164.9,
                    "z": 129
                },
                {
                    "ehandle": 5147100,
                    "entityleft": false,
                    "key": "[90,168]",
                    "player_slot": 129,
                    "slot": 3,
                    "time": 400,
                    "type": "sen_log",
                    "x": 89.5,
                    "y": 168.2,
                    "z": 129
                },
                {
                    "ehandle": 1181513,
                    "entityleft": false,
                    "key": "[79,184]",
                    "player_slot": 129,
                    "slot": 3,
                    "time": 627,
                    "type": "sen_log",
                    "x": 78.7,
                    "y": 183.8,
                    "z": 130
                },
                {
                    "ehandle": 12044345,
                    "entityleft": false,
                    "key": "[128,142]",
                    "player_slot": 129,
                    "slot": 3,
                    "time": 798,
                    "type": "sen_log",
                    "x": 128.3,
                    "y": 141.8,
                    "z": 129
                },
                {
                    "ehandle": 16140270,
                    "entityleft": false,
                    "key": "[96,140]",
                    "player_slot": 129,
                    "slot": 3,
                    "time": 1015,
                    "type": "sen_log",
                    "x": 95.8,
                    "y": 140.2,
                    "z": 132.2
                },
                {
                    "ehandle": 9325055,
                    "entityleft": false,
                    "key": "[150,122]",
                    "player_slot": 129,
                    "slot": 3,
                    "time": 1221,
                    "type": "sen_log",
                    "x": 150.2,
                    "y": 121.8,
                    "z": 130
                },
                {
                    "ehandle": 3623005,
                    "entityleft": false,
                    "key": "[155,149]",
                    "player_slot": 129,
                    "slot": 3,
                    "time": 1244,
                    "type": "sen_log",
                    "x": 154.6,
                    "y": 149.2,
                    "z": 129
                },
                {
                    "ehandle": 11291123,
                    "entityleft": false,
                    "key": "[136,154]",
                    "player_slot": 129,
                    "slot": 3,
                    "time": 1256,
                    "type": "sen_log",
                    "x": 136,
                    "y": 153.6,
                    "z": 131.1
                }
            ],
            "sen_placed": 9,
            "sentry_kills": 2,
            "sentry_uses": 4,
            "stuns": 0,
            "teamfight_participation": 0.6363636,
            "total_gold": 4959,
            "total_xp": 7389,
            "tower_damage": 0,
            "tower_kills": 0,
            "win": 0,
            "xp_per_min": 295
        },
        {
            "abandons": 0,
            "account_id": 178362814,
            "actions_per_min": 418,
            "ancient_kills": 0,
            "assists": 5,
            "benchmarks": {
                "gold_per_min": {
                    "pct": 0.09836065573770492,
                    "raw": 320
                },
                "hero_damage_per_min": {
                    "pct": 0.4426229508196721,
                    "raw": 629.7005988023952
                },
                "hero_healing_per_min": {
                    "pct": 0.8475409836065574,
                    "raw": 382.9141716566866
                },
                "kills_per_min": {
                    "pct": 0.34098360655737703,
                    "raw": 0.07984031936127745
                },
                "last_hits_per_min": {
                    "pct": 0.2819672131147541,
                    "raw": 3.992015968063872
                },
                "tower_damage": {
                    "pct": 0.260655737704918,
                    "raw": 0
                },
                "xp_per_min": {
                    "pct": 0.07868852459016394,
                    "raw": 377
                }
            },
            "buyback_count": 0,
            "camps_stacked": 0,
            "courier_kills": 0,
            "creeps_stacked": 0,
            "deaths": 10,
            "denies": 2,
            "gold": 1965,
            "gold_per_min": 320,
            "gold_spent": 6105,
            "hero_damage": 15774,
            "hero_healing": 9592,
            "hero_id": 34,
            "hero_kills": 2,
            "hero_variant": 1,
            "is_roaming": false,
            "item_uses": {
                "blood_grenade": 1,
                "faerie_fire": 1,
                "famango": 1,
                "glimmer_cape": 10,
                "holy_locket": 9,
                "magic_wand": 5,
                "shadow_amulet": 2,
                "tango": 3,
                "tpscroll": 8,
                "ward_dispenser": 3,
                "ward_sentry": 3
            },
            "kda": 0.64,
            "kill_streaks": {},
            "kills": 2,
            "kills_per_min": 0.07984031936127745,
            "lane": 1,
            "lane_efficiency": 0.5464834276475343,
            "lane_efficiency_pct": 54,
            "lane_kills": 72,
            "lane_role": 3,
            "last_hits": 100,
            "leaver_status": 0,
            "level": 12,
            "life_state": {
                "0": 1202,
                "1": 19,
                "2": 283
            },
            "life_state_dead": 302,
            "lose": 1,
            "multi_kills": {},
            "necronomicon_kills": 0,
            "net_worth": 7475,
            "neutral_kills": 26,
            "obs": {
                "122": {
                    "156": 1
                },
                "143": {
                    "106": 1
                },
                "158": {
                    "92": 1
                }
            },
            "obs_left_log": [
                {
                    "attackername": "npc_dota_hero_tinker",
                    "ehandle": 5292464,
                    "entityleft": true,
                    "key": "[143,106]",
                    "player_slot": 130,
                    "slot": 5,
                    "time": 305,
                    "type": "obs_left_log",
                    "x": 143.4,
                    "y": 105.9,
                    "z": 129
                },
                {
                    "attackername": "npc_dota_hero_sven",
                    "ehandle": 10946722,
                    "entityleft": true,
                    "key": "[158,92]",
                    "player_slot": 130,
                    "slot": 5,
                    "time": 400,
                    "type": "obs_left_log",
                    "x": 158.1,
                    "y": 92,
                    "z": 132.2
                },
                {
                    "attackername": "npc_dota_hero_tinker",
                    "ehandle": 5163484,
                    "entityleft": true,
                    "key": "[122,156]",
                    "player_slot": 130,
                    "slot": 5,
                    "time": 1247,
                    "type": "obs_left_log",
                    "x": 122,
                    "y": 155.6,
                    "z": 132.1
                }
            ],
            "obs_log": [
                {
                    "ehandle": 5292464,
                    "entityleft": false,
                    "key": "[143,106]",
                    "player_slot": 130,
                    "slot": 5,
                    "time": -55,
                    "type": "obs_log",
                    "x": 143.4,
                    "y": 105.9,
                    "z": 129
                },
                {
                    "ehandle": 10946722,
                    "entityleft": false,
                    "key": "[158,92]",
                    "player_slot": 130,
                    "slot": 5,
                    "time": 376,
                    "type": "obs_log",
                    "x": 158.1,
                    "y": 92,
                    "z": 132.2
                },
                {
                    "ehandle": 5163484,
                    "entityleft": false,
                    "key": "[122,156]",
                    "player_slot": 130,
                    "slot": 5,
                    "time": 887,
                    "type": "obs_log",
                    "x": 122,
                    "y": 155.6,
                    "z": 132.1
                }
            ],
            "obs_placed": 3,
            "observer_kills": 0,
            "observer_uses": 0,
            "observers_placed": 3,
            "pings": 22,
            "player_slot": 130,
            "purchase": {
                "blood_grenade": 1,
                "branches": 2,
                "circlet": 2,
                "cloak": 1,
                "diadem": 1,
                "faerie_fire": 1,
                "glimmer_cape": 1,
                "holy_locket": 1,
                "magic_stick": 1,
                "magic_wand": 1,
                "mantle": 3,
                "null_talisman": 2,
                "recipe_glimmer_cape": 1,
                "recipe_holy_locket": 1,
                "recipe_magic_wand": 1,
                "recipe_null_talisman": 2,
                "shadow_amulet": 1,
                "tango": 1,
                "ward_dispenser": 6,
                "ward_observer": 3,
                "ward_sentry": 4
            },
            "purchase_ward_observer": 3,
            "purchase_ward_sentry": 4,
            "rank_tier": 80,
            "roshan_kills": 0,
            "rune_pickups": 1,
            "runes": {
                "8": 1
            },
            "sen": {
                "122": {
                    "156": 1
                },
                "136": {
                    "154": 1
                },
                "160": {
                    "89": 1
                }
            },
            "sen_left_log": [
                {
                    "attackername": "npc_dota_hero_sven",
                    "ehandle": 16631621,
                    "entityleft": true,
                    "key": "[160,89]",
                    "player_slot": 130,
                    "slot": 5,
                    "time": 113,
                    "type": "sen_left_log",
                    "x": 160.2,
                    "y": 89,
                    "z": 129
                },
                {
                    "attackername": "npc_dota_hero_tinker",
                    "ehandle": 2361198,
                    "entityleft": true,
                    "key": "[122,156]",
                    "player_slot": 130,
                    "slot": 5,
                    "time": 1165,
                    "type": "sen_left_log",
                    "x": 121.9,
                    "y": 155.6,
                    "z": 132.1
                },
                {
                    "attackername": "npc_dota_hero_tinker",
                    "ehandle": 10307569,
                    "entityleft": true,
                    "key": "[136,154]",
                    "player_slot": 130,
                    "slot": 5,
                    "time": 1178,
                    "type": "sen_left_log",
                    "x": 136.1,
                    "y": 153.8,
                    "z": 131.1
                }
            ],
            "sen_log": [
                {
                    "ehandle": 16631621,
                    "entityleft": false,
                    "key": "[160,89]",
                    "player_slot": 130,
                    "slot": 5,
                    "time": 66,
                    "type": "sen_log",
                    "x": 160.2,
                    "y": 89,
                    "z": 129
                },
                {
                    "ehandle": 2361198,
                    "entityleft": false,
                    "key": "[122,156]",
                    "player_slot": 130,
                    "slot": 5,
                    "time": 745,
                    "type": "sen_log",
                    "x": 121.9,
                    "y": 155.6,
                    "z": 132.1
                },
                {
                    "ehandle": 10307569,
                    "entityleft": false,
                    "key": "[136,154]",
                    "player_slot": 130,
                    "slot": 5,
                    "time": 758,
                    "type": "sen_log",
                    "x": 136.1,
                    "y": 153.8,
                    "z": 131.1
                }
            ],
            "sen_placed": 3,
            "sentry_kills": 0,
            "sentry_uses": 3,
            "stuns": 0,
            "teamfight_participation": 0.6363636,
            "total_gold": 8016,
            "total_xp": 9443,
            "tower_damage": 0,
            "tower_kills": 0,
            "win": 0,
            "xp_per_min": 377
        },
        {
            "abandons": 0,
            "actions_per_min": 122,
            "ancient_kills": 10,
            "assists": 7,
            "benchmarks": {
                "gold_per_min": {
                    "pct": 0.6797507788161994,
                    "raw": 414
                },
                "hero_damage_per_min": {
                    "pct": 0.77196261682243,
                    "raw": 542.7944111776447
                },
                "hero_healing_per_min": {
                    "pct": 0.08722741433021806,
                    "raw": 0
                },
                "kills_per_min": {
                    "pct": 0.6255451713395639,
                    "raw": 0.11976047904191615
                },
                "last_hits_per_min": {
                    "pct": 0.8903426791277259,
                    "raw": 5.429141716566867
                },
                "tower_damage": {
                    "pct": 0.16199376947040497,
                    "raw": 0
                },
                "xp_per_min": {
                    "pct": 0.3171339563862928,
                    "raw": 479
                }
            },
            "buyback_count": 0,
            "camps_stacked": 2,
            "courier_kills": 1,
            "creeps_stacked": 5,
            "deaths": 4,
            "denies": 10,
            "gold": 842,
            "gold_per_min": 414,
            "gold_spent": 9700,
            "hero_damage": 13597,
            "hero_healing": 0,
            "hero_id": 102,
            "hero_kills": 3,
            "hero_variant": 2,
            "is_roaming": false,
            "item_uses": {
                "clarity": 1,
                "famango": 1,
                "iron_talon": 2,
                "magic_wand": 7,
                "phase_boots": 102,
                "quelling_blade": 26,
                "tango": 3,
                "tango_single": 1,
                "tpscroll": 9
            },
            "kda": 2,
            "kill_streaks": {},
            "kills": 3,
            "kills_per_min": 0.11976047904191617,
            "lane": 1,
            "lane_efficiency": 0.8809620048504446,
            "lane_efficiency_pct": 88,
            "lane_kills": 102,
            "lane_role": 3,
            "last_hits": 136,
            "leaver_status": 0,
            "level": 14,
            "life_state": {
                "0": 1354,
                "1": 11,
                "2": 139
            },
            "life_state_dead": 150,
            "lose": 1,
            "multi_kills": {},
            "necronomicon_kills": 0,
            "net_worth": 9952,
            "neutral_kills": 38,
            "obs": {},
            "obs_left_log": [],
            "obs_log": [],
            "obs_placed": 0,
            "observer_kills": 0,
            "observer_uses": 0,
            "observers_placed": 0,
            "pings": 25,
            "player_slot": 131,
            "purchase": {
                "aghanims_shard": 1,
                "blades_of_attack": 1,
                "boots": 1,
                "branches": 2,
                "chainmail": 1,
                "circlet": 2,
                "clarity": 1,
                "diadem": 2,
                "holy_locket": 1,
                "magic_stick": 1,
                "magic_wand": 1,
                "mantle": 1,
                "null_talisman": 1,
                "orb_of_venom": 1,
                "phase_boots": 1,
                "phylactery": 1,
                "point_booster": 1,
                "quelling_blade": 1,
                "recipe_holy_locket": 1,
                "recipe_magic_wand": 1,
                "recipe_null_talisman": 1,
                "recipe_phylactery": 1,
                "recipe_wraith_band": 1,
                "slippers": 1,
                "tango": 1,
                "tpscroll": 4,
                "wraith_band": 1
            },
            "purchase_tpscroll": 4,
            "rank_tier": null,
            "roshan_kills": 0,
            "rune_pickups": 4,
            "runes": {
                "5": 2,
                "8": 2
            },
            "sen": {},
            "sen_left_log": [],
            "sen_log": [],
            "sen_placed": 0,
            "sentry_kills": 0,
            "sentry_uses": 0,
            "stuns": 0,
            "teamfight_participation": 0.90909094,
            "total_gold": 10370,
            "total_xp": 11998,
            "tower_damage": 0,
            "tower_kills": 0,
            "win": 0,
            "xp_per_min": 479
        },
        {
            "abandons": 0,
            "account_id": 195966181,
            "actions_per_min": 349,
            "ancient_kills": 0,
            "assists": 2,
            "benchmarks": {
                "gold_per_min": {
                    "pct": 0.21835294117647058,
                    "raw": 495
                },
                "hero_damage_per_min": {
                    "pct": 0.038588235294117645,
                    "raw": 201.3572854291417
                },
                "hero_healing_per_min": {
                    "pct": 0.9708235294117648,
                    "raw": 0
                },
                "kills_per_min": {
                    "pct": 0.16047058823529411,
                    "raw": 0.07984031936127745
                },
                "last_hits_per_min": {
                    "pct": 0.8992941176470588,
                    "raw": 11.776447105788423
                },
                "tower_damage": {
                    "pct": 0.10164705882352941,
                    "raw": 79
                },
                "xp_per_min": {
                    "pct": 0.21411764705882352,
                    "raw": 606
                }
            },
            "buyback_count": 0,
            "camps_stacked": 1,
            "courier_kills": 0,
            "creeps_stacked": 3,
            "deaths": 4,
            "denies": 5,
            "gold": 3435,
            "gold_per_min": 495,
            "gold_spent": 8995,
            "hero_damage": 5044,
            "hero_healing": 0,
            "hero_id": 48,
            "hero_kills": 2,
            "hero_variant": 2,
            "is_roaming": false,
            "item_uses": {
                "iron_talon": 9,
                "magic_stick": 14,
                "manta": 7,
                "mask_of_madness": 28,
                "power_treads": 54,
                "quelling_blade": 74,
                "tango": 3,
                "tpscroll": 5
            },
            "kda": 0.8,
            "kill_streaks": {},
            "kills": 2,
            "kills_per_min": 0.07984031936127745,
            "lane": 3,
            "lane_efficiency": 0.6562247372675829,
            "lane_efficiency_pct": 65,
            "lane_kills": 71,
            "lane_role": 1,
            "last_hits": 295,
            "leaver_status": 0,
            "level": 16,
            "life_state": {
                "0": 1368,
                "1": 14,
                "2": 122
            },
            "life_state_dead": 136,
            "lose": 1,
            "multi_kills": {},
            "necronomicon_kills": 0,
            "net_worth": 12340,
            "neutral_kills": 222,
            "obs": {},
            "obs_left_log": [],
            "obs_log": [],
            "obs_placed": 0,
            "observer_kills": 1,
            "observer_uses": 0,
            "observers_placed": 0,
            "pings": 16,
            "player_slot": 132,
            "purchase": {
                "blade_of_alacrity": 1,
                "boots": 1,
                "boots_of_elves": 2,
                "branches": 1,
                "broadsword": 1,
                "circlet": 1,
                "diadem": 1,
                "gloves": 1,
                "lifesteal": 1,
                "magic_stick": 1,
                "manta": 1,
                "mask_of_madness": 1,
                "power_treads": 1,
                "quelling_blade": 1,
                "recipe_manta": 1,
                "recipe_wraith_band": 1,
                "recipe_yasha": 1,
                "slippers": 1,
                "tango": 1,
                "tpscroll": 1,
                "wraith_band": 1,
                "yasha": 1
            },
            "purchase_tpscroll": 1,
            "rank_tier": 80,
            "roshan_kills": 0,
            "rune_pickups": 1,
            "runes": {
                "5": 1
            },
            "sen": {},
            "sen_left_log": [],
            "sen_log": [],
            "sen_placed": 0,
            "sentry_kills": 0,
            "sentry_uses": 0,
            "stuns": 6.5669184,
            "teamfight_participation": 0.36363637,
            "total_gold": 12399,
            "total_xp": 15180,
            "tower_damage": 79,
            "tower_kills": 0,
            "win": 0,
            "xp_per_min": 606
        }
    ],
    "radiant_score": 30,
    "radiant_win": true,
    "replay_url": "http://replay272.valve.net/570/7877158201_912950654.dem.bz2"
}