{
    "dire_score": 18,
    "duration": 1541,
    "lobby_type": 7,
    "match_id": 7882504462,
    "metadata": null,
    "players": [
        {
            "abandons": 0,
            "actions_per_min": 284,
            "ancient_kills": 6,
            "assists": 13,
            "benchmarks": {
                "gold_per_min": {
                    "pct": 0.8403361344537815,
                    "raw": 665
                },
                "hero_damage_per_min": {
                    "pct": 0.8539107950872656,
                    "raw": 1072.4075275794937
                },
                "hero_healing_per_min": {
                    "pct": 0.8409825468648998,
                    "raw": 0
                },
                "kills_per_min": {
                    "pct": 0.8164188752424046,
                    "raw": 0.3504218040233614
                },
                "last_hits_per_min": {
                    "pct": 0.9153199741435035,
                    "raw": 8.098637248539909
                },
                "tower_damage": {
                    "pct": 0.989010989010989,
                    "raw": 14691
                },
                "xp_per_min": {
                    "pct": 0.5365223012281836,
                    "raw": 753
                }
            },
            "buyback_count": 0,
            "camps_stacked": 2,
            "courier_kills": 1,
            "creeps_stacked": 3,
            "deaths": 3,
            "denies": 6,
            "gold": 835,
            "gold_per_min": 665,
            "gold_spent": 16810,
            "hero_damage": 27543,
            "hero_healing": 0,
            "hero_id": 13,
            "hero_kills": 9,
            "hero_variant": 1,
            "is_roaming": false,
            "item_uses": {
                "blink": 14,
                "bottle": 54,
                "branches": 2,
                "clarity": 2,
                "faerie_fire": 1,
                "magic_wand": 4,
                "power_treads": 156,
                "smoke_of_deceit": 1,
                "tango": 3,
                "tpscroll": 6,
                "ward_dispenser": 2,
                "ward_observer": 2,
                "ward_sentry": 1
            },
            "kda": 5.5,
            "kill_streaks": {
                "3": 1,
                "4": 1,
                "5": 1,
                "6": 1,
                "7": 1
            },
            "kills": 9,
            "kills_per_min": 0.3504218040233614,
            "lane": 2,
            "lane_efficiency": 0.813055780113177,
            "lane_efficiency_pct": 81,
            "lane_kills": 121,
            "lane_role": 2,
            "last_hits": 208,
            "leaver_status": 0,
            "level": 18,
            "life_state": {
                "0": 1453,
                "1": 4,
                "2": 85
            },
            "life_state_dead": 89,
            "lose": 0,
            "multi_kills": {
                "2": 1
            },
            "necronomicon_kills": 0,
            "net_worth": 16335,
            "neutral_kills": 45,
            "obs": {
                "117": {
                    "126": 1
                },
                "118": {
                    "140": 1
                }
            },
            "obs_left_log": [
                {
                    "attackername": "npc_dota_hero_puck",
                    "ehandle": 5374376,
                    "entityleft": true,
                    "key": "[117,126]",
                    "player_slot": 0,
                    "slot": 0,
                    "time": 299,
                    "type": "obs_left_log",
                    "x": 117,
                    "y": 126.1,
                    "z": 129
                },
                {
                    "attackername": "npc_dota_hero_puck",
                    "ehandle": 13502941,
                    "entityleft": true,
                    "key": "[118,140]",
                    "player_slot": 0,
                    "slot": 0,
                    "time": 734,
                    "type": "obs_left_log",
                    "x": 117.6,
                    "y": 139.8,
                    "z": 129
                }
            ],
            "obs_log": [
                {
                    "ehandle": 5374376,
                    "entityleft": false,
                    "key": "[117,126]",
                    "player_slot": 0,
                    "slot": 0,
                    "time": -61,
                    "type": "obs_log",
                    "x": 117,
                    "y": 126.1,
                    "z": 129
                },
                {
                    "ehandle": 13502941,
                    "entityleft": false,
                    "key": "[118,140]",
                    "player_slot": 0,
                    "slot": 0,
                    "time": 373,
                    "type": "obs_log",
                    "x": 117.6,
                    "y": 139.8,
                    "z": 129
                }
            ],
            "obs_placed": 2,
            "observer_kills": 0,
            "observer_uses": 2,
            "observers_placed": 2,
            "pings": 22,
            "player_slot": 0,
            "purchase": {
                "aghanims_shard": 1,
                "blight_stone": 1,
                "blink": 1,
                "blitz_knuckles": 1,
                "boots": 1,
                "bottle": 1,
                "branches": 4,
                "chainmail": 1,
                "circlet": 1,
                "clarity": 2,
                "desolator": 1,
                "faerie_fire": 1,
                "gloves": 2,
                "javelin": 1,
                "maelstrom": 1,
                "magic_stick": 1,
                "magic_wand": 1,
                "mantle": 1,
                "mithril_hammer": 3,
                "null_talisman": 1,
                "oblivion_staff": 1,
                "power_treads": 1,
                "recipe_magic_wand": 1,
                "recipe_null_talisman": 1,
                "recipe_witch_blade": 1,
                "robe": 2,
                "smoke_of_deceit": 1,
                "sobi_mask": 1,
                "tango": 1,
                "tpscroll": 4,
                "ward_dispenser": 1,
                "ward_observer": 1,
                "ward_sentry": 2,
                "witch_blade": 1
            },
            "purchase_tpscroll": 4,
            "purchase_ward_observer": 1,
            "purchase_ward_sentry": 2,
            "rank_tier": null,
            "roshan_kills": 0,
            "rune_pickups": 15,
            "runes": {
                "3": 1,
                "4": 1,
                "5": 5,
                "7": 4,
                "8": 3,
                "9": 1
            },
            "sen": {
                "121": {
                    "129": 1
                },
                "130": {
                    "123": 1
                }
            },
            "sen_left_log": [
                {
                    "attackername": "npc_dota_hero_puck",
                    "ehandle": 5294339,
                    "entityleft": true,
                    "key": "[121,129]",
                    "player_slot": 0,
                    "slot": 0,
                    "time": 786,
                    "type": "sen_left_log",
                    "x": 120.9,
                    "y": 128.7,
                    "z": 128
                },
                {
                    "attackername": "npc_dota_hero_puck",
                    "ehandle": 7375037,
                    "entityleft": true,
                    "key": "[130,123]",
                    "player_slot": 0,
                    "slot": 0,
                    "time": 845,
                    "type": "sen_left_log",
                    "x": 130.1,
                    "y": 122.6,
                    "z": 128
                }
            ],
            "sen_log": [
                {
                    "ehandle": 5294339,
                    "entityleft": false,
                    "key": "[121,129]",
                    "player_slot": 0,
                    "slot": 0,
                    "time": 366,
                    "type": "sen_log",
                    "x": 120.9,
                    "y": 128.7,
                    "z": 128
                },
                {
                    "ehandle": 7375037,
                    "entityleft": false,
                    "key": "[130,123]",
                    "player_slot": 0,
                    "slot": 0,
                    "time": 425,
                    "type": "sen_log",
                    "x": 130.1,
                    "y": 122.6,
                    "z": 128
                }
            ],
            "sen_placed": 2,
            "sentry_kills": 0,
            "sentry_uses": 1,
            "stuns": 1.5,
            "teamfight_participation": 0.7586207,
            "total_gold": 17079,
            "total_xp": 19339,
            "tower_damage": 14691,
            "tower_kills": 5,
            "win": 1,
            "xp_per_min": 753
        },
        {
            "abandons": 0,
            "account_id": 857593427,
            "actions_per_min": 223,
            "ancient_kills": 0,
            "assists": 16,
            "benchmarks": {
                "gold_per_min": {
                    "pct": 0.8711974110032362,
                    "raw": 415
                },
                "hero_damage_per_min": {
                    "pct": 0.713915857605178,
                    "raw": 369.07203114860476
                },
                "hero_healing_per_min": {
                    "pct": 0.26731391585760517,
                    "raw": 232.48539909149903
                },
                "kills_per_min": {
                    "pct": 0.8459546925566344,
                    "raw": 0.2336145360155743
                },
                "last_hits_per_min": {
                    "pct": 0.7734627831715211,
                    "raw": 1.518494484101233
                },
                "tower_damage": {
                    "pct": 0.9055016181229774,
                    "raw": 1449
                },
                "xp_per_min": {
                    "pct": 0.658252427184466,
                    "raw": 565
                }
            },
            "buyback_count": 0,
            "camps_stacked": 0,
            "courier_kills": 0,
            "creeps_stacked": 0,
            "deaths": 4,
            "denies": 6,
            "gold": 1633,
            "gold_per_min": 415,
            "gold_spent": 9575,
            "hero_damage": 9479,
            "hero_healing": 5971,
            "hero_id": 111,
            "hero_kills": 7,
            "hero_variant": 2,
            "is_roaming": false,
            "item_uses": {
                "arcane_boots": 15,
                "arcane_ring": 7,
                "blood_grenade": 1,
                "clarity": 7,
                "enchanted_mango": 2,
                "famango": 1,
                "glimmer_cape": 5,
                "magic_wand": 5,
                "shadow_amulet": 1,
                "tango": 3,
                "tpscroll": 8,
                "ward_dispenser": 25,
                "ward_observer": 6,
                "ward_sentry": 10
            },
            "kda": 4.4,
            "kill_streaks": {
                "3": 1
            },
            "kills": 6,
            "kills_per_min": 0.2336145360155743,
            "lane": 3,
            "lane_efficiency": 0.4557396928051738,
            "lane_efficiency_pct": 45,
            "lane_kills": 34,
            "lane_role": 3,
            "last_hits": 39,
            "leaver_status": 0,
            "level": 16,
            "life_state": {
                "0": 1449,
                "1": 8,
                "2": 85
            },
            "life_state_dead": 93,
            "lose": 0,
            "multi_kills": {
                "2": 1
            },
            "necronomicon_kills": 0,
            "net_worth": 9358,
            "neutral_kills": 3,
            "obs": {
                "102": {
                    "175": 1
                },
                "106": {
                    "170": 1
                },
                "118": {
                    "148": 1
                },
                "120": {
                    "140": 1
                },
                "135": {
                    "138": 1
                },
                "157": {
                    "170": 1
                },
                "158": {
                    "92": 1
                },
                "163": {
                    "159": 1
                },
                "164": {
                    "134": 1
                },
                "177": {
                    "151": 1
                },
                "96": {
                    "140": 1
                }
            },
            "obs_left_log": [
                {
                    "attackername": "npc_dota_creep_badguys_ranged",
                    "ehandle": 16466353,
                    "entityleft": true,
                    "key": "[102,175]",
                    "player_slot": 1,
                    "slot": 3,
                    "time": 144,
                    "type": "obs_left_log",
                    "x": 102.1,
                    "y": 175.1,
                    "z": 129
                },
                {
                    "attackername": "npc_dota_hero_doom_bringer",
                    "ehandle": 6702638,
                    "entityleft": true,
                    "key": "[158,92]",
                    "player_slot": 1,
                    "slot": 3,
                    "time": 666,
                    "type": "obs_left_log",
                    "x": 157.9,
                    "y": 92.2,
                    "z": 132.2
                },
                {
                    "attackername": "npc_dota_hero_oracle",
                    "ehandle": 8128722,
                    "entityleft": true,
                    "key": "[96,140]",
                    "player_slot": 1,
                    "slot": 3,
                    "time": 850,
                    "type": "obs_left_log",
                    "x": 95.9,
                    "y": 140,
                    "z": 132.2
                },
                {
                    "attackername": "npc_dota_hero_jakiro",
                    "ehandle": 14090767,
                    "entityleft": true,
                    "key": "[135,138]",
                    "player_slot": 1,
                    "slot": 3,
                    "time": 1070,
                    "type": "obs_left_log",
                    "x": 135.2,
                    "y": 137.8,
                    "z": 129
                },
                {
                    "attackername": "npc_dota_hero_oracle",
                    "ehandle": 12239645,
                    "entityleft": true,
                    "key": "[120,140]",
                    "player_slot": 1,
                    "slot": 3,
                    "time": 1106,
                    "type": "obs_left_log",
                    "x": 120.2,
                    "y": 139.5,
                    "z": 129
                },
                {
                    "attackername": "npc_dota_hero_oracle",
                    "ehandle": 7473588,
                    "entityleft": true,
                    "key": "[106,170]",
                    "player_slot": 1,
                    "slot": 3,
                    "time": 1232,
                    "type": "obs_left_log",
                    "x": 105.7,
                    "y": 169.5,
                    "z": 130
                },
                {
                    "attackername": "npc_dota_hero_jakiro",
                    "ehandle": 8159569,
                    "entityleft": true,
                    "key": "[177,151]",
                    "player_slot": 1,
                    "slot": 3,
                    "time": 1312,
                    "type": "obs_left_log",
                    "x": 177.4,
                    "y": 151.4,
                    "z": 130
                },
                {
                    "attackername": "npc_dota_hero_oracle",
                    "ehandle": 12960524,
                    "entityleft": true,
                    "key": "[118,148]",
                    "player_slot": 1,
                    "slot": 3,
                    "time": 1439,
                    "type": "obs_left_log",
                    "x": 117.8,
                    "y": 147.6,
                    "z": 130
                }
            ],
            "obs_log": [
                {
                    "ehandle": 16466353,
                    "entityleft": false,
                    "key": "[102,175]",
                    "player_slot": 1,
                    "slot": 3,
                    "time": -40,
                    "type": "obs_log",
                    "x": 102.1,
                    "y": 175.1,
                    "z": 129
                },
                {
                    "ehandle": 8128722,
                    "entityleft": false,
                    "key": "[96,140]",
                    "player_slot": 1,
                    "slot": 3,
                    "time": 490,
                    "type": "obs_log",
                    "x": 95.9,
                    "y": 140,
                    "z": 132.2
                },
                {
                    "ehandle": 6702638,
                    "entityleft": false,
                    "key": "[158,92]",
                    "player_slot": 1,
                    "slot": 3,
                    "time": 619,
                    "type": "obs_log",
                    "x": 157.9,
                    "y": 92.2,
                    "z": 132.2
                },
                {
                    "ehandle": 12239645,
                    "entityleft": false,
                    "key": "[120,140]",
                    "player_slot": 1,
                    "slot": 3,
                    "time": 746,
                    "type": "obs_log",
                    "x": 120.2,
                    "y": 139.5,
                    "z": 129
                },
                {
                    "ehandle": 7473588,
                    "entityleft": false,
                    "key": "[106,170]",
                    "player_slot": 1,
                    "slot": 3,
                    "time": 872,
                    "type": "obs_log",
                    "x": 105.7,
                    "y": 169.5,
                    "z": 130
                },
                {
                    "ehandle": 14090767,
                    "entityleft": false,
                    "key": "[135,138]",
                    "player_slot": 1,
                    "slot": 3,
                    "time": 1066,
                    "type": "obs_log",
                    "x": 135.2,
                    "y": 137.8,
                    "z": 129
                },
                {
                    "ehandle": 12960524,
                    "entityleft": false,
                    "key": "[118,148]",
                    "player_slot": 1,
                    "slot": 3,
                    "time": 1079,
                    "type": "obs_log",
                    "x": 117.8,
                    "y": 147.6,
                    "z": 130
                },
                {
                    "ehandle": 8159569,
                    "entityleft": false,
                    "key": "[177,151]",
                    "player_slot": 1,
                    "slot": 3,
                    "time": 1263,
                    "type": "obs_log",
                    "x": 177.4,
                    "y": 151.4,
                    "z": 130
                },
                {
                    "ehandle": 11895238,
                    "entityleft": false,
                    "key": "[164,134]",
                    "player_slot": 1,
                    "slot": 3,
                    "time": 1283,
                    "type": "obs_log",
                    "x": 164,
                    "y": 134.2,
                    "z": 132.1
                },
                {
                    "ehandle": 14731434,
                    "entityleft": false,
                    "key": "[157,170]",
                    "player_slot": 1,
                    "slot": 3,
                    "time": 1465,
                    "type": "obs_log",
                    "x": 156.6,
                    "y": 170.2,
                    "z": 130
                },
                {
                    "ehandle": 3309795,
                    "entityleft": false,
                    "key": "[163,159]",
                    "player_slot": 1,
                    "slot": 3,
                    "time": 1487,
                    "type": "obs_log",
                    "x": 163.2,
                    "y": 158.6,
                    "z": 130
                }
            ],
            "obs_placed": 11,
            "observer_kills": 1,
            "observer_uses": 6,
            "observers_placed": 11,
            "pings": 18,
            "player_slot": 1,
            "purchase": {
                "aether_lens": 1,
                "aghanims_shard": 1,
                "arcane_boots": 1,
                "blood_grenade": 1,
                "boots": 1,
                "branches": 2,
                "clarity": 6,
                "cloak": 1,
                "enchanted_mango": 2,
                "energy_booster": 1,
                "glimmer_cape": 1,
                "magic_stick": 1,
                "magic_wand": 1,
                "recipe_aether_lens": 1,
                "recipe_arcane_boots": 1,
                "recipe_glimmer_cape": 1,
                "recipe_magic_wand": 1,
                "recipe_ring_of_basilius": 1,
                "ring_of_basilius": 1,
                "shadow_amulet": 1,
                "sobi_mask": 1,
                "tango": 1,
                "tpscroll": 4,
                "void_stone": 1,
                "ward_dispenser": 13,
                "ward_observer": 11,
                "ward_sentry": 16
            },
            "purchase_tpscroll": 4,
            "purchase_ward_observer": 11,
            "purchase_ward_sentry": 16,
            "rank_tier": 80,
            "roshan_kills": 0,
            "rune_pickups": 2,
            "runes": {
                "5": 1,
                "8": 1
            },
            "sen": {
                "102": {
                    "163": 1
                },
                "106": {
                    "170": 1
                },
                "116": {
                    "182": 1
                },
                "126": {
                    "128": 1
                },
                "130": {
                    "105": 1
                },
                "136": {
                    "154": 1
                },
                "144": {
                    "122": 1
                },
                "157": {
                    "170": 1
                },
                "163": {
                    "159": 1
                },
                "164": {
                    "134": 1
                },
                "171": {
                    "149": 1
                },
                "84": {
                    "156": 1
                },
                "91": {
                    "158": 4
                }
            },
            "sen_left_log": [
                {
                    "attackername": "npc_dota_hero_jakiro",
                    "ehandle": 1278389,
                    "entityleft": true,
                    "key": "[102,163]",
                    "player_slot": 1,
                    "slot": 3,
                    "time": 37,
                    "type": "sen_left_log",
                    "x": 102.3,
                    "y": 163.3,
                    "z": 129
                },
                {
                    "attackername": "npc_dota_hero_jakiro",
                    "ehandle": 14305274,
                    "entityleft": true,
                    "key": "[91,158]",
                    "player_slot": 1,
                    "slot": 3,
                    "time": 176,
                    "type": "sen_left_log",
                    "x": 90.5,
                    "y": 157.8,
                    "z": 129
                },
                {
                    "attackername": "npc_dota_hero_jakiro",
                    "ehandle": 5179594,
                    "entityleft": true,
                    "key": "[91,158]",
                    "player_slot": 1,
                    "slot": 3,
                    "time": 215,
                    "type": "sen_left_log",
                    "x": 90.8,
                    "y": 157.7,
                    "z": 129
                },
                {
                    "attackername": "npc_dota_hero_jakiro",
                    "ehandle": 11683680,
                    "entityleft": true,
                    "key": "[91,158]",
                    "player_slot": 1,
                    "slot": 3,
                    "time": 285,
                    "type": "sen_left_log",
                    "x": 90.5,
                    "y": 157.8,
                    "z": 129
                },
                {
                    "attackername": "npc_dota_hero_oracle",
                    "ehandle": 13615577,
                    "entityleft": true,
                    "key": "[91,158]",
                    "player_slot": 1,
                    "slot": 3,
                    "time": 719,
                    "type": "sen_left_log",
                    "x": 91,
                    "y": 157.7,
                    "z": 129
                },
                {
                    "attackername": "npc_dota_hero_oracle",
                    "ehandle": 15534349,
                    "entityleft": true,
                    "key": "[130,105]",
                    "player_slot": 1,
                    "slot": 3,
                    "time": 1146,
                    "type": "sen_left_log",
                    "x": 130.2,
                    "y": 105,
                    "z": 130
                },
                {
                    "attackername": "npc_dota_hero_oracle",
                    "ehandle": 12551863,
                    "entityleft": true,
                    "key": "[84,156]",
                    "player_slot": 1,
                    "slot": 3,
                    "time": 1283,
                    "type": "sen_left_log",
                    "x": 84.4,
                    "y": 156.1,
                    "z": 129
                },
                {
                    "attackername": "npc_dota_hero_oracle",
                    "ehandle": 491973,
                    "entityleft": true,
                    "key": "[106,170]",
                    "player_slot": 1,
                    "slot": 3,
                    "time": 1293,
                    "type": "sen_left_log",
                    "x": 106.2,
                    "y": 169.8,
                    "z": 130
                },
                {
                    "attackername": "npc_dota_hero_oracle",
                    "ehandle": 10585880,
                    "entityleft": true,
                    "key": "[116,182]",
                    "player_slot": 1,
                    "slot": 3,
                    "time": 1306,
                    "type": "sen_left_log",
                    "x": 116.1,
                    "y": 181.9,
                    "z": 131.1
                },
                {
                    "attackername": "npc_dota_hero_jakiro",
                    "ehandle": 3819689,
                    "entityleft": true,
                    "key": "[171,149]",
                    "player_slot": 1,
                    "slot": 3,
                    "time": 1309,
                    "type": "sen_left_log",
                    "x": 171.3,
                    "y": 148.6,
                    "z": 130
                },
                {
                    "attackername": "npc_dota_hero_oracle",
                    "ehandle": 15794455,
                    "entityleft": true,
                    "key": "[126,128]",
                    "player_slot": 1,
                    "slot": 3,
                    "time": 1479,
                    "type": "sen_left_log",
                    "x": 126.4,
                    "y": 127.9,
                    "z": 129
                },
                {
                    "attackername": "npc_dota_hero_oracle",
                    "ehandle": 5884203,
                    "entityleft": true,
                    "key": "[144,122]",
                    "player_slot": 1,
                    "slot": 3,
                    "time": 1604,
                    "type": "sen_left_log",
                    "x": 144.1,
                    "y": 122,
                    "z": 132.1
                }
            ],
            "sen_log": [
                {
                    "ehandle": 1278389,
                    "entityleft": false,
                    "key": "[102,163]",
                    "player_slot": 1,
                    "slot": 3,
                    "time": -30,
                    "type": "sen_log",
                    "x": 102.3,
                    "y": 163.3,
                    "z": 129
                },
                {
                    "ehandle": 14305274,
                    "entityleft": false,
                    "key": "[91,158]",
                    "player_slot": 1,
                    "slot": 3,
                    "time": 93,
                    "type": "sen_log",
                    "x": 90.5,
                    "y": 157.8,
                    "z": 129
                },
                {
                    "ehandle": 5179594,
                    "entityleft": false,
                    "key": "[91,158]",
                    "player_slot": 1,
                    "slot": 3,
                    "time": 180,
                    "type": "sen_log",
                    "x": 90.8,
                    "y": 157.7,
                    "z": 129
                },
                {
                    "ehandle": 11683680,
                    "entityleft": false,
                    "key": "[91,158]",
                    "player_slot": 1,
                    "slot": 3,
                    "time": 274,
                    "type": "sen_log",
                    "x": 90.5,
                    "y": 157.8,
                    "z": 129
                },
                {
                    "ehandle": 13615577,
                    "entityleft": false,
                    "key": "[91,158]",
                    "player_slot": 1,
                    "slot": 3,
                    "time": 299,
                    "type": "sen_log",
                    "x": 91,
                    "y": 157.7,
                    "z": 129
                },
                {
                    "ehandle": 15534349,
                    "entityleft": false,
                    "key": "[130,105]",
                    "player_slot": 1,
                    "slot": 3,
                    "time": 726,
                    "type": "sen_log",
                    "x": 130.2,
                    "y": 105,
                    "z": 130
                },
                {
                    "ehandle": 12551863,
                    "entityleft": false,
                    "key": "[84,156]",
                    "player_slot": 1,
                    "slot": 3,
                    "time": 863,
                    "type": "sen_log",
                    "x": 84.4,
                    "y": 156.1,
                    "z": 129
                },
                {
                    "ehandle": 491973,
                    "entityleft": false,
                    "key": "[106,170]",
                    "player_slot": 1,
                    "slot": 3,
                    "time": 873,
                    "type": "sen_log",
                    "x": 106.2,
                    "y": 169.8,
                    "z": 130
                },
                {
                    "ehandle": 10585880,
                    "entityleft": false,
                    "key": "[116,182]",
                    "player_slot": 1,
                    "slot": 3,
                    "time": 886,
                    "type": "sen_log",
                    "x": 116.1,
                    "y": 181.9,
                    "z": 131.1
                },
                {
                    "ehandle": 15794455,
                    "entityleft": false,
                    "key": "[126,128]",
                    "player_slot": 1,
                    "slot": 3,
                    "time": 1059,
                    "type": "sen_log",
                    "x": 126.4,
                    "y": 127.9,
                    "z": 129
                },
                {
                    "ehandle": 5884203,
                    "entityleft": false,
                    "key": "[144,122]",
                    "player_slot": 1,
                    "slot": 3,
                    "time": 1184,
                    "type": "sen_log",
                    "x": 144.1,
                    "y": 122,
                    "z": 132.1
                },
                {
                    "ehandle": 3819689,
                    "entityleft": false,
                    "key": "[171,149]",
                    "player_slot": 1,
                    "slot": 3,
                    "time": 1247,
                    "type": "sen_log",
                    "x": 171.3,
                    "y": 148.6,
                    "z": 130
                },
                {
                    "ehandle": 14943966,
                    "entityleft": false,
                    "key": "[164,134]",
                    "player_slot": 1,
                    "slot": 3,
                    "time": 1282,
                    "type": "sen_log",
                    "x": 163.7,
                    "y": 134.2,
                    "z": 132.1
                },
                {
                    "ehandle": 13010853,
                    "entityleft": false,
                    "key": "[136,154]",
                    "player_slot": 1,
                    "slot": 3,
                    "time": 1374,
                    "type": "sen_log",
                    "x": 136.3,
                    "y": 154.3,
                    "z": 131.1
                },
                {
                    "ehandle": 10732681,
                    "entityleft": false,
                    "key": "[157,170]",
                    "player_slot": 1,
                    "slot": 3,
                    "time": 1464,
                    "type": "sen_log",
                    "x": 156.5,
                    "y": 170.2,
                    "z": 130
                },
                {
                    "ehandle": 2131793,
                    "entityleft": false,
                    "key": "[163,159]",
                    "player_slot": 1,
                    "slot": 3,
                    "time": 1488,
                    "type": "sen_log",
                    "x": 163.2,
                    "y": 158.7,
                    "z": 130
                }
            ],
            "sen_placed": 16,
            "sentry_kills": 4,
            "sentry_uses": 10,
            "stuns": 39.400063,
            "teamfight_participation": 0.7586207,
            "total_gold": 10658,
            "total_xp": 14511,
            "tower_damage": 1449,
            "tower_kills": 1,
            "win": 1,
            "xp_per_min": 565
        },
        {
            "abandons": 0,
            "actions_per_min": 252,
            "ancient_kills": 6,
            "assists": 13,
            "benchmarks": {
                "gold_per_min": {
                    "pct": 0.8536381377195428,
                    "raw": 524
                },
                "hero_damage_per_min": {
                    "pct": 0.9160858656258712,
                    "raw": 804.7242050616483
                },
                "hero_healing_per_min": {
                    "pct": 0.8868134931697798,
                    "raw": 23.47826086956522
                },
                "kills_per_min": {
                    "pct": 0.708112628937831,
                    "raw": 0.15574302401038287
                },
                "last_hits_per_min": {
                    "pct": 0.9356007805965988,
                    "raw": 6.073977936404932
                },
                "tower_damage": {
                    "pct": 0.8915528296626708,
                    "raw": 6273
                },
                "xp_per_min": {
                    "pct": 0.5137998327293003,
                    "raw": 589
                }
            },
            "buyback_count": 0,
            "camps_stacked": 2,
            "courier_kills": 0,
            "creeps_stacked": 4,
            "deaths": 8,
            "denies": 4,
            "gold": 1187,
            "gold_per_min": 524,
            "gold_spent": 11720,
            "hero_damage": 20668,
            "hero_healing": 603,
            "hero_id": 20,
            "hero_kills": 5,
            "hero_variant": 2,
            "is_roaming": false,
            "item_uses": {
                "blood_grenade": 1,
                "famango": 2,
                "power_treads": 2,
                "tpscroll": 5,
                "unstable_wand": 1
            },
            "kda": 1.89,
            "kill_streaks": {},
            "kills": 4,
            "kills_per_min": 0.15574302401038287,
            "lane": 3,
            "lane_efficiency": 0.7265561843168957,
            "lane_efficiency_pct": 72,
            "lane_kills": 86,
            "lane_role": 3,
            "last_hits": 156,
            "leaver_status": 0,
            "level": 16,
            "life_state": {
                "0": 1295,
                "1": 14,
                "2": 233
            },
            "life_state_dead": 247,
            "lose": 0,
            "multi_kills": {},
            "necronomicon_kills": 0,
            "net_worth": 12957,
            "neutral_kills": 48,
            "obs": {},
            "obs_left_log": [],
            "obs_log": [],
            "obs_placed": 0,
            "observer_kills": 0,
            "observer_uses": 0,
            "observers_placed": 0,
            "pings": 21,
            "player_slot": 2,
            "purchase": {
                "belt_of_strength": 1,
                "blade_of_alacrity": 2,
                "blades_of_attack": 1,
                "blood_grenade": 1,
                "boots": 1,
                "boots_of_elves": 1,
                "branches": 2,
                "buckler": 1,
                "circlet": 4,
                "gloves": 1,
                "lifesteal": 1,
                "ogre_axe": 1,
                "point_booster": 1,
                "power_treads": 1,
                "recipe_buckler": 1,
                "recipe_ring_of_basilius": 1,
                "recipe_wraith_band": 3,
                "recipe_yasha": 1,
                "ring_of_basilius": 1,
                "ring_of_protection": 1,
                "slippers": 3,
                "sobi_mask": 1,
                "staff_of_wizardry": 1,
                "ultimate_scepter": 1,
                "vladmir": 1,
                "wraith_band": 3,
                "yasha": 1
            },
            "rank_tier": null,
            "roshan_kills": 0,
            "rune_pickups": 1,
            "runes": {
                "5": 1
            },
            "sen": {},
            "sen_left_log": [],
            "sen_log": [],
            "sen_placed": 0,
            "sentry_kills": 0,
            "sentry_uses": 0,
            "stuns": 37.93411,
            "teamfight_participation": 0.5862069,
            "total_gold": 13458,
            "total_xp": 15127,
            "tower_damage": 6273,
            "tower_kills": 1,
            "win": 1,
            "xp_per_min": 589
        },
        {
            "abandons": 0,
            "actions_per_min": 250,
            "ancient_kills": 18,
            "assists": 10,
            "benchmarks": {
                "gold_per_min": {
                    "pct": 0.818859271997707,
                    "raw": 658
                },
                "hero_damage_per_min": {
                    "pct": 0.6663800515907137,
                    "raw": 691.0707332900713
                },
                "hero_healing_per_min": {
                    "pct": 0.9635998853539696,
                    "raw": 0
                },
                "kills_per_min": {
                    "pct": 0.7976497563771855,
                    "raw": 0.27255029201817005
                },
                "last_hits_per_min": {
                    "pct": 0.9180280882774434,
                    "raw": 9.26670992861778
                },
                "tower_damage": {
                    "pct": 0.8065348237317282,
                    "raw": 12373
                },
                "xp_per_min": {
                    "pct": 0.37947836056176554,
                    "raw": 632
                }
            },
            "buyback_count": 0,
            "camps_stacked": 1,
            "courier_kills": 0,
            "creeps_stacked": 1,
            "deaths": 2,
            "denies": 13,
            "gold": 743,
            "gold_per_min": 658,
            "gold_spent": 16625,
            "hero_damage": 17749,
            "hero_healing": 0,
            "hero_id": 49,
            "hero_kills": 7,
            "hero_variant": 1,
            "is_roaming": false,
            "item_uses": {
                "black_king_bar": 2,
                "clarity": 1,
                "famango": 1,
                "magic_wand": 5,
                "power_treads": 105,
                "quelling_blade": 20,
                "tango": 3,
                "tpscroll": 6
            },
            "kda": 5.67,
            "kill_streaks": {
                "3": 1
            },
            "kills": 7,
            "kills_per_min": 0.27255029201817,
            "lane": 1,
            "lane_efficiency": 0.8880355699272433,
            "lane_efficiency_pct": 88,
            "lane_kills": 126,
            "lane_role": 1,
            "last_hits": 238,
            "leaver_status": 0,
            "level": 17,
            "life_state": {
                "0": 1464,
                "1": 8,
                "2": 70
            },
            "life_state_dead": 78,
            "lose": 0,
            "multi_kills": {
                "2": 2
            },
            "necronomicon_kills": 0,
            "net_worth": 16548,
            "neutral_kills": 70,
            "obs": {},
            "obs_left_log": [],
            "obs_log": [],
            "obs_placed": 0,
            "observer_kills": 0,
            "observer_uses": 0,
            "observers_placed": 0,
            "pings": 18,
            "player_slot": 3,
            "purchase": {
                "belt_of_strength": 2,
                "black_king_bar": 1,
                "blade_of_alacrity": 1,
                "blades_of_attack": 1,
                "boots": 1,
                "boots_of_elves": 1,
                "bracer": 1,
                "branches": 2,
                "circlet": 1,
                "clarity": 1,
                "claymore": 1,
                "demon_edge": 1,
                "gauntlets": 1,
                "gloves": 1,
                "greater_crit": 1,
                "lesser_crit": 1,
                "magic_stick": 1,
                "magic_wand": 1,
                "mithril_hammer": 1,
                "ogre_axe": 2,
                "power_treads": 1,
                "quelling_blade": 1,
                "recipe_black_king_bar": 1,
                "recipe_bracer": 1,
                "recipe_greater_crit": 1,
                "recipe_lesser_crit": 1,
                "recipe_magic_wand": 1,
                "recipe_sange": 1,
                "recipe_yasha": 1,
                "sange": 1,
                "sange_and_yasha": 1,
                "tango": 2,
                "tpscroll": 4,
                "yasha": 1
            },
            "purchase_tpscroll": 4,
            "rank_tier": null,
            "roshan_kills": 0,
            "rune_pickups": 2,
            "runes": {
                "0": 1,
                "8": 1
            },
            "sen": {},
            "sen_left_log": [],
            "sen_log": [],
            "sen_placed": 0,
            "sentry_kills": 0,
            "sentry_uses": 0,
            "stuns": 37.86644,
            "teamfight_participation": 0.5862069,
            "total_gold": 16899,
            "total_xp": 16231,
            "tower_damage": 12373,
            "tower_kills": 2,
            "win": 1,
            "xp_per_min": 632
        },
        {
            "abandons": 0,
            "account_id": 230193209,
            "actions_per_min": 258,
            "ancient_kills": 27,
            "assists": 17,
            "benchmarks": {
                "gold_per_min": {
                    "pct": 0.8308065494238933,
                    "raw": 573
                },
                "hero_damage_per_min": {
                    "pct": 0.5864160097028502,
                    "raw": 583.6469824789098
                },
                "hero_healing_per_min": {
                    "pct": 0.8399029714978775,
                    "raw": 694.0298507462686
                },
                "kills_per_min": {
                    "pct": 0.6882959369314736,
                    "raw": 0.11680726800778715
                },
                "last_hits_per_min": {
                    "pct": 0.7962401455427531,
                    "raw": 6.619078520441272
                },
                "tower_damage": {
                    "pct": 0.6852637962401456,
                    "raw": 399
                },
                "xp_per_min": {
                    "pct": 0.6318981200727714,
                    "raw": 670
                }
            },
            "buyback_count": 0,
            "camps_stacked": 4,
            "courier_kills": 0,
            "creeps_stacked": 10,
            "deaths": 2,
            "denies": 4,
            "gold": 3994,
            "gold_per_min": 573,
            "gold_spent": 11290,
            "hero_damage": 14990,
            "hero_healing": 17825,
            "hero_id": 34,
            "hero_kills": 4,
            "hero_variant": 1,
            "is_roaming": false,
            "item_uses": {
                "arcane_boots": 7,
                "arcane_ring": 10,
                "blood_grenade": 1,
                "guardian_greaves": 6,
                "holy_locket": 11,
                "magic_wand": 2,
                "mekansm": 1,
                "pavise": 1,
                "solar_crest": 5,
                "tango": 6,
                "tpscroll": 3,
                "ward_dispenser": 1,
                "ward_sentry": 2
            },
            "kda": 6.67,
            "kill_streaks": {
                "3": 1
            },
            "kills": 3,
            "kills_per_min": 0.11680726800778715,
            "lane": 1,
            "lane_efficiency": 0.41531932093775265,
            "lane_efficiency_pct": 41,
            "lane_kills": 61,
            "lane_role": 1,
            "last_hits": 170,
            "leaver_status": 0,
            "level": 17,
            "life_state": {
                "0": 1503,
                "1": 4,
                "2": 35
            },
            "life_state_dead": 39,
            "lose": 0,
            "multi_kills": {},
            "necronomicon_kills": 0,
            "net_worth": 14954,
            "neutral_kills": 88,
            "obs": {},
            "obs_left_log": [],
            "obs_log": [],
            "obs_placed": 0,
            "observer_kills": 1,
            "observer_uses": 0,
            "observers_placed": 0,
            "pings": 4,
            "player_slot": 4,
            "purchase": {
                "arcane_boots": 1,
                "blood_grenade": 2,
                "boots": 1,
                "branches": 2,
                "buckler": 1,
                "chainmail": 1,
                "circlet": 2,
                "crown": 1,
                "diadem": 1,
                "energy_booster": 1,
                "fluffy_hat": 1,
                "guardian_greaves": 1,
                "headdress": 1,
                "holy_locket": 1,
                "magic_stick": 1,
                "magic_wand": 1,
                "mantle": 2,
                "mekansm": 1,
                "null_talisman": 2,
                "pavise": 1,
                "recipe_arcane_boots": 1,
                "recipe_buckler": 1,
                "recipe_guardian_greaves": 1,
                "recipe_headdress": 1,
                "recipe_holy_locket": 1,
                "recipe_magic_wand": 1,
                "recipe_mekansm": 1,
                "recipe_null_talisman": 2,
                "recipe_pavise": 1,
                "recipe_ring_of_basilius": 1,
                "recipe_solar_crest": 1,
                "ring_of_basilius": 1,
                "ring_of_protection": 2,
                "ring_of_regen": 1,
                "sobi_mask": 1,
                "solar_crest": 1,
                "tango": 2,
                "tpscroll": 1,
                "ward_dispenser": 2,
                "ward_sentry": 1,
                "wind_lace": 1
            },
            "purchase_tpscroll": 1,
            "purchase_ward_sentry": 1,
            "rank_tier": 80,
            "roshan_kills": 0,
            "rune_pickups": 0,
            "runes": {},
            "sen": {
                "158": {
                    "92": 1
                },
                "162": {
                    "99": 1
                }
            },
            "sen_left_log": [
                {
                    "attackername": "npc_dota_hero_alchemist",
                    "ehandle": 10274327,
                    "entityleft": true,
                    "key": "[162,99]",
                    "player_slot": 4,
                    "slot": 8,
                    "time": 209,
                    "type": "sen_left_log",
                    "x": 162,
                    "y": 98.7,
                    "z": 129
                },
                {
                    "attackername": "npc_dota_hero_tinker",
                    "ehandle": 13437132,
                    "entityleft": true,
                    "key": "[158,92]",
                    "player_slot": 4,
                    "slot": 8,
                    "time": 1022,
                    "type": "sen_left_log",
                    "x": 158.1,
                    "y": 92,
                    "z": 132.2
                }
            ],
            "sen_log": [
                {
                    "ehandle": 10274327,
                    "entityleft": false,
                    "key": "[162,99]",
                    "player_slot": 4,
                    "slot": 8,
                    "time": 31,
                    "type": "sen_log",
                    "x": 162,
                    "y": 98.7,
                    "z": 129
                },
                {
                    "ehandle": 13437132,
                    "entityleft": false,
                    "key": "[158,92]",
                    "player_slot": 4,
                    "slot": 8,
                    "time": 602,
                    "type": "sen_log",
                    "x": 158.1,
                    "y": 92,
                    "z": 132.2
                }
            ],
            "sen_placed": 2,
            "sentry_kills": 0,
            "sentry_uses": 2,
            "stuns": 0,
            "teamfight_participation": 0.6896552,
            "total_gold": 14716,
            "total_xp": 17207,
            "tower_damage": 399,
            "tower_kills": 0,
            "win": 1,
            "xp_per_min": 670
        },
        {
            "abandons": 0,
            "actions_per_min": 217,
            "ancient_kills": 0,
            "assists": 9,
            "benchmarks": {
                "gold_per_min": {
                    "pct": 0.1573870367236419,
                    "raw": 287
                },
                "hero_damage_per_min": {
                    "pct": 0.5083770519546454,
                    "raw": 496.15833874107716
                },
                "hero_healing_per_min": {
                    "pct": 0.7698426129632764,
                    "raw": 32.12199870214147
                },
                "kills_per_min": {
                    "pct": 0.5327466576408868,
                    "raw": 0.11680726800778715
                },
                "last_hits_per_min": {
                    "pct": 0.607547808427822,
                    "raw": 2.1414665801427644
                },
                "tower_damage": {
                    "pct": 0.12472499576916568,
                    "raw": 0
                },
                "xp_per_min": {
                    "pct": 0.08038585209003216,
                    "raw": 316
                }
            },
            "buyback_count": 0,
            "camps_stacked": 3,
            "courier_kills": 1,
            "creeps_stacked": 10,
            "deaths": 6,
            "denies": 2,
            "gold": 1416,
            "gold_per_min": 287,
            "gold_spent": 6695,
            "hero_damage": 12743,
            "hero_healing": 825,
            "hero_id": 64,
            "hero_kills": 3,
            "hero_variant": 2,
            "is_roaming": false,
            "item_uses": {
                "arcane_boots": 10,
                "blood_grenade": 1,
                "branches": 1,
                "clarity": 2,
                "dust": 1,
                "famango": 1,
                "flask": 1,
                "magic_stick": 7,
                "magic_wand": 10,
                "mekansm": 3,
                "seeds_of_serenity": 6,
                "smoke_of_deceit": 2,
                "tango": 6,
                "tpscroll": 10,
                "ward_dispenser": 13,
                "ward_observer": 2,
                "ward_sentry": 5
            },
            "kda": 1.71,
            "kill_streaks": {},
            "kills": 3,
            "kills_per_min": 0.11680726800778715,
            "lane": 3,
            "lane_efficiency": 0.549717057396928,
            "lane_efficiency_pct": 54,
            "lane_kills": 35,
            "lane_role": 1,
            "last_hits": 55,
            "leaver_status": 0,
            "level": 11,
            "life_state": {
                "0": 1381,
                "1": 15,
                "2": 146
            },
            "life_state_dead": 161,
            "lose": 1,
            "multi_kills": {},
            "necronomicon_kills": 0,
            "net_worth": 5866,
            "neutral_kills": 14,
            "obs": {
                "100": {
                    "152": 1
                },
                "105": {
                    "142": 1
                },
                "118": {
                    "140": 1
                },
                "134": {
                    "92": 1
                },
                "142": {
                    "120": 1
                },
                "153": {
                    "81": 1
                }
            },
            "obs_left_log": [
                {
                    "attackername": "npc_dota_hero_jakiro",
                    "ehandle": 7356844,
                    "entityleft": true,
                    "key": "[134,92]",
                    "player_slot": 128,
                    "slot": 1,
                    "time": 313,
                    "type": "obs_left_log",
                    "x": 133.9,
                    "y": 92.2,
                    "z": 132.2
                },
                {
                    "attackername": "npc_dota_hero_jakiro",
                    "ehandle": 4147434,
                    "entityleft": true,
                    "key": "[100,152]",
                    "player_slot": 128,
                    "slot": 1,
                    "time": 750,
                    "type": "obs_left_log",
                    "x": 100.3,
                    "y": 151.6,
                    "z": 128.8
                },
                {
                    "attackername": "npc_dota_hero_jakiro",
                    "ehandle": 2607056,
                    "entityleft": true,
                    "key": "[118,140]",
                    "player_slot": 128,
                    "slot": 1,
                    "time": 800,
                    "type": "obs_left_log",
                    "x": 117.9,
                    "y": 139.8,
                    "z": 129
                },
                {
                    "attackername": "npc_dota_hero_oracle",
                    "ehandle": 11060751,
                    "entityleft": true,
                    "key": "[142,120]",
                    "player_slot": 128,
                    "slot": 1,
                    "time": 1189,
                    "type": "obs_left_log",
                    "x": 141.5,
                    "y": 120,
                    "z": 130
                },
                {
                    "attackername": "npc_dota_hero_jakiro",
                    "ehandle": 9175926,
                    "entityleft": true,
                    "key": "[105,142]",
                    "player_slot": 128,
                    "slot": 1,
                    "time": 1297,
                    "type": "obs_left_log",
                    "x": 104.5,
                    "y": 142.2,
                    "z": 129
                },
                {
                    "attackername": "npc_dota_hero_jakiro",
                    "ehandle": 7915333,
                    "entityleft": true,
                    "key": "[153,81]",
                    "player_slot": 128,
                    "slot": 1,
                    "time": 1454,
                    "type": "obs_left_log",
                    "x": 152.5,
                    "y": 80.7,
                    "z": 129
                }
            ],
            "obs_log": [
                {
                    "ehandle": 7356844,
                    "entityleft": false,
                    "key": "[134,92]",
                    "player_slot": 128,
                    "slot": 1,
                    "time": -47,
                    "type": "obs_log",
                    "x": 133.9,
                    "y": 92.2,
                    "z": 132.2
                },
                {
                    "ehandle": 4147434,
                    "entityleft": false,
                    "key": "[100,152]",
                    "player_slot": 128,
                    "slot": 1,
                    "time": 390,
                    "type": "obs_log",
                    "x": 100.3,
                    "y": 151.6,
                    "z": 128.8
                },
                {
                    "ehandle": 2607056,
                    "entityleft": false,
                    "key": "[118,140]",
                    "player_slot": 128,
                    "slot": 1,
                    "time": 440,
                    "type": "obs_log",
                    "x": 117.9,
                    "y": 139.8,
                    "z": 129
                },
                {
                    "ehandle": 9175926,
                    "entityleft": false,
                    "key": "[105,142]",
                    "player_slot": 128,
                    "slot": 1,
                    "time": 937,
                    "type": "obs_log",
                    "x": 104.5,
                    "y": 142.2,
                    "z": 129
                },
                {
                    "ehandle": 11060751,
                    "entityleft": false,
                    "key": "[142,120]",
                    "player_slot": 128,
                    "slot": 1,
                    "time": 999,
                    "type": "obs_log",
                    "x": 141.5,
                    "y": 120,
                    "z": 130
                },
                {
                    "ehandle": 7915333,
                    "entityleft": false,
                    "key": "[153,81]",
                    "player_slot": 128,
                    "slot": 1,
                    "time": 1094,
                    "type": "obs_log",
                    "x": 152.5,
                    "y": 80.7,
                    "z": 129
                }
            ],
            "obs_placed": 6,
            "observer_kills": 2,
            "observer_uses": 2,
            "observers_placed": 6,
            "pings": 43,
            "player_slot": 128,
            "purchase": {
                "arcane_boots": 1,
                "blood_grenade": 1,
                "boots": 1,
                "branches": 3,
                "buckler": 1,
                "chainmail": 1,
                "clarity": 5,
                "dust": 1,
                "enchanted_mango": 2,
                "flask": 1,
                "fluffy_hat": 1,
                "headdress": 1,
                "infused_raindrop": 1,
                "magic_stick": 1,
                "magic_wand": 1,
                "mekansm": 1,
                "recipe_arcane_boots": 1,
                "recipe_buckler": 1,
                "recipe_headdress": 1,
                "recipe_magic_wand": 1,
                "recipe_mekansm": 1,
                "recipe_ring_of_basilius": 1,
                "ring_of_basilius": 1,
                "ring_of_protection": 1,
                "ring_of_regen": 1,
                "smoke_of_deceit": 4,
                "sobi_mask": 1,
                "tango": 2,
                "tpscroll": 5,
                "ward_dispenser": 11,
                "ward_observer": 7,
                "ward_sentry": 9
            },
            "purchase_tpscroll": 5,
            "purchase_ward_observer": 7,
            "purchase_ward_sentry": 9,
            "rank_tier": null,
            "roshan_kills": 0,
            "rune_pickups": 1,
            "runes": {
                "5": 1
            },
            "sen": {
                "104": {
                    "166": 1
                },
                "107": {
                    "185": 1
                },
                "122": {
                    "156": 1
                },
                "138": {
                    "135": 1
                },
                "158": {
                    "92": 1
                },
                "170": {
                    "151": 1
                },
                "88": {
                    "161": 1
                },
                "93": {
                    "159": 1,
                    "161": 1
                }
            },
            "sen_left_log": [
                {
                    "attackername": "npc_dota_hero_oracle",
                    "ehandle": 1361415,
                    "entityleft": true,
                    "key": "[93,161]",
                    "player_slot": 128,
                    "slot": 1,
                    "time": 96,
                    "type": "sen_left_log",
                    "x": 93.2,
                    "y": 160.5,
                    "z": 129
                },
                {
                    "attackername": "npc_dota_hero_oracle",
                    "ehandle": 116926,
                    "entityleft": true,
                    "key": "[88,161]",
                    "player_slot": 128,
                    "slot": 1,
                    "time": 276,
                    "type": "sen_left_log",
                    "x": 88,
                    "y": 161.4,
                    "z": 129
                },
                {
                    "attackername": "npc_dota_hero_oracle",
                    "ehandle": 5851224,
                    "entityleft": true,
                    "key": "[93,159]",
                    "player_slot": 128,
                    "slot": 1,
                    "time": 302,
                    "type": "sen_left_log",
                    "x": 93.3,
                    "y": 158.5,
                    "z": 129
                },
                {
                    "attackername": "npc_dota_hero_jakiro",
                    "ehandle": 3245645,
                    "entityleft": true,
                    "key": "[104,166]",
                    "player_slot": 128,
                    "slot": 1,
                    "time": 455,
                    "type": "sen_left_log",
                    "x": 104,
                    "y": 165.7,
                    "z": 129
                },
                {
                    "attackername": "npc_dota_hero_jakiro",
                    "ehandle": 690268,
                    "entityleft": true,
                    "key": "[107,185]",
                    "player_slot": 128,
                    "slot": 1,
                    "time": 1316,
                    "type": "sen_left_log",
                    "x": 106.8,
                    "y": 185.2,
                    "z": 129
                },
                {
                    "attackername": "npc_dota_hero_jakiro",
                    "ehandle": 12584450,
                    "entityleft": true,
                    "key": "[122,156]",
                    "player_slot": 128,
                    "slot": 1,
                    "time": 1367,
                    "type": "sen_left_log",
                    "x": 121.8,
                    "y": 156.3,
                    "z": 132.1
                },
                {
                    "attackername": "npc_dota_hero_jakiro",
                    "ehandle": 11945754,
                    "entityleft": true,
                    "key": "[138,135]",
                    "player_slot": 128,
                    "slot": 1,
                    "time": 1467,
                    "type": "sen_left_log",
                    "x": 138.2,
                    "y": 134.5,
                    "z": 129
                },
                {
                    "attackername": "npc_dota_hero_jakiro",
                    "ehandle": 8734221,
                    "entityleft": true,
                    "key": "[158,92]",
                    "player_slot": 128,
                    "slot": 1,
                    "time": 1511,
                    "type": "sen_left_log",
                    "x": 157.9,
                    "y": 92.1,
                    "z": 132.2
                }
            ],
            "sen_log": [
                {
                    "ehandle": 1361415,
                    "entityleft": false,
                    "key": "[93,161]",
                    "player_slot": 128,
                    "slot": 1,
                    "time": 28,
                    "type": "sen_log",
                    "x": 93.2,
                    "y": 160.5,
                    "z": 129
                },
                {
                    "ehandle": 3245645,
                    "entityleft": false,
                    "key": "[104,166]",
                    "player_slot": 128,
                    "slot": 1,
                    "time": 35,
                    "type": "sen_log",
                    "x": 104,
                    "y": 165.7,
                    "z": 129
                },
                {
                    "ehandle": 116926,
                    "entityleft": false,
                    "key": "[88,161]",
                    "player_slot": 128,
                    "slot": 1,
                    "time": 175,
                    "type": "sen_log",
                    "x": 88,
                    "y": 161.4,
                    "z": 129
                },
                {
                    "ehandle": 5851224,
                    "entityleft": false,
                    "key": "[93,159]",
                    "player_slot": 128,
                    "slot": 1,
                    "time": 283,
                    "type": "sen_log",
                    "x": 93.3,
                    "y": 158.5,
                    "z": 129
                },
                {
                    "ehandle": 690268,
                    "entityleft": false,
                    "key": "[107,185]",
                    "player_slot": 128,
                    "slot": 1,
                    "time": 896,
                    "type": "sen_log",
                    "x": 106.8,
                    "y": 185.2,
                    "z": 129
                },
                {
                    "ehandle": 12584450,
                    "entityleft": false,
                    "key": "[122,156]",
                    "player_slot": 128,
                    "slot": 1,
                    "time": 947,
                    "type": "sen_log",
                    "x": 121.8,
                    "y": 156.3,
                    "z": 132.1
                },
                {
                    "ehandle": 11945754,
                    "entityleft": false,
                    "key": "[138,135]",
                    "player_slot": 128,
                    "slot": 1,
                    "time": 1046,
                    "type": "sen_log",
                    "x": 138.2,
                    "y": 134.5,
                    "z": 129
                },
                {
                    "ehandle": 8734221,
                    "entityleft": false,
                    "key": "[158,92]",
                    "player_slot": 128,
                    "slot": 1,
                    "time": 1091,
                    "type": "sen_log",
                    "x": 157.9,
                    "y": 92.1,
                    "z": 132.2
                },
                {
                    "ehandle": 10832305,
                    "entityleft": false,
                    "key": "[170,151]",
                    "player_slot": 128,
                    "slot": 1,
                    "time": 1306,
                    "type": "sen_log",
                    "x": 170.1,
                    "y": 151.3,
                    "z": 130
                }
            ],
            "sen_placed": 9,
            "sentry_kills": 5,
            "sentry_uses": 5,
            "stuns": 37.000046,
            "teamfight_participation": 0.6666667,
            "total_gold": 7371,
            "total_xp": 8115,
            "tower_damage": 0,
            "tower_kills": 0,
            "win": 0,
            "xp_per_min": 316
        },
        {
            "abandons": 0,
            "account_id": 387395868,
            "actions_per_min": 316,
            "ancient_kills": 0,
            "assists": 3,
            "benchmarks": {
                "gold_per_min": {
                    "pct": 0.2723270440251572,
                    "raw": 479
                },
                "hero_damage_per_min": {
                    "pct": 0.19937106918238995,
                    "raw": 354.6268656716418
                },
                "hero_healing_per_min": {
                    "pct": 0.8867924528301887,
                    "raw": 0
                },
                "kills_per_min": {
                    "pct": 0.18176100628930816,
                    "raw": 0.07787151200519143
                },
                "last_hits_per_min": {
                    "pct": 0.5748427672955975,
                    "raw": 4.63335496430889
                },
                "tower_damage": {
                    "pct": 0.26352201257861635,
                    "raw": 146
                },
                "xp_per_min": {
                    "pct": 0.20440251572327045,
                    "raw": 480
                }
            },
            "buyback_count": 0,
            "camps_stacked": 1,
            "courier_kills": 0,
            "creeps_stacked": 2,
            "deaths": 5,
            "denies": 6,
            "gold": 1298,
            "gold_per_min": 479,
            "gold_spent": 11665,
            "hero_damage": 9108,
            "hero_healing": 0,
            "hero_id": 69,
            "hero_kills": 2,
            "hero_variant": 1,
            "is_roaming": false,
            "item_uses": {
                "black_king_bar": 1,
                "clarity": 1,
                "famango": 3,
                "hand_of_midas": 6,
                "magic_stick": 3,
                "magic_wand": 6,
                "phase_boots": 71,
                "tango": 3,
                "tango_single": 2,
                "tpscroll": 6,
                "veil_of_discord": 5,
                "ward_dispenser": 3,
                "ward_sentry": 1
            },
            "kda": 0.83,
            "kill_streaks": {},
            "kills": 2,
            "kills_per_min": 0.07787151200519143,
            "lane": 1,
            "lane_efficiency": 0.707962813257882,
            "lane_efficiency_pct": 70,
            "lane_kills": 85,
            "lane_role": 3,
            "last_hits": 119,
            "leaver_status": 0,
            "level": 14,
            "life_state": {
                "0": 1357,
                "1": 18,
                "2": 167
            },
            "life_state_dead": 185,
            "lose": 1,
            "multi_kills": {},
            "necronomicon_kills": 0,
            "net_worth": 11628,
            "neutral_kills": 34,
            "obs": {
                "158": {
                    "92": 1
                }
            },
            "obs_left_log": [
                {
                    "attackername": "npc_dota_hero_tinker",
                    "ehandle": 8013586,
                    "entityleft": true,
                    "key": "[158,92]",
                    "player_slot": 129,
                    "slot": 2,
                    "time": 605,
                    "type": "obs_left_log",
                    "x": 158.2,
                    "y": 92,
                    "z": 132.2
                }
            ],
            "obs_log": [
                {
                    "ehandle": 8013586,
                    "entityleft": false,
                    "key": "[158,92]",
                    "player_slot": 129,
                    "slot": 2,
                    "time": 540,
                    "type": "obs_log",
                    "x": 158.2,
                    "y": 92,
                    "z": 132.2
                }
            ],
            "obs_placed": 1,
            "observer_kills": 1,
            "observer_uses": 0,
            "observers_placed": 1,
            "pings": 3,
            "player_slot": 129,
            "purchase": {
                "black_king_bar": 1,
                "blades_of_attack": 1,
                "boots": 1,
                "bracer": 2,
                "branches": 2,
                "chainmail": 1,
                "circlet": 2,
                "clarity": 1,
                "crown": 1,
                "gauntlets": 2,
                "gloves": 1,
                "hand_of_midas": 1,
                "helm_of_iron_will": 1,
                "magic_stick": 1,
                "magic_wand": 1,
                "mithril_hammer": 1,
                "ogre_axe": 1,
                "phase_boots": 1,
                "recipe_black_king_bar": 1,
                "recipe_bracer": 2,
                "recipe_hand_of_midas": 1,
                "recipe_magic_wand": 1,
                "recipe_veil_of_discord": 1,
                "tango": 1,
                "tpscroll": 1,
                "veil_of_discord": 1,
                "ward_dispenser": 1,
                "ward_observer": 1,
                "ward_sentry": 1,
                "wind_lace": 1
            },
            "purchase_tpscroll": 1,
            "purchase_ward_observer": 1,
            "purchase_ward_sentry": 1,
            "rank_tier": 80,
            "roshan_kills": 0,
            "rune_pickups": 2,
            "runes": {
                "5": 2
            },
            "sen": {
                "158": {
                    "92": 1
                }
            },
            "sen_left_log": [
                {
                    "attackername": "npc_dota_hero_doom_bringer",
                    "ehandle": 4360234,
                    "entityleft": true,
                    "key": "[158,92]",
                    "player_slot": 129,
                    "slot": 2,
                    "time": 1083,
                    "type": "sen_left_log",
                    "x": 158.4,
                    "y": 92,
                    "z": 132.2
                }
            ],
            "sen_log": [
                {
                    "ehandle": 4360234,
                    "entityleft": false,
                    "key": "[158,92]",
                    "player_slot": 129,
                    "slot": 2,
                    "time": 663,
                    "type": "sen_log",
                    "x": 158.4,
                    "y": 92,
                    "z": 132.2
                }
            ],
            "sen_placed": 1,
            "sentry_kills": 0,
            "sentry_uses": 1,
            "stuns": 10.700613,
            "teamfight_participation": 0.2777778,
            "total_gold": 12302,
            "total_xp": 12328,
            "tower_damage": 146,
            "tower_kills": 0,
            "win": 0,
            "xp_per_min": 480
        },
        {
            "abandons": 0,
            "actions_per_min": 178,
            "ancient_kills": 0,
            "assists": 7,
            "benchmarks": {
                "gold_per_min": {
                    "pct": 0.0315059861373661,
                    "raw": 311
                },
                "hero_damage_per_min": {
                    "pct": 0.27032136105860116,
                    "raw": 409.9935107073329
                },
                "hero_healing_per_min": {
                    "pct": 0.8985507246376812,
                    "raw": 0
                },
                "kills_per_min": {
                    "pct": 0.4335223692501575,
                    "raw": 0.11680726800778715
                },
                "last_hits_per_min": {
                    "pct": 0.05419029615626969,
                    "raw": 2.4140168721609343
                },
                "tower_damage": {
                    "pct": 0.1638311279143037,
                    "raw": 0
                },
                "xp_per_min": {
                    "pct": 0.02520478890989288,
                    "raw": 275
                }
            },
            "buyback_count": 0,
            "camps_stacked": 4,
            "courier_kills": 1,
            "creeps_stacked": 12,
            "deaths": 7,
            "denies": 0,
            "gold": 3844,
            "gold_per_min": 311,
            "gold_spent": 8415,
            "hero_damage": 10530,
            "hero_healing": 0,
            "hero_id": 73,
            "hero_kills": 3,
            "hero_variant": 1,
            "is_roaming": false,
            "item_uses": {
                "arcane_boots": 11,
                "arcane_ring": 3,
                "blink": 1,
                "blood_grenade": 2,
                "dust": 1,
                "enchanted_mango": 1,
                "famango": 3,
                "flask": 2,
                "magic_stick": 6,
                "pavise": 1,
                "solar_crest": 3,
                "tango": 9,
                "tpscroll": 7,
                "ward_dispenser": 1,
                "ward_sentry": 3
            },
            "kda": 1.25,
            "kill_streaks": {},
            "kills": 3,
            "kills_per_min": 0.11680726800778715,
            "lane": 1,
            "lane_efficiency": 0.6257073565076798,
            "lane_efficiency_pct": 62,
            "lane_kills": 11,
            "lane_role": 3,
            "last_hits": 62,
            "leaver_status": 0,
            "level": 11,
            "life_state": {
                "0": 1349,
                "1": 23,
                "2": 170
            },
            "life_state_dead": 193,
            "lose": 1,
            "multi_kills": {},
            "necronomicon_kills": 0,
            "net_worth": 3844,
            "neutral_kills": 46,
            "obs": {
                "175": {
                    "71": 1
                }
            },
            "obs_left_log": [],
            "obs_log": [
                {
                    "ehandle": 10584358,
                    "entityleft": false,
                    "key": "[175,71]",
                    "player_slot": 130,
                    "slot": 4,
                    "time": 1206,
                    "type": "obs_log",
                    "x": 175.3,
                    "y": 71.2,
                    "z": 130
                }
            ],
            "obs_placed": 1,
            "observer_kills": 0,
            "observer_uses": 0,
            "observers_placed": 1,
            "performance_others": {
                "greevils_greed_gold": 591
            },
            "pings": 12,
            "player_slot": 130,
            "purchase": {
                "arcane_boots": 1,
                "blink": 1,
                "blood_grenade": 2,
                "boots": 1,
                "clarity": 1,
                "crown": 1,
                "dust": 3,
                "enchanted_mango": 1,
                "energy_booster": 1,
                "flask": 2,
                "fluffy_hat": 1,
                "magic_stick": 2,
                "pavise": 1,
                "recipe_arcane_boots": 1,
                "recipe_pavise": 1,
                "recipe_ring_of_basilius": 1,
                "recipe_solar_crest": 1,
                "ring_of_basilius": 1,
                "ring_of_protection": 1,
                "sobi_mask": 1,
                "solar_crest": 1,
                "tango": 2,
                "tpscroll": 1,
                "ward_dispenser": 1,
                "ward_observer": 1,
                "ward_sentry": 4,
                "wind_lace": 1
            },
            "purchase_tpscroll": 1,
            "purchase_ward_observer": 1,
            "purchase_ward_sentry": 4,
            "rank_tier": null,
            "roshan_kills": 0,
            "rune_pickups": 2,
            "runes": {
                "1": 1,
                "8": 1
            },
            "sen": {
                "104": {
                    "185": 1
                },
                "165": {
                    "93": 1
                },
                "174": {
                    "70": 1
                }
            },
            "sen_left_log": [
                {
                    "attackername": "npc_dota_hero_oracle",
                    "ehandle": 9161027,
                    "entityleft": true,
                    "key": "[165,93]",
                    "player_slot": 130,
                    "slot": 4,
                    "time": 617,
                    "type": "sen_left_log",
                    "x": 164.7,
                    "y": 93.3,
                    "z": 129
                },
                {
                    "attackername": "npc_dota_hero_alchemist",
                    "ehandle": 16238311,
                    "entityleft": true,
                    "key": "[104,185]",
                    "player_slot": 130,
                    "slot": 4,
                    "time": 1316,
                    "type": "sen_left_log",
                    "x": 103.8,
                    "y": 185.1,
                    "z": 129
                },
                {
                    "attackername": "npc_dota_hero_alchemist",
                    "ehandle": 11176418,
                    "entityleft": true,
                    "key": "[174,70]",
                    "player_slot": 130,
                    "slot": 4,
                    "time": 1627,
                    "type": "sen_left_log",
                    "x": 174.1,
                    "y": 70.3,
                    "z": 130
                }
            ],
            "sen_log": [
                {
                    "ehandle": 9161027,
                    "entityleft": false,
                    "key": "[165,93]",
                    "player_slot": 130,
                    "slot": 4,
                    "time": 205,
                    "type": "sen_log",
                    "x": 164.7,
                    "y": 93.3,
                    "z": 129
                },
                {
                    "ehandle": 16238311,
                    "entityleft": false,
                    "key": "[104,185]",
                    "player_slot": 130,
                    "slot": 4,
                    "time": 896,
                    "type": "sen_log",
                    "x": 103.8,
                    "y": 185.1,
                    "z": 129
                },
                {
                    "ehandle": 11176418,
                    "entityleft": false,
                    "key": "[174,70]",
                    "player_slot": 130,
                    "slot": 4,
                    "time": 1207,
                    "type": "sen_log",
                    "x": 174.1,
                    "y": 70.3,
                    "z": 130
                }
            ],
            "sen_placed": 3,
            "sentry_kills": 1,
            "sentry_uses": 3,
            "stuns": 44.999786,
            "teamfight_participation": 0.5555556,
            "total_gold": 7987,
            "total_xp": 7062,
            "tower_damage": 0,
            "tower_kills": 0,
            "win": 0,
            "xp_per_min": 275
        },
        {
            "abandons": 0,
            "actions_per_min": 472,
            "ancient_kills": 0,
            "assists": 5,
            "benchmarks": {
                "gold_per_min": {
                    "pct": 0.5058324496288441,
                    "raw": 507
                },
                "hero_damage_per_min": {
                    "pct": 0.6468716861081655,
                    "raw": 876.2491888384167
                },
                "hero_healing_per_min": {
                    "pct": 0.855779427359491,
                    "raw": 0
                },
                "kills_per_min": {
                    "pct": 0.5238600212089077,
                    "raw": 0.1946787800129786
                },
                "last_hits_per_min": {
                    "pct": 0.767762460233298,
                    "raw": 7.008436080467229
                },
                "tower_damage": {
                    "pct": 0.0784729586426299,
                    "raw": 0
                },
                "xp_per_min": {
                    "pct": 0.3488865323435843,
                    "raw": 563
                }
            },
            "buyback_count": 0,
            "camps_stacked": 1,
            "courier_kills": 0,
            "creeps_stacked": 2,
            "deaths": 8,
            "denies": 8,
            "gold": 127,
            "gold_per_min": 507,
            "gold_spent": 12345,
            "hero_damage": 22505,
            "hero_healing": 0,
            "hero_id": 52,
            "hero_kills": 5,
            "hero_variant": 2,
            "is_roaming": false,
            "item_uses": {
                "arcane_boots": 11,
                "bloodstone": 4,
                "bottle": 36,
                "branches": 1,
                "magic_wand": 10,
                "tango": 3,
                "tpscroll": 7,
                "ward_observer": 1
            },
            "kda": 1.11,
            "kill_streaks": {
                "3": 1
            },
            "kills": 5,
            "kills_per_min": 0.1946787800129786,
            "lane": 2,
            "lane_efficiency": 0.902586903799515,
            "lane_efficiency_pct": 90,
            "lane_kills": 114,
            "lane_role": 2,
            "last_hits": 180,
            "leaver_status": 0,
            "level": 16,
            "life_state": {
                "0": 1262,
                "1": 20,
                "2": 260
            },
            "life_state_dead": 280,
            "lose": 1,
            "multi_kills": {
                "2": 1
            },
            "necronomicon_kills": 0,
            "net_worth": 12182,
            "neutral_kills": 71,
            "obs": {
                "127": {
                    "118": 1
                }
            },
            "obs_left_log": [
                {
                    "attackername": "npc_dota_hero_leshrac",
                    "ehandle": 9830643,
                    "entityleft": true,
                    "key": "[127,118]",
                    "player_slot": 131,
                    "slot": 5,
                    "time": 348,
                    "type": "obs_left_log",
                    "x": 126.8,
                    "y": 117.8,
                    "z": 129
                }
            ],
            "obs_log": [
                {
                    "ehandle": 9830643,
                    "entityleft": false,
                    "key": "[127,118]",
                    "player_slot": 131,
                    "slot": 5,
                    "time": -12,
                    "type": "obs_log",
                    "x": 126.8,
                    "y": 117.8,
                    "z": 129
                }
            ],
            "obs_placed": 1,
            "observer_kills": 0,
            "observer_uses": 1,
            "observers_placed": 1,
            "pings": 17,
            "player_slot": 131,
            "purchase": {
                "arcane_boots": 1,
                "bloodstone": 1,
                "boots": 1,
                "bottle": 1,
                "branches": 4,
                "circlet": 1,
                "cyclone": 1,
                "energy_booster": 1,
                "kaya": 1,
                "magic_stick": 1,
                "magic_wand": 1,
                "mantle": 1,
                "null_talisman": 1,
                "point_booster": 1,
                "recipe_arcane_boots": 1,
                "recipe_cyclone": 1,
                "recipe_kaya": 1,
                "recipe_magic_wand": 1,
                "recipe_null_talisman": 1,
                "recipe_ring_of_basilius": 1,
                "ring_of_basilius": 1,
                "robe": 1,
                "sobi_mask": 1,
                "soul_booster": 1,
                "staff_of_wizardry": 2,
                "tango": 1,
                "tpscroll": 1,
                "vitality_booster": 1,
                "void_stone": 2,
                "voodoo_mask": 1,
                "ward_observer": 1,
                "wind_lace": 1
            },
            "purchase_tpscroll": 1,
            "purchase_ward_observer": 1,
            "rank_tier": null,
            "roshan_kills": 0,
            "rune_pickups": 9,
            "runes": {
                "2": 1,
                "3": 1,
                "5": 6,
                "9": 1
            },
            "sen": {},
            "sen_left_log": [],
            "sen_log": [],
            "sen_placed": 0,
            "sentry_kills": 0,
            "sentry_uses": 0,
            "stuns": 18.03418,
            "teamfight_participation": 0.5555556,
            "total_gold": 13021,
            "total_xp": 14459,
            "tower_damage": 0,
            "tower_kills": 0,
            "win": 0,
            "xp_per_min": 563
        },
        {
            "abandons": 0,
            "actions_per_min": 370,
            "ancient_kills": 0,
            "assists": 5,
            "benchmarks": {
                "gold_per_min": {
                    "pct": 0.49067495559502666,
                    "raw": 564
                },
                "hero_damage_per_min": {
                    "pct": 0.09302841918294849,
                    "raw": 377.9883192731992
                },
                "hero_healing_per_min": {
                    "pct": 0.9560390763765542,
                    "raw": 0
                },
                "kills_per_min": {
                    "pct": 0.44316163410301956,
                    "raw": 0.1946787800129786
                },
                "last_hits_per_min": {
                    "pct": 0.9951154529307282,
                    "raw": 10.979883192731991
                },
                "tower_damage": {
                    "pct": 0.19538188277087035,
                    "raw": 473
                },
                "xp_per_min": {
                    "pct": 0.21403197158081705,
                    "raw": 587
                }
            },
            "buyback_count": 0,
            "camps_stacked": 0,
            "courier_kills": 0,
            "creeps_stacked": 0,
            "deaths": 3,
            "denies": 2,
            "gold": 503,
            "gold_per_min": 564,
            "gold_spent": 13895,
            "hero_damage": 9708,
            "hero_healing": 0,
            "hero_id": 42,
            "hero_kills": 5,
            "hero_variant": 1,
            "is_roaming": false,
            "item_uses": {
                "magic_stick": 2,
                "magic_wand": 6,
                "nullifier": 4,
                "phase_boots": 100,
                "quelling_blade": 11,
                "tango": 3,
                "tpscroll": 3,
                "ward_observer": 2,
                "ward_sentry": 1
            },
            "kda": 2.5,
            "kill_streaks": {
                "3": 1
            },
            "kills": 5,
            "kills_per_min": 0.1946787800129786,
            "lane": 3,
            "lane_efficiency": 0.9573565076798707,
            "lane_efficiency_pct": 95,
            "lane_kills": 120,
            "lane_role": 1,
            "last_hits": 282,
            "leaver_status": 0,
            "level": 16,
            "life_state": {
                "0": 1443,
                "1": 18,
                "2": 81
            },
            "life_state_dead": 99,
            "lose": 1,
            "multi_kills": {
                "2": 1
            },
            "necronomicon_kills": 0,
            "net_worth": 13958,
            "neutral_kills": 157,
            "obs": {
                "96": {
                    "191": 1
                },
                "97": {
                    "190": 1
                }
            },
            "obs_left_log": [
                {
                    "attackername": "npc_dota_hero_skeleton_king",
                    "ehandle": 9978137,
                    "entityleft": true,
                    "key": "[97,190]",
                    "player_slot": 132,
                    "slot": 7,
                    "time": 647,
                    "type": "obs_left_log",
                    "x": 97.4,
                    "y": 190.2,
                    "z": 129
                },
                {
                    "attackername": "npc_dota_hero_skeleton_king",
                    "ehandle": 8782033,
                    "entityleft": true,
                    "key": "[96,191]",
                    "player_slot": 132,
                    "slot": 7,
                    "time": 1042,
                    "type": "obs_left_log",
                    "x": 96.4,
                    "y": 190.7,
                    "z": 129
                }
            ],
            "obs_log": [
                {
                    "ehandle": 9978137,
                    "entityleft": false,
                    "key": "[97,190]",
                    "player_slot": 132,
                    "slot": 7,
                    "time": 287,
                    "type": "obs_log",
                    "x": 97.4,
                    "y": 190.2,
                    "z": 129
                },
                {
                    "ehandle": 8782033,
                    "entityleft": false,
                    "key": "[96,191]",
                    "player_slot": 132,
                    "slot": 7,
                    "time": 682,
                    "type": "obs_log",
                    "x": 96.4,
                    "y": 190.7,
                    "z": 129
                }
            ],
            "obs_placed": 2,
            "observer_kills": 0,
            "observer_uses": 2,
            "observers_placed": 2,
            "pings": 6,
            "player_slot": 132,
            "purchase": {
                "blades_of_attack": 2,
                "boots": 1,
                "bracer": 1,
                "branches": 2,
                "chainmail": 1,
                "circlet": 1,
                "gauntlets": 1,
                "gloves": 1,
                "helm_of_iron_will": 2,
                "magic_stick": 1,
                "magic_wand": 1,
                "nullifier": 1,
                "phase_boots": 1,
                "quelling_blade": 1,
                "radiance": 1,
                "recipe_bracer": 1,
                "recipe_magic_wand": 1,
                "relic": 2,
                "talisman_of_evasion": 1,
                "tango": 1,
                "tpscroll": 1,
                "ward_observer": 2,
                "ward_sentry": 3
            },
            "purchase_tpscroll": 1,
            "purchase_ward_observer": 2,
            "purchase_ward_sentry": 3,
            "rank_tier": null,
            "roshan_kills": 0,
            "rune_pickups": 2,
            "runes": {
                "5": 2
            },
            "sen": {
                "100": {
                    "176": 1
                }
            },
            "sen_left_log": [
                {
                    "attackername": "npc_dota_hero_skeleton_king",
                    "ehandle": 10127429,
                    "entityleft": true,
                    "key": "[100,176]",
                    "player_slot": 132,
                    "slot": 7,
                    "time": 561,
                    "type": "sen_left_log",
                    "x": 100.4,
                    "y": 176.1,
                    "z": 129
                }
            ],
            "sen_log": [
                {
                    "ehandle": 10127429,
                    "entityleft": false,
                    "key": "[100,176]",
                    "player_slot": 132,
                    "slot": 7,
                    "time": 141,
                    "type": "sen_log",
                    "x": 100.4,
                    "y": 176.1,
                    "z": 129
                }
            ],
            "sen_placed": 1,
            "sentry_kills": 0,
            "sentry_uses": 1,
            "stuns": 15.566861,
            "teamfight_participation": 0.5555556,
            "total_gold": 14485,
            "total_xp": 15076,
            "tower_damage": 473,
            "tower_kills": 0,
            "win": 0,
            "xp_per_min": 587
        }
    ],
    "radiant_score": 29,
    "radiant_win": true,
    "replay_url": "http://replay273.valve.net/570/7882504462_2025706018.dem.bz2"
}