{
    "comeback": 978,
    "dire_score": 20,
    "duration": 1577,
    "lobby_type": 7,
    "match_id": 7896938842,
    "metadata": null,
    "players": [
        {
            "abandons": 0,
            "account_id": 106105463,
            "actions_per_min": 105,
            "ancient_kills": 0,
            "assists": 6,
            "benchmarks": {
                "gold_per_min": {
                    "pct": 0.05600430802369413,
                    "raw": 218
                },
                "hero_damage_per_min": {
                    "pct": 0.45934302638664515,
                    "raw": 344.66708941027264
                },
                "hero_healing_per_min": {
                    "pct": 0.8126009693053312,
                    "raw": 7.305009511731135
                },
                "kills_per_min": {
                    "pct": 0.4464189553042542,
                    "raw": 0.07609384908053266
                },
                "last_hits_per_min": {
                    "pct": 0.3392568659127625,
                    "raw": 0.7989854153455929
                },
                "tower_damage": {
                    "pct": 0.2315562735595046,
                    "raw": 0
                },
                "xp_per_min": {
                    "pct": 0.09316101238556812,
                    "raw": 290
                }
            },
            "buyback_count": 0,
            "camps_stacked": 1,
            "courier_kills": 0,
            "creeps_stacked": 4,
            "deaths": 7,
            "denies": 1,
            "gold": 1291,
            "gold_per_min": 218,
            "gold_spent": 4740,
            "hero_damage": 9059,
            "hero_healing": 192,
            "hero_id": 87,
            "hero_kills": 1,
            "hero_variant": 1,
            "is_roaming": false,
            "item_uses": {
                "arcane_boots": 3,
                "blood_grenade": 1,
                "clarity": 1,
                "faerie_fire": 1,
                "famango": 1,
                "flask": 1,
                "smoke_of_deceit": 1,
                "tango": 9,
                "tpscroll": 6,
                "ward_dispenser": 14,
                "ward_observer": 1,
                "ward_sentry": 9
            },
            "kda": 1,
            "kill_streaks": {},
            "kills": 2,
            "kills_per_min": 0.07609384908053266,
            "lane": 1,
            "lane_efficiency": 0.31305578011317703,
            "lane_efficiency_pct": 31,
            "lane_kills": 6,
            "lane_role": 1,
            "last_hits": 21,
            "leaver_status": 0,
            "level": 11,
            "life_state": {
                "0": 1415,
                "1": 13,
                "2": 151
            },
            "life_state_dead": 164,
            "lose": 1,
            "multi_kills": {},
            "necronomicon_kills": 0,
            "net_worth": 4746,
            "neutral_kills": 3,
            "obs": {
                "134": {
                    "92": 2
                },
                "158": {
                    "92": 3
                }
            },
            "obs_left_log": [
                {
                    "attackername": "npc_dota_hero_crystal_maiden",
                    "ehandle": 2146704,
                    "entityleft": true,
                    "key": "[158,92]",
                    "player_slot": 0,
                    "slot": 0,
                    "time": 710,
                    "type": "obs_left_log",
                    "x": 158.2,
                    "y": 92,
                    "z": 132.2
                },
                {
                    "attackername": "npc_dota_hero_crystal_maiden",
                    "ehandle": 13404592,
                    "entityleft": true,
                    "key": "[158,92]",
                    "player_slot": 0,
                    "slot": 0,
                    "time": 886,
                    "type": "obs_left_log",
                    "x": 158.3,
                    "y": 92.1,
                    "z": 132.2
                },
                {
                    "attackername": "npc_dota_hero_pudge",
                    "ehandle": 4491737,
                    "entityleft": true,
                    "key": "[134,92]",
                    "player_slot": 0,
                    "slot": 0,
                    "time": 1002,
                    "type": "obs_left_log",
                    "x": 134.3,
                    "y": 92.4,
                    "z": 132.2
                }
            ],
            "obs_log": [
                {
                    "ehandle": 2064896,
                    "entityleft": false,
                    "key": "[158,92]",
                    "player_slot": 0,
                    "slot": 0,
                    "time": 301,
                    "type": "obs_log",
                    "x": 158.4,
                    "y": 92,
                    "z": 132.2
                },
                {
                    "ehandle": 2146704,
                    "entityleft": false,
                    "key": "[158,92]",
                    "player_slot": 0,
                    "slot": 0,
                    "time": 651,
                    "type": "obs_log",
                    "x": 158.2,
                    "y": 92,
                    "z": 132.2
                },
                {
                    "ehandle": 13404592,
                    "entityleft": false,
                    "key": "[158,92]",
                    "player_slot": 0,
                    "slot": 0,
                    "time": 807,
                    "type": "obs_log",
                    "x": 158.3,
                    "y": 92.1,
                    "z": 132.2
                },
                {
                    "ehandle": 4491737,
                    "entityleft": false,
                    "key": "[134,92]",
                    "player_slot": 0,
                    "slot": 0,
                    "time": 950,
                    "type": "obs_log",
                    "x": 134.3,
                    "y": 92.4,
                    "z": 132.2
                },
                {
                    "ehandle": 6326028,
                    "entityleft": false,
                    "key": "[134,92]",
                    "player_slot": 0,
                    "slot": 0,
                    "time": 1044,
                    "type": "obs_log",
                    "x": 133.5,
                    "y": 92.4,
                    "z": 132.1
                }
            ],
            "obs_placed": 5,
            "observer_kills": 3,
            "observer_uses": 1,
            "observers_placed": 5,
            "pings": 8,
            "player_slot": 0,
            "purchase": {
                "arcane_boots": 1,
                "blood_grenade": 1,
                "boots": 1,
                "branches": 1,
                "circlet": 1,
                "clarity": 1,
                "faerie_fire": 1,
                "flask": 2,
                "fluffy_hat": 1,
                "mantle": 1,
                "null_talisman": 1,
                "recipe_arcane_boots": 1,
                "recipe_null_talisman": 1,
                "recipe_ring_of_basilius": 1,
                "ring_of_basilius": 1,
                "smoke_of_deceit": 1,
                "sobi_mask": 1,
                "staff_of_wizardry": 1,
                "tango": 3,
                "ward_dispenser": 10,
                "ward_observer": 6,
                "ward_sentry": 14,
                "wind_lace": 1
            },
            "purchase_ward_observer": 6,
            "purchase_ward_sentry": 14,
            "rank_tier": 73,
            "roshan_kills": 0,
            "rune_pickups": 1,
            "runes": {
                "5": 1
            },
            "sen": {
                "101": {
                    "105": 1
                },
                "121": {
                    "101": 1
                },
                "134": {
                    "92": 1
                },
                "135": {
                    "106": 1,
                    "99": 1
                },
                "158": {
                    "92": 4
                },
                "166": {
                    "94": 1
                },
                "94": {
                    "120": 2
                }
            },
            "sen_left_log": [
                {
                    "attackername": "npc_dota_hero_dazzle",
                    "ehandle": 3752004,
                    "entityleft": true,
                    "key": "[166,94]",
                    "player_slot": 0,
                    "slot": 0,
                    "time": 208,
                    "type": "sen_left_log",
                    "x": 166.2,
                    "y": 94.2,
                    "z": 129
                },
                {
                    "attackername": "npc_dota_hero_crystal_maiden",
                    "ehandle": 9963969,
                    "entityleft": true,
                    "key": "[158,92]",
                    "player_slot": 0,
                    "slot": 0,
                    "time": 620,
                    "type": "sen_left_log",
                    "x": 158.2,
                    "y": 92,
                    "z": 132.2
                },
                {
                    "attackername": "npc_dota_hero_crystal_maiden",
                    "ehandle": 7668099,
                    "entityleft": true,
                    "key": "[158,92]",
                    "player_slot": 0,
                    "slot": 0,
                    "time": 708,
                    "type": "sen_left_log",
                    "x": 158.2,
                    "y": 92,
                    "z": 132.2
                },
                {
                    "attackername": "npc_dota_hero_crystal_maiden",
                    "ehandle": 15876488,
                    "entityleft": true,
                    "key": "[158,92]",
                    "player_slot": 0,
                    "slot": 0,
                    "time": 889,
                    "type": "sen_left_log",
                    "x": 158.2,
                    "y": 92.3,
                    "z": 132.2
                },
                {
                    "attackername": "npc_dota_hero_crystal_maiden",
                    "ehandle": 10372777,
                    "entityleft": true,
                    "key": "[135,99]",
                    "player_slot": 0,
                    "slot": 0,
                    "time": 1005,
                    "type": "sen_left_log",
                    "x": 135.4,
                    "y": 98.7,
                    "z": 130
                },
                {
                    "attackername": "npc_dota_hero_pudge",
                    "ehandle": 1837347,
                    "entityleft": true,
                    "key": "[94,120]",
                    "player_slot": 0,
                    "slot": 0,
                    "time": 1185,
                    "type": "sen_left_log",
                    "x": 94,
                    "y": 120,
                    "z": 132.2
                },
                {
                    "attackername": "npc_dota_hero_disruptor",
                    "ehandle": 4457457,
                    "entityleft": true,
                    "key": "[158,92]",
                    "player_slot": 0,
                    "slot": 0,
                    "time": 1386,
                    "type": "sen_left_log",
                    "x": 157.9,
                    "y": 92.2,
                    "z": 132.2
                },
                {
                    "attackername": "npc_dota_hero_disruptor",
                    "ehandle": 9144283,
                    "entityleft": true,
                    "key": "[121,101]",
                    "player_slot": 0,
                    "slot": 0,
                    "time": 1453,
                    "type": "sen_left_log",
                    "x": 120.7,
                    "y": 101.2,
                    "z": 130
                },
                {
                    "attackername": "npc_dota_hero_disruptor",
                    "ehandle": 7079586,
                    "entityleft": true,
                    "key": "[134,92]",
                    "player_slot": 0,
                    "slot": 0,
                    "time": 1465,
                    "type": "sen_left_log",
                    "x": 133.5,
                    "y": 92.4,
                    "z": 132.1
                },
                {
                    "attackername": "npc_dota_hero_disruptor",
                    "ehandle": 14239777,
                    "entityleft": true,
                    "key": "[135,106]",
                    "player_slot": 0,
                    "slot": 0,
                    "time": 1471,
                    "type": "sen_left_log",
                    "x": 134.9,
                    "y": 105.8,
                    "z": 129
                },
                {
                    "attackername": "npc_dota_hero_disruptor",
                    "ehandle": 4964418,
                    "entityleft": true,
                    "key": "[101,105]",
                    "player_slot": 0,
                    "slot": 0,
                    "time": 1683,
                    "type": "sen_left_log",
                    "x": 101,
                    "y": 104.5,
                    "z": 129
                }
            ],
            "sen_log": [
                {
                    "ehandle": 3752004,
                    "entityleft": false,
                    "key": "[166,94]",
                    "player_slot": 0,
                    "slot": 0,
                    "time": 93,
                    "type": "sen_log",
                    "x": 166.2,
                    "y": 94.2,
                    "z": 129
                },
                {
                    "ehandle": 9963969,
                    "entityleft": false,
                    "key": "[158,92]",
                    "player_slot": 0,
                    "slot": 0,
                    "time": 558,
                    "type": "sen_log",
                    "x": 158.2,
                    "y": 92,
                    "z": 132.2
                },
                {
                    "ehandle": 7668099,
                    "entityleft": false,
                    "key": "[158,92]",
                    "player_slot": 0,
                    "slot": 0,
                    "time": 652,
                    "type": "sen_log",
                    "x": 158.2,
                    "y": 92,
                    "z": 132.2
                },
                {
                    "ehandle": 15876488,
                    "entityleft": false,
                    "key": "[158,92]",
                    "player_slot": 0,
                    "slot": 0,
                    "time": 762,
                    "type": "sen_log",
                    "x": 158.2,
                    "y": 92.3,
                    "z": 132.2
                },
                {
                    "ehandle": 10372777,
                    "entityleft": false,
                    "key": "[135,99]",
                    "player_slot": 0,
                    "slot": 0,
                    "time": 952,
                    "type": "sen_log",
                    "x": 135.4,
                    "y": 98.7,
                    "z": 130
                },
                {
                    "ehandle": 4457457,
                    "entityleft": false,
                    "key": "[158,92]",
                    "player_slot": 0,
                    "slot": 0,
                    "time": 966,
                    "type": "sen_log",
                    "x": 157.9,
                    "y": 92.2,
                    "z": 132.2
                },
                {
                    "ehandle": 1837347,
                    "entityleft": false,
                    "key": "[94,120]",
                    "player_slot": 0,
                    "slot": 0,
                    "time": 993,
                    "type": "sen_log",
                    "x": 94,
                    "y": 120,
                    "z": 132.2
                },
                {
                    "ehandle": 9144283,
                    "entityleft": false,
                    "key": "[121,101]",
                    "player_slot": 0,
                    "slot": 0,
                    "time": 1033,
                    "type": "sen_log",
                    "x": 120.7,
                    "y": 101.2,
                    "z": 130
                },
                {
                    "ehandle": 7079586,
                    "entityleft": false,
                    "key": "[134,92]",
                    "player_slot": 0,
                    "slot": 0,
                    "time": 1045,
                    "type": "sen_log",
                    "x": 133.5,
                    "y": 92.4,
                    "z": 132.1
                },
                {
                    "ehandle": 14239777,
                    "entityleft": false,
                    "key": "[135,106]",
                    "player_slot": 0,
                    "slot": 0,
                    "time": 1051,
                    "type": "sen_log",
                    "x": 134.9,
                    "y": 105.8,
                    "z": 129
                },
                {
                    "ehandle": 4964418,
                    "entityleft": false,
                    "key": "[101,105]",
                    "player_slot": 0,
                    "slot": 0,
                    "time": 1263,
                    "type": "sen_log",
                    "x": 101,
                    "y": 104.5,
                    "z": 129
                },
                {
                    "ehandle": 12042614,
                    "entityleft": false,
                    "key": "[94,120]",
                    "player_slot": 0,
                    "slot": 0,
                    "time": 1349,
                    "type": "sen_log",
                    "x": 93.9,
                    "y": 119.9,
                    "z": 132.2
                }
            ],
            "sen_placed": 12,
            "sentry_kills": 10,
            "sentry_uses": 9,
            "stuns": 0,
            "teamfight_participation": 0.8,
            "total_gold": 5729,
            "total_xp": 7622,
            "tower_damage": 0,
            "tower_kills": 0,
            "win": 0,
            "xp_per_min": 290
        },
        {
            "abandons": 0,
            "actions_per_min": 304,
            "ancient_kills": 0,
            "assists": 0,
            "benchmarks": {
                "gold_per_min": {
                    "pct": 0.06514538093485461,
                    "raw": 329
                },
                "hero_damage_per_min": {
                    "pct": 0.05152741994847258,
                    "raw": 218.04692454026633
                },
                "hero_healing_per_min": {
                    "pct": 0.9672432830327568,
                    "raw": 0
                },
                "kills_per_min": {
                    "pct": 0.08943687891056312,
                    "raw": 0.03804692454026633
                },
                "last_hits_per_min": {
                    "pct": 0.375046006624954,
                    "raw": 5.250475586556753
                },
                "tower_damage": {
                    "pct": 0.08023555391976445,
                    "raw": 0
                },
                "xp_per_min": {
                    "pct": 0.06440927493559072,
                    "raw": 379
                }
            },
            "buyback_count": 0,
            "camps_stacked": 1,
            "courier_kills": 0,
            "creeps_stacked": 2,
            "deaths": 5,
            "denies": 5,
            "gold": 3041,
            "gold_per_min": 329,
            "gold_spent": 6690,
            "hero_damage": 5731,
            "hero_healing": 0,
            "hero_id": 49,
            "hero_kills": 1,
            "hero_variant": 2,
            "is_roaming": false,
            "item_uses": {
                "magic_wand": 9,
                "power_treads": 76,
                "quelling_blade": 3,
                "smoke_of_deceit": 1,
                "tango": 3,
                "tpscroll": 6,
                "ward_observer": 2,
                "ward_sentry": 1
            },
            "kda": 0.17,
            "kill_streaks": {},
            "kills": 1,
            "kills_per_min": 0.03804692454026633,
            "lane": 2,
            "lane_efficiency": 0.6285367825383994,
            "lane_efficiency_pct": 62,
            "lane_kills": 90,
            "lane_role": 2,
            "last_hits": 138,
            "leaver_status": 0,
            "level": 13,
            "life_state": {
                "0": 1405,
                "1": 6,
                "2": 168
            },
            "life_state_dead": 174,
            "lose": 1,
            "multi_kills": {},
            "necronomicon_kills": 0,
            "net_worth": 8321,
            "neutral_kills": 45,
            "obs": {
                "109": {
                    "130": 1
                },
                "135": {
                    "126": 1
                }
            },
            "obs_left_log": [
                {
                    "attackername": "npc_dota_hero_dragon_knight",
                    "ehandle": 7209348,
                    "entityleft": true,
                    "key": "[135,126]",
                    "player_slot": 1,
                    "slot": 1,
                    "time": 299,
                    "type": "obs_left_log",
                    "x": 134.6,
                    "y": 125.8,
                    "z": 129
                },
                {
                    "attackername": "npc_dota_hero_dragon_knight",
                    "ehandle": 15419647,
                    "entityleft": true,
                    "key": "[109,130]",
                    "player_slot": 1,
                    "slot": 1,
                    "time": 737,
                    "type": "obs_left_log",
                    "x": 108.9,
                    "y": 130.4,
                    "z": 129
                }
            ],
            "obs_log": [
                {
                    "ehandle": 7209348,
                    "entityleft": false,
                    "key": "[135,126]",
                    "player_slot": 1,
                    "slot": 1,
                    "time": -61,
                    "type": "obs_log",
                    "x": 134.6,
                    "y": 125.8,
                    "z": 129
                },
                {
                    "ehandle": 15419647,
                    "entityleft": false,
                    "key": "[109,130]",
                    "player_slot": 1,
                    "slot": 1,
                    "time": 377,
                    "type": "obs_log",
                    "x": 108.9,
                    "y": 130.4,
                    "z": 129
                }
            ],
            "obs_placed": 2,
            "observer_kills": 1,
            "observer_uses": 2,
            "observers_placed": 2,
            "pings": 1,
            "player_slot": 1,
            "purchase": {
                "belt_of_strength": 1,
                "blitz_knuckles": 1,
                "boots": 1,
                "bracer": 1,
                "branches": 2,
                "circlet": 1,
                "cloak": 1,
                "gauntlets": 1,
                "gloves": 1,
                "infused_raindrop": 1,
                "mage_slayer": 1,
                "magic_stick": 1,
                "magic_wand": 1,
                "oblivion_staff": 1,
                "power_treads": 1,
                "quelling_blade": 1,
                "recipe_bracer": 1,
                "recipe_mage_slayer": 1,
                "recipe_magic_wand": 1,
                "robe": 1,
                "smoke_of_deceit": 1,
                "sobi_mask": 1,
                "tango": 1,
                "tpscroll": 2,
                "ward_observer": 2,
                "ward_sentry": 1
            },
            "purchase_tpscroll": 2,
            "purchase_ward_observer": 2,
            "purchase_ward_sentry": 1,
            "rank_tier": null,
            "roshan_kills": 0,
            "rune_pickups": 2,
            "runes": {
                "3": 1,
                "7": 1
            },
            "sen": {
                "122": {
                    "126": 1
                }
            },
            "sen_left_log": [
                {
                    "attackername": "npc_dota_hero_dragon_knight",
                    "ehandle": 14664104,
                    "entityleft": true,
                    "key": "[122,126]",
                    "player_slot": 1,
                    "slot": 1,
                    "time": 942,
                    "type": "sen_left_log",
                    "x": 121.7,
                    "y": 125.5,
                    "z": 128
                }
            ],
            "sen_log": [
                {
                    "ehandle": 14664104,
                    "entityleft": false,
                    "key": "[122,126]",
                    "player_slot": 1,
                    "slot": 1,
                    "time": 522,
                    "type": "sen_log",
                    "x": 121.7,
                    "y": 125.5,
                    "z": 128
                }
            ],
            "sen_placed": 1,
            "sentry_kills": 1,
            "sentry_uses": 1,
            "stuns": 19.966198,
            "teamfight_participation": 0.1,
            "total_gold": 8647,
            "total_xp": 9961,
            "tower_damage": 0,
            "tower_kills": 0,
            "win": 0,
            "xp_per_min": 379
        },
        {
            "abandons": 0,
            "actions_per_min": 194,
            "ancient_kills": 8,
            "assists": 3,
            "benchmarks": {
                "gold_per_min": {
                    "pct": 0.13228552717747216,
                    "raw": 323
                },
                "hero_damage_per_min": {
                    "pct": 0.04682383759004584,
                    "raw": 242.89156626506022
                },
                "hero_healing_per_min": {
                    "pct": 0.17714472822527833,
                    "raw": 188.75079264426125
                },
                "kills_per_min": {
                    "pct": 0.2999345121152587,
                    "raw": 0.03804692454026633
                },
                "last_hits_per_min": {
                    "pct": 0.3844138834315652,
                    "raw": 3.386176284083703
                },
                "tower_damage": {
                    "pct": 0.2223313686967911,
                    "raw": 0
                },
                "xp_per_min": {
                    "pct": 0.10838244924688932,
                    "raw": 394
                }
            },
            "buyback_count": 0,
            "camps_stacked": 2,
            "courier_kills": 0,
            "creeps_stacked": 2,
            "deaths": 4,
            "denies": 0,
            "gold": 684,
            "gold_per_min": 323,
            "gold_spent": 8845,
            "hero_damage": 6384,
            "hero_healing": 4961,
            "hero_id": 34,
            "hero_kills": 1,
            "hero_variant": 1,
            "is_roaming": false,
            "item_uses": {
                "arcane_boots": 2,
                "blood_grenade": 2,
                "holy_locket": 3,
                "magic_wand": 7,
                "mekansm": 3,
                "seeds_of_serenity": 7,
                "tango": 1,
                "tpscroll": 3,
                "ward_dispenser": 5,
                "ward_observer": 2,
                "ward_sentry": 1
            },
            "kda": 0.8,
            "kill_streaks": {},
            "kills": 1,
            "kills_per_min": 0.03804692454026633,
            "lane": 3,
            "lane_efficiency": 0.33346806790622474,
            "lane_efficiency_pct": 33,
            "lane_kills": 52,
            "lane_role": 3,
            "last_hits": 89,
            "leaver_status": 0,
            "level": 13,
            "life_state": {
                "0": 1459,
                "1": 10,
                "2": 110
            },
            "life_state_dead": 120,
            "lose": 1,
            "multi_kills": {},
            "necronomicon_kills": 0,
            "net_worth": 8579,
            "neutral_kills": 33,
            "obs": {
                "85": {
                    "172": 1
                },
                "96": {
                    "140": 2
                }
            },
            "obs_left_log": [
                {
                    "attackername": "npc_dota_hero_tinker",
                    "ehandle": 6636179,
                    "entityleft": true,
                    "key": "[96,140]",
                    "player_slot": 2,
                    "slot": 2,
                    "time": 953,
                    "type": "obs_left_log",
                    "x": 96,
                    "y": 140.1,
                    "z": 132.2
                },
                {
                    "attackername": "npc_dota_hero_tinker",
                    "ehandle": 14467836,
                    "entityleft": true,
                    "key": "[96,140]",
                    "player_slot": 2,
                    "slot": 2,
                    "time": 1486,
                    "type": "obs_left_log",
                    "x": 96,
                    "y": 140,
                    "z": 132.2
                }
            ],
            "obs_log": [
                {
                    "ehandle": 15810952,
                    "entityleft": false,
                    "key": "[85,172]",
                    "player_slot": 2,
                    "slot": 2,
                    "time": -56,
                    "type": "obs_log",
                    "x": 85,
                    "y": 171.9,
                    "z": 129
                },
                {
                    "ehandle": 6636179,
                    "entityleft": false,
                    "key": "[96,140]",
                    "player_slot": 2,
                    "slot": 2,
                    "time": 593,
                    "type": "obs_log",
                    "x": 96,
                    "y": 140.1,
                    "z": 132.2
                },
                {
                    "ehandle": 14467836,
                    "entityleft": false,
                    "key": "[96,140]",
                    "player_slot": 2,
                    "slot": 2,
                    "time": 1126,
                    "type": "obs_log",
                    "x": 96,
                    "y": 140,
                    "z": 132.2
                }
            ],
            "obs_placed": 3,
            "observer_kills": 0,
            "observer_uses": 2,
            "observers_placed": 3,
            "pings": 5,
            "player_slot": 2,
            "purchase": {
                "arcane_boots": 1,
                "blood_grenade": 2,
                "boots": 1,
                "branches": 2,
                "buckler": 1,
                "chainmail": 1,
                "circlet": 1,
                "diadem": 1,
                "energy_booster": 1,
                "guardian_greaves": 1,
                "headdress": 1,
                "holy_locket": 1,
                "magic_stick": 1,
                "magic_wand": 1,
                "mantle": 1,
                "mekansm": 1,
                "null_talisman": 1,
                "recipe_arcane_boots": 1,
                "recipe_buckler": 1,
                "recipe_guardian_greaves": 1,
                "recipe_headdress": 1,
                "recipe_holy_locket": 1,
                "recipe_magic_wand": 1,
                "recipe_mekansm": 1,
                "recipe_null_talisman": 1,
                "recipe_ring_of_basilius": 1,
                "ring_of_basilius": 1,
                "ring_of_protection": 1,
                "ring_of_regen": 1,
                "sobi_mask": 1,
                "tango": 1,
                "ward_dispenser": 4,
                "ward_observer": 2,
                "ward_sentry": 2
            },
            "purchase_ward_observer": 2,
            "purchase_ward_sentry": 2,
            "rank_tier": null,
            "roshan_kills": 0,
            "rune_pickups": 2,
            "runes": {
                "5": 1,
                "8": 1
            },
            "sen": {
                "103": {
                    "169": 1
                },
                "96": {
                    "140": 2
                }
            },
            "sen_left_log": [
                {
                    "attackername": "npc_dota_hero_crystal_maiden",
                    "ehandle": 3932557,
                    "entityleft": true,
                    "key": "[103,169]",
                    "player_slot": 2,
                    "slot": 2,
                    "time": 200,
                    "type": "sen_left_log",
                    "x": 102.9,
                    "y": 169,
                    "z": 129
                },
                {
                    "attackername": "npc_dota_hero_tinker",
                    "ehandle": 5490586,
                    "entityleft": true,
                    "key": "[96,140]",
                    "player_slot": 2,
                    "slot": 2,
                    "time": 1012,
                    "type": "sen_left_log",
                    "x": 96,
                    "y": 140.1,
                    "z": 132.2
                },
                {
                    "attackername": "npc_dota_hero_tinker",
                    "ehandle": 10488278,
                    "entityleft": true,
                    "key": "[96,140]",
                    "player_slot": 2,
                    "slot": 2,
                    "time": 1545,
                    "type": "sen_left_log",
                    "x": 96,
                    "y": 139.7,
                    "z": 132.2
                }
            ],
            "sen_log": [
                {
                    "ehandle": 3932557,
                    "entityleft": false,
                    "key": "[103,169]",
                    "player_slot": 2,
                    "slot": 2,
                    "time": -51,
                    "type": "sen_log",
                    "x": 102.9,
                    "y": 169,
                    "z": 129
                },
                {
                    "ehandle": 5490586,
                    "entityleft": false,
                    "key": "[96,140]",
                    "player_slot": 2,
                    "slot": 2,
                    "time": 592,
                    "type": "sen_log",
                    "x": 96,
                    "y": 140.1,
                    "z": 132.2
                },
                {
                    "ehandle": 10488278,
                    "entityleft": false,
                    "key": "[96,140]",
                    "player_slot": 2,
                    "slot": 2,
                    "time": 1125,
                    "type": "sen_log",
                    "x": 96,
                    "y": 139.7,
                    "z": 132.2
                }
            ],
            "sen_placed": 3,
            "sentry_kills": 0,
            "sentry_uses": 1,
            "stuns": 0,
            "teamfight_participation": 0.4,
            "total_gold": 8489,
            "total_xp": 10355,
            "tower_damage": 0,
            "tower_kills": 0,
            "win": 0,
            "xp_per_min": 394
        },
        {
            "abandons": 0,
            "account_id": 1114196016,
            "actions_per_min": 126,
            "ancient_kills": 51,
            "assists": 1,
            "benchmarks": {
                "gold_per_min": {
                    "pct": 0.48662041625371655,
                    "raw": 462
                },
                "hero_damage_per_min": {
                    "pct": 0.002477700693756194,
                    "raw": 38.35129993658846
                },
                "hero_healing_per_min": {
                    "pct": 0.9514370664023786,
                    "raw": 0
                },
                "kills_per_min": {
                    "pct": 0.0753221010901883,
                    "raw": 0.03804692454026633
                },
                "last_hits_per_min": {
                    "pct": 0.9504459861248761,
                    "raw": 6.810399492707673
                },
                "tower_damage": {
                    "pct": 0.6035678889990089,
                    "raw": 2198
                },
                "xp_per_min": {
                    "pct": 0.5049554013875124,
                    "raw": 659
                }
            },
            "buyback_count": 0,
            "camps_stacked": 0,
            "courier_kills": 1,
            "creeps_stacked": 0,
            "deaths": 2,
            "denies": 3,
            "gold": 3576,
            "gold_per_min": 462,
            "gold_spent": 8975,
            "hero_damage": 1008,
            "hero_healing": 0,
            "hero_id": 28,
            "hero_kills": 1,
            "hero_variant": 1,
            "is_roaming": false,
            "item_uses": {
                "blink": 12,
                "clarity": 5,
                "flask": 1,
                "magic_wand": 5,
                "mask_of_madness": 15,
                "power_treads": 9,
                "quelling_blade": 40,
                "tango": 9,
                "tpscroll": 3
            },
            "kda": 0.67,
            "kill_streaks": {},
            "kills": 1,
            "kills_per_min": 0.03804692454026633,
            "lane": 3,
            "lane_efficiency": 0.4860549717057397,
            "lane_efficiency_pct": 48,
            "lane_kills": 94,
            "lane_role": 3,
            "last_hits": 179,
            "leaver_status": 0,
            "level": 17,
            "life_state": {
                "0": 1512,
                "1": 5,
                "2": 62
            },
            "life_state_dead": 67,
            "lose": 1,
            "multi_kills": {},
            "necronomicon_kills": 0,
            "net_worth": 11731,
            "neutral_kills": 83,
            "obs": {},
            "obs_left_log": [],
            "obs_log": [],
            "obs_placed": 0,
            "observer_kills": 0,
            "observer_uses": 0,
            "observers_placed": 0,
            "player_slot": 3,
            "purchase": {
                "aghanims_shard": 1,
                "belt_of_strength": 1,
                "blink": 1,
                "boots": 1,
                "bracer": 1,
                "branches": 2,
                "broadsword": 1,
                "circlet": 1,
                "clarity": 5,
                "flask": 1,
                "gauntlets": 1,
                "gloves": 1,
                "lifesteal": 1,
                "magic_stick": 1,
                "magic_wand": 1,
                "mask_of_madness": 1,
                "power_treads": 1,
                "quelling_blade": 1,
                "recipe_bracer": 1,
                "recipe_magic_wand": 1,
                "smoke_of_deceit": 3,
                "tango": 3,
                "tpscroll": 2
            },
            "purchase_tpscroll": 2,
            "rank_tier": 75,
            "roshan_kills": 0,
            "rune_pickups": 7,
            "runes": {
                "0": 1,
                "1": 1,
                "5": 3,
                "8": 2
            },
            "sen": {},
            "sen_left_log": [],
            "sen_log": [],
            "sen_placed": 0,
            "sentry_kills": 0,
            "sentry_uses": 0,
            "stuns": 3.833203,
            "teamfight_participation": 0.2,
            "total_gold": 12142,
            "total_xp": 17320,
            "tower_damage": 2198,
            "tower_kills": 2,
            "win": 0,
            "xp_per_min": 659
        },
        {
            "abandons": 0,
            "actions_per_min": 380,
            "ancient_kills": 15,
            "assists": 2,
            "benchmarks": {
                "gold_per_min": {
                    "pct": 0.3575418994413408,
                    "raw": 551
                },
                "hero_damage_per_min": {
                    "pct": 0.1711261393707733,
                    "raw": 248.40837032339886
                },
                "hero_healing_per_min": {
                    "pct": 0.9655983534254631,
                    "raw": 0
                },
                "kills_per_min": {
                    "pct": 0.46986180535136723,
                    "raw": 0.19023462270133165
                },
                "last_hits_per_min": {
                    "pct": 0.7003822405174949,
                    "raw": 9.54977805960685
                },
                "tower_damage": {
                    "pct": 0.4263451925904146,
                    "raw": 3094
                },
                "xp_per_min": {
                    "pct": 0.20258747427227286,
                    "raw": 601
                }
            },
            "buyback_count": 0,
            "camps_stacked": 1,
            "courier_kills": 0,
            "creeps_stacked": 3,
            "deaths": 3,
            "denies": 17,
            "gold": 727,
            "gold_per_min": 551,
            "gold_spent": 13985,
            "hero_damage": 6529,
            "hero_healing": 0,
            "hero_id": 1,
            "hero_kills": 5,
            "hero_variant": 1,
            "is_roaming": false,
            "item_uses": {
                "bfury": 5,
                "famango": 1,
                "flask": 1,
                "iron_talon": 4,
                "manta": 3,
                "power_treads": 21,
                "quelling_blade": 6,
                "tango": 6,
                "tango_single": 1,
                "tpscroll": 4,
                "ward_sentry": 1
            },
            "kda": 1.75,
            "kill_streaks": {
                "3": 1
            },
            "kills": 5,
            "kills_per_min": 0.19023462270133162,
            "lane": 1,
            "lane_efficiency": 0.7611156022635408,
            "lane_efficiency_pct": 76,
            "lane_kills": 157,
            "lane_role": 1,
            "last_hits": 251,
            "leaver_status": 0,
            "level": 17,
            "life_state": {
                "0": 1478,
                "1": 5,
                "2": 96
            },
            "life_state_dead": 101,
            "lose": 1,
            "multi_kills": {
                "2": 1
            },
            "necronomicon_kills": 0,
            "net_worth": 14382,
            "neutral_kills": 101,
            "obs": {},
            "obs_left_log": [],
            "obs_log": [],
            "obs_placed": 0,
            "observer_kills": 0,
            "observer_uses": 0,
            "observers_placed": 0,
            "pings": 14,
            "player_slot": 4,
            "purchase": {
                "bfury": 1,
                "blade_of_alacrity": 1,
                "boots": 1,
                "boots_of_elves": 2,
                "branches": 2,
                "broadsword": 1,
                "circlet": 1,
                "claymore": 1,
                "cornucopia": 1,
                "diadem": 1,
                "flask": 1,
                "gloves": 1,
                "manta": 1,
                "power_treads": 1,
                "quelling_blade": 1,
                "recipe_bfury": 1,
                "recipe_manta": 1,
                "recipe_wraith_band": 1,
                "recipe_yasha": 1,
                "slippers": 1,
                "tango": 2,
                "tpscroll": 1,
                "ultimate_orb": 1,
                "ward_sentry": 1,
                "wraith_band": 1,
                "yasha": 1
            },
            "purchase_tpscroll": 1,
            "purchase_ward_sentry": 1,
            "rank_tier": null,
            "roshan_kills": 0,
            "rune_pickups": 1,
            "runes": {
                "4": 1
            },
            "sen": {
                "168": {
                    "94": 1
                }
            },
            "sen_left_log": [
                {
                    "attackername": "npc_dota_hero_antimage",
                    "ehandle": 6276876,
                    "entityleft": true,
                    "key": "[168,94]",
                    "player_slot": 4,
                    "slot": 4,
                    "time": 738,
                    "type": "sen_left_log",
                    "x": 168.3,
                    "y": 93.9,
                    "z": 129
                }
            ],
            "sen_log": [
                {
                    "ehandle": 6276876,
                    "entityleft": false,
                    "key": "[168,94]",
                    "player_slot": 4,
                    "slot": 4,
                    "time": 318,
                    "type": "sen_log",
                    "x": 168.3,
                    "y": 93.9,
                    "z": 129
                }
            ],
            "sen_placed": 1,
            "sentry_kills": 1,
            "sentry_uses": 1,
            "stuns": 0.9001221,
            "teamfight_participation": 0.7,
            "total_gold": 14482,
            "total_xp": 15796,
            "tower_damage": 3094,
            "tower_kills": 2,
            "win": 0,
            "xp_per_min": 601
        },
        {
            "abandons": 0,
            "actions_per_min": 128,
            "ancient_kills": 0,
            "assists": 9,
            "benchmarks": {
                "gold_per_min": {
                    "pct": 0.45652173913043476,
                    "raw": 334
                },
                "hero_damage_per_min": {
                    "pct": 0.5127877237851662,
                    "raw": 300.1141407736208
                },
                "hero_healing_per_min": {
                    "pct": 0.7651321398124468,
                    "raw": 339.4546607482562
                },
                "kills_per_min": {
                    "pct": 0.4236999147485081,
                    "raw": 0.07609384908053266
                },
                "last_hits_per_min": {
                    "pct": 0.29624893435635125,
                    "raw": 1.1794546607482561
                },
                "tower_damage": {
                    "pct": 0.8849104859335039,
                    "raw": 2100
                },
                "xp_per_min": {
                    "pct": 0.16922421142369992,
                    "raw": 351
                }
            },
            "buyback_count": 0,
            "camps_stacked": 2,
            "courier_kills": 0,
            "creeps_stacked": 14,
            "deaths": 4,
            "denies": 5,
            "gold": 192,
            "gold_per_min": 334,
            "gold_spent": 9145,
            "hero_damage": 7888,
            "hero_healing": 8922,
            "hero_id": 50,
            "hero_kills": 2,
            "hero_variant": 2,
            "is_roaming": false,
            "item_uses": {
                "arcane_boots": 18,
                "blood_grenade": 1,
                "enchanted_mango": 2,
                "smoke_of_deceit": 2,
                "tango": 3,
                "tpscroll": 5,
                "ward_dispenser": 8,
                "ward_observer": 2,
                "ward_sentry": 5
            },
            "kda": 2.2,
            "kill_streaks": {},
            "kills": 2,
            "kills_per_min": 0.07609384908053266,
            "lane": 1,
            "lane_efficiency": 0.473322554567502,
            "lane_efficiency_pct": 47,
            "lane_kills": 24,
            "lane_role": 3,
            "last_hits": 31,
            "leaver_status": 0,
            "level": 12,
            "life_state": {
                "0": 1498,
                "1": 12,
                "2": 69
            },
            "life_state_dead": 81,
            "lose": 0,
            "multi_kills": {},
            "necronomicon_kills": 0,
            "net_worth": 9967,
            "neutral_kills": 7,
            "obs": {
                "103": {
                    "105": 1
                },
                "120": {
                    "88": 1
                },
                "158": {
                    "92": 1
                },
                "173": {
                    "70": 1
                }
            },
            "obs_left_log": [
                {
                    "attackername": "npc_dota_hero_disruptor",
                    "ehandle": 10783036,
                    "entityleft": true,
                    "key": "[158,92]",
                    "player_slot": 128,
                    "slot": 5,
                    "time": 765,
                    "type": "obs_left_log",
                    "x": 158.4,
                    "y": 91.8,
                    "z": 132.2
                },
                {
                    "attackername": "npc_dota_hero_dazzle",
                    "ehandle": 1804400,
                    "entityleft": true,
                    "key": "[173,70]",
                    "player_slot": 128,
                    "slot": 5,
                    "time": 927,
                    "type": "obs_left_log",
                    "x": 172.5,
                    "y": 70,
                    "z": 130
                },
                {
                    "attackername": "npc_dota_hero_disruptor",
                    "ehandle": 5883550,
                    "entityleft": true,
                    "key": "[103,105]",
                    "player_slot": 128,
                    "slot": 5,
                    "time": 1270,
                    "type": "obs_left_log",
                    "x": 103.2,
                    "y": 105.3,
                    "z": 129
                },
                {
                    "attackername": "npc_dota_hero_dazzle",
                    "ehandle": 12927243,
                    "entityleft": true,
                    "key": "[120,88]",
                    "player_slot": 128,
                    "slot": 5,
                    "time": 1432,
                    "type": "obs_left_log",
                    "x": 120,
                    "y": 88.2,
                    "z": 130
                }
            ],
            "obs_log": [
                {
                    "ehandle": 1804400,
                    "entityleft": false,
                    "key": "[173,70]",
                    "player_slot": 128,
                    "slot": 5,
                    "time": 567,
                    "type": "obs_log",
                    "x": 172.5,
                    "y": 70,
                    "z": 130
                },
                {
                    "ehandle": 10783036,
                    "entityleft": false,
                    "key": "[158,92]",
                    "player_slot": 128,
                    "slot": 5,
                    "time": 759,
                    "type": "obs_log",
                    "x": 158.4,
                    "y": 91.8,
                    "z": 132.2
                },
                {
                    "ehandle": 12927243,
                    "entityleft": false,
                    "key": "[120,88]",
                    "player_slot": 128,
                    "slot": 5,
                    "time": 1072,
                    "type": "obs_log",
                    "x": 120,
                    "y": 88.2,
                    "z": 130
                },
                {
                    "ehandle": 5883550,
                    "entityleft": false,
                    "key": "[103,105]",
                    "player_slot": 128,
                    "slot": 5,
                    "time": 1250,
                    "type": "obs_log",
                    "x": 103.2,
                    "y": 105.3,
                    "z": 129
                }
            ],
            "obs_placed": 4,
            "observer_kills": 1,
            "observer_uses": 2,
            "observers_placed": 4,
            "pings": 14,
            "player_slot": 128,
            "purchase": {
                "aether_lens": 1,
                "arcane_boots": 1,
                "blight_stone": 1,
                "blood_grenade": 1,
                "boots": 1,
                "branches": 3,
                "buckler": 1,
                "chainmail": 1,
                "cloak": 1,
                "enchanted_mango": 2,
                "energy_booster": 1,
                "glimmer_cape": 1,
                "great_famango": 1,
                "headdress": 1,
                "mekansm": 1,
                "recipe_aether_lens": 1,
                "recipe_arcane_boots": 1,
                "recipe_buckler": 1,
                "recipe_glimmer_cape": 1,
                "recipe_headdress": 1,
                "recipe_mekansm": 1,
                "recipe_ring_of_basilius": 1,
                "ring_of_basilius": 1,
                "ring_of_protection": 1,
                "ring_of_regen": 1,
                "shadow_amulet": 1,
                "smoke_of_deceit": 2,
                "sobi_mask": 1,
                "tango": 1,
                "tpscroll": 1,
                "void_stone": 1,
                "ward_dispenser": 3,
                "ward_observer": 4,
                "ward_sentry": 6
            },
            "purchase_tpscroll": 1,
            "purchase_ward_observer": 4,
            "purchase_ward_sentry": 6,
            "rank_tier": null,
            "roshan_kills": 0,
            "rune_pickups": 5,
            "runes": {
                "5": 3,
                "8": 2
            },
            "sen": {
                "103": {
                    "105": 1
                },
                "119": {
                    "109": 1
                },
                "158": {
                    "92": 1
                },
                "170": {
                    "101": 1,
                    "95": 1
                },
                "173": {
                    "70": 1
                }
            },
            "sen_left_log": [
                {
                    "attackername": "npc_dota_hero_antimage",
                    "ehandle": 10619234,
                    "entityleft": true,
                    "key": "[170,101]",
                    "player_slot": 128,
                    "slot": 5,
                    "time": 324,
                    "type": "sen_left_log",
                    "x": 169.9,
                    "y": 100.9,
                    "z": 129
                },
                {
                    "attackername": "npc_dota_hero_disruptor",
                    "ehandle": 6572383,
                    "entityleft": true,
                    "key": "[158,92]",
                    "player_slot": 128,
                    "slot": 5,
                    "time": 561,
                    "type": "sen_left_log",
                    "x": 158.1,
                    "y": 92.1,
                    "z": 132.2
                },
                {
                    "attackername": "npc_dota_hero_dazzle",
                    "ehandle": 7211517,
                    "entityleft": true,
                    "key": "[173,70]",
                    "player_slot": 128,
                    "slot": 5,
                    "time": 986,
                    "type": "sen_left_log",
                    "x": 172.7,
                    "y": 70,
                    "z": 130
                },
                {
                    "attackername": "npc_dota_hero_dazzle",
                    "ehandle": 5949074,
                    "entityleft": true,
                    "key": "[170,95]",
                    "player_slot": 128,
                    "slot": 5,
                    "time": 1182,
                    "type": "sen_left_log",
                    "x": 170.1,
                    "y": 94.9,
                    "z": 129
                },
                {
                    "attackername": "npc_dota_hero_disruptor",
                    "ehandle": 16009667,
                    "entityleft": true,
                    "key": "[103,105]",
                    "player_slot": 128,
                    "slot": 5,
                    "time": 1266,
                    "type": "sen_left_log",
                    "x": 103.2,
                    "y": 105.3,
                    "z": 129
                },
                {
                    "attackername": "npc_dota_hero_dazzle",
                    "ehandle": 2851079,
                    "entityleft": true,
                    "key": "[119,109]",
                    "player_slot": 128,
                    "slot": 5,
                    "time": 1409,
                    "type": "sen_left_log",
                    "x": 118.8,
                    "y": 109,
                    "z": 130
                }
            ],
            "sen_log": [
                {
                    "ehandle": 10619234,
                    "entityleft": false,
                    "key": "[170,101]",
                    "player_slot": 128,
                    "slot": 5,
                    "time": 191,
                    "type": "sen_log",
                    "x": 169.9,
                    "y": 100.9,
                    "z": 129
                },
                {
                    "ehandle": 6572383,
                    "entityleft": false,
                    "key": "[158,92]",
                    "player_slot": 128,
                    "slot": 5,
                    "time": 497,
                    "type": "sen_log",
                    "x": 158.1,
                    "y": 92.1,
                    "z": 132.2
                },
                {
                    "ehandle": 7211517,
                    "entityleft": false,
                    "key": "[173,70]",
                    "player_slot": 128,
                    "slot": 5,
                    "time": 566,
                    "type": "sen_log",
                    "x": 172.7,
                    "y": 70,
                    "z": 130
                },
                {
                    "ehandle": 5949074,
                    "entityleft": false,
                    "key": "[170,95]",
                    "player_slot": 128,
                    "slot": 5,
                    "time": 762,
                    "type": "sen_log",
                    "x": 170.1,
                    "y": 94.9,
                    "z": 129
                },
                {
                    "ehandle": 2851079,
                    "entityleft": false,
                    "key": "[119,109]",
                    "player_slot": 128,
                    "slot": 5,
                    "time": 989,
                    "type": "sen_log",
                    "x": 118.8,
                    "y": 109,
                    "z": 130
                },
                {
                    "ehandle": 16009667,
                    "entityleft": false,
                    "key": "[103,105]",
                    "player_slot": 128,
                    "slot": 5,
                    "time": 1250,
                    "type": "sen_log",
                    "x": 103.2,
                    "y": 105.3,
                    "z": 129
                }
            ],
            "sen_placed": 6,
            "sentry_kills": 1,
            "sentry_uses": 5,
            "stuns": 0.9665772,
            "teamfight_participation": 0.55,
            "total_gold": 8778,
            "total_xp": 9225,
            "tower_damage": 2100,
            "tower_kills": 2,
            "win": 1,
            "xp_per_min": 351
        },
        {
            "abandons": 0,
            "actions_per_min": 277,
            "ancient_kills": 3,
            "assists": 6,
            "benchmarks": {
                "gold_per_min": {
                    "pct": 0.8664140217906205,
                    "raw": 741
                },
                "hero_damage_per_min": {
                    "pct": 0.16461392704879205,
                    "raw": 476.3855421686747
                },
                "hero_healing_per_min": {
                    "pct": 0.8685457129322596,
                    "raw": 0
                },
                "kills_per_min": {
                    "pct": 0.3642823306489815,
                    "raw": 0.19023462270133165
                },
                "last_hits_per_min": {
                    "pct": 0.9879204168640455,
                    "raw": 11.566265060240964
                },
                "tower_damage": {
                    "pct": 0.9912363808621506,
                    "raw": 22878
                },
                "xp_per_min": {
                    "pct": 0.3872572240644244,
                    "raw": 685
                }
            },
            "buyback_count": 0,
            "camps_stacked": 0,
            "courier_kills": 0,
            "creeps_stacked": 0,
            "deaths": 0,
            "denies": 12,
            "gold": 1737,
            "gold_per_min": 741,
            "gold_spent": 18820,
            "hero_damage": 12521,
            "hero_healing": 0,
            "hero_id": 25,
            "hero_kills": 5,
            "hero_variant": 1,
            "is_roaming": false,
            "item_uses": {
                "arcane_boots": 8,
                "famango": 2,
                "gungir": 6,
                "magic_wand": 2,
                "tango": 3,
                "tpscroll": 2
            },
            "kda": 11,
            "kill_streaks": {
                "3": 1,
                "4": 1,
                "5": 1
            },
            "kills": 5,
            "kills_per_min": 0.19023462270133162,
            "lane": 3,
            "lane_efficiency": 0.9601859337105901,
            "lane_efficiency_pct": 96,
            "lane_kills": 185,
            "lane_role": 1,
            "last_hits": 304,
            "leaver_status": 0,
            "level": 18,
            "life_state": {
                "0": 1579
            },
            "life_state_dead": 0,
            "lose": 0,
            "multi_kills": {
                "2": 1,
                "3": 1
            },
            "necronomicon_kills": 0,
            "net_worth": 19917,
            "neutral_kills": 113,
            "obs": {},
            "obs_left_log": [],
            "obs_log": [],
            "obs_placed": 0,
            "observer_kills": 0,
            "observer_uses": 0,
            "observers_placed": 0,
            "pings": 3,
            "player_slot": 129,
            "purchase": {
                "arcane_boots": 1,
                "black_king_bar": 1,
                "blades_of_attack": 3,
                "boots": 1,
                "branches": 2,
                "circlet": 1,
                "claymore": 1,
                "demon_edge": 1,
                "falcon_blade": 1,
                "fluffy_hat": 1,
                "gloves": 1,
                "greater_crit": 1,
                "gungir": 1,
                "javelin": 1,
                "lesser_crit": 1,
                "maelstrom": 1,
                "magic_stick": 1,
                "magic_wand": 1,
                "mantle": 1,
                "mithril_hammer": 2,
                "null_talisman": 1,
                "ogre_axe": 1,
                "recipe_arcane_boots": 1,
                "recipe_black_king_bar": 1,
                "recipe_falcon_blade": 1,
                "recipe_greater_crit": 1,
                "recipe_gungir": 1,
                "recipe_lesser_crit": 1,
                "recipe_magic_wand": 1,
                "recipe_null_talisman": 1,
                "recipe_ring_of_basilius": 1,
                "recipe_rod_of_atos": 1,
                "ring_of_basilius": 1,
                "rod_of_atos": 1,
                "sobi_mask": 2,
                "staff_of_wizardry": 1,
                "tango": 1,
                "tpscroll": 3,
                "vitality_booster": 1
            },
            "purchase_tpscroll": 3,
            "rank_tier": null,
            "roshan_kills": 0,
            "rune_pickups": 2,
            "runes": {
                "5": 2
            },
            "sen": {},
            "sen_left_log": [],
            "sen_log": [],
            "sen_placed": 0,
            "sentry_kills": 0,
            "sentry_uses": 0,
            "stuns": 26.466923,
            "teamfight_participation": 0.55,
            "total_gold": 19475,
            "total_xp": 18004,
            "tower_damage": 22878,
            "tower_kills": 5,
            "win": 1,
            "xp_per_min": 685
        },
        {
            "abandons": 0,
            "account_id": 50388025,
            "actions_per_min": 122,
            "ancient_kills": 6,
            "assists": 8,
            "benchmarks": {
                "gold_per_min": {
                    "pct": 0.615058024341919,
                    "raw": 369
                },
                "hero_damage_per_min": {
                    "pct": 0.015284460798188508,
                    "raw": 149.18199112238426
                },
                "hero_healing_per_min": {
                    "pct": 0.7056326068497027,
                    "raw": 0
                },
                "kills_per_min": {
                    "pct": 0.3809793376733654,
                    "raw": 0.07609384908053266
                },
                "last_hits_per_min": {
                    "pct": 0.8802717237475234,
                    "raw": 2.6252377932783766
                },
                "tower_damage": {
                    "pct": 0.8862156807245967,
                    "raw": 1713
                },
                "xp_per_min": {
                    "pct": 0.19332012454005096,
                    "raw": 378
                }
            },
            "buyback_count": 0,
            "camps_stacked": 6,
            "courier_kills": 0,
            "creeps_stacked": 24,
            "deaths": 3,
            "denies": 2,
            "gold": 2677,
            "gold_per_min": 369,
            "gold_spent": 7220,
            "hero_damage": 3921,
            "hero_healing": 0,
            "hero_id": 5,
            "hero_kills": 2,
            "hero_variant": 1,
            "is_roaming": true,
            "item_uses": {
                "blood_grenade": 1,
                "clarity": 6,
                "enchanted_mango": 2,
                "famango": 2,
                "force_staff": 8,
                "glimmer_cape": 3,
                "magic_stick": 6,
                "magic_wand": 4,
                "smoke_of_deceit": 1,
                "tango": 3,
                "tpscroll": 2,
                "ward_dispenser": 7,
                "ward_observer": 2,
                "ward_sentry": 9
            },
            "kda": 2.5,
            "kill_streaks": {},
            "kills": 2,
            "kills_per_min": 0.07609384908053266,
            "lane": 3,
            "lane_efficiency": 0.45392077607113984,
            "lane_efficiency_pct": 45,
            "lane_kills": 10,
            "lane_role": 1,
            "last_hits": 69,
            "leaver_status": 0,
            "level": 13,
            "life_state": {
                "0": 1518,
                "1": 12,
                "2": 49
            },
            "life_state_dead": 61,
            "lose": 0,
            "multi_kills": {},
            "necronomicon_kills": 0,
            "net_worth": 8827,
            "neutral_kills": 53,
            "obs": {
                "111": {
                    "161": 1
                },
                "115": {
                    "102": 1
                },
                "119": {
                    "140": 1
                },
                "144": {
                    "122": 1
                }
            },
            "obs_left_log": [
                {
                    "attackername": "npc_dota_hero_crystal_maiden",
                    "ehandle": 14207221,
                    "entityleft": true,
                    "key": "[119,140]",
                    "player_slot": 130,
                    "slot": 7,
                    "time": 712,
                    "type": "obs_left_log",
                    "x": 118.8,
                    "y": 139.6,
                    "z": 129
                },
                {
                    "attackername": "npc_dota_hero_crystal_maiden",
                    "ehandle": 11356560,
                    "entityleft": true,
                    "key": "[111,161]",
                    "player_slot": 130,
                    "slot": 7,
                    "time": 741,
                    "type": "obs_left_log",
                    "x": 111.1,
                    "y": 161,
                    "z": 130
                },
                {
                    "attackername": "npc_dota_hero_crystal_maiden",
                    "ehandle": 11634974,
                    "entityleft": true,
                    "key": "[144,122]",
                    "player_slot": 130,
                    "slot": 7,
                    "time": 1029,
                    "type": "obs_left_log",
                    "x": 144,
                    "y": 122.1,
                    "z": 132.1
                },
                {
                    "attackername": "npc_dota_hero_disruptor",
                    "ehandle": 475891,
                    "entityleft": true,
                    "key": "[115,102]",
                    "player_slot": 130,
                    "slot": 7,
                    "time": 1036,
                    "type": "obs_left_log",
                    "x": 115.4,
                    "y": 101.7,
                    "z": 130
                }
            ],
            "obs_log": [
                {
                    "ehandle": 14207221,
                    "entityleft": false,
                    "key": "[119,140]",
                    "player_slot": 130,
                    "slot": 7,
                    "time": 352,
                    "type": "obs_log",
                    "x": 118.8,
                    "y": 139.6,
                    "z": 129
                },
                {
                    "ehandle": 11356560,
                    "entityleft": false,
                    "key": "[111,161]",
                    "player_slot": 130,
                    "slot": 7,
                    "time": 381,
                    "type": "obs_log",
                    "x": 111.1,
                    "y": 161,
                    "z": 130
                },
                {
                    "ehandle": 11634974,
                    "entityleft": false,
                    "key": "[144,122]",
                    "player_slot": 130,
                    "slot": 7,
                    "time": 669,
                    "type": "obs_log",
                    "x": 144,
                    "y": 122.1,
                    "z": 132.1
                },
                {
                    "ehandle": 475891,
                    "entityleft": false,
                    "key": "[115,102]",
                    "player_slot": 130,
                    "slot": 7,
                    "time": 988,
                    "type": "obs_log",
                    "x": 115.4,
                    "y": 101.7,
                    "z": 130
                }
            ],
            "obs_placed": 4,
            "observer_kills": 2,
            "observer_uses": 2,
            "observers_placed": 4,
            "pings": 24,
            "player_slot": 130,
            "purchase": {
                "blood_grenade": 1,
                "boots": 1,
                "branches": 2,
                "clarity": 6,
                "cloak": 1,
                "enchanted_mango": 2,
                "fluffy_hat": 1,
                "force_staff": 1,
                "glimmer_cape": 1,
                "infused_raindrop": 1,
                "magic_stick": 1,
                "magic_wand": 1,
                "recipe_force_staff": 1,
                "recipe_glimmer_cape": 1,
                "recipe_magic_wand": 1,
                "ring_of_regen": 1,
                "shadow_amulet": 1,
                "smoke_of_deceit": 2,
                "staff_of_wizardry": 1,
                "tango": 1,
                "tranquil_boots": 1,
                "ward_dispenser": 8,
                "ward_observer": 5,
                "ward_sentry": 12,
                "wind_lace": 1
            },
            "purchase_ward_observer": 5,
            "purchase_ward_sentry": 12,
            "rank_tier": 74,
            "roshan_kills": 0,
            "rune_pickups": 8,
            "runes": {
                "5": 6,
                "8": 1,
                "9": 1
            },
            "sen": {
                "118": {
                    "97": 1
                },
                "131": {
                    "122": 1
                },
                "132": {
                    "103": 1
                },
                "134": {
                    "92": 1
                },
                "158": {
                    "92": 3
                },
                "89": {
                    "158": 1
                },
                "94": {
                    "120": 1
                },
                "96": {
                    "80": 1
                },
                "98": {
                    "166": 1
                }
            },
            "sen_left_log": [
                {
                    "attackername": "npc_dota_hero_crystal_maiden",
                    "ehandle": 14043425,
                    "entityleft": true,
                    "key": "[89,158]",
                    "player_slot": 130,
                    "slot": 7,
                    "time": 590,
                    "type": "sen_left_log",
                    "x": 89.3,
                    "y": 157.7,
                    "z": 129
                },
                {
                    "attackername": "npc_dota_hero_crystal_maiden",
                    "ehandle": 13650306,
                    "entityleft": true,
                    "key": "[98,166]",
                    "player_slot": 130,
                    "slot": 7,
                    "time": 617,
                    "type": "sen_left_log",
                    "x": 97.6,
                    "y": 165.6,
                    "z": 129
                },
                {
                    "attackername": "npc_dota_hero_disruptor",
                    "ehandle": 6832660,
                    "entityleft": true,
                    "key": "[158,92]",
                    "player_slot": 130,
                    "slot": 7,
                    "time": 655,
                    "type": "sen_left_log",
                    "x": 158.2,
                    "y": 92,
                    "z": 132.2
                },
                {
                    "attackername": "npc_dota_hero_disruptor",
                    "ehandle": 9045865,
                    "entityleft": true,
                    "key": "[158,92]",
                    "player_slot": 130,
                    "slot": 7,
                    "time": 810,
                    "type": "sen_left_log",
                    "x": 158,
                    "y": 92,
                    "z": 132.2
                },
                {
                    "attackername": "npc_dota_hero_disruptor",
                    "ehandle": 6932410,
                    "entityleft": true,
                    "key": "[158,92]",
                    "player_slot": 130,
                    "slot": 7,
                    "time": 969,
                    "type": "sen_left_log",
                    "x": 158.3,
                    "y": 91.6,
                    "z": 132.2
                },
                {
                    "attackername": "npc_dota_hero_disruptor",
                    "ehandle": 296761,
                    "entityleft": true,
                    "key": "[118,97]",
                    "player_slot": 130,
                    "slot": 7,
                    "time": 1039,
                    "type": "sen_left_log",
                    "x": 117.5,
                    "y": 96.7,
                    "z": 130
                },
                {
                    "attackername": "npc_dota_hero_disruptor",
                    "ehandle": 655878,
                    "entityleft": true,
                    "key": "[134,92]",
                    "player_slot": 130,
                    "slot": 7,
                    "time": 1047,
                    "type": "sen_left_log",
                    "x": 134,
                    "y": 92.1,
                    "z": 132.2
                },
                {
                    "attackername": "npc_dota_hero_disruptor",
                    "ehandle": 13584462,
                    "entityleft": true,
                    "key": "[132,103]",
                    "player_slot": 130,
                    "slot": 7,
                    "time": 1054,
                    "type": "sen_left_log",
                    "x": 132.2,
                    "y": 102.5,
                    "z": 130
                },
                {
                    "attackername": "npc_dota_hero_disruptor",
                    "ehandle": 5113668,
                    "entityleft": true,
                    "key": "[94,120]",
                    "player_slot": 130,
                    "slot": 7,
                    "time": 1352,
                    "type": "sen_left_log",
                    "x": 94.2,
                    "y": 119.8,
                    "z": 132.2
                },
                {
                    "attackername": "npc_dota_hero_crystal_maiden",
                    "ehandle": 14158167,
                    "entityleft": true,
                    "key": "[131,122]",
                    "player_slot": 130,
                    "slot": 7,
                    "time": 1395,
                    "type": "sen_left_log",
                    "x": 130.8,
                    "y": 121.6,
                    "z": 128
                }
            ],
            "sen_log": [
                {
                    "ehandle": 14043425,
                    "entityleft": false,
                    "key": "[89,158]",
                    "player_slot": 130,
                    "slot": 7,
                    "time": 170,
                    "type": "sen_log",
                    "x": 89.3,
                    "y": 157.7,
                    "z": 129
                },
                {
                    "ehandle": 13650306,
                    "entityleft": false,
                    "key": "[98,166]",
                    "player_slot": 130,
                    "slot": 7,
                    "time": 197,
                    "type": "sen_log",
                    "x": 97.6,
                    "y": 165.6,
                    "z": 129
                },
                {
                    "ehandle": 6832660,
                    "entityleft": false,
                    "key": "[158,92]",
                    "player_slot": 130,
                    "slot": 7,
                    "time": 617,
                    "type": "sen_log",
                    "x": 158.2,
                    "y": 92,
                    "z": 132.2
                },
                {
                    "ehandle": 9045865,
                    "entityleft": false,
                    "key": "[158,92]",
                    "player_slot": 130,
                    "slot": 7,
                    "time": 705,
                    "type": "sen_log",
                    "x": 158,
                    "y": 92,
                    "z": 132.2
                },
                {
                    "ehandle": 6932410,
                    "entityleft": false,
                    "key": "[158,92]",
                    "player_slot": 130,
                    "slot": 7,
                    "time": 883,
                    "type": "sen_log",
                    "x": 158.3,
                    "y": 91.6,
                    "z": 132.2
                },
                {
                    "ehandle": 14158167,
                    "entityleft": false,
                    "key": "[131,122]",
                    "player_slot": 130,
                    "slot": 7,
                    "time": 975,
                    "type": "sen_log",
                    "x": 130.8,
                    "y": 121.6,
                    "z": 128
                },
                {
                    "ehandle": 13584462,
                    "entityleft": false,
                    "key": "[132,103]",
                    "player_slot": 130,
                    "slot": 7,
                    "time": 996,
                    "type": "sen_log",
                    "x": 132.2,
                    "y": 102.5,
                    "z": 130
                },
                {
                    "ehandle": 655878,
                    "entityleft": false,
                    "key": "[134,92]",
                    "player_slot": 130,
                    "slot": 7,
                    "time": 1000,
                    "type": "sen_log",
                    "x": 134,
                    "y": 92.1,
                    "z": 132.2
                },
                {
                    "ehandle": 296761,
                    "entityleft": false,
                    "key": "[118,97]",
                    "player_slot": 130,
                    "slot": 7,
                    "time": 1016,
                    "type": "sen_log",
                    "x": 117.5,
                    "y": 96.7,
                    "z": 130
                },
                {
                    "ehandle": 5113668,
                    "entityleft": false,
                    "key": "[94,120]",
                    "player_slot": 130,
                    "slot": 7,
                    "time": 1182,
                    "type": "sen_log",
                    "x": 94.2,
                    "y": 119.8,
                    "z": 132.2
                },
                {
                    "ehandle": 13469629,
                    "entityleft": false,
                    "key": "[96,80]",
                    "player_slot": 130,
                    "slot": 7,
                    "time": 1432,
                    "type": "sen_log",
                    "x": 96.2,
                    "y": 79.8,
                    "z": 130
                }
            ],
            "sen_placed": 11,
            "sentry_kills": 5,
            "sentry_uses": 9,
            "stuns": 21.533325,
            "teamfight_participation": 0.5,
            "total_gold": 9698,
            "total_xp": 9935,
            "tower_damage": 1713,
            "tower_kills": 0,
            "win": 1,
            "xp_per_min": 378
        },
        {
            "abandons": 0,
            "account_id": 84133786,
            "actions_per_min": 188,
            "ancient_kills": 0,
            "assists": 11,
            "benchmarks": {
                "gold_per_min": {
                    "pct": 0.7224610424502955,
                    "raw": 456
                },
                "hero_damage_per_min": {
                    "pct": 0.3421547555077915,
                    "raw": 415.4343690551681
                },
                "hero_healing_per_min": {
                    "pct": 0.63527673293928,
                    "raw": 0
                },
                "kills_per_min": {
                    "pct": 0.29607737775389575,
                    "raw": 0.11414077362079898
                },
                "last_hits_per_min": {
                    "pct": 0.7516120365394949,
                    "raw": 3.4242232086239697
                },
                "tower_damage": {
                    "pct": 0.960505104782375,
                    "raw": 4116
                },
                "xp_per_min": {
                    "pct": 0.24462654486835034,
                    "raw": 450
                }
            },
            "buyback_count": 0,
            "camps_stacked": 0,
            "courier_kills": 0,
            "creeps_stacked": 0,
            "deaths": 4,
            "denies": 7,
            "gold": 746,
            "gold_per_min": 456,
            "gold_spent": 11590,
            "hero_damage": 10919,
            "hero_healing": 0,
            "hero_id": 14,
            "hero_kills": 4,
            "hero_variant": 1,
            "is_roaming": false,
            "item_uses": {
                "branches": 2,
                "famango": 1,
                "magic_wand": 6,
                "phase_boots": 46,
                "quelling_blade": 3,
                "soul_ring": 3,
                "tango": 6,
                "tango_single": 1,
                "tpscroll": 4,
                "ward_observer": 1,
                "ward_sentry": 1
            },
            "kda": 2.8,
            "kill_streaks": {},
            "kills": 3,
            "kills_per_min": 0.11414077362079898,
            "lane": 1,
            "lane_efficiency": 0.6295472918350848,
            "lane_efficiency_pct": 62,
            "lane_kills": 76,
            "lane_role": 3,
            "last_hits": 90,
            "leaver_status": 0,
            "level": 14,
            "life_state": {
                "0": 1484,
                "1": 7,
                "2": 88
            },
            "life_state_dead": 95,
            "lose": 0,
            "multi_kills": {},
            "necronomicon_kills": 0,
            "net_worth": 12006,
            "neutral_kills": 12,
            "obs": {
                "173": {
                    "85": 1
                }
            },
            "obs_left_log": [
                {
                    "attackername": "npc_dota_hero_pudge",
                    "ehandle": 4194705,
                    "entityleft": true,
                    "key": "[173,85]",
                    "player_slot": 131,
                    "slot": 8,
                    "time": 320,
                    "type": "obs_left_log",
                    "x": 172.9,
                    "y": 85.3,
                    "z": 129
                }
            ],
            "obs_log": [
                {
                    "ehandle": 4194705,
                    "entityleft": false,
                    "key": "[173,85]",
                    "player_slot": 131,
                    "slot": 8,
                    "time": -40,
                    "type": "obs_log",
                    "x": 172.9,
                    "y": 85.3,
                    "z": 129
                }
            ],
            "obs_placed": 1,
            "observer_kills": 1,
            "observer_uses": 1,
            "observers_placed": 1,
            "pings": 10,
            "player_slot": 131,
            "purchase": {
                "blade_of_alacrity": 1,
                "blades_of_attack": 1,
                "boots": 1,
                "bracer": 1,
                "branches": 4,
                "chainmail": 1,
                "circlet": 1,
                "cloak": 1,
                "eternal_shroud": 1,
                "gauntlets": 3,
                "magic_stick": 1,
                "magic_wand": 1,
                "ogre_axe": 2,
                "phase_boots": 1,
                "point_booster": 1,
                "quelling_blade": 1,
                "recipe_bracer": 1,
                "recipe_eternal_shroud": 1,
                "recipe_magic_wand": 1,
                "recipe_soul_ring": 1,
                "ring_of_protection": 1,
                "soul_ring": 1,
                "staff_of_wizardry": 1,
                "tango": 2,
                "ultimate_scepter": 1,
                "vitality_booster": 1,
                "ward_observer": 1,
                "ward_sentry": 1
            },
            "purchase_ward_observer": 1,
            "purchase_ward_sentry": 1,
            "rank_tier": 74,
            "roshan_kills": 1,
            "rune_pickups": 1,
            "runes": {
                "5": 1
            },
            "sen": {
                "134": {
                    "92": 1
                }
            },
            "sen_left_log": [
                {
                    "attackername": "npc_dota_hero_disruptor",
                    "ehandle": 7291669,
                    "entityleft": true,
                    "key": "[134,92]",
                    "player_slot": 131,
                    "slot": 8,
                    "time": 959,
                    "type": "sen_left_log",
                    "x": 134.2,
                    "y": 91.8,
                    "z": 132.2
                }
            ],
            "sen_log": [
                {
                    "ehandle": 7291669,
                    "entityleft": false,
                    "key": "[134,92]",
                    "player_slot": 131,
                    "slot": 8,
                    "time": 934,
                    "type": "sen_log",
                    "x": 134.2,
                    "y": 91.8,
                    "z": 132.2
                }
            ],
            "sen_placed": 1,
            "sentry_kills": 1,
            "sentry_uses": 1,
            "stuns": 26.833496,
            "teamfight_participation": 0.7,
            "total_gold": 11985,
            "total_xp": 11827,
            "tower_damage": 4116,
            "tower_kills": 1,
            "win": 1,
            "xp_per_min": 450
        },
        {
            "abandons": 0,
            "account_id": 355365387,
            "actions_per_min": 153,
            "ancient_kills": 0,
            "assists": 2,
            "benchmarks": {
                "gold_per_min": {
                    "pct": 0.8675945753033547,
                    "raw": 695
                },
                "hero_damage_per_min": {
                    "pct": 0.360813704496788,
                    "raw": 653.2276474318326
                },
                "hero_healing_per_min": {
                    "pct": 0.8629550321199143,
                    "raw": 261.991122384274
                },
                "kills_per_min": {
                    "pct": 0.6973590292648109,
                    "raw": 0.3043753963221306
                },
                "last_hits_per_min": {
                    "pct": 0.960028551034975,
                    "raw": 9.663918833227648
                },
                "tower_damage": {
                    "pct": 0.9204139900071378,
                    "raw": 4838
                },
                "xp_per_min": {
                    "pct": 0.5474660956459672,
                    "raw": 739
                }
            },
            "buyback_count": 0,
            "camps_stacked": 1,
            "courier_kills": 0,
            "creeps_stacked": 3,
            "deaths": 0,
            "denies": 12,
            "gold": 1264,
            "gold_per_min": 695,
            "gold_spent": 17645,
            "hero_damage": 17169,
            "hero_healing": 6886,
            "hero_id": 36,
            "hero_kills": 8,
            "hero_variant": 1,
            "is_roaming": false,
            "item_uses": {
                "light_collector": 1,
                "magic_wand": 1,
                "seeds_of_serenity": 7,
                "shivas_guard": 1,
                "tango": 3,
                "tpscroll": 10,
                "ward_observer": 2,
                "ward_sentry": 1
            },
            "kda": 10,
            "kill_streaks": {
                "3": 1,
                "4": 1,
                "5": 1,
                "6": 1,
                "7": 1,
                "8": 1
            },
            "kills": 8,
            "kills_per_min": 0.3043753963221306,
            "lane": 2,
            "lane_efficiency": 0.8955133387227162,
            "lane_efficiency_pct": 89,
            "lane_kills": 189,
            "lane_role": 2,
            "last_hits": 254,
            "leaver_status": 0,
            "level": 19,
            "life_state": {
                "0": 1579
            },
            "life_state_dead": 0,
            "lose": 0,
            "multi_kills": {
                "2": 1
            },
            "necronomicon_kills": 0,
            "net_worth": 18619,
            "neutral_kills": 60,
            "obs": {
                "116": {
                    "129": 1
                },
                "144": {
                    "122": 1
                }
            },
            "obs_left_log": [
                {
                    "attackername": "npc_dota_hero_necrolyte",
                    "ehandle": 16564629,
                    "entityleft": true,
                    "key": "[144,122]",
                    "player_slot": 132,
                    "slot": 9,
                    "time": 323,
                    "type": "obs_left_log",
                    "x": 143.6,
                    "y": 122.1,
                    "z": 132.1
                },
                {
                    "attackername": "npc_dota_hero_dragon_knight",
                    "ehandle": 15747543,
                    "entityleft": true,
                    "key": "[116,129]",
                    "player_slot": 132,
                    "slot": 9,
                    "time": 527,
                    "type": "obs_left_log",
                    "x": 116.3,
                    "y": 129.4,
                    "z": 129
                }
            ],
            "obs_log": [
                {
                    "ehandle": 16564629,
                    "entityleft": false,
                    "key": "[144,122]",
                    "player_slot": 132,
                    "slot": 9,
                    "time": -38,
                    "type": "obs_log",
                    "x": 143.6,
                    "y": 122.1,
                    "z": 132.1
                },
                {
                    "ehandle": 15747543,
                    "entityleft": false,
                    "key": "[116,129]",
                    "player_slot": 132,
                    "slot": 9,
                    "time": 428,
                    "type": "obs_log",
                    "x": 116.3,
                    "y": 129.4,
                    "z": 129
                }
            ],
            "obs_placed": 2,
            "observer_kills": 0,
            "observer_uses": 2,
            "observers_placed": 2,
            "pings": 10,
            "player_slot": 132,
            "purchase": {
                "aghanims_shard": 1,
                "boots": 1,
                "branches": 3,
                "circlet": 1,
                "crown": 1,
                "cyclone": 1,
                "helm_of_iron_will": 1,
                "magic_stick": 1,
                "magic_wand": 1,
                "mantle": 1,
                "null_talisman": 1,
                "platemail": 1,
                "radiance": 1,
                "recipe_cyclone": 1,
                "recipe_magic_wand": 1,
                "recipe_null_talisman": 1,
                "recipe_shivas_guard": 1,
                "recipe_travel_boots": 1,
                "recipe_veil_of_discord": 1,
                "relic": 1,
                "shivas_guard": 1,
                "staff_of_wizardry": 1,
                "talisman_of_evasion": 1,
                "tango": 1,
                "tpscroll": 1,
                "veil_of_discord": 1,
                "void_stone": 1,
                "ward_observer": 2,
                "ward_sentry": 1,
                "wind_lace": 1
            },
            "purchase_tpscroll": 1,
            "purchase_ward_observer": 2,
            "purchase_ward_sentry": 1,
            "rank_tier": 74,
            "roshan_kills": 0,
            "rune_pickups": 8,
            "runes": {
                "0": 1,
                "1": 1,
                "2": 1,
                "4": 1,
                "5": 1,
                "7": 3
            },
            "sen": {
                "121": {
                    "125": 1
                }
            },
            "sen_left_log": [
                {
                    "attackername": "npc_dota_hero_dragon_knight",
                    "ehandle": 3114676,
                    "entityleft": true,
                    "key": "[121,125]",
                    "player_slot": 132,
                    "slot": 9,
                    "time": 524,
                    "type": "sen_left_log",
                    "x": 121.4,
                    "y": 124.5,
                    "z": 128.2
                }
            ],
            "sen_log": [
                {
                    "ehandle": 3114676,
                    "entityleft": false,
                    "key": "[121,125]",
                    "player_slot": 132,
                    "slot": 9,
                    "time": 458,
                    "type": "sen_log",
                    "x": 121.4,
                    "y": 124.5,
                    "z": 128.2
                }
            ],
            "sen_placed": 1,
            "sentry_kills": 0,
            "sentry_uses": 1,
            "stuns": 7.5331545,
            "teamfight_participation": 0.5,
            "total_gold": 18266,
            "total_xp": 19423,
            "tower_damage": 4838,
            "tower_kills": 1,
            "win": 1,
            "xp_per_min": 739
        }
    ],
    "radiant_score": 10,
    "radiant_win": false,
    "replay_url": "http://replay272.valve.net/570/7896938842_1583526893.dem.bz2",
    "stomp": 19142
}