{
    "comeback": 1113,
    "dire_score": 32,
    "duration": 1593,
    "lobby_type": 7,
    "match_id": 7896287686,
    "metadata": null,
    "players": [
        {
            "abandons": 0,
            "actions_per_min": 370,
            "ancient_kills": 8,
            "assists": 3,
            "benchmarks": {
                "gold_per_min": {
                    "pct": 0.38461538461538464,
                    "raw": 498
                },
                "hero_damage_per_min": {
                    "pct": 0.6268277177368087,
                    "raw": 654.0112994350281
                },
                "hero_healing_per_min": {
                    "pct": 0.789574062301335,
                    "raw": 0
                },
                "kills_per_min": {
                    "pct": 0.5034965034965035,
                    "raw": 0.18832391713747645
                },
                "last_hits_per_min": {
                    "pct": 0.5721551176096631,
                    "raw": 7.532956685499059
                },
                "tower_damage": {
                    "pct": 0.2326764144945963,
                    "raw": 275
                },
                "xp_per_min": {
                    "pct": 0.2066115702479339,
                    "raw": 519
                }
            },
            "buyback_count": 0,
            "camps_stacked": 1,
            "courier_kills": 0,
            "creeps_stacked": 3,
            "deaths": 4,
            "denies": 19,
            "gold": 570,
            "gold_per_min": 498,
            "gold_spent": 12675,
            "hero_damage": 17364,
            "hero_healing": 0,
            "hero_id": 10,
            "hero_kills": 5,
            "hero_variant": 1,
            "is_roaming": false,
            "item_uses": {
                "black_king_bar": 3,
                "faerie_fire": 1,
                "famango": 4,
                "magic_wand": 9,
                "manta": 5,
                "power_treads": 40,
                "quelling_blade": 65,
                "royal_jelly": 5,
                "tango_single": 1,
                "tpscroll": 6
            },
            "kda": 1.6,
            "kill_streaks": {
                "3": 1,
                "4": 1
            },
            "kills": 5,
            "kills_per_min": 0.18832391713747645,
            "lane": 1,
            "lane_efficiency": 0.7473726758286177,
            "lane_efficiency_pct": 74,
            "lane_kills": 141,
            "lane_role": 1,
            "last_hits": 200,
            "leaver_status": 0,
            "level": 15,
            "life_state": {
                "0": 1437,
                "1": 5,
                "2": 152
            },
            "life_state_dead": 157,
            "lose": 1,
            "multi_kills": {},
            "necronomicon_kills": 0,
            "net_worth": 12825,
            "neutral_kills": 73,
            "obs": {},
            "obs_left_log": [],
            "obs_log": [],
            "obs_placed": 0,
            "observer_kills": 0,
            "observer_uses": 0,
            "observers_placed": 0,
            "pings": 31,
            "player_slot": 0,
            "purchase": {
                "black_king_bar": 1,
                "blade_of_alacrity": 1,
                "boots": 1,
                "boots_of_elves": 2,
                "branches": 2,
                "circlet": 2,
                "diadem": 2,
                "faerie_fire": 1,
                "gloves": 1,
                "magic_stick": 1,
                "magic_wand": 1,
                "manta": 1,
                "mithril_hammer": 1,
                "ogre_axe": 1,
                "power_treads": 1,
                "quelling_blade": 1,
                "recipe_black_king_bar": 1,
                "recipe_magic_wand": 1,
                "recipe_manta": 1,
                "recipe_wraith_band": 1,
                "recipe_yasha": 1,
                "slippers": 1,
                "tpscroll": 3,
                "wraith_band": 1,
                "yasha": 1
            },
            "purchase_tpscroll": 3,
            "rank_tier": null,
            "roshan_kills": 0,
            "rune_pickups": 1,
            "runes": {
                "5": 1
            },
            "sen": {},
            "sen_left_log": [],
            "sen_log": [],
            "sen_placed": 0,
            "sentry_kills": 0,
            "sentry_uses": 0,
            "stuns": 8.733187,
            "teamfight_participation": 0.36363637,
            "total_gold": 13221,
            "total_xp": 13779,
            "tower_damage": 275,
            "tower_kills": 1,
            "win": 0,
            "xp_per_min": 519
        },
        {
            "abandons": 0,
            "actions_per_min": 219,
            "ancient_kills": 0,
            "assists": 10,
            "benchmarks": {
                "gold_per_min": {
                    "pct": 0.352557127312296,
                    "raw": 449
                },
                "hero_damage_per_min": {
                    "pct": 0.573449401523395,
                    "raw": 614.2749529190207
                },
                "hero_healing_per_min": {
                    "pct": 0.7595212187159956,
                    "raw": 89.34086629001884
                },
                "kills_per_min": {
                    "pct": 0.5527747551686616,
                    "raw": 0.22598870056497175
                },
                "last_hits_per_min": {
                    "pct": 0.3590859630032644,
                    "raw": 2.8248587570621466
                },
                "tower_damage": {
                    "pct": 0.2763873775843308,
                    "raw": 1346
                },
                "xp_per_min": {
                    "pct": 0.11534276387377584,
                    "raw": 381
                }
            },
            "buyback_count": 0,
            "camps_stacked": 1,
            "courier_kills": 0,
            "creeps_stacked": 2,
            "deaths": 7,
            "denies": 8,
            "gold": 524,
            "gold_per_min": 449,
            "gold_spent": 10905,
            "hero_damage": 16309,
            "hero_healing": 2372,
            "hero_id": 92,
            "hero_kills": 6,
            "hero_variant": 3,
            "is_roaming": false,
            "item_uses": {
                "arcane_boots": 3,
                "branches": 1,
                "enchanted_mango": 2,
                "flask": 1,
                "guardian_greaves": 9,
                "magic_stick": 2,
                "magic_wand": 8,
                "mekansm": 1,
                "pipe": 3,
                "quelling_blade": 2,
                "tango": 3,
                "tango_single": 1,
                "tpscroll": 6
            },
            "kda": 2,
            "kill_streaks": {
                "3": 1
            },
            "kills": 6,
            "kills_per_min": 0.22598870056497175,
            "lane": 3,
            "lane_efficiency": 0.889248181083266,
            "lane_efficiency_pct": 88,
            "lane_kills": 52,
            "lane_role": 3,
            "last_hits": 75,
            "leaver_status": 0,
            "level": 13,
            "life_state": {
                "0": 1338,
                "1": 14,
                "2": 242
            },
            "life_state_dead": 256,
            "lose": 1,
            "multi_kills": {},
            "necronomicon_kills": 0,
            "net_worth": 10859,
            "neutral_kills": 25,
            "obs": {},
            "obs_left_log": [],
            "obs_log": [],
            "obs_placed": 0,
            "observer_kills": 0,
            "observer_uses": 0,
            "observers_placed": 0,
            "pings": 11,
            "player_slot": 1,
            "purchase": {
                "arcane_boots": 1,
                "boots": 1,
                "branches": 3,
                "buckler": 1,
                "chainmail": 1,
                "circlet": 2,
                "cloak": 1,
                "enchanted_mango": 1,
                "flask": 1,
                "guardian_greaves": 1,
                "headdress": 2,
                "magic_stick": 1,
                "magic_wand": 1,
                "mantle": 2,
                "mekansm": 1,
                "null_talisman": 2,
                "pipe": 1,
                "quelling_blade": 1,
                "recipe_arcane_boots": 1,
                "recipe_buckler": 1,
                "recipe_guardian_greaves": 1,
                "recipe_headdress": 2,
                "recipe_magic_wand": 1,
                "recipe_mekansm": 1,
                "recipe_null_talisman": 2,
                "recipe_pipe": 1,
                "recipe_ring_of_basilius": 1,
                "ring_of_basilius": 1,
                "ring_of_protection": 1,
                "ring_of_regen": 2,
                "ring_of_tarrasque": 1,
                "sobi_mask": 1,
                "tango": 1,
                "tpscroll": 3
            },
            "purchase_tpscroll": 3,
            "rank_tier": null,
            "roshan_kills": 0,
            "rune_pickups": 1,
            "runes": {
                "5": 1
            },
            "sen": {},
            "sen_left_log": [],
            "sen_log": [],
            "sen_placed": 0,
            "sentry_kills": 0,
            "sentry_uses": 0,
            "stuns": 54.36552,
            "teamfight_participation": 0.72727275,
            "total_gold": 11920,
            "total_xp": 10115,
            "tower_damage": 1346,
            "tower_kills": 0,
            "win": 0,
            "xp_per_min": 381
        },
        {
            "abandons": 0,
            "actions_per_min": 189,
            "ancient_kills": 0,
            "assists": 8,
            "benchmarks": {
                "gold_per_min": {
                    "pct": 0.251732617929801,
                    "raw": 337
                },
                "hero_damage_per_min": {
                    "pct": 0.5700871898054997,
                    "raw": 582.1468926553672
                },
                "hero_healing_per_min": {
                    "pct": 0.8209255533199196,
                    "raw": 4.708097928436912
                },
                "kills_per_min": {
                    "pct": 0.3856472166331321,
                    "raw": 0.11299435028248588
                },
                "last_hits_per_min": {
                    "pct": 0.5065951263134362,
                    "raw": 2.7871939736346514
                },
                "tower_damage": {
                    "pct": 0.17750950145316344,
                    "raw": 0
                },
                "xp_per_min": {
                    "pct": 0.1974066621953946,
                    "raw": 427
                }
            },
            "buyback_count": 0,
            "camps_stacked": 2,
            "courier_kills": 0,
            "creeps_stacked": 4,
            "deaths": 6,
            "denies": 8,
            "gold": 743,
            "gold_per_min": 337,
            "gold_spent": 9775,
            "hero_damage": 15456,
            "hero_healing": 125,
            "hero_id": 123,
            "hero_kills": 3,
            "hero_variant": 2,
            "is_roaming": false,
            "item_uses": {
                "arcane_boots": 14,
                "blood_grenade": 2,
                "clarity": 2,
                "famango": 2,
                "flask": 3,
                "gungir": 4,
                "magic_stick": 2,
                "magic_wand": 7,
                "rod_of_atos": 2,
                "seeds_of_serenity": 4,
                "smoke_of_deceit": 2,
                "tango": 6,
                "tpscroll": 9,
                "ward_dispenser": 10,
                "ward_observer": 3,
                "ward_sentry": 5
            },
            "kda": 1.57,
            "kill_streaks": {},
            "kills": 3,
            "kills_per_min": 0.11299435028248588,
            "lane": 3,
            "lane_efficiency": 0.5394098625707356,
            "lane_efficiency_pct": 53,
            "lane_kills": 65,
            "lane_role": 3,
            "last_hits": 74,
            "leaver_status": 0,
            "level": 14,
            "life_state": {
                "0": 1413,
                "1": 20,
                "2": 161
            },
            "life_state_dead": 181,
            "lose": 1,
            "multi_kills": {},
            "necronomicon_kills": 0,
            "net_worth": 8043,
            "neutral_kills": 11,
            "obs": {
                "107": {
                    "138": 1
                },
                "133": {
                    "106": 1
                },
                "142": {
                    "106": 1
                },
                "148": {
                    "72": 1
                },
                "158": {
                    "92": 1
                },
                "162": {
                    "68": 1
                }
            },
            "obs_left_log": [
                {
                    "attackername": "npc_dota_hero_hoodwink",
                    "ehandle": 6865311,
                    "entityleft": true,
                    "key": "[142,106]",
                    "player_slot": 2,
                    "slot": 4,
                    "time": 300,
                    "type": "obs_left_log",
                    "x": 142.4,
                    "y": 106.4,
                    "z": 129
                },
                {
                    "attackername": "npc_dota_hero_hoodwink",
                    "ehandle": 903503,
                    "entityleft": true,
                    "key": "[107,138]",
                    "player_slot": 2,
                    "slot": 4,
                    "time": 705,
                    "type": "obs_left_log",
                    "x": 107.4,
                    "y": 137.5,
                    "z": 128
                },
                {
                    "attackername": "npc_dota_hero_enchantress",
                    "ehandle": 9504269,
                    "entityleft": true,
                    "key": "[158,92]",
                    "player_slot": 2,
                    "slot": 4,
                    "time": 1216,
                    "type": "obs_left_log",
                    "x": 158.3,
                    "y": 92,
                    "z": 132.2
                },
                {
                    "attackername": "npc_dota_hero_hoodwink",
                    "ehandle": 4080632,
                    "entityleft": true,
                    "key": "[162,68]",
                    "player_slot": 2,
                    "slot": 4,
                    "time": 1243,
                    "type": "obs_left_log",
                    "x": 161.9,
                    "y": 67.5,
                    "z": 129
                },
                {
                    "attackername": "npc_dota_hero_enchantress",
                    "ehandle": 8685885,
                    "entityleft": true,
                    "key": "[148,72]",
                    "player_slot": 2,
                    "slot": 4,
                    "time": 1362,
                    "type": "obs_left_log",
                    "x": 148.2,
                    "y": 72.3,
                    "z": 131.2
                },
                {
                    "attackername": "npc_dota_hero_hoodwink",
                    "ehandle": 9520734,
                    "entityleft": true,
                    "key": "[133,106]",
                    "player_slot": 2,
                    "slot": 4,
                    "time": 1461,
                    "type": "obs_left_log",
                    "x": 132.7,
                    "y": 105.8,
                    "z": 129.8
                }
            ],
            "obs_log": [
                {
                    "ehandle": 6865311,
                    "entityleft": false,
                    "key": "[142,106]",
                    "player_slot": 2,
                    "slot": 4,
                    "time": -60,
                    "type": "obs_log",
                    "x": 142.4,
                    "y": 106.4,
                    "z": 129
                },
                {
                    "ehandle": 903503,
                    "entityleft": false,
                    "key": "[107,138]",
                    "player_slot": 2,
                    "slot": 4,
                    "time": 345,
                    "type": "obs_log",
                    "x": 107.4,
                    "y": 137.5,
                    "z": 128
                },
                {
                    "ehandle": 4080632,
                    "entityleft": false,
                    "key": "[162,68]",
                    "player_slot": 2,
                    "slot": 4,
                    "time": 883,
                    "type": "obs_log",
                    "x": 161.9,
                    "y": 67.5,
                    "z": 129
                },
                {
                    "ehandle": 9504269,
                    "entityleft": false,
                    "key": "[158,92]",
                    "player_slot": 2,
                    "slot": 4,
                    "time": 908,
                    "type": "obs_log",
                    "x": 158.3,
                    "y": 92,
                    "z": 132.2
                },
                {
                    "ehandle": 9520734,
                    "entityleft": false,
                    "key": "[133,106]",
                    "player_slot": 2,
                    "slot": 4,
                    "time": 1101,
                    "type": "obs_log",
                    "x": 132.7,
                    "y": 105.8,
                    "z": 129.8
                },
                {
                    "ehandle": 8685885,
                    "entityleft": false,
                    "key": "[148,72]",
                    "player_slot": 2,
                    "slot": 4,
                    "time": 1338,
                    "type": "obs_log",
                    "x": 148.2,
                    "y": 72.3,
                    "z": 131.2
                }
            ],
            "obs_placed": 6,
            "observer_kills": 2,
            "observer_uses": 3,
            "observers_placed": 6,
            "pings": 8,
            "player_slot": 2,
            "purchase": {
                "arcane_boots": 1,
                "blood_grenade": 2,
                "boots": 1,
                "branches": 2,
                "circlet": 1,
                "clarity": 2,
                "flask": 1,
                "gloves": 1,
                "gungir": 1,
                "javelin": 1,
                "maelstrom": 1,
                "magic_stick": 1,
                "magic_wand": 1,
                "mithril_hammer": 1,
                "recipe_arcane_boots": 1,
                "recipe_gungir": 1,
                "recipe_magic_wand": 1,
                "recipe_ring_of_basilius": 1,
                "recipe_rod_of_atos": 1,
                "ring_of_basilius": 1,
                "rod_of_atos": 1,
                "smoke_of_deceit": 2,
                "sobi_mask": 2,
                "staff_of_wizardry": 1,
                "tango": 2,
                "tpscroll": 4,
                "vitality_booster": 1,
                "ward_dispenser": 7,
                "ward_observer": 5,
                "ward_sentry": 7
            },
            "purchase_tpscroll": 4,
            "purchase_ward_observer": 5,
            "purchase_ward_sentry": 7,
            "rank_tier": null,
            "roshan_kills": 0,
            "rune_pickups": 4,
            "runes": {
                "0": 1,
                "5": 1,
                "8": 2
            },
            "sen": {
                "103": {
                    "163": 1
                },
                "115": {
                    "107": 1
                },
                "158": {
                    "92": 1
                },
                "70": {
                    "133": 1
                },
                "82": {
                    "153": 1
                },
                "95": {
                    "135": 2
                },
                "98": {
                    "163": 1
                }
            },
            "sen_left_log": [
                {
                    "attackername": "npc_dota_hero_enchantress",
                    "ehandle": 8849036,
                    "entityleft": true,
                    "key": "[103,163]",
                    "player_slot": 2,
                    "slot": 4,
                    "time": 59,
                    "type": "sen_left_log",
                    "x": 102.7,
                    "y": 163.3,
                    "z": 129
                },
                {
                    "attackername": "npc_dota_hero_enchantress",
                    "ehandle": 7456897,
                    "entityleft": true,
                    "key": "[98,163]",
                    "player_slot": 2,
                    "slot": 4,
                    "time": 124,
                    "type": "sen_left_log",
                    "x": 98.3,
                    "y": 163.3,
                    "z": 129
                },
                {
                    "attackername": "npc_dota_hero_enchantress",
                    "ehandle": 12108668,
                    "entityleft": true,
                    "key": "[95,135]",
                    "player_slot": 2,
                    "slot": 4,
                    "time": 644,
                    "type": "sen_left_log",
                    "x": 94.7,
                    "y": 134.8,
                    "z": 130
                },
                {
                    "attackername": "npc_dota_hero_enchantress",
                    "ehandle": 13617186,
                    "entityleft": true,
                    "key": "[95,135]",
                    "player_slot": 2,
                    "slot": 4,
                    "time": 1128,
                    "type": "sen_left_log",
                    "x": 95.4,
                    "y": 135.3,
                    "z": 130
                },
                {
                    "attackername": "npc_dota_hero_enchantress",
                    "ehandle": 11798735,
                    "entityleft": true,
                    "key": "[158,92]",
                    "player_slot": 2,
                    "slot": 4,
                    "time": 1219,
                    "type": "sen_left_log",
                    "x": 158.2,
                    "y": 92,
                    "z": 132.2
                },
                {
                    "attackername": "npc_dota_hero_hoodwink",
                    "ehandle": 14337720,
                    "entityleft": true,
                    "key": "[82,153]",
                    "player_slot": 2,
                    "slot": 4,
                    "time": 1271,
                    "type": "sen_left_log",
                    "x": 81.7,
                    "y": 153,
                    "z": 129
                },
                {
                    "attackername": "npc_dota_hero_hoodwink",
                    "ehandle": 5884080,
                    "entityleft": true,
                    "key": "[115,107]",
                    "player_slot": 2,
                    "slot": 4,
                    "time": 1512,
                    "type": "sen_left_log",
                    "x": 114.6,
                    "y": 107.4,
                    "z": 129
                }
            ],
            "sen_log": [
                {
                    "ehandle": 8849036,
                    "entityleft": false,
                    "key": "[103,163]",
                    "player_slot": 2,
                    "slot": 4,
                    "time": 37,
                    "type": "sen_log",
                    "x": 102.7,
                    "y": 163.3,
                    "z": 129
                },
                {
                    "ehandle": 7456897,
                    "entityleft": false,
                    "key": "[98,163]",
                    "player_slot": 2,
                    "slot": 4,
                    "time": 119,
                    "type": "sen_log",
                    "x": 98.3,
                    "y": 163.3,
                    "z": 129
                },
                {
                    "ehandle": 12108668,
                    "entityleft": false,
                    "key": "[95,135]",
                    "player_slot": 2,
                    "slot": 4,
                    "time": 429,
                    "type": "sen_log",
                    "x": 94.7,
                    "y": 134.8,
                    "z": 130
                },
                {
                    "ehandle": 14337720,
                    "entityleft": false,
                    "key": "[82,153]",
                    "player_slot": 2,
                    "slot": 4,
                    "time": 851,
                    "type": "sen_log",
                    "x": 81.7,
                    "y": 153,
                    "z": 129
                },
                {
                    "ehandle": 11798735,
                    "entityleft": false,
                    "key": "[158,92]",
                    "player_slot": 2,
                    "slot": 4,
                    "time": 906,
                    "type": "sen_log",
                    "x": 158.2,
                    "y": 92,
                    "z": 132.2
                },
                {
                    "ehandle": 13617186,
                    "entityleft": false,
                    "key": "[95,135]",
                    "player_slot": 2,
                    "slot": 4,
                    "time": 978,
                    "type": "sen_log",
                    "x": 95.4,
                    "y": 135.3,
                    "z": 130
                },
                {
                    "ehandle": 5884080,
                    "entityleft": false,
                    "key": "[115,107]",
                    "player_slot": 2,
                    "slot": 4,
                    "time": 1091,
                    "type": "sen_log",
                    "x": 114.6,
                    "y": 107.4,
                    "z": 129
                },
                {
                    "ehandle": 2098831,
                    "entityleft": false,
                    "key": "[70,133]",
                    "player_slot": 2,
                    "slot": 4,
                    "time": 1419,
                    "type": "sen_log",
                    "x": 69.5,
                    "y": 132.6,
                    "z": 130
                }
            ],
            "sen_placed": 8,
            "sentry_kills": 3,
            "sentry_uses": 5,
            "stuns": 57.033276,
            "teamfight_participation": 0.5,
            "total_gold": 8947,
            "total_xp": 11336,
            "tower_damage": 0,
            "tower_kills": 0,
            "win": 0,
            "xp_per_min": 427
        },
        {
            "abandons": 0,
            "account_id": 187209969,
            "actions_per_min": 111,
            "ancient_kills": 1,
            "assists": 11,
            "benchmarks": {
                "gold_per_min": {
                    "pct": 0.14086294416243655,
                    "raw": 268
                },
                "hero_damage_per_min": {
                    "pct": 0.8972081218274112,
                    "raw": 581.5442561205273
                },
                "hero_healing_per_min": {
                    "pct": 0.5532994923857868,
                    "raw": 201.20527306967983
                },
                "kills_per_min": {
                    "pct": 0.8026649746192893,
                    "raw": 0.15065913370998119
                },
                "last_hits_per_min": {
                    "pct": 0.3483502538071066,
                    "raw": 1.0922787193973633
                },
                "tower_damage": {
                    "pct": 0.21256345177664976,
                    "raw": 0
                },
                "xp_per_min": {
                    "pct": 0.13578680203045684,
                    "raw": 361
                }
            },
            "buyback_count": 0,
            "camps_stacked": 0,
            "courier_kills": 0,
            "creeps_stacked": 0,
            "deaths": 6,
            "denies": 3,
            "gold": 1186,
            "gold_per_min": 268,
            "gold_spent": 5955,
            "hero_damage": 15440,
            "hero_healing": 5342,
            "hero_id": 83,
            "hero_kills": 4,
            "hero_variant": 2,
            "is_roaming": false,
            "item_uses": {
                "arcane_boots": 11,
                "blood_grenade": 2,
                "clarity": 1,
                "magic_stick": 4,
                "magic_wand": 3,
                "smoke_of_deceit": 1,
                "tango": 6,
                "tpscroll": 5,
                "trusty_shovel": 13,
                "ward_dispenser": 18,
                "ward_sentry": 3
            },
            "kda": 2.14,
            "kill_streaks": {},
            "kills": 4,
            "kills_per_min": 0.15065913370998116,
            "lane": 1,
            "lane_efficiency": 0.4535165723524656,
            "lane_efficiency_pct": 45,
            "lane_kills": 15,
            "lane_role": 1,
            "last_hits": 29,
            "leaver_status": 0,
            "level": 13,
            "life_state": {
                "0": 1371,
                "1": 18,
                "2": 205
            },
            "life_state_dead": 223,
            "lose": 1,
            "multi_kills": {},
            "necronomicon_kills": 0,
            "net_worth": 6211,
            "neutral_kills": 14,
            "obs": {
                "128": {
                    "196": 1
                },
                "141": {
                    "147": 1
                },
                "94": {
                    "120": 1
                },
                "95": {
                    "120": 1
                }
            },
            "obs_left_log": [
                {
                    "attackername": "npc_dota_hero_treant",
                    "ehandle": 7373587,
                    "entityleft": true,
                    "key": "[94,120]",
                    "player_slot": 3,
                    "slot": 7,
                    "time": 1253,
                    "type": "obs_left_log",
                    "x": 94.1,
                    "y": 119.9,
                    "z": 132.2
                },
                {
                    "attackername": "npc_dota_hero_enchantress",
                    "ehandle": 12191171,
                    "entityleft": true,
                    "key": "[95,120]",
                    "player_slot": 3,
                    "slot": 7,
                    "time": 1300,
                    "type": "obs_left_log",
                    "x": 94.5,
                    "y": 120,
                    "z": 132.2
                },
                {
                    "attackername": "npc_dota_hero_treant",
                    "ehandle": 2279530,
                    "entityleft": true,
                    "key": "[141,147]",
                    "player_slot": 3,
                    "slot": 7,
                    "time": 1351,
                    "type": "obs_left_log",
                    "x": 140.7,
                    "y": 146.9,
                    "z": 129
                },
                {
                    "attackername": "npc_dota_hero_treant",
                    "ehandle": 11094377,
                    "entityleft": true,
                    "key": "[128,196]",
                    "player_slot": 3,
                    "slot": 7,
                    "time": 1377,
                    "type": "obs_left_log",
                    "x": 128.2,
                    "y": 196.4,
                    "z": 132
                }
            ],
            "obs_log": [
                {
                    "ehandle": 7373587,
                    "entityleft": false,
                    "key": "[94,120]",
                    "player_slot": 3,
                    "slot": 7,
                    "time": 893,
                    "type": "obs_log",
                    "x": 94.1,
                    "y": 119.9,
                    "z": 132.2
                },
                {
                    "ehandle": 2279530,
                    "entityleft": false,
                    "key": "[141,147]",
                    "player_slot": 3,
                    "slot": 7,
                    "time": 991,
                    "type": "obs_log",
                    "x": 140.7,
                    "y": 146.9,
                    "z": 129
                },
                {
                    "ehandle": 11094377,
                    "entityleft": false,
                    "key": "[128,196]",
                    "player_slot": 3,
                    "slot": 7,
                    "time": 1017,
                    "type": "obs_log",
                    "x": 128.2,
                    "y": 196.4,
                    "z": 132
                },
                {
                    "ehandle": 12191171,
                    "entityleft": false,
                    "key": "[95,120]",
                    "player_slot": 3,
                    "slot": 7,
                    "time": 1278,
                    "type": "obs_log",
                    "x": 94.5,
                    "y": 120,
                    "z": 132.2
                }
            ],
            "obs_placed": 4,
            "observer_kills": 2,
            "observer_uses": 0,
            "observers_placed": 4,
            "pings": 34,
            "player_slot": 3,
            "purchase": {
                "aghanims_shard": 1,
                "arcane_boots": 1,
                "blood_grenade": 2,
                "boots": 1,
                "branches": 2,
                "clarity": 1,
                "magic_stick": 1,
                "magic_wand": 1,
                "platemail": 1,
                "recipe_arcane_boots": 1,
                "recipe_magic_wand": 1,
                "recipe_ring_of_basilius": 1,
                "ring_of_basilius": 1,
                "ring_of_protection": 1,
                "smoke_of_deceit": 2,
                "sobi_mask": 1,
                "tango": 2,
                "tpscroll": 3,
                "ward_dispenser": 8,
                "ward_observer": 4,
                "ward_sentry": 10
            },
            "purchase_tpscroll": 3,
            "purchase_ward_observer": 4,
            "purchase_ward_sentry": 10,
            "rank_tier": 80,
            "roshan_kills": 0,
            "rune_pickups": 4,
            "runes": {
                "5": 4
            },
            "sen": {
                "101": {
                    "121": 1
                },
                "130": {
                    "105": 1
                },
                "148": {
                    "72": 1
                },
                "158": {
                    "92": 1
                },
                "162": {
                    "100": 1
                },
                "66": {
                    "142": 1
                },
                "67": {
                    "129": 1
                },
                "94": {
                    "120": 1
                },
                "96": {
                    "140": 1
                }
            },
            "sen_left_log": [
                {
                    "attackername": "npc_dota_hero_furion",
                    "ehandle": 3786288,
                    "entityleft": true,
                    "key": "[162,100]",
                    "player_slot": 3,
                    "slot": 7,
                    "time": 45,
                    "type": "sen_left_log",
                    "x": 162.2,
                    "y": 99.9,
                    "z": 129
                },
                {
                    "attackername": "npc_dota_hero_furion",
                    "ehandle": 723069,
                    "entityleft": true,
                    "key": "[158,92]",
                    "player_slot": 3,
                    "slot": 7,
                    "time": 323,
                    "type": "sen_left_log",
                    "x": 158.3,
                    "y": 92,
                    "z": 132.2
                },
                {
                    "attackername": "npc_dota_hero_furion",
                    "ehandle": 8274689,
                    "entityleft": true,
                    "key": "[67,129]",
                    "player_slot": 3,
                    "slot": 7,
                    "time": 908,
                    "type": "sen_left_log",
                    "x": 67.3,
                    "y": 129.2,
                    "z": 130
                },
                {
                    "attackername": "npc_dota_hero_enchantress",
                    "ehandle": 3146590,
                    "entityleft": true,
                    "key": "[96,140]",
                    "player_slot": 3,
                    "slot": 7,
                    "time": 926,
                    "type": "sen_left_log",
                    "x": 95.9,
                    "y": 140,
                    "z": 132.2
                },
                {
                    "attackername": "npc_dota_hero_treant",
                    "ehandle": 1771950,
                    "entityleft": true,
                    "key": "[130,105]",
                    "player_slot": 3,
                    "slot": 7,
                    "time": 966,
                    "type": "sen_left_log",
                    "x": 130,
                    "y": 105.2,
                    "z": 130
                },
                {
                    "attackername": "npc_dota_hero_treant",
                    "ehandle": 13010633,
                    "entityleft": true,
                    "key": "[66,142]",
                    "player_slot": 3,
                    "slot": 7,
                    "time": 1084,
                    "type": "sen_left_log",
                    "x": 66,
                    "y": 142.4,
                    "z": 132.2
                },
                {
                    "attackername": "npc_dota_hero_enchantress",
                    "ehandle": 11978909,
                    "entityleft": true,
                    "key": "[101,121]",
                    "player_slot": 3,
                    "slot": 7,
                    "time": 1302,
                    "type": "sen_left_log",
                    "x": 101.4,
                    "y": 120.5,
                    "z": 130
                },
                {
                    "attackername": "npc_dota_hero_enchantress",
                    "ehandle": 8669501,
                    "entityleft": true,
                    "key": "[94,120]",
                    "player_slot": 3,
                    "slot": 7,
                    "time": 1304,
                    "type": "sen_left_log",
                    "x": 94,
                    "y": 119.8,
                    "z": 132.2
                },
                {
                    "attackername": "npc_dota_hero_enchantress",
                    "ehandle": 12879140,
                    "entityleft": true,
                    "key": "[148,72]",
                    "player_slot": 3,
                    "slot": 7,
                    "time": 1364,
                    "type": "sen_left_log",
                    "x": 147.8,
                    "y": 71.9,
                    "z": 131.2
                }
            ],
            "sen_log": [
                {
                    "ehandle": 3786288,
                    "entityleft": false,
                    "key": "[162,100]",
                    "player_slot": 3,
                    "slot": 7,
                    "time": 29,
                    "type": "sen_log",
                    "x": 162.2,
                    "y": 99.9,
                    "z": 129
                },
                {
                    "ehandle": 723069,
                    "entityleft": false,
                    "key": "[158,92]",
                    "player_slot": 3,
                    "slot": 7,
                    "time": 117,
                    "type": "sen_log",
                    "x": 158.3,
                    "y": 92,
                    "z": 132.2
                },
                {
                    "ehandle": 1771950,
                    "entityleft": false,
                    "key": "[130,105]",
                    "player_slot": 3,
                    "slot": 7,
                    "time": 546,
                    "type": "sen_log",
                    "x": 130,
                    "y": 105.2,
                    "z": 130
                },
                {
                    "ehandle": 13010633,
                    "entityleft": false,
                    "key": "[66,142]",
                    "player_slot": 3,
                    "slot": 7,
                    "time": 664,
                    "type": "sen_log",
                    "x": 66,
                    "y": 142.4,
                    "z": 132.2
                },
                {
                    "ehandle": 8274689,
                    "entityleft": false,
                    "key": "[67,129]",
                    "player_slot": 3,
                    "slot": 7,
                    "time": 667,
                    "type": "sen_log",
                    "x": 67.3,
                    "y": 129.2,
                    "z": 130
                },
                {
                    "ehandle": 3146590,
                    "entityleft": false,
                    "key": "[96,140]",
                    "player_slot": 3,
                    "slot": 7,
                    "time": 782,
                    "type": "sen_log",
                    "x": 95.9,
                    "y": 140,
                    "z": 132.2
                },
                {
                    "ehandle": 8669501,
                    "entityleft": false,
                    "key": "[94,120]",
                    "player_slot": 3,
                    "slot": 7,
                    "time": 891,
                    "type": "sen_log",
                    "x": 94,
                    "y": 119.8,
                    "z": 132.2
                },
                {
                    "ehandle": 11978909,
                    "entityleft": false,
                    "key": "[101,121]",
                    "player_slot": 3,
                    "slot": 7,
                    "time": 896,
                    "type": "sen_log",
                    "x": 101.4,
                    "y": 120.5,
                    "z": 130
                },
                {
                    "ehandle": 12879140,
                    "entityleft": false,
                    "key": "[148,72]",
                    "player_slot": 3,
                    "slot": 7,
                    "time": 1117,
                    "type": "sen_log",
                    "x": 147.8,
                    "y": 71.9,
                    "z": 131.2
                }
            ],
            "sen_placed": 9,
            "sentry_kills": 1,
            "sentry_uses": 3,
            "stuns": 55.533447,
            "teamfight_participation": 0.6363636,
            "total_gold": 7115,
            "total_xp": 9584,
            "tower_damage": 0,
            "tower_kills": 0,
            "win": 0,
            "xp_per_min": 361
        },
        {
            "abandons": 0,
            "account_id": 104315960,
            "actions_per_min": 329,
            "ancient_kills": 3,
            "assists": 11,
            "benchmarks": {
                "gold_per_min": {
                    "pct": 0.42917420132610007,
                    "raw": 464
                },
                "hero_damage_per_min": {
                    "pct": 0.7317661241711875,
                    "raw": 803.954802259887
                },
                "hero_healing_per_min": {
                    "pct": 0.9144062688366486,
                    "raw": 0
                },
                "kills_per_min": {
                    "pct": 0.3821579264617239,
                    "raw": 0.15065913370998119
                },
                "last_hits_per_min": {
                    "pct": 0.8010849909584087,
                    "raw": 5.649717514124293
                },
                "tower_damage": {
                    "pct": 0.3459915611814346,
                    "raw": 676
                },
                "xp_per_min": {
                    "pct": 0.2501506931886679,
                    "raw": 510
                }
            },
            "buyback_count": 1,
            "camps_stacked": 1,
            "courier_kills": 0,
            "creeps_stacked": 3,
            "deaths": 9,
            "denies": 3,
            "gold": 1679,
            "gold_per_min": 464,
            "gold_spent": 8850,
            "hero_damage": 21345,
            "hero_healing": 0,
            "hero_id": 137,
            "hero_kills": 3,
            "hero_variant": 1,
            "is_roaming": false,
            "item_uses": {
                "blade_mail": 9,
                "bottle": 53,
                "branches": 1,
                "bullwhip": 13,
                "clarity": 2,
                "magic_wand": 7,
                "phase_boots": 80,
                "tango": 3,
                "tpscroll": 8,
                "veil_of_discord": 7,
                "ward_observer": 1
            },
            "kda": 1.5,
            "kill_streaks": {},
            "kills": 4,
            "kills_per_min": 0.15065913370998116,
            "lane": 2,
            "lane_efficiency": 0.8215440582053355,
            "lane_efficiency_pct": 82,
            "lane_kills": 119,
            "lane_role": 2,
            "last_hits": 150,
            "leaver_status": 0,
            "level": 15,
            "life_state": {
                "0": 1240,
                "1": 18,
                "2": 336
            },
            "life_state_dead": 354,
            "lose": 1,
            "multi_kills": {},
            "necronomicon_kills": 0,
            "net_worth": 9909,
            "neutral_kills": 31,
            "obs": {
                "129": {
                    "118": 1
                }
            },
            "obs_left_log": [
                {
                    "attackername": "npc_dota_hero_primal_beast",
                    "ehandle": 9994660,
                    "entityleft": true,
                    "key": "[129,118]",
                    "player_slot": 4,
                    "slot": 8,
                    "time": 301,
                    "type": "obs_left_log",
                    "x": 128.7,
                    "y": 117.9,
                    "z": 129
                }
            ],
            "obs_log": [
                {
                    "ehandle": 9994660,
                    "entityleft": false,
                    "key": "[129,118]",
                    "player_slot": 4,
                    "slot": 8,
                    "time": -59,
                    "type": "obs_log",
                    "x": 128.7,
                    "y": 117.9,
                    "z": 129
                }
            ],
            "obs_placed": 1,
            "observer_kills": 0,
            "observer_uses": 1,
            "observers_placed": 1,
            "pings": 63,
            "player_slot": 4,
            "purchase": {
                "blade_mail": 1,
                "blades_of_attack": 1,
                "boots": 1,
                "bottle": 1,
                "branches": 4,
                "broadsword": 1,
                "chainmail": 2,
                "clarity": 2,
                "crown": 1,
                "dust": 2,
                "helm_of_iron_will": 1,
                "magic_stick": 1,
                "magic_wand": 1,
                "phase_boots": 1,
                "platemail": 1,
                "recipe_blade_mail": 1,
                "recipe_magic_wand": 1,
                "recipe_veil_of_discord": 1,
                "tango": 1,
                "tpscroll": 1,
                "veil_of_discord": 1,
                "ward_observer": 1,
                "wind_lace": 1
            },
            "purchase_tpscroll": 1,
            "purchase_ward_observer": 1,
            "rank_tier": 80,
            "roshan_kills": 0,
            "rune_pickups": 10,
            "runes": {
                "0": 1,
                "4": 1,
                "5": 5,
                "7": 3
            },
            "sen": {},
            "sen_left_log": [],
            "sen_log": [],
            "sen_placed": 0,
            "sentry_kills": 0,
            "sentry_uses": 0,
            "stuns": 30.100191,
            "teamfight_participation": 0.6818182,
            "total_gold": 12319,
            "total_xp": 13540,
            "tower_damage": 676,
            "tower_kills": 1,
            "win": 0,
            "xp_per_min": 510
        },
        {
            "abandons": 0,
            "account_id": 94054712,
            "actions_per_min": 386,
            "ancient_kills": 2,
            "assists": 12,
            "benchmarks": {
                "gold_per_min": {
                    "pct": 0.9287356321839081,
                    "raw": 632
                },
                "hero_damage_per_min": {
                    "pct": 0.9517241379310345,
                    "raw": 1201.5065913370997
                },
                "hero_healing_per_min": {
                    "pct": 0.7379310344827587,
                    "raw": 12.052730696798493
                },
                "kills_per_min": {
                    "pct": 0.9919540229885058,
                    "raw": 0.6026365348399247
                },
                "last_hits_per_min": {
                    "pct": 0.8597701149425288,
                    "raw": 5.009416195856874
                },
                "tower_damage": {
                    "pct": 0.6988505747126437,
                    "raw": 1205
                },
                "xp_per_min": {
                    "pct": 0.7448275862068966,
                    "raw": 748
                }
            },
            "buyback_count": 0,
            "camps_stacked": 0,
            "courier_kills": 0,
            "creeps_stacked": 0,
            "deaths": 6,
            "denies": 5,
            "gold": 2255,
            "gold_per_min": 632,
            "gold_spent": 15525,
            "hero_damage": 31900,
            "hero_healing": 320,
            "hero_id": 107,
            "hero_kills": 16,
            "hero_variant": 2,
            "is_roaming": false,
            "item_uses": {
                "black_king_bar": 2,
                "bottle": 41,
                "branches": 1,
                "dagon": 7,
                "faerie_fire": 2,
                "magic_wand": 14,
                "quelling_blade": 3,
                "spirit_vessel": 19,
                "tango": 3,
                "tpscroll": 10,
                "urn_of_shadows": 1,
                "ward_observer": 1,
                "ward_sentry": 1
            },
            "kda": 4,
            "kill_streaks": {
                "3": 3,
                "4": 1,
                "5": 1,
                "6": 1,
                "7": 1,
                "8": 1
            },
            "kills": 16,
            "kills_per_min": 0.6026365348399246,
            "lane": 2,
            "lane_efficiency": 0.8922797089733225,
            "lane_efficiency_pct": 89,
            "lane_kills": 106,
            "lane_role": 2,
            "last_hits": 133,
            "leaver_status": 0,
            "level": 19,
            "life_state": {
                "0": 1413,
                "1": 10,
                "2": 171
            },
            "life_state_dead": 181,
            "lose": 0,
            "multi_kills": {
                "2": 4,
                "3": 1
            },
            "necronomicon_kills": 0,
            "net_worth": 16260,
            "neutral_kills": 24,
            "obs": {
                "135": {
                    "125": 1
                }
            },
            "obs_left_log": [
                {
                    "attackername": "npc_dota_hero_earth_spirit",
                    "ehandle": 10717516,
                    "entityleft": true,
                    "key": "[135,125]",
                    "player_slot": 128,
                    "slot": 1,
                    "time": 701,
                    "type": "obs_left_log",
                    "x": 135.2,
                    "y": 125.3,
                    "z": 129
                }
            ],
            "obs_log": [
                {
                    "ehandle": 10717516,
                    "entityleft": false,
                    "key": "[135,125]",
                    "player_slot": 128,
                    "slot": 1,
                    "time": 341,
                    "type": "obs_log",
                    "x": 135.2,
                    "y": 125.3,
                    "z": 129
                }
            ],
            "obs_placed": 1,
            "observer_kills": 0,
            "observer_uses": 1,
            "observers_placed": 1,
            "pings": 45,
            "player_slot": 128,
            "purchase": {
                "black_king_bar": 1,
                "bottle": 1,
                "branches": 3,
                "dagon": 1,
                "diadem": 1,
                "energy_booster": 1,
                "faerie_fire": 2,
                "fluffy_hat": 1,
                "magic_stick": 1,
                "magic_wand": 1,
                "mithril_hammer": 1,
                "ogre_axe": 1,
                "point_booster": 1,
                "quelling_blade": 1,
                "recipe_black_king_bar": 1,
                "recipe_dagon": 1,
                "recipe_magic_wand": 1,
                "recipe_spirit_vessel": 2,
                "recipe_urn_of_shadows": 1,
                "ring_of_protection": 1,
                "sobi_mask": 1,
                "soul_booster": 1,
                "spirit_vessel": 1,
                "tango": 1,
                "tpscroll": 4,
                "urn_of_shadows": 1,
                "vitality_booster": 2,
                "voodoo_mask": 1,
                "ward_observer": 1,
                "ward_sentry": 1
            },
            "purchase_tpscroll": 4,
            "purchase_ward_observer": 1,
            "purchase_ward_sentry": 1,
            "rank_tier": 80,
            "roshan_kills": 0,
            "rune_pickups": 8,
            "runes": {
                "2": 1,
                "3": 1,
                "5": 2,
                "6": 1,
                "7": 1,
                "8": 1,
                "9": 1
            },
            "sen": {
                "125": {
                    "108": 1
                }
            },
            "sen_left_log": [
                {
                    "attackername": "npc_dota_hero_earth_spirit",
                    "ehandle": 14091121,
                    "entityleft": true,
                    "key": "[125,108]",
                    "player_slot": 128,
                    "slot": 1,
                    "time": 1684,
                    "type": "sen_left_log",
                    "x": 124.8,
                    "y": 108.3,
                    "z": 130
                }
            ],
            "sen_log": [
                {
                    "ehandle": 14091121,
                    "entityleft": false,
                    "key": "[125,108]",
                    "player_slot": 128,
                    "slot": 1,
                    "time": 1264,
                    "type": "sen_log",
                    "x": 124.8,
                    "y": 108.3,
                    "z": 130
                }
            ],
            "sen_placed": 1,
            "sentry_kills": 0,
            "sentry_uses": 1,
            "stuns": 34.06634,
            "teamfight_participation": 0.875,
            "total_gold": 16779,
            "total_xp": 19859,
            "tower_damage": 1205,
            "tower_kills": 0,
            "win": 1,
            "xp_per_min": 748
        },
        {
            "abandons": 0,
            "account_id": 215668263,
            "actions_per_min": 324,
            "ancient_kills": 0,
            "assists": 19,
            "benchmarks": {
                "gold_per_min": {
                    "pct": 0.5479623824451411,
                    "raw": 522
                },
                "hero_damage_per_min": {
                    "pct": 0.2231974921630094,
                    "raw": 459.32203389830505
                },
                "hero_healing_per_min": {
                    "pct": 0.8915360501567398,
                    "raw": 0
                },
                "kills_per_min": {
                    "pct": 0.37178683385579936,
                    "raw": 0.11299435028248588
                },
                "last_hits_per_min": {
                    "pct": 0.5893416927899686,
                    "raw": 5.612052730696798
                },
                "tower_damage": {
                    "pct": 0.631974921630094,
                    "raw": 2315
                },
                "xp_per_min": {
                    "pct": 0.284012539184953,
                    "raw": 572
                }
            },
            "buyback_count": 0,
            "camps_stacked": 0,
            "courier_kills": 0,
            "creeps_stacked": 0,
            "deaths": 3,
            "denies": 3,
            "gold": 1647,
            "gold_per_min": 522,
            "gold_spent": 12490,
            "hero_damage": 12195,
            "hero_healing": 0,
            "hero_id": 23,
            "hero_kills": 3,
            "hero_variant": 1,
            "is_roaming": false,
            "item_uses": {
                "crimson_guard": 1,
                "iron_talon": 7,
                "magic_wand": 11,
                "phase_boots": 83,
                "pipe": 4,
                "quelling_blade": 5,
                "tango": 6,
                "tpscroll": 6
            },
            "kda": 5.5,
            "kill_streaks": {
                "3": 1
            },
            "kills": 3,
            "kills_per_min": 0.11299435028248588,
            "lane": 1,
            "lane_efficiency": 0.6798706548100243,
            "lane_efficiency_pct": 67,
            "lane_kills": 100,
            "lane_role": 3,
            "last_hits": 149,
            "leaver_status": 0,
            "level": 16,
            "life_state": {
                "0": 1497,
                "1": 6,
                "2": 91
            },
            "life_state_dead": 97,
            "lose": 0,
            "multi_kills": {},
            "necronomicon_kills": 0,
            "net_worth": 13557,
            "neutral_kills": 41,
            "obs": {},
            "obs_left_log": [],
            "obs_log": [],
            "obs_placed": 0,
            "observer_kills": 0,
            "observer_uses": 0,
            "observers_placed": 0,
            "pings": 1,
            "player_slot": 129,
            "purchase": {
                "aghanims_shard": 1,
                "blades_of_attack": 1,
                "boots": 1,
                "bracer": 2,
                "branches": 2,
                "chainmail": 1,
                "circlet": 2,
                "cloak": 1,
                "crimson_guard": 1,
                "gauntlets": 2,
                "headdress": 1,
                "helm_of_iron_will": 1,
                "magic_stick": 1,
                "magic_wand": 1,
                "phase_boots": 1,
                "pipe": 1,
                "quelling_blade": 1,
                "recipe_bracer": 2,
                "recipe_crimson_guard": 1,
                "recipe_headdress": 1,
                "recipe_magic_wand": 1,
                "recipe_pipe": 1,
                "ring_of_health": 1,
                "ring_of_regen": 1,
                "ring_of_tarrasque": 1,
                "tango": 2,
                "tpscroll": 4,
                "vanguard": 1,
                "vitality_booster": 1
            },
            "purchase_tpscroll": 4,
            "rank_tier": 80,
            "roshan_kills": 0,
            "rune_pickups": 1,
            "runes": {
                "5": 1
            },
            "sen": {},
            "sen_left_log": [],
            "sen_log": [],
            "sen_placed": 0,
            "sentry_kills": 0,
            "sentry_uses": 0,
            "stuns": 26.765976,
            "teamfight_participation": 0.6875,
            "total_gold": 13859,
            "total_xp": 15186,
            "tower_damage": 2315,
            "tower_kills": 0,
            "win": 1,
            "xp_per_min": 572
        },
        {
            "abandons": 0,
            "account_id": 1030672675,
            "actions_per_min": 198,
            "ancient_kills": 7,
            "assists": 12,
            "benchmarks": {
                "gold_per_min": {
                    "pct": 0.919549477071601,
                    "raw": 885
                },
                "hero_damage_per_min": {
                    "pct": 0.7055510860820595,
                    "raw": 750.885122410546
                },
                "hero_healing_per_min": {
                    "pct": 0.917135961383749,
                    "raw": 0
                },
                "kills_per_min": {
                    "pct": 0.917940466613033,
                    "raw": 0.3766478342749529
                },
                "last_hits_per_min": {
                    "pct": 0.9493161705551086,
                    "raw": 10.433145009416197
                },
                "tower_damage": {
                    "pct": 0.6508447304907482,
                    "raw": 5372
                },
                "xp_per_min": {
                    "pct": 0.6057924376508448,
                    "raw": 799
                }
            },
            "buyback_count": 0,
            "camps_stacked": 11,
            "courier_kills": 0,
            "creeps_stacked": 25,
            "deaths": 2,
            "denies": 9,
            "gold": 2415,
            "gold_per_min": 885,
            "gold_spent": 21650,
            "hero_damage": 19936,
            "hero_healing": 0,
            "hero_id": 73,
            "hero_kills": 10,
            "hero_variant": 1,
            "is_roaming": false,
            "item_uses": {
                "blink": 19,
                "magic_wand": 6,
                "manta": 2,
                "mjollnir": 3,
                "quelling_blade": 37,
                "radiance": 4,
                "soul_ring": 29,
                "tango": 3,
                "tango_single": 3,
                "tpscroll": 10,
                "unstable_wand": 2
            },
            "kda": 7.33,
            "kill_streaks": {
                "3": 2,
                "4": 2,
                "5": 1,
                "6": 1
            },
            "kills": 10,
            "kills_per_min": 0.3766478342749529,
            "lane": 3,
            "lane_efficiency": 1.0198059822150365,
            "lane_efficiency_pct": 101,
            "lane_kills": 118,
            "lane_role": 1,
            "last_hits": 277,
            "leaver_status": 0,
            "level": 19,
            "life_state": {
                "0": 1530,
                "1": 7,
                "2": 57
            },
            "life_state_dead": 64,
            "lose": 0,
            "multi_kills": {
                "2": 2,
                "3": 1
            },
            "necronomicon_kills": 0,
            "net_worth": 23775,
            "neutral_kills": 156,
            "obs": {},
            "obs_left_log": [],
            "obs_log": [],
            "obs_placed": 0,
            "observer_kills": 0,
            "observer_uses": 0,
            "observers_placed": 0,
            "performance_others": {
                "greevils_greed_gold": 4920
            },
            "pings": 5,
            "player_slot": 130,
            "purchase": {
                "blade_of_alacrity": 1,
                "blink": 1,
                "boots": 1,
                "boots_of_elves": 1,
                "bracer": 1,
                "branches": 2,
                "circlet": 1,
                "diadem": 1,
                "gauntlets": 3,
                "gloves": 1,
                "hyperstone": 1,
                "javelin": 1,
                "maelstrom": 1,
                "magic_stick": 1,
                "magic_wand": 1,
                "manta": 1,
                "mithril_hammer": 1,
                "mjollnir": 1,
                "quelling_blade": 1,
                "radiance": 1,
                "recipe_bracer": 1,
                "recipe_magic_wand": 1,
                "recipe_manta": 1,
                "recipe_mjollnir": 1,
                "recipe_soul_ring": 1,
                "recipe_travel_boots": 1,
                "recipe_yasha": 1,
                "relic": 1,
                "ring_of_protection": 1,
                "soul_ring": 1,
                "talisman_of_evasion": 1,
                "tango": 1,
                "tpscroll": 1,
                "yasha": 1
            },
            "purchase_tpscroll": 1,
            "rank_tier": 80,
            "roshan_kills": 0,
            "rune_pickups": 3,
            "runes": {
                "5": 3
            },
            "sen": {},
            "sen_left_log": [],
            "sen_log": [],
            "sen_placed": 0,
            "sentry_kills": 0,
            "sentry_uses": 0,
            "stuns": 40.166695,
            "teamfight_participation": 0.6875,
            "total_gold": 23496,
            "total_xp": 21213,
            "tower_damage": 5372,
            "tower_kills": 1,
            "win": 1,
            "xp_per_min": 799
        },
        {
            "abandons": 0,
            "account_id": 926353311,
            "actions_per_min": 253,
            "ancient_kills": 3,
            "assists": 18,
            "benchmarks": {
                "gold_per_min": {
                    "pct": 0.29904831625183015,
                    "raw": 467
                },
                "hero_damage_per_min": {
                    "pct": 0.35505124450951686,
                    "raw": 527.7212806026365
                },
                "hero_healing_per_min": {
                    "pct": 0.45717423133235724,
                    "raw": 0
                },
                "kills_per_min": {
                    "pct": 0.1116398243045388,
                    "raw": 0.037664783427495296
                },
                "last_hits_per_min": {
                    "pct": 0.17642752562225475,
                    "raw": 3.84180790960452
                },
                "tower_damage": {
                    "pct": 0.87701317715959,
                    "raw": 15771
                },
                "xp_per_min": {
                    "pct": 0.16727672035139093,
                    "raw": 424
                }
            },
            "buyback_count": 0,
            "camps_stacked": 0,
            "courier_kills": 0,
            "creeps_stacked": 0,
            "deaths": 11,
            "denies": 0,
            "gold": 2767,
            "gold_per_min": 467,
            "gold_spent": 9790,
            "hero_damage": 14011,
            "hero_healing": 0,
            "hero_id": 53,
            "hero_kills": 1,
            "hero_variant": 2,
            "is_roaming": false,
            "item_uses": {
                "ancient_janggo": 6,
                "blood_grenade": 3,
                "pavise": 4,
                "rod_of_atos": 5,
                "solar_crest": 27,
                "tango": 3,
                "tpscroll": 5,
                "ward_dispenser": 3,
                "ward_observer": 1,
                "ward_sentry": 4
            },
            "kda": 1.58,
            "kill_streaks": {},
            "kills": 1,
            "kills_per_min": 0.03766478342749529,
            "lane": 1,
            "lane_efficiency": 0.4498787388843977,
            "lane_efficiency_pct": 44,
            "lane_kills": 64,
            "lane_role": 3,
            "last_hits": 102,
            "leaver_status": 0,
            "level": 14,
            "life_state": {
                "0": 1313,
                "1": 22,
                "2": 259
            },
            "life_state_dead": 281,
            "lose": 0,
            "multi_kills": {},
            "necronomicon_kills": 0,
            "net_worth": 11917,
            "neutral_kills": 25,
            "obs": {
                "158": {
                    "92": 1
                },
                "88": {
                    "162": 1
                }
            },
            "obs_left_log": [
                {
                    "attackername": "npc_dota_hero_furion",
                    "ehandle": 1427355,
                    "entityleft": true,
                    "key": "[158,92]",
                    "player_slot": 131,
                    "slot": 6,
                    "time": 814,
                    "type": "obs_left_log",
                    "x": 158.3,
                    "y": 91.9,
                    "z": 132.2
                },
                {
                    "attackername": "npc_dota_hero_furion",
                    "ehandle": 16074992,
                    "entityleft": true,
                    "key": "[88,162]",
                    "player_slot": 131,
                    "slot": 6,
                    "time": 994,
                    "type": "obs_left_log",
                    "x": 87.7,
                    "y": 162.4,
                    "z": 129
                }
            ],
            "obs_log": [
                {
                    "ehandle": 1427355,
                    "entityleft": false,
                    "key": "[158,92]",
                    "player_slot": 131,
                    "slot": 6,
                    "time": 454,
                    "type": "obs_log",
                    "x": 158.3,
                    "y": 91.9,
                    "z": 132.2
                },
                {
                    "ehandle": 16074992,
                    "entityleft": false,
                    "key": "[88,162]",
                    "player_slot": 131,
                    "slot": 6,
                    "time": 633,
                    "type": "obs_log",
                    "x": 87.7,
                    "y": 162.4,
                    "z": 129
                }
            ],
            "obs_placed": 2,
            "observer_kills": 0,
            "observer_uses": 1,
            "observers_placed": 2,
            "pings": 14,
            "player_slot": 131,
            "purchase": {
                "ancient_janggo": 1,
                "belt_of_strength": 1,
                "blight_stone": 1,
                "blood_grenade": 3,
                "branches": 3,
                "crown": 1,
                "energy_booster": 1,
                "fluffy_hat": 2,
                "force_staff": 1,
                "pavise": 1,
                "recipe_ancient_janggo": 1,
                "recipe_force_staff": 1,
                "recipe_pavise": 1,
                "recipe_rod_of_atos": 1,
                "recipe_solar_crest": 1,
                "ring_of_protection": 1,
                "robe": 1,
                "rod_of_atos": 1,
                "smoke_of_deceit": 2,
                "solar_crest": 1,
                "staff_of_wizardry": 2,
                "tango": 1,
                "vitality_booster": 1,
                "ward_dispenser": 2,
                "ward_observer": 2,
                "ward_sentry": 5,
                "wind_lace": 2
            },
            "purchase_ward_observer": 2,
            "purchase_ward_sentry": 5,
            "rank_tier": 80,
            "roshan_kills": 0,
            "rune_pickups": 2,
            "runes": {
                "8": 2
            },
            "sen": {
                "141": {
                    "69": 1
                },
                "158": {
                    "92": 1
                },
                "165": {
                    "101": 1
                },
                "171": {
                    "70": 1
                },
                "68": {
                    "129": 1
                }
            },
            "sen_left_log": [
                {
                    "attackername": "npc_dota_hero_furion",
                    "ehandle": 5654209,
                    "entityleft": true,
                    "key": "[165,101]",
                    "player_slot": 131,
                    "slot": 6,
                    "time": 462,
                    "type": "sen_left_log",
                    "x": 165.4,
                    "y": 100.8,
                    "z": 129
                },
                {
                    "attackername": "npc_dota_hero_furion",
                    "ehandle": 13781184,
                    "entityleft": true,
                    "key": "[158,92]",
                    "player_slot": 131,
                    "slot": 6,
                    "time": 741,
                    "type": "sen_left_log",
                    "x": 157.9,
                    "y": 91.9,
                    "z": 132.2
                },
                {
                    "attackername": "npc_dota_hero_hoodwink",
                    "ehandle": 9029893,
                    "entityleft": true,
                    "key": "[141,69]",
                    "player_slot": 131,
                    "slot": 6,
                    "time": 1127,
                    "type": "sen_left_log",
                    "x": 141.3,
                    "y": 69,
                    "z": 129
                },
                {
                    "attackername": "npc_dota_hero_furion",
                    "ehandle": 14550022,
                    "entityleft": true,
                    "key": "[68,129]",
                    "player_slot": 131,
                    "slot": 6,
                    "time": 1326,
                    "type": "sen_left_log",
                    "x": 67.6,
                    "y": 128.9,
                    "z": 130
                }
            ],
            "sen_log": [
                {
                    "ehandle": 5654209,
                    "entityleft": false,
                    "key": "[165,101]",
                    "player_slot": 131,
                    "slot": 6,
                    "time": 42,
                    "type": "sen_log",
                    "x": 165.4,
                    "y": 100.8,
                    "z": 129
                },
                {
                    "ehandle": 13781184,
                    "entityleft": false,
                    "key": "[158,92]",
                    "player_slot": 131,
                    "slot": 6,
                    "time": 321,
                    "type": "sen_log",
                    "x": 157.9,
                    "y": 91.9,
                    "z": 132.2
                },
                {
                    "ehandle": 9029893,
                    "entityleft": false,
                    "key": "[141,69]",
                    "player_slot": 131,
                    "slot": 6,
                    "time": 722,
                    "type": "sen_log",
                    "x": 141.3,
                    "y": 69,
                    "z": 129
                },
                {
                    "ehandle": 14550022,
                    "entityleft": false,
                    "key": "[68,129]",
                    "player_slot": 131,
                    "slot": 6,
                    "time": 906,
                    "type": "sen_log",
                    "x": 67.6,
                    "y": 128.9,
                    "z": 130
                },
                {
                    "ehandle": 11634826,
                    "entityleft": false,
                    "key": "[171,70]",
                    "player_slot": 131,
                    "slot": 6,
                    "time": 1328,
                    "type": "sen_log",
                    "x": 170.8,
                    "y": 70.1,
                    "z": 129.4
                }
            ],
            "sen_placed": 5,
            "sentry_kills": 3,
            "sentry_uses": 4,
            "stuns": 6.5,
            "teamfight_participation": 0.59375,
            "total_gold": 12398,
            "total_xp": 11257,
            "tower_damage": 15771,
            "tower_kills": 4,
            "win": 1,
            "xp_per_min": 424
        },
        {
            "abandons": 0,
            "actions_per_min": 243,
            "ancient_kills": 3,
            "assists": 21,
            "benchmarks": {
                "gold_per_min": {
                    "pct": 0.6461864406779662,
                    "raw": 421
                },
                "hero_damage_per_min": {
                    "pct": 0.4639830508474576,
                    "raw": 438.2674199623352
                },
                "hero_healing_per_min": {
                    "pct": 0.9989406779661016,
                    "raw": 452.27871939736343
                },
                "kills_per_min": {
                    "pct": 0.24364406779661016,
                    "raw": 0.07532956685499059
                },
                "last_hits_per_min": {
                    "pct": 0.5985169491525424,
                    "raw": 2.448210922787194
                },
                "tower_damage": {
                    "pct": 0.7754237288135594,
                    "raw": 4841
                },
                "xp_per_min": {
                    "pct": 0.4216101694915254,
                    "raw": 549
                }
            },
            "buyback_count": 0,
            "camps_stacked": 1,
            "courier_kills": 1,
            "creeps_stacked": 3,
            "deaths": 0,
            "denies": 0,
            "gold": 786,
            "gold_per_min": 421,
            "gold_spent": 11300,
            "hero_damage": 11636,
            "hero_healing": 12008,
            "hero_id": 58,
            "hero_kills": 2,
            "hero_variant": 1,
            "is_roaming": true,
            "item_uses": {
                "arcane_ring": 8,
                "blood_grenade": 1,
                "clarity": 3,
                "faerie_fire": 1,
                "famango": 2,
                "force_staff": 1,
                "glimmer_cape": 3,
                "great_famango": 1,
                "holy_locket": 15,
                "magic_stick": 1,
                "magic_wand": 5,
                "smoke_of_deceit": 1,
                "tango": 6,
                "tpscroll": 2,
                "ward_dispenser": 23,
                "ward_observer": 1,
                "ward_sentry": 8
            },
            "kda": 23,
            "kill_streaks": {},
            "kills": 2,
            "kills_per_min": 0.07532956685499058,
            "lane": 3,
            "lane_efficiency": 0.5436540016168149,
            "lane_efficiency_pct": 54,
            "lane_kills": 17,
            "lane_role": 1,
            "last_hits": 65,
            "leaver_status": 0,
            "level": 16,
            "life_state": {
                "0": 1594
            },
            "life_state_dead": 0,
            "lose": 0,
            "multi_kills": {
                "2": 1
            },
            "necronomicon_kills": 0,
            "net_worth": 10386,
            "neutral_kills": 24,
            "obs": {
                "100": {
                    "80": 1
                },
                "102": {
                    "126": 1
                },
                "122": {
                    "156": 1
                },
                "127": {
                    "88": 1
                },
                "148": {
                    "72": 1
                },
                "158": {
                    "92": 1
                },
                "70": {
                    "132": 1
                },
                "94": {
                    "120": 1
                },
                "96": {
                    "140": 2
                }
            },
            "obs_left_log": [
                {
                    "attackername": "npc_dota_hero_enchantress",
                    "ehandle": 12599706,
                    "entityleft": true,
                    "key": "[122,156]",
                    "player_slot": 132,
                    "slot": 9,
                    "time": 298,
                    "type": "obs_left_log",
                    "x": 121.7,
                    "y": 155.6,
                    "z": 132.1
                },
                {
                    "attackername": "npc_dota_hero_hoodwink",
                    "ehandle": 2804135,
                    "entityleft": true,
                    "key": "[96,140]",
                    "player_slot": 132,
                    "slot": 9,
                    "time": 436,
                    "type": "obs_left_log",
                    "x": 95.6,
                    "y": 140.1,
                    "z": 132.2
                },
                {
                    "attackername": "npc_dota_hero_treant",
                    "ehandle": 7489665,
                    "entityleft": true,
                    "key": "[70,132]",
                    "player_slot": 132,
                    "slot": 9,
                    "time": 676,
                    "type": "obs_left_log",
                    "x": 70.1,
                    "y": 132,
                    "z": 130
                },
                {
                    "attackername": "npc_dota_hero_treant",
                    "ehandle": 8454378,
                    "entityleft": true,
                    "key": "[102,126]",
                    "player_slot": 132,
                    "slot": 9,
                    "time": 911,
                    "type": "obs_left_log",
                    "x": 101.9,
                    "y": 126.2,
                    "z": 130
                },
                {
                    "attackername": "npc_dota_hero_hoodwink",
                    "ehandle": 12714272,
                    "entityleft": true,
                    "key": "[96,140]",
                    "player_slot": 132,
                    "slot": 9,
                    "time": 984,
                    "type": "obs_left_log",
                    "x": 95.8,
                    "y": 139.9,
                    "z": 132.2
                },
                {
                    "attackername": "npc_dota_hero_enchantress",
                    "ehandle": 35054,
                    "entityleft": true,
                    "key": "[158,92]",
                    "player_slot": 132,
                    "slot": 9,
                    "time": 1559,
                    "type": "obs_left_log",
                    "x": 158.4,
                    "y": 92.2,
                    "z": 132.2
                }
            ],
            "obs_log": [
                {
                    "ehandle": 12599706,
                    "entityleft": false,
                    "key": "[122,156]",
                    "player_slot": 132,
                    "slot": 9,
                    "time": -62,
                    "type": "obs_log",
                    "x": 121.7,
                    "y": 155.6,
                    "z": 132.1
                },
                {
                    "ehandle": 2804135,
                    "entityleft": false,
                    "key": "[96,140]",
                    "player_slot": 132,
                    "slot": 9,
                    "time": 344,
                    "type": "obs_log",
                    "x": 95.6,
                    "y": 140.1,
                    "z": 132.2
                },
                {
                    "ehandle": 7489665,
                    "entityleft": false,
                    "key": "[70,132]",
                    "player_slot": 132,
                    "slot": 9,
                    "time": 400,
                    "type": "obs_log",
                    "x": 70.1,
                    "y": 132,
                    "z": 130
                },
                {
                    "ehandle": 8454378,
                    "entityleft": false,
                    "key": "[102,126]",
                    "player_slot": 132,
                    "slot": 9,
                    "time": 743,
                    "type": "obs_log",
                    "x": 101.9,
                    "y": 126.2,
                    "z": 130
                },
                {
                    "ehandle": 12714272,
                    "entityleft": false,
                    "key": "[96,140]",
                    "player_slot": 132,
                    "slot": 9,
                    "time": 923,
                    "type": "obs_log",
                    "x": 95.8,
                    "y": 139.9,
                    "z": 132.2
                },
                {
                    "ehandle": 35054,
                    "entityleft": false,
                    "key": "[158,92]",
                    "player_slot": 132,
                    "slot": 9,
                    "time": 1199,
                    "type": "obs_log",
                    "x": 158.4,
                    "y": 92.2,
                    "z": 132.2
                },
                {
                    "ehandle": 5736570,
                    "entityleft": false,
                    "key": "[127,88]",
                    "player_slot": 132,
                    "slot": 9,
                    "time": 1253,
                    "type": "obs_log",
                    "x": 126.8,
                    "y": 87.9,
                    "z": 131
                },
                {
                    "ehandle": 12421450,
                    "entityleft": false,
                    "key": "[94,120]",
                    "player_slot": 132,
                    "slot": 9,
                    "time": 1297,
                    "type": "obs_log",
                    "x": 94.4,
                    "y": 120.1,
                    "z": 132.2
                },
                {
                    "ehandle": 9930512,
                    "entityleft": false,
                    "key": "[148,72]",
                    "player_slot": 132,
                    "slot": 9,
                    "time": 1343,
                    "type": "obs_log",
                    "x": 147.9,
                    "y": 72.2,
                    "z": 131.2
                },
                {
                    "ehandle": 9817016,
                    "entityleft": false,
                    "key": "[100,80]",
                    "player_slot": 132,
                    "slot": 9,
                    "time": 1526,
                    "type": "obs_log",
                    "x": 99.7,
                    "y": 79.6,
                    "z": 130
                }
            ],
            "obs_placed": 10,
            "observer_kills": 3,
            "observer_uses": 1,
            "observers_placed": 10,
            "pings": 17,
            "player_slot": 132,
            "purchase": {
                "belt_of_strength": 1,
                "blade_of_alacrity": 1,
                "blood_grenade": 1,
                "boots": 1,
                "branches": 2,
                "clarity": 3,
                "cloak": 1,
                "diadem": 1,
                "dragon_lance": 1,
                "faerie_fire": 1,
                "fluffy_hat": 1,
                "force_staff": 1,
                "glimmer_cape": 1,
                "great_famango": 1,
                "holy_locket": 1,
                "hurricane_pike": 1,
                "infused_raindrop": 1,
                "magic_stick": 1,
                "magic_wand": 1,
                "recipe_dragon_lance": 1,
                "recipe_force_staff": 1,
                "recipe_glimmer_cape": 1,
                "recipe_holy_locket": 1,
                "recipe_hurricane_pike": 1,
                "recipe_magic_wand": 1,
                "shadow_amulet": 1,
                "smoke_of_deceit": 2,
                "staff_of_wizardry": 1,
                "tango": 2,
                "tpscroll": 2,
                "ward_dispenser": 21,
                "ward_observer": 10,
                "ward_sentry": 13
            },
            "purchase_tpscroll": 2,
            "purchase_ward_observer": 10,
            "purchase_ward_sentry": 13,
            "rank_tier": null,
            "roshan_kills": 0,
            "rune_pickups": 5,
            "runes": {
                "1": 2,
                "5": 2,
                "8": 1
            },
            "sen": {
                "116": {
                    "125": 1
                },
                "128": {
                    "114": 1
                },
                "154": {
                    "73": 1
                },
                "159": {
                    "97": 1
                },
                "88": {
                    "111": 1
                },
                "91": {
                    "138": 1
                },
                "95": {
                    "135": 1
                },
                "96": {
                    "140": 2,
                    "80": 1
                },
                "98": {
                    "166": 1
                },
                "99": {
                    "122": 1
                }
            },
            "sen_left_log": [
                {
                    "attackername": "npc_dota_hero_hoodwink",
                    "ehandle": 5982475,
                    "entityleft": true,
                    "key": "[91,138]",
                    "player_slot": 132,
                    "slot": 9,
                    "time": 442,
                    "type": "sen_left_log",
                    "x": 91.4,
                    "y": 138.4,
                    "z": 129
                },
                {
                    "attackername": "npc_dota_hero_enchantress",
                    "ehandle": 4998969,
                    "entityleft": true,
                    "key": "[98,166]",
                    "player_slot": 132,
                    "slot": 9,
                    "time": 475,
                    "type": "sen_left_log",
                    "x": 97.8,
                    "y": 165.9,
                    "z": 129
                },
                {
                    "attackername": "npc_dota_hero_treant",
                    "ehandle": 4425796,
                    "entityleft": true,
                    "key": "[96,140]",
                    "player_slot": 132,
                    "slot": 9,
                    "time": 786,
                    "type": "sen_left_log",
                    "x": 96.2,
                    "y": 139.9,
                    "z": 132.2
                },
                {
                    "attackername": "npc_dota_hero_enchantress",
                    "ehandle": 11077993,
                    "entityleft": true,
                    "key": "[128,114]",
                    "player_slot": 132,
                    "slot": 9,
                    "time": 958,
                    "type": "sen_left_log",
                    "x": 127.7,
                    "y": 113.8,
                    "z": 130
                },
                {
                    "attackername": "npc_dota_hero_hoodwink",
                    "ehandle": 16304282,
                    "entityleft": true,
                    "key": "[95,135]",
                    "player_slot": 132,
                    "slot": 9,
                    "time": 981,
                    "type": "sen_left_log",
                    "x": 94.8,
                    "y": 134.6,
                    "z": 130
                },
                {
                    "attackername": "npc_dota_hero_enchantress",
                    "ehandle": 4441795,
                    "entityleft": true,
                    "key": "[116,125]",
                    "player_slot": 132,
                    "slot": 9,
                    "time": 1155,
                    "type": "sen_left_log",
                    "x": 115.8,
                    "y": 124.9,
                    "z": 129
                },
                {
                    "attackername": "npc_dota_hero_enchantress",
                    "ehandle": 16370071,
                    "entityleft": true,
                    "key": "[96,140]",
                    "player_slot": 132,
                    "slot": 9,
                    "time": 1546,
                    "type": "sen_left_log",
                    "x": 95.7,
                    "y": 139.6,
                    "z": 132.2
                },
                {
                    "attackername": "npc_dota_hero_enchantress",
                    "ehandle": 10633680,
                    "entityleft": true,
                    "key": "[159,97]",
                    "player_slot": 132,
                    "slot": 9,
                    "time": 1620,
                    "type": "sen_left_log",
                    "x": 159.1,
                    "y": 97,
                    "z": 129
                },
                {
                    "attackername": "npc_dota_hero_enchantress",
                    "ehandle": 8505261,
                    "entityleft": true,
                    "key": "[99,122]",
                    "player_slot": 132,
                    "slot": 9,
                    "time": 1716,
                    "type": "sen_left_log",
                    "x": 98.7,
                    "y": 121.6,
                    "z": 130
                }
            ],
            "sen_log": [
                {
                    "ehandle": 4998969,
                    "entityleft": false,
                    "key": "[98,166]",
                    "player_slot": 132,
                    "slot": 9,
                    "time": 55,
                    "type": "sen_log",
                    "x": 97.8,
                    "y": 165.9,
                    "z": 129
                },
                {
                    "ehandle": 5982475,
                    "entityleft": false,
                    "key": "[91,138]",
                    "player_slot": 132,
                    "slot": 9,
                    "time": 345,
                    "type": "sen_log",
                    "x": 91.4,
                    "y": 138.4,
                    "z": 129
                },
                {
                    "ehandle": 11077993,
                    "entityleft": false,
                    "key": "[128,114]",
                    "player_slot": 132,
                    "slot": 9,
                    "time": 537,
                    "type": "sen_log",
                    "x": 127.7,
                    "y": 113.8,
                    "z": 130
                },
                {
                    "ehandle": 4425796,
                    "entityleft": false,
                    "key": "[96,140]",
                    "player_slot": 132,
                    "slot": 9,
                    "time": 641,
                    "type": "sen_log",
                    "x": 96.2,
                    "y": 139.9,
                    "z": 132.2
                },
                {
                    "ehandle": 4441795,
                    "entityleft": false,
                    "key": "[116,125]",
                    "player_slot": 132,
                    "slot": 9,
                    "time": 735,
                    "type": "sen_log",
                    "x": 115.8,
                    "y": 124.9,
                    "z": 129
                },
                {
                    "ehandle": 16304282,
                    "entityleft": false,
                    "key": "[95,135]",
                    "player_slot": 132,
                    "slot": 9,
                    "time": 922,
                    "type": "sen_log",
                    "x": 94.8,
                    "y": 134.6,
                    "z": 130
                },
                {
                    "ehandle": 16370071,
                    "entityleft": false,
                    "key": "[96,140]",
                    "player_slot": 132,
                    "slot": 9,
                    "time": 1126,
                    "type": "sen_log",
                    "x": 95.7,
                    "y": 139.6,
                    "z": 132.2
                },
                {
                    "ehandle": 10633680,
                    "entityleft": false,
                    "key": "[159,97]",
                    "player_slot": 132,
                    "slot": 9,
                    "time": 1200,
                    "type": "sen_log",
                    "x": 159.1,
                    "y": 97,
                    "z": 129
                },
                {
                    "ehandle": 8505261,
                    "entityleft": false,
                    "key": "[99,122]",
                    "player_slot": 132,
                    "slot": 9,
                    "time": 1296,
                    "type": "sen_log",
                    "x": 98.7,
                    "y": 121.6,
                    "z": 130
                },
                {
                    "ehandle": 11502654,
                    "entityleft": false,
                    "key": "[154,73]",
                    "player_slot": 132,
                    "slot": 9,
                    "time": 1360,
                    "type": "sen_log",
                    "x": 154.4,
                    "y": 72.8,
                    "z": 129
                },
                {
                    "ehandle": 10193373,
                    "entityleft": false,
                    "key": "[88,111]",
                    "player_slot": 132,
                    "slot": 9,
                    "time": 1421,
                    "type": "sen_log",
                    "x": 87.7,
                    "y": 111.3,
                    "z": 129
                },
                {
                    "ehandle": 7949264,
                    "entityleft": false,
                    "key": "[96,80]",
                    "player_slot": 132,
                    "slot": 9,
                    "time": 1527,
                    "type": "sen_log",
                    "x": 95.9,
                    "y": 80.2,
                    "z": 130
                }
            ],
            "sen_placed": 12,
            "sentry_kills": 9,
            "sentry_uses": 8,
            "stuns": 1.6,
            "teamfight_participation": 0.71875,
            "total_gold": 11177,
            "total_xp": 14575,
            "tower_damage": 4841,
            "tower_kills": 5,
            "win": 1,
            "xp_per_min": 549
        }
    ],
    "radiant_score": 22,
    "radiant_win": false,
    "replay_url": "http://replay271.valve.net/570/7896287686_755777025.dem.bz2",
    "stomp": 21754
}