{
    "dire_score": 25,
    "duration": 1619,
    "lobby_type": 7,
    "match_id": 7909338787,
    "metadata": null,
    "players": [
        {
            "abandons": 0,
            "actions_per_min": 165,
            "ancient_kills": 0,
            "assists": 20,
            "benchmarks": {
                "gold_per_min": {
                    "pct": 0.7184873949579832,
                    "raw": 404
                },
                "hero_damage_per_min": {
                    "pct": 0.6904761904761905,
                    "raw": 398.46819024088944
                },
                "hero_healing_per_min": {
                    "pct": 0.9295051353874884,
                    "raw": 658.0728844966028
                },
                "kills_per_min": {
                    "pct": 0.9444444444444444,
                    "raw": 0.2964793082149475
                },
                "last_hits_per_min": {
                    "pct": 0.1157796451914099,
                    "raw": 0.6670784434836319
                },
                "tower_damage": {
                    "pct": 0.7875816993464052,
                    "raw": 3195
                },
                "xp_per_min": {
                    "pct": 0.4579831932773109,
                    "raw": 530
                }
            },
            "buyback_count": 0,
            "camps_stacked": 0,
            "courier_kills": 0,
            "creeps_stacked": 0,
            "deaths": 6,
            "denies": 0,
            "gold": 1754,
            "gold_per_min": 404,
            "gold_spent": 9410,
            "hero_damage": 10752,
            "hero_healing": 17757,
            "hero_id": 102,
            "hero_kills": 8,
            "hero_variant": 2,
            "is_roaming": true,
            "item_uses": {
                "arcane_boots": 14,
                "arcane_ring": 12,
                "blood_grenade": 6,
                "famango": 2,
                "holy_locket": 20,
                "magic_wand": 15,
                "tango": 6,
                "tpscroll": 9,
                "ward_sentry": 3
            },
            "kda": 4,
            "kill_streaks": {
                "3": 1
            },
            "kills": 8,
            "kills_per_min": 0.2964793082149475,
            "lane": 1,
            "lane_efficiency": 0.5092966855295069,
            "lane_efficiency_pct": 50,
            "lane_kills": 12,
            "lane_role": 1,
            "last_hits": 18,
            "leaver_status": 0,
            "level": 16,
            "life_state": {
                "0": 1453,
                "1": 18,
                "2": 150
            },
            "life_state_dead": 168,
            "lose": 0,
            "multi_kills": {
                "2": 1
            },
            "necronomicon_kills": 0,
            "net_worth": 11509,
            "neutral_kills": 1,
            "obs": {},
            "obs_left_log": [],
            "obs_log": [],
            "obs_placed": 0,
            "observer_kills": 0,
            "observer_uses": 0,
            "observers_placed": 0,
            "pings": 5,
            "player_slot": 0,
            "purchase": {
                "arcane_boots": 1,
                "blade_of_alacrity": 1,
                "blood_grenade": 6,
                "boots": 1,
                "bracer": 1,
                "branches": 2,
                "circlet": 1,
                "diadem": 1,
                "gauntlets": 1,
                "holy_locket": 1,
                "infused_raindrop": 1,
                "magic_stick": 1,
                "magic_wand": 1,
                "ogre_axe": 1,
                "point_booster": 1,
                "recipe_arcane_boots": 1,
                "recipe_bracer": 1,
                "recipe_holy_locket": 1,
                "recipe_magic_wand": 1,
                "recipe_ring_of_basilius": 1,
                "ring_of_basilius": 1,
                "sobi_mask": 1,
                "staff_of_wizardry": 1,
                "tango": 1,
                "tpscroll": 3,
                "ultimate_scepter": 1,
                "ward_sentry": 2
            },
            "purchase_tpscroll": 3,
            "purchase_ward_sentry": 2,
            "rank_tier": null,
            "roshan_kills": 1,
            "rune_pickups": 3,
            "runes": {
                "5": 3
            },
            "sen": {
                "131": {
                    "177": 1
                },
                "157": {
                    "90": 1
                },
                "164": {
                    "101": 1
                }
            },
            "sen_left_log": [
                {
                    "attackername": "npc_dota_hero_shadow_shaman",
                    "ehandle": 14155994,
                    "entityleft": true,
                    "key": "[164,101]",
                    "player_slot": 0,
                    "slot": 0,
                    "time": 22,
                    "type": "sen_left_log",
                    "x": 163.7,
                    "y": 100.5,
                    "z": 129
                },
                {
                    "attackername": "npc_dota_hero_abaddon",
                    "ehandle": 4719351,
                    "entityleft": true,
                    "key": "[157,90]",
                    "player_slot": 0,
                    "slot": 0,
                    "time": 433,
                    "type": "sen_left_log",
                    "x": 157.2,
                    "y": 89.5,
                    "z": 129
                },
                {
                    "attackername": "npc_dota_hero_abaddon",
                    "ehandle": 7997319,
                    "entityleft": true,
                    "key": "[131,177]",
                    "player_slot": 0,
                    "slot": 0,
                    "time": 1448,
                    "type": "sen_left_log",
                    "x": 130.8,
                    "y": 177.2,
                    "z": 129
                }
            ],
            "sen_log": [
                {
                    "ehandle": 14155994,
                    "entityleft": false,
                    "key": "[164,101]",
                    "player_slot": 0,
                    "slot": 0,
                    "time": 5,
                    "type": "sen_log",
                    "x": 163.7,
                    "y": 100.5,
                    "z": 129
                },
                {
                    "ehandle": 4719351,
                    "entityleft": false,
                    "key": "[157,90]",
                    "player_slot": 0,
                    "slot": 0,
                    "time": 13,
                    "type": "sen_log",
                    "x": 157.2,
                    "y": 89.5,
                    "z": 129
                },
                {
                    "ehandle": 7997319,
                    "entityleft": false,
                    "key": "[131,177]",
                    "player_slot": 0,
                    "slot": 0,
                    "time": 1028,
                    "type": "sen_log",
                    "x": 130.8,
                    "y": 177.2,
                    "z": 129
                }
            ],
            "sen_placed": 3,
            "sentry_kills": 0,
            "sentry_uses": 3,
            "stuns": 0,
            "teamfight_participation": 0.5833333,
            "total_gold": 10901,
            "total_xp": 14301,
            "tower_damage": 3195,
            "tower_kills": 0,
            "win": 1,
            "xp_per_min": 530
        },
        {
            "abandons": 0,
            "actions_per_min": 204,
            "ancient_kills": 0,
            "assists": 22,
            "benchmarks": {
                "gold_per_min": {
                    "pct": 0.5432300163132137,
                    "raw": 426
                },
                "hero_damage_per_min": {
                    "pct": 0.4632952691680261,
                    "raw": 474.88573193329216
                },
                "hero_healing_per_min": {
                    "pct": 0.7895595432300163,
                    "raw": 205.90487955528104
                },
                "kills_per_min": {
                    "pct": 0.6786296900489397,
                    "raw": 0.1852995676343422
                },
                "last_hits_per_min": {
                    "pct": 0.18923327895595432,
                    "raw": 1.519456454601606
                },
                "tower_damage": {
                    "pct": 0.5171288743882545,
                    "raw": 553
                },
                "xp_per_min": {
                    "pct": 0.6052202283849919,
                    "raw": 634
                }
            },
            "buyback_count": 0,
            "camps_stacked": 1,
            "courier_kills": 0,
            "creeps_stacked": 3,
            "deaths": 5,
            "denies": 2,
            "gold": 2703,
            "gold_per_min": 426,
            "gold_spent": 9230,
            "hero_damage": 12814,
            "hero_healing": 5556,
            "hero_id": 90,
            "hero_kills": 5,
            "hero_variant": 1,
            "is_roaming": false,
            "item_uses": {
                "blood_grenade": 1,
                "enchanted_mango": 2,
                "famango": 3,
                "flask": 5,
                "glimmer_cape": 23,
                "great_famango": 1,
                "magic_wand": 10,
                "smoke_of_deceit": 1,
                "tpscroll": 5,
                "trusty_shovel": 14,
                "ward_dispenser": 12,
                "ward_observer": 3,
                "ward_sentry": 5
            },
            "kda": 4.5,
            "kill_streaks": {
                "3": 1
            },
            "kills": 5,
            "kills_per_min": 0.1852995676343422,
            "lane": 3,
            "lane_efficiency": 0.4658447857720291,
            "lane_efficiency_pct": 46,
            "lane_kills": 32,
            "lane_role": 3,
            "last_hits": 41,
            "leaver_status": 0,
            "level": 17,
            "life_state": {
                "0": 1483,
                "1": 17,
                "2": 121
            },
            "life_state_dead": 138,
            "lose": 0,
            "multi_kills": {},
            "necronomicon_kills": 0,
            "net_worth": 10983,
            "neutral_kills": 5,
            "obs": {
                "103": {
                    "174": 1
                },
                "118": {
                    "140": 1,
                    "148": 1
                },
                "136": {
                    "155": 1
                },
                "154": {
                    "162": 1
                },
                "163": {
                    "176": 1
                },
                "184": {
                    "149": 1
                },
                "77": {
                    "167": 1
                },
                "97": {
                    "179": 1
                }
            },
            "obs_left_log": [
                {
                    "attackername": "npc_dota_hero_keeper_of_the_light",
                    "ehandle": 5734773,
                    "entityleft": true,
                    "key": "[97,179]",
                    "player_slot": 1,
                    "slot": 1,
                    "time": 320,
                    "type": "obs_left_log",
                    "x": 97.2,
                    "y": 179.4,
                    "z": 129
                },
                {
                    "attackername": "npc_dota_hero_keeper_of_the_light",
                    "ehandle": 7865071,
                    "entityleft": true,
                    "key": "[118,140]",
                    "player_slot": 1,
                    "slot": 1,
                    "time": 752,
                    "type": "obs_left_log",
                    "x": 117.8,
                    "y": 139.7,
                    "z": 129
                },
                {
                    "attackername": "npc_dota_hero_keeper_of_the_light",
                    "ehandle": 2885826,
                    "entityleft": true,
                    "key": "[77,167]",
                    "player_slot": 1,
                    "slot": 1,
                    "time": 1106,
                    "type": "obs_left_log",
                    "x": 76.7,
                    "y": 167,
                    "z": 129
                },
                {
                    "attackername": "npc_dota_hero_keeper_of_the_light",
                    "ehandle": 328499,
                    "entityleft": true,
                    "key": "[103,174]",
                    "player_slot": 1,
                    "slot": 1,
                    "time": 1129,
                    "type": "obs_left_log",
                    "x": 102.6,
                    "y": 174,
                    "z": 129
                },
                {
                    "attackername": "npc_dota_hero_keeper_of_the_light",
                    "ehandle": 3098821,
                    "entityleft": true,
                    "key": "[118,148]",
                    "player_slot": 1,
                    "slot": 1,
                    "time": 1314,
                    "type": "obs_left_log",
                    "x": 118.1,
                    "y": 148,
                    "z": 130
                },
                {
                    "attackername": "npc_dota_hero_keeper_of_the_light",
                    "ehandle": 11126483,
                    "entityleft": true,
                    "key": "[136,155]",
                    "player_slot": 1,
                    "slot": 1,
                    "time": 1442,
                    "type": "obs_left_log",
                    "x": 136.4,
                    "y": 154.5,
                    "z": 131.1
                },
                {
                    "attackername": "npc_dota_hero_keeper_of_the_light",
                    "ehandle": 9946662,
                    "entityleft": true,
                    "key": "[154,162]",
                    "player_slot": 1,
                    "slot": 1,
                    "time": 1540,
                    "type": "obs_left_log",
                    "x": 153.6,
                    "y": 162,
                    "z": 130
                }
            ],
            "obs_log": [
                {
                    "ehandle": 5734773,
                    "entityleft": false,
                    "key": "[97,179]",
                    "player_slot": 1,
                    "slot": 1,
                    "time": -40,
                    "type": "obs_log",
                    "x": 97.2,
                    "y": 179.4,
                    "z": 129
                },
                {
                    "ehandle": 7865071,
                    "entityleft": false,
                    "key": "[118,140]",
                    "player_slot": 1,
                    "slot": 1,
                    "time": 392,
                    "type": "obs_log",
                    "x": 117.8,
                    "y": 139.7,
                    "z": 129
                },
                {
                    "ehandle": 2885826,
                    "entityleft": false,
                    "key": "[77,167]",
                    "player_slot": 1,
                    "slot": 1,
                    "time": 746,
                    "type": "obs_log",
                    "x": 76.7,
                    "y": 167,
                    "z": 129
                },
                {
                    "ehandle": 328499,
                    "entityleft": false,
                    "key": "[103,174]",
                    "player_slot": 1,
                    "slot": 1,
                    "time": 769,
                    "type": "obs_log",
                    "x": 102.6,
                    "y": 174,
                    "z": 129
                },
                {
                    "ehandle": 3098821,
                    "entityleft": false,
                    "key": "[118,148]",
                    "player_slot": 1,
                    "slot": 1,
                    "time": 954,
                    "type": "obs_log",
                    "x": 118.1,
                    "y": 148,
                    "z": 130
                },
                {
                    "ehandle": 11126483,
                    "entityleft": false,
                    "key": "[136,155]",
                    "player_slot": 1,
                    "slot": 1,
                    "time": 1082,
                    "type": "obs_log",
                    "x": 136.4,
                    "y": 154.5,
                    "z": 131.1
                },
                {
                    "ehandle": 9946662,
                    "entityleft": false,
                    "key": "[154,162]",
                    "player_slot": 1,
                    "slot": 1,
                    "time": 1180,
                    "type": "obs_log",
                    "x": 153.6,
                    "y": 162,
                    "z": 130
                },
                {
                    "ehandle": 10078120,
                    "entityleft": false,
                    "key": "[184,149]",
                    "player_slot": 1,
                    "slot": 1,
                    "time": 1368,
                    "type": "obs_log",
                    "x": 184.3,
                    "y": 148.6,
                    "z": 130
                },
                {
                    "ehandle": 15747282,
                    "entityleft": false,
                    "key": "[163,176]",
                    "player_slot": 1,
                    "slot": 1,
                    "time": 1500,
                    "type": "obs_log",
                    "x": 162.5,
                    "y": 175.9,
                    "z": 130
                }
            ],
            "obs_placed": 9,
            "observer_kills": 1,
            "observer_uses": 3,
            "observers_placed": 9,
            "pings": 16,
            "player_slot": 1,
            "purchase": {
                "blade_of_alacrity": 1,
                "blood_grenade": 1,
                "boots": 1,
                "bracer": 1,
                "branches": 3,
                "circlet": 1,
                "cloak": 1,
                "flask": 2,
                "gauntlets": 1,
                "glimmer_cape": 1,
                "great_famango": 1,
                "magic_stick": 1,
                "magic_wand": 1,
                "ogre_axe": 1,
                "point_booster": 1,
                "recipe_bracer": 1,
                "recipe_glimmer_cape": 1,
                "recipe_magic_wand": 1,
                "ring_of_regen": 1,
                "shadow_amulet": 1,
                "smoke_of_deceit": 1,
                "staff_of_wizardry": 1,
                "tranquil_boots": 1,
                "ultimate_scepter": 1,
                "ward_dispenser": 12,
                "ward_observer": 8,
                "ward_sentry": 8,
                "wind_lace": 1
            },
            "purchase_ward_observer": 8,
            "purchase_ward_sentry": 8,
            "rank_tier": null,
            "roshan_kills": 0,
            "rune_pickups": 5,
            "runes": {
                "5": 3,
                "7": 1,
                "8": 1
            },
            "sen": {
                "102": {
                    "164": 1
                },
                "116": {
                    "182": 1
                },
                "117": {
                    "132": 1
                },
                "126": {
                    "124": 1
                },
                "130": {
                    "124": 1
                },
                "171": {
                    "175": 1
                },
                "96": {
                    "140": 1
                }
            },
            "sen_left_log": [
                {
                    "attackername": "npc_dota_hero_keeper_of_the_light",
                    "ehandle": 1442160,
                    "entityleft": true,
                    "key": "[102,164]",
                    "player_slot": 1,
                    "slot": 1,
                    "time": 362,
                    "type": "sen_left_log",
                    "x": 102.4,
                    "y": 164.2,
                    "z": 129
                },
                {
                    "attackername": "npc_dota_hero_puck",
                    "ehandle": 16615868,
                    "entityleft": true,
                    "key": "[130,124]",
                    "player_slot": 1,
                    "slot": 1,
                    "time": 394,
                    "type": "sen_left_log",
                    "x": 130.2,
                    "y": 124,
                    "z": 128
                },
                {
                    "attackername": "npc_dota_hero_shadow_shaman",
                    "ehandle": 12339441,
                    "entityleft": true,
                    "key": "[116,182]",
                    "player_slot": 1,
                    "slot": 1,
                    "time": 1054,
                    "type": "sen_left_log",
                    "x": 116.1,
                    "y": 182,
                    "z": 131.1
                },
                {
                    "attackername": "npc_dota_hero_keeper_of_the_light",
                    "ehandle": 5867615,
                    "entityleft": true,
                    "key": "[96,140]",
                    "player_slot": 1,
                    "slot": 1,
                    "time": 1269,
                    "type": "sen_left_log",
                    "x": 95.8,
                    "y": 140,
                    "z": 132.2
                },
                {
                    "attackername": "npc_dota_hero_keeper_of_the_light",
                    "ehandle": 264175,
                    "entityleft": true,
                    "key": "[117,132]",
                    "player_slot": 1,
                    "slot": 1,
                    "time": 1277,
                    "type": "sen_left_log",
                    "x": 116.8,
                    "y": 132.1,
                    "z": 128
                },
                {
                    "attackername": "npc_dota_hero_keeper_of_the_light",
                    "ehandle": 8816650,
                    "entityleft": true,
                    "key": "[126,124]",
                    "player_slot": 1,
                    "slot": 1,
                    "time": 1294,
                    "type": "sen_left_log",
                    "x": 126.4,
                    "y": 123.6,
                    "z": 128
                }
            ],
            "sen_log": [
                {
                    "ehandle": 1442160,
                    "entityleft": false,
                    "key": "[102,164]",
                    "player_slot": 1,
                    "slot": 1,
                    "time": -58,
                    "type": "sen_log",
                    "x": 102.4,
                    "y": 164.2,
                    "z": 129
                },
                {
                    "ehandle": 16615868,
                    "entityleft": false,
                    "key": "[130,124]",
                    "player_slot": 1,
                    "slot": 1,
                    "time": 372,
                    "type": "sen_log",
                    "x": 130.2,
                    "y": 124,
                    "z": 128
                },
                {
                    "ehandle": 5867615,
                    "entityleft": false,
                    "key": "[96,140]",
                    "player_slot": 1,
                    "slot": 1,
                    "time": 849,
                    "type": "sen_log",
                    "x": 95.8,
                    "y": 140,
                    "z": 132.2
                },
                {
                    "ehandle": 264175,
                    "entityleft": false,
                    "key": "[117,132]",
                    "player_slot": 1,
                    "slot": 1,
                    "time": 857,
                    "type": "sen_log",
                    "x": 116.8,
                    "y": 132.1,
                    "z": 128
                },
                {
                    "ehandle": 8816650,
                    "entityleft": false,
                    "key": "[126,124]",
                    "player_slot": 1,
                    "slot": 1,
                    "time": 874,
                    "type": "sen_log",
                    "x": 126.4,
                    "y": 123.6,
                    "z": 128
                },
                {
                    "ehandle": 12339441,
                    "entityleft": false,
                    "key": "[116,182]",
                    "player_slot": 1,
                    "slot": 1,
                    "time": 987,
                    "type": "sen_log",
                    "x": 116.1,
                    "y": 182,
                    "z": 131.1
                },
                {
                    "ehandle": 8669259,
                    "entityleft": false,
                    "key": "[171,175]",
                    "player_slot": 1,
                    "slot": 1,
                    "time": 1539,
                    "type": "sen_log",
                    "x": 170.7,
                    "y": 175.1,
                    "z": 130
                }
            ],
            "sen_placed": 7,
            "sentry_kills": 1,
            "sentry_uses": 5,
            "stuns": 0,
            "teamfight_participation": 0.5625,
            "total_gold": 11494,
            "total_xp": 17107,
            "tower_damage": 553,
            "tower_kills": 0,
            "win": 1,
            "xp_per_min": 634
        },
        {
            "abandons": 0,
            "account_id": 1192949931,
            "actions_per_min": 310,
            "ancient_kills": 7,
            "assists": 10,
            "benchmarks": {
                "gold_per_min": {
                    "pct": 0.9995700773860705,
                    "raw": 1024
                },
                "hero_damage_per_min": {
                    "pct": 0.9959157351676698,
                    "raw": 1992.5262507720818
                },
                "hero_healing_per_min": {
                    "pct": 0.8899398108340498,
                    "raw": 0
                },
                "kills_per_min": {
                    "pct": 0.9978503869303526,
                    "raw": 0.9264978381717109
                },
                "last_hits_per_min": {
                    "pct": 0.9911865864144453,
                    "raw": 11.933292155651637
                },
                "tower_damage": {
                    "pct": 0.8738177128116938,
                    "raw": 14711
                },
                "xp_per_min": {
                    "pct": 0.9505588993981083,
                    "raw": 1199
                }
            },
            "buyback_count": 0,
            "camps_stacked": 1,
            "courier_kills": 0,
            "creeps_stacked": 3,
            "deaths": 2,
            "denies": 3,
            "gold": 789,
            "gold_per_min": 1024,
            "gold_spent": 27755,
            "hero_damage": 53765,
            "hero_healing": 0,
            "hero_id": 25,
            "hero_kills": 25,
            "hero_variant": 1,
            "is_roaming": false,
            "item_uses": {
                "arcane_boots": 21,
                "black_king_bar": 1,
                "famango": 2,
                "gungir": 20,
                "hurricane_pike": 18,
                "magic_wand": 10,
                "satanic": 2,
                "tango_single": 2,
                "tpscroll": 4
            },
            "kda": 11.67,
            "kill_streaks": {
                "10": 1,
                "11": 1,
                "12": 1,
                "13": 1,
                "14": 1,
                "15": 1,
                "16": 1,
                "17": 1,
                "18": 1,
                "19": 1,
                "20": 1,
                "21": 1,
                "22": 1,
                "23": 1,
                "24": 1,
                "3": 1,
                "4": 1,
                "5": 1,
                "6": 1,
                "7": 1,
                "8": 1,
                "9": 1
            },
            "kills": 25,
            "kills_per_min": 0.9264978381717109,
            "lane": 1,
            "lane_efficiency": 0.9795877122069523,
            "lane_efficiency_pct": 97,
            "lane_kills": 175,
            "lane_role": 1,
            "last_hits": 322,
            "leaver_status": 0,
            "level": 24,
            "life_state": {
                "0": 1550,
                "1": 6,
                "2": 65
            },
            "life_state_dead": 71,
            "lose": 0,
            "multi_kills": {
                "2": 5,
                "3": 4,
                "4": 3,
                "5": 1
            },
            "necronomicon_kills": 0,
            "net_worth": 27294,
            "neutral_kills": 100,
            "obs": {},
            "obs_left_log": [],
            "obs_log": [],
            "obs_placed": 0,
            "observer_kills": 0,
            "observer_uses": 0,
            "observers_placed": 0,
            "pings": 33,
            "player_slot": 2,
            "purchase": {
                "arcane_boots": 1,
                "belt_of_strength": 1,
                "black_king_bar": 1,
                "blade_of_alacrity": 1,
                "blades_of_attack": 1,
                "boots": 1,
                "branches": 2,
                "circlet": 1,
                "claymore": 2,
                "demon_edge": 1,
                "dragon_lance": 1,
                "fluffy_hat": 1,
                "force_staff": 1,
                "gloves": 1,
                "greater_crit": 1,
                "gungir": 1,
                "hurricane_pike": 1,
                "javelin": 1,
                "lesser_crit": 1,
                "lifesteal": 1,
                "maelstrom": 1,
                "magic_wand": 1,
                "mantle": 1,
                "mithril_hammer": 2,
                "null_talisman": 1,
                "ogre_axe": 1,
                "reaver": 1,
                "recipe_arcane_boots": 1,
                "recipe_black_king_bar": 1,
                "recipe_dragon_lance": 1,
                "recipe_force_staff": 1,
                "recipe_greater_crit": 1,
                "recipe_gungir": 1,
                "recipe_hurricane_pike": 1,
                "recipe_lesser_crit": 1,
                "recipe_null_talisman": 1,
                "recipe_ring_of_basilius": 1,
                "recipe_rod_of_atos": 1,
                "ring_of_basilius": 1,
                "rod_of_atos": 1,
                "satanic": 1,
                "sobi_mask": 1,
                "staff_of_wizardry": 3,
                "tpscroll": 3,
                "vitality_booster": 1
            },
            "purchase_tpscroll": 3,
            "rank_tier": 74,
            "roshan_kills": 0,
            "rune_pickups": 3,
            "runes": {
                "5": 2,
                "8": 1
            },
            "sen": {},
            "sen_left_log": [],
            "sen_log": [],
            "sen_placed": 0,
            "sentry_kills": 1,
            "sentry_uses": 0,
            "stuns": 81.167274,
            "teamfight_participation": 0.7291667,
            "total_gold": 27630,
            "total_xp": 32353,
            "tower_damage": 14711,
            "tower_kills": 6,
            "win": 1,
            "xp_per_min": 1199
        },
        {
            "abandons": 0,
            "actions_per_min": 385,
            "ancient_kills": 14,
            "assists": 21,
            "benchmarks": {
                "gold_per_min": {
                    "pct": 0.5246717971933001,
                    "raw": 514
                },
                "hero_damage_per_min": {
                    "pct": 0.21321865097329107,
                    "raw": 505.2378011117974
                },
                "hero_healing_per_min": {
                    "pct": 0.93662290629244,
                    "raw": 0
                },
                "kills_per_min": {
                    "pct": 0.29289271163422365,
                    "raw": 0.11117974058060531
                },
                "last_hits_per_min": {
                    "pct": 0.22136713444997735,
                    "raw": 3.55775169857937
                },
                "tower_damage": {
                    "pct": 0.7202354006337709,
                    "raw": 5026
                },
                "xp_per_min": {
                    "pct": 0.19330013580805794,
                    "raw": 483
                }
            },
            "buyback_count": 0,
            "camps_stacked": 3,
            "courier_kills": 0,
            "creeps_stacked": 9,
            "deaths": 6,
            "denies": 1,
            "gold": 135,
            "gold_per_min": 514,
            "gold_spent": 13680,
            "hero_damage": 13633,
            "hero_healing": 0,
            "hero_id": 99,
            "hero_kills": 3,
            "hero_variant": 3,
            "is_roaming": false,
            "item_uses": {
                "bloodstone": 2,
                "famango": 1,
                "magic_stick": 3,
                "magic_wand": 17,
                "seeds_of_serenity": 5,
                "tango": 6,
                "tpscroll": 7
            },
            "kda": 3.43,
            "kill_streaks": {},
            "kills": 3,
            "kills_per_min": 0.11117974058060531,
            "lane": 3,
            "lane_efficiency": 0.6829021827000809,
            "lane_efficiency_pct": 68,
            "lane_kills": 66,
            "lane_role": 3,
            "last_hits": 96,
            "leaver_status": 0,
            "level": 15,
            "life_state": {
                "0": 1449,
                "1": 17,
                "2": 155
            },
            "life_state_dead": 172,
            "lose": 0,
            "multi_kills": {},
            "necronomicon_kills": 0,
            "net_worth": 13235,
            "neutral_kills": 22,
            "obs": {},
            "obs_left_log": [],
            "obs_log": [],
            "obs_placed": 0,
            "observer_kills": 0,
            "observer_uses": 0,
            "observers_placed": 0,
            "pings": 2,
            "player_slot": 3,
            "purchase": {
                "blade_of_alacrity": 1,
                "bloodstone": 1,
                "boots": 1,
                "branches": 2,
                "energy_booster": 1,
                "infused_raindrop": 1,
                "magic_stick": 1,
                "magic_wand": 1,
                "ogre_axe": 1,
                "pers": 1,
                "point_booster": 2,
                "recipe_lotus_orb": 1,
                "recipe_magic_wand": 1,
                "ring_of_health": 2,
                "ring_of_protection": 1,
                "soul_booster": 1,
                "staff_of_wizardry": 1,
                "tango": 2,
                "tpscroll": 2,
                "ultimate_scepter": 1,
                "vanguard": 1,
                "vitality_booster": 2,
                "void_stone": 2,
                "voodoo_mask": 1
            },
            "purchase_tpscroll": 2,
            "rank_tier": null,
            "roshan_kills": 0,
            "rune_pickups": 1,
            "runes": {
                "8": 1
            },
            "sen": {},
            "sen_left_log": [],
            "sen_log": [],
            "sen_placed": 0,
            "sentry_kills": 0,
            "sentry_uses": 0,
            "stuns": 0,
            "teamfight_participation": 0.5,
            "total_gold": 13869,
            "total_xp": 13032,
            "tower_damage": 5026,
            "tower_kills": 2,
            "win": 1,
            "xp_per_min": 483
        },
        {
            "abandons": 0,
            "account_id": 1026242810,
            "actions_per_min": 286,
            "ancient_kills": 0,
            "assists": 10,
            "benchmarks": {
                "gold_per_min": {
                    "pct": 0.5627745664739885,
                    "raw": 605
                },
                "hero_damage_per_min": {
                    "pct": 0.1176878612716763,
                    "raw": 427.4119827053737
                },
                "hero_healing_per_min": {
                    "pct": 0.8779190751445086,
                    "raw": 0
                },
                "kills_per_min": {
                    "pct": 0.4797687861271676,
                    "raw": 0.22235948116121063
                },
                "last_hits_per_min": {
                    "pct": 0.530635838150289,
                    "raw": 6.930203829524397
                },
                "tower_damage": {
                    "pct": 0.4291329479768786,
                    "raw": 2291
                },
                "xp_per_min": {
                    "pct": 0.2767630057803468,
                    "raw": 629
                }
            },
            "buyback_count": 0,
            "camps_stacked": 1,
            "courier_kills": 0,
            "creeps_stacked": 1,
            "deaths": 6,
            "denies": 11,
            "gold": 2216,
            "gold_per_min": 605,
            "gold_spent": 14650,
            "hero_damage": 11533,
            "hero_healing": 0,
            "hero_id": 11,
            "hero_kills": 6,
            "hero_variant": 2,
            "is_roaming": false,
            "item_uses": {
                "black_king_bar": 3,
                "blink": 11,
                "bottle": 62,
                "branches": 1,
                "clarity": 3,
                "cyclone": 8,
                "enchanted_mango": 3,
                "faerie_fire": 1,
                "tango": 3,
                "tpscroll": 8,
                "trusty_shovel": 7,
                "ward_dispenser": 3,
                "ward_observer": 2,
                "ward_sentry": 1
            },
            "kda": 2.29,
            "kill_streaks": {
                "3": 1
            },
            "kills": 6,
            "kills_per_min": 0.22235948116121063,
            "lane": 2,
            "lane_efficiency": 0.9135004042037187,
            "lane_efficiency_pct": 91,
            "lane_kills": 140,
            "lane_role": 2,
            "last_hits": 187,
            "leaver_status": 0,
            "level": 17,
            "life_state": {
                "0": 1395,
                "1": 10,
                "2": 216
            },
            "life_state_dead": 226,
            "lose": 0,
            "multi_kills": {
                "2": 2
            },
            "necronomicon_kills": 0,
            "net_worth": 15316,
            "neutral_kills": 39,
            "obs": {
                "118": {
                    "125": 1,
                    "126": 1
                },
                "126": {
                    "120": 1
                }
            },
            "obs_left_log": [
                {
                    "attackername": "npc_dota_hero_jakiro",
                    "ehandle": 13435293,
                    "entityleft": true,
                    "key": "[118,126]",
                    "player_slot": 4,
                    "slot": 4,
                    "time": 48,
                    "type": "obs_left_log",
                    "x": 118,
                    "y": 126.4,
                    "z": 129
                },
                {
                    "attackername": "npc_dota_hero_nevermore",
                    "ehandle": 10602958,
                    "entityleft": true,
                    "key": "[126,120]",
                    "player_slot": 4,
                    "slot": 4,
                    "time": 460,
                    "type": "obs_left_log",
                    "x": 126.1,
                    "y": 120,
                    "z": 129
                },
                {
                    "attackername": "npc_dota_hero_puck",
                    "ehandle": 231751,
                    "entityleft": true,
                    "key": "[118,125]",
                    "player_slot": 4,
                    "slot": 4,
                    "time": 615,
                    "type": "obs_left_log",
                    "x": 118.3,
                    "y": 124.8,
                    "z": 129
                }
            ],
            "obs_log": [
                {
                    "ehandle": 13435293,
                    "entityleft": false,
                    "key": "[118,126]",
                    "player_slot": 4,
                    "slot": 4,
                    "time": -22,
                    "type": "obs_log",
                    "x": 118,
                    "y": 126.4,
                    "z": 129
                },
                {
                    "ehandle": 10602958,
                    "entityleft": false,
                    "key": "[126,120]",
                    "player_slot": 4,
                    "slot": 4,
                    "time": 322,
                    "type": "obs_log",
                    "x": 126.1,
                    "y": 120,
                    "z": 129
                },
                {
                    "ehandle": 231751,
                    "entityleft": false,
                    "key": "[118,125]",
                    "player_slot": 4,
                    "slot": 4,
                    "time": 563,
                    "type": "obs_log",
                    "x": 118.3,
                    "y": 124.8,
                    "z": 129
                }
            ],
            "obs_placed": 3,
            "observer_kills": 3,
            "observer_uses": 2,
            "observers_placed": 3,
            "pings": 3,
            "player_slot": 4,
            "purchase": {
                "black_king_bar": 1,
                "blink": 1,
                "boots": 1,
                "bottle": 1,
                "branches": 1,
                "clarity": 3,
                "cyclone": 1,
                "enchanted_mango": 1,
                "faerie_fire": 1,
                "mithril_hammer": 1,
                "ogre_axe": 1,
                "recipe_black_king_bar": 1,
                "recipe_cyclone": 1,
                "recipe_travel_boots": 1,
                "staff_of_wizardry": 2,
                "tango": 1,
                "tpscroll": 2,
                "void_stone": 2,
                "ward_dispenser": 2,
                "ward_observer": 3,
                "ward_sentry": 2,
                "wind_lace": 1
            },
            "purchase_tpscroll": 2,
            "purchase_ward_observer": 3,
            "purchase_ward_sentry": 2,
            "rank_tier": 52,
            "roshan_kills": 0,
            "rune_pickups": 16,
            "runes": {
                "0": 1,
                "2": 1,
                "3": 1,
                "5": 3,
                "6": 1,
                "7": 8,
                "9": 1
            },
            "sen": {
                "122": {
                    "127": 1,
                    "128": 1
                }
            },
            "sen_left_log": [
                {
                    "attackername": "npc_dota_hero_shadow_shaman",
                    "ehandle": 6293092,
                    "entityleft": true,
                    "key": "[122,127]",
                    "player_slot": 4,
                    "slot": 4,
                    "time": 398,
                    "type": "sen_left_log",
                    "x": 122,
                    "y": 126.8,
                    "z": 128
                },
                {
                    "attackername": "npc_dota_hero_puck",
                    "ehandle": 14893814,
                    "entityleft": true,
                    "key": "[122,128]",
                    "player_slot": 4,
                    "slot": 4,
                    "time": 611,
                    "type": "sen_left_log",
                    "x": 121.8,
                    "y": 127.8,
                    "z": 128
                }
            ],
            "sen_log": [
                {
                    "ehandle": 6293092,
                    "entityleft": false,
                    "key": "[122,127]",
                    "player_slot": 4,
                    "slot": 4,
                    "time": 287,
                    "type": "sen_log",
                    "x": 122,
                    "y": 126.8,
                    "z": 128
                },
                {
                    "ehandle": 14893814,
                    "entityleft": false,
                    "key": "[122,128]",
                    "player_slot": 4,
                    "slot": 4,
                    "time": 564,
                    "type": "sen_log",
                    "x": 121.8,
                    "y": 127.8,
                    "z": 128
                }
            ],
            "sen_placed": 2,
            "sentry_kills": 1,
            "sentry_uses": 1,
            "stuns": 21.850346,
            "teamfight_participation": 0.33333334,
            "total_gold": 16324,
            "total_xp": 16972,
            "tower_damage": 2291,
            "tower_kills": 1,
            "win": 1,
            "xp_per_min": 629
        },
        {
            "abandons": 0,
            "account_id": 132703080,
            "actions_per_min": 280,
            "ancient_kills": 0,
            "assists": 13,
            "benchmarks": {
                "gold_per_min": {
                    "pct": 0.12966461974492205,
                    "raw": 277
                },
                "hero_damage_per_min": {
                    "pct": 0.6929617383089277,
                    "raw": 573.4651019147622
                },
                "hero_healing_per_min": {
                    "pct": 0.5250354274917336,
                    "raw": 0
                },
                "kills_per_min": {
                    "pct": 0.5179499291450166,
                    "raw": 0.11117974058060531
                },
                "last_hits_per_min": {
                    "pct": 0.09636277751535191,
                    "raw": 0.9635577516985795
                },
                "tower_damage": {
                    "pct": 0.35947094945677843,
                    "raw": 489
                },
                "xp_per_min": {
                    "pct": 0.030940009447331128,
                    "raw": 241
                }
            },
            "buyback_count": 1,
            "camps_stacked": 0,
            "courier_kills": 0,
            "creeps_stacked": 0,
            "deaths": 10,
            "denies": 1,
            "gold": 597,
            "gold_per_min": 277,
            "gold_spent": 6140,
            "hero_damage": 15474,
            "hero_healing": 0,
            "hero_id": 64,
            "hero_kills": 3,
            "hero_variant": 1,
            "is_roaming": false,
            "item_uses": {
                "arcane_boots": 11,
                "blood_grenade": 1,
                "dust": 1,
                "enchanted_mango": 2,
                "faerie_fire": 1,
                "flask": 1,
                "force_staff": 12,
                "magic_stick": 8,
                "magic_wand": 8,
                "shadow_amulet": 1,
                "tango": 3,
                "tpscroll": 5,
                "unstable_wand": 6,
                "ward_dispenser": 4,
                "ward_observer": 2,
                "ward_sentry": 3
            },
            "kda": 1.45,
            "kill_streaks": {},
            "kills": 3,
            "kills_per_min": 0.11117974058060531,
            "lane": 3,
            "lane_efficiency": 0.5173807599029911,
            "lane_efficiency_pct": 51,
            "lane_kills": 20,
            "lane_role": 1,
            "last_hits": 26,
            "leaver_status": 0,
            "level": 10,
            "life_state": {
                "0": 1360,
                "1": 24,
                "2": 237
            },
            "life_state_dead": 261,
            "lose": 1,
            "multi_kills": {},
            "necronomicon_kills": 0,
            "net_worth": 5697,
            "neutral_kills": 5,
            "obs": {
                "180": {
                    "157": 1
                },
                "81": {
                    "157": 1
                }
            },
            "obs_left_log": [
                {
                    "attackername": "npc_dota_hero_jakiro",
                    "ehandle": 5736340,
                    "entityleft": true,
                    "key": "[81,157]",
                    "player_slot": 128,
                    "slot": 5,
                    "time": 770,
                    "type": "obs_left_log",
                    "x": 81.3,
                    "y": 156.5,
                    "z": 129
                }
            ],
            "obs_log": [
                {
                    "ehandle": 5736340,
                    "entityleft": false,
                    "key": "[81,157]",
                    "player_slot": 128,
                    "slot": 5,
                    "time": 410,
                    "type": "obs_log",
                    "x": 81.3,
                    "y": 156.5,
                    "z": 129
                },
                {
                    "ehandle": 5097805,
                    "entityleft": false,
                    "key": "[180,157]",
                    "player_slot": 128,
                    "slot": 5,
                    "time": 1449,
                    "type": "obs_log",
                    "x": 180.4,
                    "y": 156.6,
                    "z": 130
                }
            ],
            "obs_placed": 2,
            "observer_kills": 1,
            "observer_uses": 2,
            "observers_placed": 2,
            "pings": 2,
            "player_slot": 128,
            "purchase": {
                "arcane_boots": 1,
                "blood_grenade": 1,
                "boots": 1,
                "branches": 2,
                "dust": 1,
                "enchanted_mango": 1,
                "faerie_fire": 1,
                "flask": 1,
                "fluffy_hat": 1,
                "force_staff": 1,
                "infused_raindrop": 1,
                "magic_stick": 1,
                "magic_wand": 1,
                "recipe_arcane_boots": 1,
                "recipe_force_staff": 1,
                "recipe_magic_wand": 1,
                "recipe_ring_of_basilius": 1,
                "ring_of_basilius": 1,
                "shadow_amulet": 1,
                "smoke_of_deceit": 1,
                "sobi_mask": 1,
                "staff_of_wizardry": 1,
                "tango": 1,
                "tpscroll": 1,
                "ward_dispenser": 4,
                "ward_observer": 3,
                "ward_sentry": 6
            },
            "purchase_tpscroll": 1,
            "purchase_ward_observer": 3,
            "purchase_ward_sentry": 6,
            "rank_tier": 64,
            "roshan_kills": 0,
            "rune_pickups": 2,
            "runes": {
                "5": 1,
                "8": 1
            },
            "sen": {
                "124": {
                    "130": 1
                },
                "168": {
                    "175": 1
                },
                "180": {
                    "155": 1,
                    "166": 1
                },
                "85": {
                    "161": 1
                },
                "96": {
                    "161": 1
                }
            },
            "sen_left_log": [
                {
                    "attackername": "npc_dota_hero_nevermore",
                    "ehandle": 673496,
                    "entityleft": true,
                    "key": "[124,130]",
                    "player_slot": 128,
                    "slot": 5,
                    "time": 292,
                    "type": "sen_left_log",
                    "x": 124,
                    "y": 129.7,
                    "z": 129
                },
                {
                    "attackername": "npc_dota_hero_jakiro",
                    "ehandle": 12568896,
                    "entityleft": true,
                    "key": "[96,161]",
                    "player_slot": 128,
                    "slot": 5,
                    "time": 898,
                    "type": "sen_left_log",
                    "x": 95.6,
                    "y": 160.8,
                    "z": 129
                },
                {
                    "attackername": "npc_dota_hero_jakiro",
                    "ehandle": 14057697,
                    "entityleft": true,
                    "key": "[85,161]",
                    "player_slot": 128,
                    "slot": 5,
                    "time": 991,
                    "type": "sen_left_log",
                    "x": 85.2,
                    "y": 160.5,
                    "z": 129
                },
                {
                    "attackername": "npc_dota_hero_lina",
                    "ehandle": 13568261,
                    "entityleft": true,
                    "key": "[168,175]",
                    "player_slot": 128,
                    "slot": 5,
                    "time": 1547,
                    "type": "sen_left_log",
                    "x": 167.6,
                    "y": 175.3,
                    "z": 130
                }
            ],
            "sen_log": [
                {
                    "ehandle": 673496,
                    "entityleft": false,
                    "key": "[124,130]",
                    "player_slot": 128,
                    "slot": 5,
                    "time": 44,
                    "type": "sen_log",
                    "x": 124,
                    "y": 129.7,
                    "z": 129
                },
                {
                    "ehandle": 12568896,
                    "entityleft": false,
                    "key": "[96,161]",
                    "player_slot": 128,
                    "slot": 5,
                    "time": 478,
                    "type": "sen_log",
                    "x": 95.6,
                    "y": 160.8,
                    "z": 129
                },
                {
                    "ehandle": 14057697,
                    "entityleft": false,
                    "key": "[85,161]",
                    "player_slot": 128,
                    "slot": 5,
                    "time": 571,
                    "type": "sen_log",
                    "x": 85.2,
                    "y": 160.5,
                    "z": 129
                },
                {
                    "ehandle": 13568261,
                    "entityleft": false,
                    "key": "[168,175]",
                    "player_slot": 128,
                    "slot": 5,
                    "time": 1430,
                    "type": "sen_log",
                    "x": 167.6,
                    "y": 175.3,
                    "z": 130
                },
                {
                    "ehandle": 8112482,
                    "entityleft": false,
                    "key": "[180,166]",
                    "player_slot": 128,
                    "slot": 5,
                    "time": 1434,
                    "type": "sen_log",
                    "x": 180.2,
                    "y": 166.4,
                    "z": 130
                },
                {
                    "ehandle": 9144299,
                    "entityleft": false,
                    "key": "[180,155]",
                    "player_slot": 128,
                    "slot": 5,
                    "time": 1438,
                    "type": "sen_log",
                    "x": 179.7,
                    "y": 155.4,
                    "z": 130
                }
            ],
            "sen_placed": 6,
            "sentry_kills": 0,
            "sentry_uses": 3,
            "stuns": 40.233643,
            "teamfight_participation": 0.625,
            "total_gold": 7474,
            "total_xp": 6502,
            "tower_damage": 489,
            "tower_kills": 0,
            "win": 0,
            "xp_per_min": 241
        },
        {
            "abandons": 0,
            "actions_per_min": 193,
            "ancient_kills": 0,
            "assists": 7,
            "benchmarks": {
                "gold_per_min": {
                    "pct": 0.1466992665036675,
                    "raw": 382
                },
                "hero_damage_per_min": {
                    "pct": 0.31968215158924207,
                    "raw": 605.077208153181
                },
                "hero_healing_per_min": {
                    "pct": 0.8484107579462102,
                    "raw": 0
                },
                "kills_per_min": {
                    "pct": 0.30623471882640585,
                    "raw": 0.14823965410747375
                },
                "last_hits_per_min": {
                    "pct": 0.25,
                    "raw": 4.1136504014823965
                },
                "tower_damage": {
                    "pct": 0.2530562347188264,
                    "raw": 448
                },
                "xp_per_min": {
                    "pct": 0.07212713936430318,
                    "raw": 390
                }
            },
            "buyback_count": 1,
            "camps_stacked": 0,
            "courier_kills": 0,
            "creeps_stacked": 0,
            "deaths": 7,
            "denies": 3,
            "gold": 297,
            "gold_per_min": 382,
            "gold_spent": 8885,
            "hero_damage": 16327,
            "hero_healing": 0,
            "hero_id": 13,
            "hero_kills": 4,
            "hero_variant": 1,
            "is_roaming": false,
            "item_uses": {
                "blink": 6,
                "bottle": 54,
                "branches": 2,
                "clarity": 2,
                "faerie_fire": 1,
                "famango": 1,
                "magic_wand": 19,
                "power_treads": 2,
                "tango": 3,
                "tpscroll": 7,
                "ward_dispenser": 3,
                "ward_observer": 1,
                "ward_sentry": 1
            },
            "kda": 1.38,
            "kill_streaks": {},
            "kills": 4,
            "kills_per_min": 0.14823965410747375,
            "lane": 2,
            "lane_efficiency": 0.641269199676637,
            "lane_efficiency_pct": 64,
            "lane_kills": 103,
            "lane_role": 2,
            "last_hits": 111,
            "leaver_status": 0,
            "level": 13,
            "life_state": {
                "0": 1379,
                "1": 8,
                "2": 234
            },
            "life_state_dead": 242,
            "lose": 1,
            "multi_kills": {
                "2": 1
            },
            "necronomicon_kills": 0,
            "net_worth": 8452,
            "neutral_kills": 7,
            "obs": {
                "125": {
                    "131": 1
                },
                "127": {
                    "128": 1
                }
            },
            "obs_left_log": [
                {
                    "attackername": "npc_dota_hero_nevermore",
                    "ehandle": 11436101,
                    "entityleft": true,
                    "key": "[127,128]",
                    "player_slot": 129,
                    "slot": 6,
                    "time": 305,
                    "type": "obs_left_log",
                    "x": 126.8,
                    "y": 128.3,
                    "z": 129
                },
                {
                    "attackername": "npc_dota_hero_nevermore",
                    "ehandle": 10109725,
                    "entityleft": true,
                    "key": "[125,131]",
                    "player_slot": 129,
                    "slot": 6,
                    "time": 567,
                    "type": "obs_left_log",
                    "x": 124.5,
                    "y": 130.5,
                    "z": 129
                }
            ],
            "obs_log": [
                {
                    "ehandle": 11436101,
                    "entityleft": false,
                    "key": "[127,128]",
                    "player_slot": 129,
                    "slot": 6,
                    "time": 0,
                    "type": "obs_log",
                    "x": 126.8,
                    "y": 128.3,
                    "z": 129
                },
                {
                    "ehandle": 10109725,
                    "entityleft": false,
                    "key": "[125,131]",
                    "player_slot": 129,
                    "slot": 6,
                    "time": 456,
                    "type": "obs_log",
                    "x": 124.5,
                    "y": 130.5,
                    "z": 129
                }
            ],
            "obs_placed": 2,
            "observer_kills": 1,
            "observer_uses": 1,
            "observers_placed": 2,
            "pings": 5,
            "player_slot": 129,
            "purchase": {
                "blink": 1,
                "blitz_knuckles": 1,
                "boots": 1,
                "bottle": 1,
                "branches": 4,
                "chainmail": 1,
                "circlet": 1,
                "clarity": 2,
                "faerie_fire": 1,
                "gloves": 1,
                "infused_raindrop": 1,
                "magic_stick": 1,
                "magic_wand": 1,
                "mantle": 1,
                "null_talisman": 1,
                "oblivion_staff": 1,
                "power_treads": 1,
                "recipe_magic_wand": 1,
                "recipe_null_talisman": 1,
                "recipe_witch_blade": 1,
                "robe": 2,
                "sobi_mask": 1,
                "tango": 1,
                "tpscroll": 2,
                "ward_dispenser": 1,
                "ward_observer": 2,
                "ward_sentry": 1,
                "witch_blade": 1
            },
            "purchase_tpscroll": 2,
            "purchase_ward_observer": 2,
            "purchase_ward_sentry": 1,
            "rank_tier": null,
            "roshan_kills": 0,
            "rune_pickups": 5,
            "runes": {
                "1": 1,
                "3": 1,
                "7": 3
            },
            "sen": {
                "121": {
                    "126": 1
                }
            },
            "sen_left_log": [
                {
                    "attackername": "npc_dota_hero_keeper_of_the_light",
                    "ehandle": 5637950,
                    "entityleft": true,
                    "key": "[121,126]",
                    "player_slot": 129,
                    "slot": 6,
                    "time": 862,
                    "type": "sen_left_log",
                    "x": 121,
                    "y": 126,
                    "z": 128
                }
            ],
            "sen_log": [
                {
                    "ehandle": 5637950,
                    "entityleft": false,
                    "key": "[121,126]",
                    "player_slot": 129,
                    "slot": 6,
                    "time": 609,
                    "type": "sen_log",
                    "x": 121,
                    "y": 126,
                    "z": 128
                }
            ],
            "sen_placed": 1,
            "sentry_kills": 2,
            "sentry_uses": 1,
            "stuns": 6,
            "teamfight_participation": 0.45833334,
            "total_gold": 10307,
            "total_xp": 10523,
            "tower_damage": 448,
            "tower_kills": 1,
            "win": 0,
            "xp_per_min": 390
        },
        {
            "abandons": 0,
            "account_id": 848484471,
            "actions_per_min": 103,
            "ancient_kills": 0,
            "assists": 13,
            "benchmarks": {
                "gold_per_min": {
                    "pct": 0.12764044943820224,
                    "raw": 432
                },
                "hero_damage_per_min": {
                    "pct": 0.6103370786516854,
                    "raw": 802.5694873378629
                },
                "hero_healing_per_min": {
                    "pct": 0.9415730337078652,
                    "raw": 0
                },
                "kills_per_min": {
                    "pct": 0.4786516853932584,
                    "raw": 0.14823965410747375
                },
                "last_hits_per_min": {
                    "pct": 0.09078651685393259,
                    "raw": 4.52130945027795
                },
                "tower_damage": {
                    "pct": 0.05887640449438202,
                    "raw": 0
                },
                "xp_per_min": {
                    "pct": 0.13348314606741574,
                    "raw": 524
                }
            },
            "buyback_count": 1,
            "camps_stacked": 0,
            "courier_kills": 0,
            "creeps_stacked": 0,
            "deaths": 10,
            "denies": 8,
            "gold": 1069,
            "gold_per_min": 432,
            "gold_spent": 8800,
            "hero_damage": 21656,
            "hero_healing": 0,
            "hero_id": 94,
            "hero_kills": 4,
            "hero_variant": 1,
            "is_roaming": false,
            "item_uses": {
                "arcane_boots": 19,
                "enchanted_mango": 5,
                "magic_wand": 16,
                "manta": 9,
                "tpscroll": 6
            },
            "kda": 1.55,
            "kill_streaks": {
                "3": 1,
                "4": 1
            },
            "kills": 4,
            "kills_per_min": 0.14823965410747375,
            "lane": 3,
            "lane_efficiency": 0.7698059822150364,
            "lane_efficiency_pct": 76,
            "lane_kills": 89,
            "lane_role": 1,
            "last_hits": 122,
            "leaver_status": 0,
            "level": 16,
            "life_state": {
                "0": 1327,
                "1": 37,
                "2": 257
            },
            "life_state_dead": 294,
            "lose": 1,
            "multi_kills": {},
            "necronomicon_kills": 0,
            "net_worth": 9469,
            "neutral_kills": 36,
            "obs": {},
            "obs_left_log": [],
            "obs_log": [],
            "obs_placed": 0,
            "observer_kills": 0,
            "observer_uses": 0,
            "observers_placed": 0,
            "pings": 1,
            "player_slot": 130,
            "purchase": {
                "arcane_boots": 1,
                "belt_of_strength": 1,
                "blade_of_alacrity": 2,
                "boots": 1,
                "boots_of_elves": 1,
                "diadem": 1,
                "dragon_lance": 1,
                "enchanted_mango": 4,
                "magic_wand": 1,
                "manta": 1,
                "recipe_arcane_boots": 1,
                "recipe_dragon_lance": 1,
                "recipe_manta": 1,
                "recipe_ring_of_basilius": 1,
                "recipe_yasha": 1,
                "ring_of_basilius": 1,
                "sobi_mask": 2,
                "yasha": 1
            },
            "rank_tier": 71,
            "roshan_kills": 0,
            "rune_pickups": 2,
            "runes": {
                "5": 2
            },
            "sen": {},
            "sen_left_log": [],
            "sen_log": [],
            "sen_placed": 0,
            "sentry_kills": 0,
            "sentry_uses": 0,
            "stuns": 40.366962,
            "teamfight_participation": 0.6666667,
            "total_gold": 11656,
            "total_xp": 14139,
            "tower_damage": 0,
            "tower_kills": 0,
            "win": 0,
            "xp_per_min": 524
        },
        {
            "abandons": 0,
            "actions_per_min": 120,
            "ancient_kills": 3,
            "assists": 6,
            "benchmarks": {
                "gold_per_min": {
                    "pct": 0.1981279251170047,
                    "raw": 405
                },
                "hero_damage_per_min": {
                    "pct": 0.1856474258970359,
                    "raw": 439.1229153798641
                },
                "hero_healing_per_min": {
                    "pct": 0.84399375975039,
                    "raw": 0
                },
                "kills_per_min": {
                    "pct": 0.21996879875195008,
                    "raw": 0.11117974058060531
                },
                "last_hits_per_min": {
                    "pct": 0.20436817472698907,
                    "raw": 4.002470660901791
                },
                "tower_damage": {
                    "pct": 0.21060842433697347,
                    "raw": 427
                },
                "xp_per_min": {
                    "pct": 0.0904836193447738,
                    "raw": 393
                }
            },
            "buyback_count": 1,
            "camps_stacked": 1,
            "courier_kills": 0,
            "creeps_stacked": 2,
            "deaths": 13,
            "denies": 6,
            "gold": 1054,
            "gold_per_min": 405,
            "gold_spent": 9120,
            "hero_damage": 11849,
            "hero_healing": 0,
            "hero_id": 38,
            "hero_kills": 2,
            "hero_variant": 2,
            "is_roaming": false,
            "item_uses": {
                "arcane_boots": 14,
                "branches": 1,
                "clarity": 1,
                "faerie_fire": 1,
                "magic_stick": 2,
                "magic_wand": 9,
                "tango": 6,
                "tpscroll": 9
            },
            "kda": 0.64,
            "kill_streaks": {},
            "kills": 3,
            "kills_per_min": 0.11117974058060531,
            "lane": 1,
            "lane_efficiency": 0.7661681487469685,
            "lane_efficiency_pct": 76,
            "lane_kills": 63,
            "lane_role": 3,
            "last_hits": 108,
            "leaver_status": 0,
            "level": 13,
            "life_state": {
                "0": 1210,
                "1": 39,
                "2": 372
            },
            "life_state_dead": 411,
            "lose": 1,
            "multi_kills": {},
            "necronomicon_kills": 0,
            "net_worth": 9454,
            "neutral_kills": 46,
            "obs": {},
            "obs_left_log": [],
            "obs_log": [],
            "obs_placed": 0,
            "observer_kills": 0,
            "observer_uses": 0,
            "observers_placed": 0,
            "pings": 4,
            "player_slot": 131,
            "purchase": {
                "arcane_boots": 1,
                "blade_of_alacrity": 1,
                "blink": 1,
                "boots": 1,
                "branches": 3,
                "clarity": 1,
                "faerie_fire": 1,
                "magic_stick": 1,
                "magic_wand": 1,
                "ogre_axe": 1,
                "point_booster": 1,
                "quelling_blade": 1,
                "recipe_arcane_boots": 2,
                "recipe_magic_wand": 1,
                "recipe_ring_of_basilius": 1,
                "ring_of_basilius": 1,
                "sobi_mask": 1,
                "staff_of_wizardry": 1,
                "tango": 2,
                "tpscroll": 1,
                "ultimate_scepter": 1
            },
            "purchase_tpscroll": 1,
            "rank_tier": null,
            "roshan_kills": 0,
            "rune_pickups": 4,
            "runes": {
                "5": 4
            },
            "sen": {},
            "sen_left_log": [],
            "sen_log": [],
            "sen_placed": 0,
            "sentry_kills": 0,
            "sentry_uses": 0,
            "stuns": 33.56653,
            "teamfight_participation": 0.33333334,
            "total_gold": 10928,
            "total_xp": 10604,
            "tower_damage": 427,
            "tower_kills": 0,
            "win": 0,
            "xp_per_min": 393
        },
        {
            "abandons": 0,
            "account_id": 113570084,
            "actions_per_min": 143,
            "ancient_kills": 0,
            "assists": 12,
            "benchmarks": {
                "gold_per_min": {
                    "pct": 0.7668042452830188,
                    "raw": 421
                },
                "hero_damage_per_min": {
                    "pct": 0.6533018867924528,
                    "raw": 420.8153180975911
                },
                "hero_healing_per_min": {
                    "pct": 0.6689268867924528,
                    "raw": 0
                },
                "kills_per_min": {
                    "pct": 0.8808962264150944,
                    "raw": 0.1852995676343422
                },
                "last_hits_per_min": {
                    "pct": 0.5627948113207547,
                    "raw": 1.8900555898702902
                },
                "tower_damage": {
                    "pct": 0.314563679245283,
                    "raw": 936
                },
                "xp_per_min": {
                    "pct": 0.5451061320754716,
                    "raw": 545
                }
            },
            "buyback_count": 1,
            "camps_stacked": 2,
            "courier_kills": 1,
            "creeps_stacked": 5,
            "deaths": 8,
            "denies": 1,
            "gold": 2593,
            "gold_per_min": 421,
            "gold_spent": 7545,
            "hero_damage": 11355,
            "hero_healing": 0,
            "hero_id": 27,
            "hero_kills": 5,
            "hero_variant": 1,
            "is_roaming": true,
            "item_uses": {
                "arcane_boots": 6,
                "blink": 15,
                "blood_grenade": 1,
                "branches": 1,
                "clarity": 1,
                "faerie_fire": 1,
                "famango": 1,
                "magic_wand": 8,
                "smoke_of_deceit": 4,
                "tango": 3,
                "tpscroll": 6,
                "ward_dispenser": 13,
                "ward_observer": 3,
                "ward_sentry": 3
            },
            "kda": 1.89,
            "kill_streaks": {},
            "kills": 5,
            "kills_per_min": 0.1852995676343422,
            "lane": 1,
            "lane_efficiency": 0.5046483427647535,
            "lane_efficiency_pct": 50,
            "lane_kills": 47,
            "lane_role": 3,
            "last_hits": 51,
            "leaver_status": 0,
            "level": 16,
            "life_state": {
                "0": 1367,
                "1": 8,
                "2": 246
            },
            "life_state_dead": 254,
            "lose": 1,
            "multi_kills": {
                "2": 1
            },
            "necronomicon_kills": 0,
            "net_worth": 8968,
            "neutral_kills": 0,
            "obs": {
                "102": {
                    "159": 1
                },
                "122": {
                    "156": 1
                },
                "124": {
                    "131": 1
                },
                "144": {
                    "122": 1
                },
                "158": {
                    "101": 1,
                    "92": 1
                }
            },
            "obs_left_log": [
                {
                    "attackername": "npc_dota_hero_shadow_shaman",
                    "ehandle": 1016185,
                    "entityleft": true,
                    "key": "[158,92]",
                    "player_slot": 132,
                    "slot": 9,
                    "time": 328,
                    "type": "obs_left_log",
                    "x": 158,
                    "y": 92.2,
                    "z": 132.2
                },
                {
                    "attackername": "npc_dota_hero_keeper_of_the_light",
                    "ehandle": 7881556,
                    "entityleft": true,
                    "key": "[124,131]",
                    "player_slot": 132,
                    "slot": 9,
                    "time": 398,
                    "type": "obs_left_log",
                    "x": 124,
                    "y": 131.1,
                    "z": 129
                },
                {
                    "attackername": "npc_dota_hero_shadow_shaman",
                    "ehandle": 5900345,
                    "entityleft": true,
                    "key": "[158,101]",
                    "player_slot": 132,
                    "slot": 9,
                    "time": 930,
                    "type": "obs_left_log",
                    "x": 158,
                    "y": 100.9,
                    "z": 129
                },
                {
                    "attackername": "npc_dota_hero_shadow_shaman",
                    "ehandle": 1934140,
                    "entityleft": true,
                    "key": "[102,159]",
                    "player_slot": 132,
                    "slot": 9,
                    "time": 1228,
                    "type": "obs_left_log",
                    "x": 102.1,
                    "y": 158.9,
                    "z": 130
                },
                {
                    "attackername": "npc_dota_hero_shadow_shaman",
                    "ehandle": 16401100,
                    "entityleft": true,
                    "key": "[122,156]",
                    "player_slot": 132,
                    "slot": 9,
                    "time": 1425,
                    "type": "obs_left_log",
                    "x": 121.8,
                    "y": 156.1,
                    "z": 132.1
                }
            ],
            "obs_log": [
                {
                    "ehandle": 1016185,
                    "entityleft": false,
                    "key": "[158,92]",
                    "player_slot": 132,
                    "slot": 9,
                    "time": -32,
                    "type": "obs_log",
                    "x": 158,
                    "y": 92.2,
                    "z": 132.2
                },
                {
                    "ehandle": 7881556,
                    "entityleft": false,
                    "key": "[124,131]",
                    "player_slot": 132,
                    "slot": 9,
                    "time": 394,
                    "type": "obs_log",
                    "x": 124,
                    "y": 131.1,
                    "z": 129
                },
                {
                    "ehandle": 5900345,
                    "entityleft": false,
                    "key": "[158,101]",
                    "player_slot": 132,
                    "slot": 9,
                    "time": 570,
                    "type": "obs_log",
                    "x": 158,
                    "y": 100.9,
                    "z": 129
                },
                {
                    "ehandle": 1934140,
                    "entityleft": false,
                    "key": "[102,159]",
                    "player_slot": 132,
                    "slot": 9,
                    "time": 868,
                    "type": "obs_log",
                    "x": 102.1,
                    "y": 158.9,
                    "z": 130
                },
                {
                    "ehandle": 16401100,
                    "entityleft": false,
                    "key": "[122,156]",
                    "player_slot": 132,
                    "slot": 9,
                    "time": 1065,
                    "type": "obs_log",
                    "x": 121.8,
                    "y": 156.1,
                    "z": 132.1
                },
                {
                    "ehandle": 6357850,
                    "entityleft": false,
                    "key": "[144,122]",
                    "player_slot": 132,
                    "slot": 9,
                    "time": 1277,
                    "type": "obs_log",
                    "x": 144,
                    "y": 122.1,
                    "z": 132.1
                }
            ],
            "obs_placed": 6,
            "observer_kills": 0,
            "observer_uses": 3,
            "observers_placed": 6,
            "pings": 9,
            "player_slot": 132,
            "purchase": {
                "aether_lens": 1,
                "arcane_boots": 1,
                "blink": 1,
                "blood_grenade": 1,
                "boots": 1,
                "branches": 3,
                "clarity": 1,
                "energy_booster": 1,
                "faerie_fire": 2,
                "magic_stick": 1,
                "magic_wand": 1,
                "recipe_aether_lens": 1,
                "recipe_arcane_boots": 1,
                "recipe_magic_wand": 1,
                "recipe_ring_of_basilius": 1,
                "ring_of_basilius": 1,
                "smoke_of_deceit": 4,
                "sobi_mask": 1,
                "tango": 1,
                "tpscroll": 2,
                "void_stone": 1,
                "ward_dispenser": 11,
                "ward_observer": 6,
                "ward_sentry": 9
            },
            "purchase_tpscroll": 2,
            "purchase_ward_observer": 6,
            "purchase_ward_sentry": 9,
            "rank_tier": 62,
            "roshan_kills": 0,
            "rune_pickups": 2,
            "runes": {
                "5": 1,
                "8": 1
            },
            "sen": {
                "107": {
                    "163": 1
                },
                "116": {
                    "182": 1
                },
                "119": {
                    "160": 1
                },
                "120": {
                    "174": 1
                },
                "122": {
                    "128": 1
                },
                "129": {
                    "117": 1
                },
                "150": {
                    "124": 1
                },
                "158": {
                    "92": 1
                },
                "161": {
                    "98": 1
                },
                "82": {
                    "173": 1
                }
            },
            "sen_left_log": [
                {
                    "attackername": "npc_dota_hero_shadow_shaman",
                    "ehandle": 10044240,
                    "entityleft": true,
                    "key": "[161,98]",
                    "player_slot": 132,
                    "slot": 9,
                    "time": 439,
                    "type": "sen_left_log",
                    "x": 161,
                    "y": 97.8,
                    "z": 129
                },
                {
                    "attackername": "npc_dota_creep_goodguys_flagbearer",
                    "ehandle": 14598347,
                    "entityleft": true,
                    "key": "[122,128]",
                    "player_slot": 132,
                    "slot": 9,
                    "time": 568,
                    "type": "sen_left_log",
                    "x": 122.2,
                    "y": 128,
                    "z": 128
                },
                {
                    "attackername": "npc_dota_hero_shadow_shaman",
                    "ehandle": 1689856,
                    "entityleft": true,
                    "key": "[129,117]",
                    "player_slot": 132,
                    "slot": 9,
                    "time": 679,
                    "type": "sen_left_log",
                    "x": 129.3,
                    "y": 117,
                    "z": 129
                },
                {
                    "attackername": "npc_dota_hero_shadow_shaman",
                    "ehandle": 8028820,
                    "entityleft": true,
                    "key": "[158,92]",
                    "player_slot": 132,
                    "slot": 9,
                    "time": 1007,
                    "type": "sen_left_log",
                    "x": 158,
                    "y": 92,
                    "z": 132.2
                },
                {
                    "attackername": "npc_dota_hero_shadow_shaman",
                    "ehandle": 11961157,
                    "entityleft": true,
                    "key": "[107,163]",
                    "player_slot": 132,
                    "slot": 9,
                    "time": 1284,
                    "type": "sen_left_log",
                    "x": 106.6,
                    "y": 162.9,
                    "z": 130
                },
                {
                    "attackername": "npc_dota_hero_shadow_shaman",
                    "ehandle": 10799067,
                    "entityleft": true,
                    "key": "[120,174]",
                    "player_slot": 132,
                    "slot": 9,
                    "time": 1435,
                    "type": "sen_left_log",
                    "x": 120.3,
                    "y": 174.4,
                    "z": 129
                },
                {
                    "attackername": "npc_dota_hero_shadow_shaman",
                    "ehandle": 1147525,
                    "entityleft": true,
                    "key": "[116,182]",
                    "player_slot": 132,
                    "slot": 9,
                    "time": 1471,
                    "type": "sen_left_log",
                    "x": 116.1,
                    "y": 182.2,
                    "z": 131.1
                },
                {
                    "attackername": "npc_dota_hero_shadow_shaman",
                    "ehandle": 640606,
                    "entityleft": true,
                    "key": "[119,160]",
                    "player_slot": 132,
                    "slot": 9,
                    "time": 1483,
                    "type": "sen_left_log",
                    "x": 118.9,
                    "y": 159.5,
                    "z": 130
                },
                {
                    "attackername": "npc_dota_hero_shadow_shaman",
                    "ehandle": 13140747,
                    "entityleft": true,
                    "key": "[82,173]",
                    "player_slot": 132,
                    "slot": 9,
                    "time": 1638,
                    "type": "sen_left_log",
                    "x": 82.1,
                    "y": 172.8,
                    "z": 129
                },
                {
                    "attackername": "npc_dota_hero_shadow_shaman",
                    "ehandle": 492264,
                    "entityleft": true,
                    "key": "[150,124]",
                    "player_slot": 132,
                    "slot": 9,
                    "time": 1693,
                    "type": "sen_left_log",
                    "x": 150.1,
                    "y": 123.9,
                    "z": 130
                }
            ],
            "sen_log": [
                {
                    "ehandle": 10044240,
                    "entityleft": false,
                    "key": "[161,98]",
                    "player_slot": 132,
                    "slot": 9,
                    "time": 19,
                    "type": "sen_log",
                    "x": 161,
                    "y": 97.8,
                    "z": 129
                },
                {
                    "ehandle": 1689856,
                    "entityleft": false,
                    "key": "[129,117]",
                    "player_slot": 132,
                    "slot": 9,
                    "time": 259,
                    "type": "sen_log",
                    "x": 129.3,
                    "y": 117,
                    "z": 129
                },
                {
                    "ehandle": 14598347,
                    "entityleft": false,
                    "key": "[122,128]",
                    "player_slot": 132,
                    "slot": 9,
                    "time": 395,
                    "type": "sen_log",
                    "x": 122.2,
                    "y": 128,
                    "z": 128
                },
                {
                    "ehandle": 8028820,
                    "entityleft": false,
                    "key": "[158,92]",
                    "player_slot": 132,
                    "slot": 9,
                    "time": 587,
                    "type": "sen_log",
                    "x": 158,
                    "y": 92,
                    "z": 132.2
                },
                {
                    "ehandle": 11961157,
                    "entityleft": false,
                    "key": "[107,163]",
                    "player_slot": 132,
                    "slot": 9,
                    "time": 864,
                    "type": "sen_log",
                    "x": 106.6,
                    "y": 162.9,
                    "z": 130
                },
                {
                    "ehandle": 10799067,
                    "entityleft": false,
                    "key": "[120,174]",
                    "player_slot": 132,
                    "slot": 9,
                    "time": 1015,
                    "type": "sen_log",
                    "x": 120.3,
                    "y": 174.4,
                    "z": 129
                },
                {
                    "ehandle": 1147525,
                    "entityleft": false,
                    "key": "[116,182]",
                    "player_slot": 132,
                    "slot": 9,
                    "time": 1051,
                    "type": "sen_log",
                    "x": 116.1,
                    "y": 182.2,
                    "z": 131.1
                },
                {
                    "ehandle": 640606,
                    "entityleft": false,
                    "key": "[119,160]",
                    "player_slot": 132,
                    "slot": 9,
                    "time": 1063,
                    "type": "sen_log",
                    "x": 118.9,
                    "y": 159.5,
                    "z": 130
                },
                {
                    "ehandle": 13140747,
                    "entityleft": false,
                    "key": "[82,173]",
                    "player_slot": 132,
                    "slot": 9,
                    "time": 1218,
                    "type": "sen_log",
                    "x": 82.1,
                    "y": 172.8,
                    "z": 129
                },
                {
                    "ehandle": 492264,
                    "entityleft": false,
                    "key": "[150,124]",
                    "player_slot": 132,
                    "slot": 9,
                    "time": 1273,
                    "type": "sen_log",
                    "x": 150.1,
                    "y": 123.9,
                    "z": 130
                }
            ],
            "sen_placed": 10,
            "sentry_kills": 3,
            "sentry_uses": 3,
            "stuns": 119.36714,
            "teamfight_participation": 0.6666667,
            "total_gold": 11359,
            "total_xp": 14705,
            "tower_damage": 936,
            "tower_kills": 1,
            "win": 0,
            "xp_per_min": 545
        }
    ],
    "radiant_score": 48,
    "radiant_win": true,
    "replay_url": "http://replay273.valve.net/570/7909338787_712814507.dem.bz2"
}