{
    "dire_score": 20,
    "duration": 1717,
    "lobby_type": 7,
    "match_id": 7909420971,
    "metadata": null,
    "players": [
        {
            "abandons": 0,
            "actions_per_min": 340,
            "ancient_kills": 1,
            "assists": 24,
            "benchmarks": {
                "gold_per_min": {
                    "pct": 0.9049386240365401,
                    "raw": 553
                },
                "hero_damage_per_min": {
                    "pct": 0.8654010847844704,
                    "raw": 807.3267326732673
                },
                "hero_healing_per_min": {
                    "pct": 0.6458749643163003,
                    "raw": 0
                },
                "kills_per_min": {
                    "pct": 0.5254067941764202,
                    "raw": 0.17472335468841002
                },
                "last_hits_per_min": {
                    "pct": 0.894376248929489,
                    "raw": 4.647641234711707
                },
                "tower_damage": {
                    "pct": 0.9840137025406794,
                    "raw": 5273
                },
                "xp_per_min": {
                    "pct": 0.7676277476448758,
                    "raw": 723
                }
            },
            "buyback_count": 0,
            "camps_stacked": 1,
            "courier_kills": 0,
            "creeps_stacked": 3,
            "deaths": 2,
            "denies": 0,
            "gold": 1523,
            "gold_per_min": 553,
            "gold_spent": 14595,
            "hero_damage": 23103,
            "hero_healing": 0,
            "hero_id": 14,
            "hero_kills": 5,
            "hero_variant": 1,
            "is_roaming": false,
            "item_uses": {
                "blink": 24,
                "bottle": 29,
                "bullwhip": 3,
                "clarity": 1,
                "enchanted_mango": 2,
                "famango": 1,
                "flask": 3,
                "phase_boots": 70,
                "shivas_guard": 1,
                "smoke_of_deceit": 1,
                "tango": 3,
                "tpscroll": 2,
                "trusty_shovel": 10,
                "veil_of_discord": 4,
                "ward_observer": 2,
                "ward_sentry": 1
            },
            "kda": 9.67,
            "kill_streaks": {
                "3": 1
            },
            "kills": 5,
            "kills_per_min": 0.17472335468841002,
            "lane": 2,
            "lane_efficiency": 0.8364995957962813,
            "lane_efficiency_pct": 83,
            "lane_kills": 89,
            "lane_role": 2,
            "last_hits": 133,
            "leaver_status": 0,
            "level": 19,
            "life_state": {
                "0": 1645,
                "1": 4,
                "2": 70
            },
            "life_state_dead": 74,
            "lose": 0,
            "multi_kills": {
                "2": 1
            },
            "necronomicon_kills": 0,
            "net_worth": 15978,
            "neutral_kills": 34,
            "obs": {
                "117": {
                    "126": 1
                },
                "127": {
                    "119": 1
                }
            },
            "obs_left_log": [
                {
                    "attackername": "npc_dota_hero_pudge",
                    "ehandle": 246182,
                    "entityleft": true,
                    "key": "[117,126]",
                    "player_slot": 0,
                    "slot": 0,
                    "time": 333,
                    "type": "obs_left_log",
                    "x": 117.2,
                    "y": 126.2,
                    "z": 129
                },
                {
                    "attackername": "npc_dota_hero_pudge",
                    "ehandle": 10881363,
                    "entityleft": true,
                    "key": "[127,119]",
                    "player_slot": 0,
                    "slot": 0,
                    "time": 705,
                    "type": "obs_left_log",
                    "x": 126.9,
                    "y": 118.8,
                    "z": 129
                }
            ],
            "obs_log": [
                {
                    "ehandle": 246182,
                    "entityleft": false,
                    "key": "[117,126]",
                    "player_slot": 0,
                    "slot": 0,
                    "time": -27,
                    "type": "obs_log",
                    "x": 117.2,
                    "y": 126.2,
                    "z": 129
                },
                {
                    "ehandle": 10881363,
                    "entityleft": false,
                    "key": "[127,119]",
                    "player_slot": 0,
                    "slot": 0,
                    "time": 345,
                    "type": "obs_log",
                    "x": 126.9,
                    "y": 118.8,
                    "z": 129
                }
            ],
            "obs_placed": 2,
            "observer_kills": 1,
            "observer_uses": 2,
            "observers_placed": 2,
            "pings": 25,
            "player_slot": 0,
            "purchase": {
                "blade_of_alacrity": 1,
                "blades_of_attack": 1,
                "blink": 1,
                "boots": 1,
                "bottle": 1,
                "bracer": 1,
                "chainmail": 1,
                "clarity": 1,
                "crown": 1,
                "helm_of_iron_will": 1,
                "ogre_axe": 1,
                "phase_boots": 1,
                "platemail": 1,
                "point_booster": 1,
                "recipe_shivas_guard": 1,
                "recipe_veil_of_discord": 1,
                "shivas_guard": 1,
                "smoke_of_deceit": 2,
                "staff_of_wizardry": 1,
                "tango": 1,
                "ultimate_scepter": 1,
                "veil_of_discord": 1,
                "ward_observer": 2,
                "ward_sentry": 1
            },
            "purchase_ward_observer": 2,
            "purchase_ward_sentry": 1,
            "rank_tier": null,
            "roshan_kills": 0,
            "rune_pickups": 6,
            "runes": {
                "0": 1,
                "2": 1,
                "4": 1,
                "5": 2,
                "9": 1
            },
            "sen": {
                "120": {
                    "129": 1
                }
            },
            "sen_left_log": [
                {
                    "attackername": "npc_dota_hero_pudge",
                    "ehandle": 15927532,
                    "entityleft": true,
                    "key": "[120,129]",
                    "player_slot": 0,
                    "slot": 0,
                    "time": 730,
                    "type": "sen_left_log",
                    "x": 119.6,
                    "y": 128.8,
                    "z": 128
                }
            ],
            "sen_log": [
                {
                    "ehandle": 15927532,
                    "entityleft": false,
                    "key": "[120,129]",
                    "player_slot": 0,
                    "slot": 0,
                    "time": 310,
                    "type": "sen_log",
                    "x": 119.6,
                    "y": 128.8,
                    "z": 128
                }
            ],
            "sen_placed": 1,
            "sentry_kills": 0,
            "sentry_uses": 1,
            "stuns": 43.33365,
            "teamfight_participation": 0.6304348,
            "total_gold": 15825,
            "total_xp": 20689,
            "tower_damage": 5273,
            "tower_kills": 2,
            "win": 1,
            "xp_per_min": 723
        },
        {
            "abandons": 0,
            "actions_per_min": 371,
            "ancient_kills": 7,
            "assists": 18,
            "benchmarks": {
                "gold_per_min": {
                    "pct": 0.9852084267144778,
                    "raw": 695
                },
                "hero_damage_per_min": {
                    "pct": 0.5831465710443747,
                    "raw": 664.5428072218987
                },
                "hero_healing_per_min": {
                    "pct": 0.9390407888839085,
                    "raw": 0
                },
                "kills_per_min": {
                    "pct": 0.9964141640519946,
                    "raw": 0.52417006406523
                },
                "last_hits_per_min": {
                    "pct": 0.8095024652622143,
                    "raw": 6.220151426907397
                },
                "tower_damage": {
                    "pct": 0.9798296727924698,
                    "raw": 8700
                },
                "xp_per_min": {
                    "pct": 0.7987449574181981,
                    "raw": 823
                }
            },
            "buyback_count": 0,
            "camps_stacked": 0,
            "courier_kills": 0,
            "creeps_stacked": 0,
            "deaths": 2,
            "denies": 7,
            "gold": 2417,
            "gold_per_min": 695,
            "gold_spent": 18680,
            "hero_damage": 19017,
            "hero_healing": 0,
            "hero_id": 96,
            "hero_kills": 15,
            "hero_variant": 2,
            "is_roaming": false,
            "item_uses": {
                "blade_mail": 9,
                "blink": 21,
                "crimson_guard": 5,
                "famango": 2,
                "great_famango": 1,
                "magic_stick": 2,
                "magic_wand": 2,
                "phase_boots": 81,
                "shivas_guard": 2,
                "tango": 3,
                "tpscroll": 3,
                "veil_of_discord": 4
            },
            "kda": 11,
            "kill_streaks": {
                "10": 1,
                "11": 1,
                "3": 1,
                "4": 1,
                "5": 1,
                "6": 1,
                "7": 1,
                "8": 1,
                "9": 1
            },
            "kills": 15,
            "kills_per_min": 0.52417006406523,
            "lane": 3,
            "lane_efficiency": 0.8953112368633791,
            "lane_efficiency_pct": 89,
            "lane_kills": 131,
            "lane_role": 3,
            "last_hits": 178,
            "leaver_status": 0,
            "level": 20,
            "life_state": {
                "0": 1672,
                "1": 7,
                "2": 40
            },
            "life_state_dead": 47,
            "lose": 0,
            "multi_kills": {
                "2": 3
            },
            "necronomicon_kills": 0,
            "net_worth": 19372,
            "neutral_kills": 39,
            "obs": {},
            "obs_left_log": [],
            "obs_log": [],
            "obs_placed": 0,
            "observer_kills": 1,
            "observer_uses": 0,
            "observers_placed": 0,
            "pings": 12,
            "player_slot": 1,
            "purchase": {
                "aghanims_shard": 1,
                "blade_mail": 1,
                "blades_of_attack": 1,
                "blink": 1,
                "boots": 1,
                "bracer": 3,
                "branches": 2,
                "broadsword": 1,
                "chainmail": 2,
                "circlet": 3,
                "crimson_guard": 1,
                "crown": 1,
                "gauntlets": 3,
                "great_famango": 1,
                "helm_of_iron_will": 2,
                "magic_stick": 1,
                "magic_wand": 1,
                "phase_boots": 1,
                "platemail": 1,
                "recipe_blade_mail": 1,
                "recipe_bracer": 3,
                "recipe_crimson_guard": 1,
                "recipe_magic_wand": 1,
                "recipe_shivas_guard": 1,
                "recipe_veil_of_discord": 1,
                "ring_of_health": 1,
                "ring_of_protection": 1,
                "shivas_guard": 1,
                "tango": 1,
                "tpscroll": 1,
                "vanguard": 1,
                "veil_of_discord": 1,
                "vitality_booster": 1,
                "ward_observer": 1
            },
            "purchase_tpscroll": 1,
            "purchase_ward_observer": 1,
            "rank_tier": null,
            "roshan_kills": 0,
            "rune_pickups": 3,
            "runes": {
                "1": 1,
                "5": 1,
                "8": 1
            },
            "sen": {},
            "sen_left_log": [],
            "sen_log": [],
            "sen_placed": 0,
            "sentry_kills": 0,
            "sentry_uses": 0,
            "stuns": 46.933823,
            "teamfight_participation": 0.7173913,
            "total_gold": 19888,
            "total_xp": 23551,
            "tower_damage": 8700,
            "tower_kills": 5,
            "win": 1,
            "xp_per_min": 823
        },
        {
            "abandons": 0,
            "actions_per_min": 289,
            "ancient_kills": 3,
            "assists": 23,
            "benchmarks": {
                "gold_per_min": {
                    "pct": 0.9126655629139073,
                    "raw": 546
                },
                "hero_damage_per_min": {
                    "pct": 0.8360927152317881,
                    "raw": 923.5527082119977
                },
                "hero_healing_per_min": {
                    "pct": 0.9987582781456954,
                    "raw": 666.5695981362842
                },
                "kills_per_min": {
                    "pct": 0.9751655629139073,
                    "raw": 0.31450203843913804
                },
                "last_hits_per_min": {
                    "pct": 0.6576986754966887,
                    "raw": 3.040186371578334
                },
                "tower_damage": {
                    "pct": 0.8394039735099338,
                    "raw": 6235
                },
                "xp_per_min": {
                    "pct": 0.8956953642384106,
                    "raw": 750
                }
            },
            "buyback_count": 0,
            "camps_stacked": 0,
            "courier_kills": 0,
            "creeps_stacked": 0,
            "deaths": 3,
            "denies": 1,
            "gold": 1549,
            "gold_per_min": 546,
            "gold_spent": 14595,
            "hero_damage": 26429,
            "hero_healing": 19075,
            "hero_id": 37,
            "hero_kills": 9,
            "hero_variant": 2,
            "is_roaming": false,
            "item_uses": {
                "arcane_boots": 20,
                "arcane_ring": 10,
                "blood_grenade": 5,
                "clarity": 3,
                "famango": 1,
                "magic_wand": 3,
                "sphere": 1,
                "tango": 3,
                "tpscroll": 4,
                "ward_dispenser": 26,
                "ward_observer": 2,
                "ward_sentry": 4
            },
            "kda": 8,
            "kill_streaks": {
                "3": 1,
                "4": 1,
                "5": 1,
                "6": 1,
                "7": 1
            },
            "kills": 9,
            "kills_per_min": 0.31450203843913804,
            "lane": 1,
            "lane_efficiency": 0.5588116410670978,
            "lane_efficiency_pct": 55,
            "lane_kills": 49,
            "lane_role": 1,
            "last_hits": 87,
            "leaver_status": 0,
            "level": 20,
            "life_state": {
                "0": 1653,
                "1": 9,
                "2": 57
            },
            "life_state_dead": 66,
            "lose": 0,
            "multi_kills": {
                "2": 1,
                "3": 1
            },
            "necronomicon_kills": 0,
            "net_worth": 16254,
            "neutral_kills": 28,
            "obs": {
                "110": {
                    "128": 1
                },
                "133": {
                    "140": 1,
                    "141": 1
                },
                "147": {
                    "105": 2
                },
                "66": {
                    "142": 2
                }
            },
            "obs_left_log": [
                {
                    "attackername": "npc_dota_hero_warlock",
                    "ehandle": 3951095,
                    "entityleft": true,
                    "key": "[147,105]",
                    "player_slot": 2,
                    "slot": 2,
                    "time": 687,
                    "type": "obs_left_log",
                    "x": 146.5,
                    "y": 105.2,
                    "z": 129
                },
                {
                    "attackername": "npc_dota_hero_warlock",
                    "ehandle": 16220419,
                    "entityleft": true,
                    "key": "[66,142]",
                    "player_slot": 2,
                    "slot": 2,
                    "time": 914,
                    "type": "obs_left_log",
                    "x": 66.3,
                    "y": 142.1,
                    "z": 132.2
                },
                {
                    "attackername": "npc_dota_hero_warlock",
                    "ehandle": 14108702,
                    "entityleft": true,
                    "key": "[133,141]",
                    "player_slot": 2,
                    "slot": 2,
                    "time": 1164,
                    "type": "obs_left_log",
                    "x": 132.5,
                    "y": 140.5,
                    "z": 129
                },
                {
                    "attackername": "npc_dota_hero_warlock",
                    "ehandle": 15501153,
                    "entityleft": true,
                    "key": "[110,128]",
                    "player_slot": 2,
                    "slot": 2,
                    "time": 1301,
                    "type": "obs_left_log",
                    "x": 110.4,
                    "y": 127.7,
                    "z": 129
                },
                {
                    "attackername": "npc_dota_hero_warlock",
                    "ehandle": 12551743,
                    "entityleft": true,
                    "key": "[66,142]",
                    "player_slot": 2,
                    "slot": 2,
                    "time": 1330,
                    "type": "obs_left_log",
                    "x": 66.1,
                    "y": 142.2,
                    "z": 132.2
                },
                {
                    "attackername": "npc_dota_hero_warlock",
                    "ehandle": 2508928,
                    "entityleft": true,
                    "key": "[147,105]",
                    "player_slot": 2,
                    "slot": 2,
                    "time": 1696,
                    "type": "obs_left_log",
                    "x": 146.8,
                    "y": 105.2,
                    "z": 129
                }
            ],
            "obs_log": [
                {
                    "ehandle": 3951095,
                    "entityleft": false,
                    "key": "[147,105]",
                    "player_slot": 2,
                    "slot": 2,
                    "time": 327,
                    "type": "obs_log",
                    "x": 146.5,
                    "y": 105.2,
                    "z": 129
                },
                {
                    "ehandle": 16220419,
                    "entityleft": false,
                    "key": "[66,142]",
                    "player_slot": 2,
                    "slot": 2,
                    "time": 554,
                    "type": "obs_log",
                    "x": 66.3,
                    "y": 142.1,
                    "z": 132.2
                },
                {
                    "ehandle": 14108702,
                    "entityleft": false,
                    "key": "[133,141]",
                    "player_slot": 2,
                    "slot": 2,
                    "time": 804,
                    "type": "obs_log",
                    "x": 132.5,
                    "y": 140.5,
                    "z": 129
                },
                {
                    "ehandle": 15501153,
                    "entityleft": false,
                    "key": "[110,128]",
                    "player_slot": 2,
                    "slot": 2,
                    "time": 941,
                    "type": "obs_log",
                    "x": 110.4,
                    "y": 127.7,
                    "z": 129
                },
                {
                    "ehandle": 12551743,
                    "entityleft": false,
                    "key": "[66,142]",
                    "player_slot": 2,
                    "slot": 2,
                    "time": 970,
                    "type": "obs_log",
                    "x": 66.1,
                    "y": 142.2,
                    "z": 132.2
                },
                {
                    "ehandle": 2508928,
                    "entityleft": false,
                    "key": "[147,105]",
                    "player_slot": 2,
                    "slot": 2,
                    "time": 1336,
                    "type": "obs_log",
                    "x": 146.8,
                    "y": 105.2,
                    "z": 129
                },
                {
                    "ehandle": 13584078,
                    "entityleft": false,
                    "key": "[133,140]",
                    "player_slot": 2,
                    "slot": 2,
                    "time": 1417,
                    "type": "obs_log",
                    "x": 133,
                    "y": 140,
                    "z": 129
                }
            ],
            "obs_placed": 7,
            "observer_kills": 3,
            "observer_uses": 2,
            "observers_placed": 7,
            "pings": 11,
            "player_slot": 2,
            "purchase": {
                "arcane_boots": 1,
                "blade_of_alacrity": 1,
                "blood_grenade": 7,
                "boots": 1,
                "bracer": 1,
                "branches": 2,
                "circlet": 1,
                "clarity": 3,
                "gauntlets": 1,
                "magic_stick": 1,
                "magic_wand": 1,
                "ogre_axe": 1,
                "pers": 1,
                "point_booster": 1,
                "recipe_arcane_boots": 1,
                "recipe_bracer": 1,
                "recipe_magic_wand": 1,
                "recipe_sphere": 1,
                "ring_of_basilius": 1,
                "ring_of_health": 1,
                "sphere": 1,
                "staff_of_wizardry": 1,
                "tango": 1,
                "tiara_of_selemene": 1,
                "tpscroll": 3,
                "ultimate_orb": 1,
                "ultimate_scepter": 1,
                "void_stone": 1,
                "ward_dispenser": 13,
                "ward_observer": 8,
                "ward_sentry": 13
            },
            "purchase_tpscroll": 3,
            "purchase_ward_observer": 8,
            "purchase_ward_sentry": 13,
            "rank_tier": null,
            "roshan_kills": 0,
            "rune_pickups": 6,
            "runes": {
                "5": 6
            },
            "sen": {
                "105": {
                    "161": 1
                },
                "122": {
                    "156": 1
                },
                "136": {
                    "154": 1
                },
                "144": {
                    "122": 2
                },
                "146": {
                    "134": 1
                },
                "158": {
                    "92": 1
                },
                "160": {
                    "157": 1
                },
                "162": {
                    "94": 1
                },
                "164": {
                    "134": 1
                },
                "173": {
                    "88": 2
                },
                "84": {
                    "152": 1
                }
            },
            "sen_left_log": [
                {
                    "attackername": "npc_dota_hero_warlock",
                    "ehandle": 7980707,
                    "entityleft": true,
                    "key": "[173,88]",
                    "player_slot": 2,
                    "slot": 2,
                    "time": 503,
                    "type": "sen_left_log",
                    "x": 173,
                    "y": 87.9,
                    "z": 129
                },
                {
                    "attackername": "npc_dota_hero_warlock",
                    "ehandle": 5032113,
                    "entityleft": true,
                    "key": "[162,94]",
                    "player_slot": 2,
                    "slot": 2,
                    "time": 537,
                    "type": "sen_left_log",
                    "x": 161.8,
                    "y": 93.7,
                    "z": 129
                },
                {
                    "attackername": "npc_dota_hero_warlock",
                    "ehandle": 1935386,
                    "entityleft": true,
                    "key": "[173,88]",
                    "player_slot": 2,
                    "slot": 2,
                    "time": 939,
                    "type": "sen_left_log",
                    "x": 173.3,
                    "y": 87.8,
                    "z": 129
                },
                {
                    "attackername": "npc_dota_hero_silencer",
                    "ehandle": 7276698,
                    "entityleft": true,
                    "key": "[144,122]",
                    "player_slot": 2,
                    "slot": 2,
                    "time": 949,
                    "type": "sen_left_log",
                    "x": 144.1,
                    "y": 121.9,
                    "z": 132.1
                },
                {
                    "attackername": "npc_dota_hero_warlock",
                    "ehandle": 15468697,
                    "entityleft": true,
                    "key": "[84,152]",
                    "player_slot": 2,
                    "slot": 2,
                    "time": 966,
                    "type": "sen_left_log",
                    "x": 83.8,
                    "y": 151.9,
                    "z": 129
                },
                {
                    "attackername": "npc_dota_hero_silencer",
                    "ehandle": 14042513,
                    "entityleft": true,
                    "key": "[105,161]",
                    "player_slot": 2,
                    "slot": 2,
                    "time": 1112,
                    "type": "sen_left_log",
                    "x": 104.6,
                    "y": 160.5,
                    "z": 130
                },
                {
                    "attackername": "npc_dota_hero_warlock",
                    "ehandle": 3525071,
                    "entityleft": true,
                    "key": "[146,134]",
                    "player_slot": 2,
                    "slot": 2,
                    "time": 1117,
                    "type": "sen_left_log",
                    "x": 146,
                    "y": 133.6,
                    "z": 129
                },
                {
                    "attackername": "npc_dota_hero_silencer",
                    "ehandle": 14401653,
                    "entityleft": true,
                    "key": "[164,134]",
                    "player_slot": 2,
                    "slot": 2,
                    "time": 1332,
                    "type": "sen_left_log",
                    "x": 164,
                    "y": 134.1,
                    "z": 132.1
                },
                {
                    "attackername": "npc_dota_hero_warlock",
                    "ehandle": 477212,
                    "entityleft": true,
                    "key": "[122,156]",
                    "player_slot": 2,
                    "slot": 2,
                    "time": 1412,
                    "type": "sen_left_log",
                    "x": 122,
                    "y": 156,
                    "z": 132.1
                },
                {
                    "attackername": "npc_dota_hero_warlock",
                    "ehandle": 12519842,
                    "entityleft": true,
                    "key": "[144,122]",
                    "player_slot": 2,
                    "slot": 2,
                    "time": 1635,
                    "type": "sen_left_log",
                    "x": 144.3,
                    "y": 122.1,
                    "z": 132.1
                },
                {
                    "attackername": "npc_dota_hero_warlock",
                    "ehandle": 6506090,
                    "entityleft": true,
                    "key": "[158,92]",
                    "player_slot": 2,
                    "slot": 2,
                    "time": 1750,
                    "type": "sen_left_log",
                    "x": 158.1,
                    "y": 92.2,
                    "z": 132.2
                },
                {
                    "attackername": "npc_dota_hero_warlock",
                    "ehandle": 6375493,
                    "entityleft": true,
                    "key": "[160,157]",
                    "player_slot": 2,
                    "slot": 2,
                    "time": 1805,
                    "type": "sen_left_log",
                    "x": 160,
                    "y": 156.8,
                    "z": 130
                },
                {
                    "attackername": "npc_dota_hero_warlock",
                    "ehandle": 8735231,
                    "entityleft": true,
                    "key": "[136,154]",
                    "player_slot": 2,
                    "slot": 2,
                    "time": 1852,
                    "type": "sen_left_log",
                    "x": 135.8,
                    "y": 154.1,
                    "z": 131.1
                }
            ],
            "sen_log": [
                {
                    "ehandle": 7980707,
                    "entityleft": false,
                    "key": "[173,88]",
                    "player_slot": 2,
                    "slot": 2,
                    "time": 83,
                    "type": "sen_log",
                    "x": 173,
                    "y": 87.9,
                    "z": 129
                },
                {
                    "ehandle": 5032113,
                    "entityleft": false,
                    "key": "[162,94]",
                    "player_slot": 2,
                    "slot": 2,
                    "time": 117,
                    "type": "sen_log",
                    "x": 161.8,
                    "y": 93.7,
                    "z": 129
                },
                {
                    "ehandle": 1935386,
                    "entityleft": false,
                    "key": "[173,88]",
                    "player_slot": 2,
                    "slot": 2,
                    "time": 518,
                    "type": "sen_log",
                    "x": 173.3,
                    "y": 87.8,
                    "z": 129
                },
                {
                    "ehandle": 15468697,
                    "entityleft": false,
                    "key": "[84,152]",
                    "player_slot": 2,
                    "slot": 2,
                    "time": 546,
                    "type": "sen_log",
                    "x": 83.8,
                    "y": 151.9,
                    "z": 129
                },
                {
                    "ehandle": 3525071,
                    "entityleft": false,
                    "key": "[146,134]",
                    "player_slot": 2,
                    "slot": 2,
                    "time": 697,
                    "type": "sen_log",
                    "x": 146,
                    "y": 133.6,
                    "z": 129
                },
                {
                    "ehandle": 7276698,
                    "entityleft": false,
                    "key": "[144,122]",
                    "player_slot": 2,
                    "slot": 2,
                    "time": 840,
                    "type": "sen_log",
                    "x": 144.1,
                    "y": 121.9,
                    "z": 132.1
                },
                {
                    "ehandle": 14042513,
                    "entityleft": false,
                    "key": "[105,161]",
                    "player_slot": 2,
                    "slot": 2,
                    "time": 985,
                    "type": "sen_log",
                    "x": 104.6,
                    "y": 160.5,
                    "z": 130
                },
                {
                    "ehandle": 477212,
                    "entityleft": false,
                    "key": "[122,156]",
                    "player_slot": 2,
                    "slot": 2,
                    "time": 992,
                    "type": "sen_log",
                    "x": 122,
                    "y": 156,
                    "z": 132.1
                },
                {
                    "ehandle": 14401653,
                    "entityleft": false,
                    "key": "[164,134]",
                    "player_slot": 2,
                    "slot": 2,
                    "time": 1205,
                    "type": "sen_log",
                    "x": 164,
                    "y": 134.1,
                    "z": 132.1
                },
                {
                    "ehandle": 12519842,
                    "entityleft": false,
                    "key": "[144,122]",
                    "player_slot": 2,
                    "slot": 2,
                    "time": 1215,
                    "type": "sen_log",
                    "x": 144.3,
                    "y": 122.1,
                    "z": 132.1
                },
                {
                    "ehandle": 6506090,
                    "entityleft": false,
                    "key": "[158,92]",
                    "player_slot": 2,
                    "slot": 2,
                    "time": 1330,
                    "type": "sen_log",
                    "x": 158.1,
                    "y": 92.2,
                    "z": 132.2
                },
                {
                    "ehandle": 6375493,
                    "entityleft": false,
                    "key": "[160,157]",
                    "player_slot": 2,
                    "slot": 2,
                    "time": 1385,
                    "type": "sen_log",
                    "x": 160,
                    "y": 156.8,
                    "z": 130
                },
                {
                    "ehandle": 8735231,
                    "entityleft": false,
                    "key": "[136,154]",
                    "player_slot": 2,
                    "slot": 2,
                    "time": 1432,
                    "type": "sen_log",
                    "x": 135.8,
                    "y": 154.1,
                    "z": 131.1
                }
            ],
            "sen_placed": 13,
            "sentry_kills": 3,
            "sentry_uses": 4,
            "stuns": 10.400002,
            "teamfight_participation": 0.6956522,
            "total_gold": 15624,
            "total_xp": 21462,
            "tower_damage": 6235,
            "tower_kills": 1,
            "win": 1,
            "xp_per_min": 750
        },
        {
            "abandons": 0,
            "account_id": 328758285,
            "actions_per_min": 314,
            "ancient_kills": 1,
            "assists": 18,
            "benchmarks": {
                "gold_per_min": {
                    "pct": 0.30215081627364604,
                    "raw": 434
                },
                "hero_damage_per_min": {
                    "pct": 0.1720653018916818,
                    "raw": 432.37041351193943
                },
                "hero_healing_per_min": {
                    "pct": 0.9396216636434309,
                    "raw": 4.36808386721025
                },
                "kills_per_min": {
                    "pct": 0.3923296190722985,
                    "raw": 0.17472335468841002
                },
                "last_hits_per_min": {
                    "pct": 0.14304223892200052,
                    "raw": 2.5859056493884682
                },
                "tower_damage": {
                    "pct": 0.5618035760559731,
                    "raw": 3713
                },
                "xp_per_min": {
                    "pct": 0.20497538222337394,
                    "raw": 502
                }
            },
            "buyback_count": 0,
            "camps_stacked": 1,
            "courier_kills": 0,
            "creeps_stacked": 3,
            "deaths": 6,
            "denies": 1,
            "gold": 1800,
            "gold_per_min": 434,
            "gold_spent": 10580,
            "hero_damage": 12373,
            "hero_healing": 125,
            "hero_id": 21,
            "hero_kills": 5,
            "hero_variant": 2,
            "is_roaming": false,
            "item_uses": {
                "arcane_boots": 15,
                "blood_grenade": 2,
                "famango": 1,
                "gungir": 3,
                "magic_wand": 7,
                "rod_of_atos": 2,
                "smoke_of_deceit": 1,
                "tango": 3,
                "tpscroll": 6,
                "ward_observer": 2,
                "ward_sentry": 2
            },
            "kda": 3.29,
            "kill_streaks": {
                "3": 1,
                "4": 1
            },
            "kills": 5,
            "kills_per_min": 0.17472335468841002,
            "lane": 3,
            "lane_efficiency": 0.6350040420371867,
            "lane_efficiency_pct": 63,
            "lane_kills": 50,
            "lane_role": 3,
            "last_hits": 74,
            "leaver_status": 0,
            "level": 16,
            "life_state": {
                "0": 1493,
                "1": 9,
                "2": 217
            },
            "life_state_dead": 226,
            "lose": 0,
            "multi_kills": {
                "2": 1
            },
            "necronomicon_kills": 0,
            "net_worth": 11640,
            "neutral_kills": 22,
            "obs": {
                "156": {
                    "136": 1
                },
                "82": {
                    "170": 1
                }
            },
            "obs_left_log": [
                {
                    "attackername": "npc_dota_hero_windrunner",
                    "ehandle": 12025971,
                    "entityleft": true,
                    "key": "[82,170]",
                    "player_slot": 3,
                    "slot": 3,
                    "time": 442,
                    "type": "obs_left_log",
                    "x": 81.8,
                    "y": 170,
                    "z": 129
                },
                {
                    "attackername": "npc_dota_hero_silencer",
                    "ehandle": 10127389,
                    "entityleft": true,
                    "key": "[156,136]",
                    "player_slot": 3,
                    "slot": 3,
                    "time": 958,
                    "type": "obs_left_log",
                    "x": 155.7,
                    "y": 135.7,
                    "z": 130
                }
            ],
            "obs_log": [
                {
                    "ehandle": 12025971,
                    "entityleft": false,
                    "key": "[82,170]",
                    "player_slot": 3,
                    "slot": 3,
                    "time": 82,
                    "type": "obs_log",
                    "x": 81.8,
                    "y": 170,
                    "z": 129
                },
                {
                    "ehandle": 10127389,
                    "entityleft": false,
                    "key": "[156,136]",
                    "player_slot": 3,
                    "slot": 3,
                    "time": 712,
                    "type": "obs_log",
                    "x": 155.7,
                    "y": 135.7,
                    "z": 130
                }
            ],
            "obs_placed": 2,
            "observer_kills": 0,
            "observer_uses": 2,
            "observers_placed": 2,
            "pings": 29,
            "player_slot": 3,
            "purchase": {
                "aghanims_shard": 1,
                "arcane_boots": 1,
                "blood_grenade": 2,
                "boots": 1,
                "bracer": 2,
                "branches": 2,
                "circlet": 2,
                "dust": 1,
                "gauntlets": 2,
                "gloves": 1,
                "gungir": 1,
                "javelin": 1,
                "maelstrom": 1,
                "magic_stick": 1,
                "magic_wand": 1,
                "mithril_hammer": 1,
                "recipe_arcane_boots": 1,
                "recipe_bracer": 2,
                "recipe_gungir": 2,
                "recipe_magic_wand": 1,
                "recipe_ring_of_basilius": 1,
                "recipe_rod_of_atos": 1,
                "ring_of_basilius": 1,
                "rod_of_atos": 1,
                "smoke_of_deceit": 2,
                "sobi_mask": 1,
                "staff_of_wizardry": 1,
                "tango": 1,
                "tpscroll": 2,
                "vitality_booster": 1,
                "ward_observer": 1,
                "ward_sentry": 2
            },
            "purchase_tpscroll": 2,
            "purchase_ward_observer": 1,
            "purchase_ward_sentry": 2,
            "rank_tier": 63,
            "roshan_kills": 1,
            "rune_pickups": 7,
            "runes": {
                "1": 1,
                "5": 2,
                "6": 2,
                "8": 2
            },
            "sen": {
                "129": {
                    "123": 1
                },
                "98": {
                    "167": 1
                }
            },
            "sen_left_log": [
                {
                    "attackername": "npc_dota_hero_windrunner",
                    "ehandle": 16662946,
                    "entityleft": true,
                    "key": "[129,123]",
                    "player_slot": 3,
                    "slot": 3,
                    "time": 386,
                    "type": "sen_left_log",
                    "x": 129.3,
                    "y": 123.1,
                    "z": 128
                },
                {
                    "attackername": "npc_dota_hero_windrunner",
                    "ehandle": 3508687,
                    "entityleft": true,
                    "key": "[98,167]",
                    "player_slot": 3,
                    "slot": 3,
                    "time": 623,
                    "type": "sen_left_log",
                    "x": 98.2,
                    "y": 167.3,
                    "z": 129
                }
            ],
            "sen_log": [
                {
                    "ehandle": 16662946,
                    "entityleft": false,
                    "key": "[129,123]",
                    "player_slot": 3,
                    "slot": 3,
                    "time": -35,
                    "type": "sen_log",
                    "x": 129.3,
                    "y": 123.1,
                    "z": 128
                },
                {
                    "ehandle": 3508687,
                    "entityleft": false,
                    "key": "[98,167]",
                    "player_slot": 3,
                    "slot": 3,
                    "time": 203,
                    "type": "sen_log",
                    "x": 98.2,
                    "y": 167.3,
                    "z": 129
                }
            ],
            "sen_placed": 2,
            "sentry_kills": 0,
            "sentry_uses": 2,
            "stuns": 34.467373,
            "teamfight_participation": 0.5,
            "total_gold": 12419,
            "total_xp": 14365,
            "tower_damage": 3713,
            "tower_kills": 1,
            "win": 1,
            "xp_per_min": 502
        },
        {
            "abandons": 0,
            "actions_per_min": 153,
            "ancient_kills": 12,
            "assists": 10,
            "benchmarks": {
                "gold_per_min": {
                    "pct": 0.7533414337788579,
                    "raw": 622
                },
                "hero_damage_per_min": {
                    "pct": 0.330498177399757,
                    "raw": 429.3302271403611
                },
                "hero_healing_per_min": {
                    "pct": 0.9696233292831106,
                    "raw": 0
                },
                "kills_per_min": {
                    "pct": 0.8487241798298907,
                    "raw": 0.41933605125218404
                },
                "last_hits_per_min": {
                    "pct": 0.7402794653705954,
                    "raw": 6.359930110658125
                },
                "tower_damage": {
                    "pct": 0.6476306196840826,
                    "raw": 6376
                },
                "xp_per_min": {
                    "pct": 0.34143377885783716,
                    "raw": 631
                }
            },
            "buyback_count": 0,
            "camps_stacked": 0,
            "courier_kills": 1,
            "creeps_stacked": 0,
            "deaths": 7,
            "denies": 7,
            "gold": 1689,
            "gold_per_min": 622,
            "gold_spent": 15680,
            "hero_damage": 12286,
            "hero_healing": 0,
            "hero_id": 93,
            "hero_kills": 12,
            "hero_variant": 1,
            "is_roaming": false,
            "item_uses": {
                "branches": 1,
                "famango": 1,
                "magic_stick": 13,
                "manta": 3,
                "orchid": 2,
                "power_treads": 27,
                "quelling_blade": 20,
                "tango": 6,
                "tpscroll": 8,
                "ward_sentry": 2
            },
            "kda": 2.75,
            "kill_streaks": {
                "3": 2,
                "4": 1
            },
            "kills": 12,
            "kills_per_min": 0.41933605125218404,
            "lane": 1,
            "lane_efficiency": 0.944624090541633,
            "lane_efficiency_pct": 94,
            "lane_kills": 120,
            "lane_role": 1,
            "last_hits": 182,
            "leaver_status": 0,
            "level": 18,
            "life_state": {
                "0": 1490,
                "1": 12,
                "2": 217
            },
            "life_state_dead": 229,
            "lose": 0,
            "multi_kills": {
                "2": 2
            },
            "necronomicon_kills": 0,
            "net_worth": 16989,
            "neutral_kills": 58,
            "obs": {},
            "obs_left_log": [],
            "obs_log": [],
            "obs_placed": 0,
            "observer_kills": 1,
            "observer_uses": 0,
            "observers_placed": 0,
            "pings": 57,
            "player_slot": 4,
            "purchase": {
                "blade_of_alacrity": 1,
                "blitz_knuckles": 1,
                "boots": 1,
                "boots_of_elves": 2,
                "branches": 1,
                "broadsword": 1,
                "cornucopia": 1,
                "diadem": 2,
                "echo_sabre": 1,
                "gloves": 2,
                "harpoon": 1,
                "magic_stick": 1,
                "manta": 1,
                "oblivion_staff": 1,
                "ogre_axe": 1,
                "orb_of_corrosion": 1,
                "orb_of_venom": 1,
                "orchid": 1,
                "power_treads": 1,
                "quelling_blade": 1,
                "recipe_harpoon": 1,
                "recipe_manta": 1,
                "recipe_orchid": 1,
                "recipe_yasha": 1,
                "ring_of_protection": 1,
                "robe": 1,
                "sobi_mask": 1,
                "tango": 2,
                "tpscroll": 1,
                "void_stone": 1,
                "ward_sentry": 2,
                "yasha": 1
            },
            "purchase_tpscroll": 1,
            "purchase_ward_sentry": 2,
            "rank_tier": null,
            "roshan_kills": 0,
            "rune_pickups": 4,
            "runes": {
                "5": 2,
                "8": 2
            },
            "sen": {
                "158": {
                    "92": 1
                },
                "171": {
                    "104": 1
                }
            },
            "sen_left_log": [
                {
                    "attackername": "npc_dota_hero_slark",
                    "ehandle": 6801246,
                    "entityleft": true,
                    "key": "[158,92]",
                    "player_slot": 4,
                    "slot": 4,
                    "time": 1092,
                    "type": "sen_left_log",
                    "x": 157.9,
                    "y": 92.3,
                    "z": 132.2
                },
                {
                    "attackername": "npc_dota_hero_slark",
                    "ehandle": 8997125,
                    "entityleft": true,
                    "key": "[171,104]",
                    "player_slot": 4,
                    "slot": 4,
                    "time": 1163,
                    "type": "sen_left_log",
                    "x": 170.9,
                    "y": 103.6,
                    "z": 129
                }
            ],
            "sen_log": [
                {
                    "ehandle": 6801246,
                    "entityleft": false,
                    "key": "[158,92]",
                    "player_slot": 4,
                    "slot": 4,
                    "time": 672,
                    "type": "sen_log",
                    "x": 157.9,
                    "y": 92.3,
                    "z": 132.2
                },
                {
                    "ehandle": 8997125,
                    "entityleft": false,
                    "key": "[171,104]",
                    "player_slot": 4,
                    "slot": 4,
                    "time": 743,
                    "type": "sen_log",
                    "x": 170.9,
                    "y": 103.6,
                    "z": 129
                }
            ],
            "sen_placed": 2,
            "sentry_kills": 2,
            "sentry_uses": 2,
            "stuns": 0,
            "teamfight_participation": 0.47826087,
            "total_gold": 17799,
            "total_xp": 18057,
            "tower_damage": 6376,
            "tower_kills": 0,
            "win": 1,
            "xp_per_min": 631
        },
        {
            "abandons": 0,
            "account_id": 922430524,
            "actions_per_min": 111,
            "ancient_kills": 9,
            "assists": 3,
            "benchmarks": {
                "gold_per_min": {
                    "pct": 0.19922205310333163,
                    "raw": 468
                },
                "hero_damage_per_min": {
                    "pct": 0.12227295788939624,
                    "raw": 344.03028538147936
                },
                "hero_healing_per_min": {
                    "pct": 0.9670218163368848,
                    "raw": 0
                },
                "kills_per_min": {
                    "pct": 0.25536952477591746,
                    "raw": 0.17472335468841002
                },
                "last_hits_per_min": {
                    "pct": 0.6854388635210553,
                    "raw": 8.072218986604543
                },
                "tower_damage": {
                    "pct": 0.18941315744968712,
                    "raw": 0
                },
                "xp_per_min": {
                    "pct": 0.15474378488077117,
                    "raw": 548
                }
            },
            "buyback_count": 0,
            "camps_stacked": 1,
            "courier_kills": 0,
            "creeps_stacked": 1,
            "deaths": 7,
            "denies": 1,
            "gold": 450,
            "gold_per_min": 468,
            "gold_spent": 12485,
            "hero_damage": 9845,
            "hero_healing": 0,
            "hero_id": 44,
            "hero_kills": 5,
            "hero_variant": 2,
            "is_roaming": false,
            "item_uses": {
                "bfury": 5,
                "black_king_bar": 1,
                "quelling_blade": 6,
                "tango": 6,
                "tango_single": 1,
                "tpscroll": 6,
                "ward_observer": 1
            },
            "kda": 1,
            "kill_streaks": {},
            "kills": 5,
            "kills_per_min": 0.17472335468841002,
            "lane": 3,
            "lane_efficiency": 0.6976556184316896,
            "lane_efficiency_pct": 69,
            "lane_kills": 96,
            "lane_role": 1,
            "last_hits": 231,
            "leaver_status": 0,
            "level": 16,
            "life_state": {
                "0": 1430,
                "1": 34,
                "2": 255
            },
            "life_state_dead": 289,
            "lose": 1,
            "multi_kills": {
                "2": 1
            },
            "necronomicon_kills": 0,
            "net_worth": 12605,
            "neutral_kills": 122,
            "obs": {
                "116": {
                    "182": 1
                }
            },
            "obs_left_log": [
                {
                    "attackername": "npc_dota_hero_phantom_assassin",
                    "ehandle": 9881605,
                    "entityleft": true,
                    "key": "[116,182]",
                    "player_slot": 128,
                    "slot": 5,
                    "time": 1101,
                    "type": "obs_left_log",
                    "x": 115.9,
                    "y": 182.3,
                    "z": 131.1
                }
            ],
            "obs_log": [
                {
                    "ehandle": 9881605,
                    "entityleft": false,
                    "key": "[116,182]",
                    "player_slot": 128,
                    "slot": 5,
                    "time": 741,
                    "type": "obs_log",
                    "x": 115.9,
                    "y": 182.3,
                    "z": 131.1
                }
            ],
            "obs_placed": 1,
            "observer_kills": 0,
            "observer_uses": 1,
            "observers_placed": 1,
            "pings": 16,
            "player_slot": 128,
            "purchase": {
                "bfury": 1,
                "black_king_bar": 1,
                "blade_of_alacrity": 1,
                "boots": 1,
                "boots_of_elves": 2,
                "broadsword": 1,
                "circlet": 1,
                "claymore": 1,
                "cornucopia": 1,
                "gloves": 1,
                "mithril_hammer": 1,
                "ogre_axe": 1,
                "power_treads": 1,
                "quelling_blade": 1,
                "recipe_bfury": 1,
                "recipe_black_king_bar": 1,
                "recipe_wraith_band": 1,
                "recipe_yasha": 1,
                "slippers": 1,
                "tango": 1,
                "tpscroll": 1,
                "ward_observer": 1,
                "wraith_band": 1,
                "yasha": 1
            },
            "purchase_tpscroll": 1,
            "purchase_ward_observer": 1,
            "rank_tier": 64,
            "roshan_kills": 0,
            "rune_pickups": 3,
            "runes": {
                "5": 3
            },
            "sen": {},
            "sen_left_log": [],
            "sen_log": [],
            "sen_placed": 0,
            "sentry_kills": 0,
            "sentry_uses": 0,
            "stuns": 0,
            "teamfight_participation": 0.4,
            "total_gold": 13392,
            "total_xp": 15681,
            "tower_damage": 0,
            "tower_kills": 0,
            "win": 0,
            "xp_per_min": 548
        },
        {
            "abandons": 0,
            "account_id": 168033698,
            "actions_per_min": 170,
            "ancient_kills": 9,
            "assists": 11,
            "benchmarks": {
                "gold_per_min": {
                    "pct": 0.21059602649006623,
                    "raw": 416
                },
                "hero_damage_per_min": {
                    "pct": 0.5273730684326711,
                    "raw": 742.958648806057
                },
                "hero_healing_per_min": {
                    "pct": 0.8810154525386313,
                    "raw": 67.09376820034944
                },
                "kills_per_min": {
                    "pct": 0.16975717439293597,
                    "raw": 0.10483401281304601
                },
                "last_hits_per_min": {
                    "pct": 0.4152317880794702,
                    "raw": 4.228305183459523
                },
                "tower_damage": {
                    "pct": 0.14481236203090508,
                    "raw": 0
                },
                "xp_per_min": {
                    "pct": 0.16114790286975716,
                    "raw": 483
                }
            },
            "buyback_count": 0,
            "camps_stacked": 1,
            "courier_kills": 0,
            "creeps_stacked": 3,
            "deaths": 7,
            "denies": 14,
            "gold": 1115,
            "gold_per_min": 416,
            "gold_spent": 10250,
            "hero_damage": 21261,
            "hero_healing": 1920,
            "hero_id": 104,
            "hero_kills": 3,
            "hero_variant": 1,
            "is_roaming": false,
            "item_uses": {
                "blade_mail": 9,
                "blink": 7,
                "branches": 1,
                "famango": 1,
                "phase_boots": 84,
                "quelling_blade": 10,
                "smoke_of_deceit": 2,
                "tango": 3,
                "tpscroll": 6
            },
            "kda": 1.75,
            "kill_streaks": {},
            "kills": 3,
            "kills_per_min": 0.10483401281304601,
            "lane": 1,
            "lane_efficiency": 0.7916329830234439,
            "lane_efficiency_pct": 79,
            "lane_kills": 88,
            "lane_role": 3,
            "last_hits": 121,
            "leaver_status": 0,
            "level": 15,
            "life_state": {
                "0": 1454,
                "1": 10,
                "2": 255
            },
            "life_state_dead": 265,
            "lose": 1,
            "multi_kills": {},
            "necronomicon_kills": 0,
            "net_worth": 10875,
            "neutral_kills": 39,
            "obs": {},
            "obs_left_log": [],
            "obs_log": [],
            "obs_placed": 0,
            "observer_kills": 0,
            "observer_uses": 0,
            "observers_placed": 0,
            "pings": 35,
            "player_slot": 129,
            "purchase": {
                "blade_mail": 1,
                "blades_of_attack": 1,
                "blink": 1,
                "boots": 1,
                "bracer": 2,
                "branches": 2,
                "broadsword": 1,
                "chainmail": 2,
                "circlet": 2,
                "gauntlets": 2,
                "mithril_hammer": 1,
                "ogre_axe": 1,
                "phase_boots": 1,
                "quelling_blade": 1,
                "recipe_blade_mail": 1,
                "recipe_bracer": 2,
                "smoke_of_deceit": 2,
                "tango": 1,
                "tpscroll": 2
            },
            "purchase_tpscroll": 2,
            "rank_tier": 62,
            "roshan_kills": 0,
            "rune_pickups": 1,
            "runes": {
                "5": 1
            },
            "sen": {},
            "sen_left_log": [],
            "sen_log": [],
            "sen_placed": 0,
            "sentry_kills": 0,
            "sentry_uses": 0,
            "stuns": 10.633423,
            "teamfight_participation": 0.7,
            "total_gold": 11904,
            "total_xp": 13821,
            "tower_damage": 0,
            "tower_kills": 0,
            "win": 0,
            "xp_per_min": 483
        },
        {
            "abandons": 0,
            "actions_per_min": 247,
            "ancient_kills": 0,
            "assists": 7,
            "benchmarks": {
                "gold_per_min": {
                    "pct": 0.027240426371891037,
                    "raw": 212
                },
                "hero_damage_per_min": {
                    "pct": 0.05250690880378997,
                    "raw": 219.83692486895748
                },
                "hero_healing_per_min": {
                    "pct": 0.9289380181602842,
                    "raw": 6.709376820034945
                },
                "kills_per_min": {
                    "pct": 0.23568890643505724,
                    "raw": 0.06988934187536401
                },
                "last_hits_per_min": {
                    "pct": 0.11725227003553099,
                    "raw": 1.0133954571927781
                },
                "tower_damage": {
                    "pct": 0.2005527043031978,
                    "raw": 21
                },
                "xp_per_min": {
                    "pct": 0.01934465061192262,
                    "raw": 224
                }
            },
            "buyback_count": 1,
            "camps_stacked": 0,
            "courier_kills": 0,
            "creeps_stacked": 0,
            "deaths": 11,
            "denies": 2,
            "gold": 441,
            "gold_per_min": 212,
            "gold_spent": 5035,
            "hero_damage": 6291,
            "hero_healing": 192,
            "hero_id": 75,
            "hero_kills": 2,
            "hero_variant": 2,
            "is_roaming": false,
            "item_uses": {
                "arcane_ring": 4,
                "clarity": 1,
                "flask": 1,
                "force_staff": 2,
                "power_treads": 1,
                "tango": 2,
                "tpscroll": 4,
                "ward_dispenser": 22,
                "ward_observer": 3,
                "ward_sentry": 3
            },
            "kda": 0.75,
            "kill_streaks": {},
            "kills": 2,
            "kills_per_min": 0.06988934187536401,
            "lane": 1,
            "lane_efficiency": 0.42259498787388844,
            "lane_efficiency_pct": 42,
            "lane_kills": 26,
            "lane_role": 3,
            "last_hits": 29,
            "leaver_status": 0,
            "level": 10,
            "life_state": {
                "0": 1457,
                "1": 30,
                "2": 232
            },
            "life_state_dead": 262,
            "lose": 1,
            "multi_kills": {},
            "necronomicon_kills": 0,
            "net_worth": 4696,
            "neutral_kills": 0,
            "obs": {
                "103": {
                    "158": 1
                },
                "113": {
                    "162": 1
                },
                "122": {
                    "156": 1
                },
                "144": {
                    "122": 1
                },
                "155": {
                    "136": 1
                },
                "158": {
                    "92": 1
                },
                "164": {
                    "134": 1
                },
                "169": {
                    "91": 1
                }
            },
            "obs_left_log": [
                {
                    "attackername": "npc_dota_hero_silencer",
                    "ehandle": 10305946,
                    "entityleft": true,
                    "key": "[158,92]",
                    "player_slot": 130,
                    "slot": 7,
                    "time": 308,
                    "type": "obs_left_log",
                    "x": 157.8,
                    "y": 92.4,
                    "z": 132.2
                },
                {
                    "attackername": "npc_dota_hero_warlock",
                    "ehandle": 14125365,
                    "entityleft": true,
                    "key": "[169,91]",
                    "player_slot": 130,
                    "slot": 7,
                    "time": 347,
                    "type": "obs_left_log",
                    "x": 169,
                    "y": 90.6,
                    "z": 129
                },
                {
                    "attackername": "npc_dota_hero_silencer",
                    "ehandle": 12339558,
                    "entityleft": true,
                    "key": "[103,158]",
                    "player_slot": 130,
                    "slot": 7,
                    "time": 863,
                    "type": "obs_left_log",
                    "x": 102.8,
                    "y": 157.6,
                    "z": 130
                },
                {
                    "attackername": "npc_dota_hero_centaur",
                    "ehandle": 6456938,
                    "entityleft": true,
                    "key": "[122,156]",
                    "player_slot": 130,
                    "slot": 7,
                    "time": 1000,
                    "type": "obs_left_log",
                    "x": 122.2,
                    "y": 156.1,
                    "z": 132.1
                },
                {
                    "attackername": "npc_dota_hero_warlock",
                    "ehandle": 9029219,
                    "entityleft": true,
                    "key": "[164,134]",
                    "player_slot": 130,
                    "slot": 7,
                    "time": 1207,
                    "type": "obs_left_log",
                    "x": 163.9,
                    "y": 134.1,
                    "z": 132.1
                },
                {
                    "attackername": "npc_dota_hero_warlock",
                    "ehandle": 592288,
                    "entityleft": true,
                    "key": "[144,122]",
                    "player_slot": 130,
                    "slot": 7,
                    "time": 1219,
                    "type": "obs_left_log",
                    "x": 144.3,
                    "y": 122.3,
                    "z": 132.1
                },
                {
                    "attackername": "npc_dota_hero_silencer",
                    "ehandle": 5114033,
                    "entityleft": true,
                    "key": "[113,162]",
                    "player_slot": 130,
                    "slot": 7,
                    "time": 1465,
                    "type": "obs_left_log",
                    "x": 112.8,
                    "y": 161.8,
                    "z": 130
                },
                {
                    "attackername": "npc_dota_hero_silencer",
                    "ehandle": 10110687,
                    "entityleft": true,
                    "key": "[155,136]",
                    "player_slot": 130,
                    "slot": 7,
                    "time": 1695,
                    "type": "obs_left_log",
                    "x": 155.1,
                    "y": 135.5,
                    "z": 130
                }
            ],
            "obs_log": [
                {
                    "ehandle": 10305946,
                    "entityleft": false,
                    "key": "[158,92]",
                    "player_slot": 130,
                    "slot": 7,
                    "time": -52,
                    "type": "obs_log",
                    "x": 157.8,
                    "y": 92.4,
                    "z": 132.2
                },
                {
                    "ehandle": 14125365,
                    "entityleft": false,
                    "key": "[169,91]",
                    "player_slot": 130,
                    "slot": 7,
                    "time": 344,
                    "type": "obs_log",
                    "x": 169,
                    "y": 90.6,
                    "z": 129
                },
                {
                    "ehandle": 12339558,
                    "entityleft": false,
                    "key": "[103,158]",
                    "player_slot": 130,
                    "slot": 7,
                    "time": 503,
                    "type": "obs_log",
                    "x": 102.8,
                    "y": 157.6,
                    "z": 130
                },
                {
                    "ehandle": 9029219,
                    "entityleft": false,
                    "key": "[164,134]",
                    "player_slot": 130,
                    "slot": 7,
                    "time": 876,
                    "type": "obs_log",
                    "x": 163.9,
                    "y": 134.1,
                    "z": 132.1
                },
                {
                    "ehandle": 592288,
                    "entityleft": false,
                    "key": "[144,122]",
                    "player_slot": 130,
                    "slot": 7,
                    "time": 946,
                    "type": "obs_log",
                    "x": 144.3,
                    "y": 122.3,
                    "z": 132.1
                },
                {
                    "ehandle": 6456938,
                    "entityleft": false,
                    "key": "[122,156]",
                    "player_slot": 130,
                    "slot": 7,
                    "time": 996,
                    "type": "obs_log",
                    "x": 122.2,
                    "y": 156.1,
                    "z": 132.1
                },
                {
                    "ehandle": 5114033,
                    "entityleft": false,
                    "key": "[113,162]",
                    "player_slot": 130,
                    "slot": 7,
                    "time": 1105,
                    "type": "obs_log",
                    "x": 112.8,
                    "y": 161.8,
                    "z": 130
                },
                {
                    "ehandle": 10110687,
                    "entityleft": false,
                    "key": "[155,136]",
                    "player_slot": 130,
                    "slot": 7,
                    "time": 1335,
                    "type": "obs_log",
                    "x": 155.1,
                    "y": 135.5,
                    "z": 130
                }
            ],
            "obs_placed": 8,
            "observer_kills": 1,
            "observer_uses": 3,
            "observers_placed": 8,
            "player_slot": 130,
            "purchase": {
                "belt_of_strength": 1,
                "boots": 1,
                "circlet": 1,
                "clarity": 1,
                "flask": 1,
                "fluffy_hat": 1,
                "force_staff": 1,
                "gloves": 1,
                "mantle": 1,
                "null_talisman": 1,
                "power_treads": 1,
                "recipe_force_staff": 1,
                "recipe_null_talisman": 1,
                "staff_of_wizardry": 1,
                "tango": 1,
                "ward_dispenser": 10,
                "ward_observer": 8,
                "ward_sentry": 11
            },
            "purchase_ward_observer": 8,
            "purchase_ward_sentry": 11,
            "rank_tier": null,
            "roshan_kills": 0,
            "rune_pickups": 0,
            "runes": {},
            "sen": {
                "107": {
                    "163": 1
                },
                "108": {
                    "162": 1
                },
                "116": {
                    "158": 1
                },
                "129": {
                    "154": 1
                },
                "151": {
                    "123": 1,
                    "124": 1
                },
                "155": {
                    "128": 1
                },
                "159": {
                    "132": 1
                },
                "164": {
                    "134": 1
                },
                "169": {
                    "153": 1
                },
                "172": {
                    "94": 1
                }
            },
            "sen_left_log": [
                {
                    "attackername": "npc_dota_hero_slark",
                    "ehandle": 13977973,
                    "entityleft": true,
                    "key": "[172,94]",
                    "player_slot": 130,
                    "slot": 7,
                    "time": 348,
                    "type": "sen_left_log",
                    "x": 171.9,
                    "y": 93.6,
                    "z": 129
                },
                {
                    "attackername": "npc_dota_hero_warlock",
                    "ehandle": 4213070,
                    "entityleft": true,
                    "key": "[151,124]",
                    "player_slot": 130,
                    "slot": 7,
                    "time": 842,
                    "type": "sen_left_log",
                    "x": 151.1,
                    "y": 123.5,
                    "z": 130
                },
                {
                    "attackername": "npc_dota_hero_silencer",
                    "ehandle": 13321005,
                    "entityleft": true,
                    "key": "[107,163]",
                    "player_slot": 130,
                    "slot": 7,
                    "time": 921,
                    "type": "sen_left_log",
                    "x": 106.8,
                    "y": 162.6,
                    "z": 130
                },
                {
                    "attackername": "npc_dota_hero_warlock",
                    "ehandle": 14386776,
                    "entityleft": true,
                    "key": "[151,123]",
                    "player_slot": 130,
                    "slot": 7,
                    "time": 1220,
                    "type": "sen_left_log",
                    "x": 150.9,
                    "y": 122.6,
                    "z": 130
                },
                {
                    "attackername": "npc_dota_hero_warlock",
                    "ehandle": 10815044,
                    "entityleft": true,
                    "key": "[159,132]",
                    "player_slot": 130,
                    "slot": 7,
                    "time": 1230,
                    "type": "sen_left_log",
                    "x": 159,
                    "y": 131.9,
                    "z": 130
                },
                {
                    "attackername": "npc_dota_hero_silencer",
                    "ehandle": 1935466,
                    "entityleft": true,
                    "key": "[129,154]",
                    "player_slot": 130,
                    "slot": 7,
                    "time": 1413,
                    "type": "sen_left_log",
                    "x": 128.8,
                    "y": 154.4,
                    "z": 129
                },
                {
                    "attackername": "npc_dota_hero_silencer",
                    "ehandle": 8110828,
                    "entityleft": true,
                    "key": "[116,158]",
                    "player_slot": 130,
                    "slot": 7,
                    "time": 1522,
                    "type": "sen_left_log",
                    "x": 115.8,
                    "y": 157.6,
                    "z": 130
                },
                {
                    "attackername": "npc_dota_hero_silencer",
                    "ehandle": 7145067,
                    "entityleft": true,
                    "key": "[108,162]",
                    "player_slot": 130,
                    "slot": 7,
                    "time": 1529,
                    "type": "sen_left_log",
                    "x": 108.3,
                    "y": 162.4,
                    "z": 130
                },
                {
                    "attackername": "npc_dota_hero_silencer",
                    "ehandle": 14238125,
                    "entityleft": true,
                    "key": "[169,153]",
                    "player_slot": 130,
                    "slot": 7,
                    "time": 1650,
                    "type": "sen_left_log",
                    "x": 169.1,
                    "y": 152.5,
                    "z": 130
                },
                {
                    "attackername": "npc_dota_hero_silencer",
                    "ehandle": 7948095,
                    "entityleft": true,
                    "key": "[164,134]",
                    "player_slot": 130,
                    "slot": 7,
                    "time": 1750,
                    "type": "sen_left_log",
                    "x": 164.1,
                    "y": 134.1,
                    "z": 132.1
                },
                {
                    "attackername": "npc_dota_hero_silencer",
                    "ehandle": 16353500,
                    "entityleft": true,
                    "key": "[155,128]",
                    "player_slot": 130,
                    "slot": 7,
                    "time": 1758,
                    "type": "sen_left_log",
                    "x": 154.8,
                    "y": 127.7,
                    "z": 130
                }
            ],
            "sen_log": [
                {
                    "ehandle": 13977973,
                    "entityleft": false,
                    "key": "[172,94]",
                    "player_slot": 130,
                    "slot": 7,
                    "time": 345,
                    "type": "sen_log",
                    "x": 171.9,
                    "y": 93.6,
                    "z": 129
                },
                {
                    "ehandle": 13321005,
                    "entityleft": false,
                    "key": "[107,163]",
                    "player_slot": 130,
                    "slot": 7,
                    "time": 500,
                    "type": "sen_log",
                    "x": 106.8,
                    "y": 162.6,
                    "z": 130
                },
                {
                    "ehandle": 4213070,
                    "entityleft": false,
                    "key": "[151,124]",
                    "player_slot": 130,
                    "slot": 7,
                    "time": 807,
                    "type": "sen_log",
                    "x": 151.1,
                    "y": 123.5,
                    "z": 130
                },
                {
                    "ehandle": 14386776,
                    "entityleft": false,
                    "key": "[151,123]",
                    "player_slot": 130,
                    "slot": 7,
                    "time": 945,
                    "type": "sen_log",
                    "x": 150.9,
                    "y": 122.6,
                    "z": 130
                },
                {
                    "ehandle": 10815044,
                    "entityleft": false,
                    "key": "[159,132]",
                    "player_slot": 130,
                    "slot": 7,
                    "time": 954,
                    "type": "sen_log",
                    "x": 159,
                    "y": 131.9,
                    "z": 130
                },
                {
                    "ehandle": 1935466,
                    "entityleft": false,
                    "key": "[129,154]",
                    "player_slot": 130,
                    "slot": 7,
                    "time": 993,
                    "type": "sen_log",
                    "x": 128.8,
                    "y": 154.4,
                    "z": 129
                },
                {
                    "ehandle": 8110828,
                    "entityleft": false,
                    "key": "[116,158]",
                    "player_slot": 130,
                    "slot": 7,
                    "time": 1102,
                    "type": "sen_log",
                    "x": 115.8,
                    "y": 157.6,
                    "z": 130
                },
                {
                    "ehandle": 7145067,
                    "entityleft": false,
                    "key": "[108,162]",
                    "player_slot": 130,
                    "slot": 7,
                    "time": 1109,
                    "type": "sen_log",
                    "x": 108.3,
                    "y": 162.4,
                    "z": 130
                },
                {
                    "ehandle": 14238125,
                    "entityleft": false,
                    "key": "[169,153]",
                    "player_slot": 130,
                    "slot": 7,
                    "time": 1230,
                    "type": "sen_log",
                    "x": 169.1,
                    "y": 152.5,
                    "z": 130
                },
                {
                    "ehandle": 7948095,
                    "entityleft": false,
                    "key": "[164,134]",
                    "player_slot": 130,
                    "slot": 7,
                    "time": 1330,
                    "type": "sen_log",
                    "x": 164.1,
                    "y": 134.1,
                    "z": 132.1
                },
                {
                    "ehandle": 16353500,
                    "entityleft": false,
                    "key": "[155,128]",
                    "player_slot": 130,
                    "slot": 7,
                    "time": 1337,
                    "type": "sen_log",
                    "x": 154.8,
                    "y": 127.7,
                    "z": 130
                }
            ],
            "sen_placed": 11,
            "sentry_kills": 3,
            "sentry_uses": 3,
            "stuns": 0,
            "teamfight_participation": 0.45,
            "total_gold": 6066,
            "total_xp": 6410,
            "tower_damage": 21,
            "tower_kills": 0,
            "win": 0,
            "xp_per_min": 224
        },
        {
            "abandons": 0,
            "actions_per_min": 288,
            "ancient_kills": 0,
            "assists": 9,
            "benchmarks": {
                "gold_per_min": {
                    "pct": 0.27486845402154847,
                    "raw": 457
                },
                "hero_damage_per_min": {
                    "pct": 0.5567526935605112,
                    "raw": 871.6948165404775
                },
                "hero_healing_per_min": {
                    "pct": 0.8338762214983714,
                    "raw": 0
                },
                "kills_per_min": {
                    "pct": 0.3470308193435229,
                    "raw": 0.20966802562609202
                },
                "last_hits_per_min": {
                    "pct": 0.5199198195940867,
                    "raw": 5.346534653465346
                },
                "tower_damage": {
                    "pct": 0.08869957404159358,
                    "raw": 0
                },
                "xp_per_min": {
                    "pct": 0.22350288148333752,
                    "raw": 567
                }
            },
            "buyback_count": 1,
            "camps_stacked": 1,
            "courier_kills": 0,
            "creeps_stacked": 1,
            "deaths": 5,
            "denies": 2,
            "gold": 1055,
            "gold_per_min": 457,
            "gold_spent": 10520,
            "hero_damage": 24945,
            "hero_healing": 0,
            "hero_id": 39,
            "hero_kills": 6,
            "hero_variant": 2,
            "is_roaming": false,
            "item_uses": {
                "bottle": 86,
                "branches": 1,
                "dagon": 4,
                "dagon_2": 5,
                "tango": 3,
                "tpscroll": 5,
                "ward_observer": 2
            },
            "kda": 2.5,
            "kill_streaks": {
                "3": 1,
                "4": 1
            },
            "kills": 6,
            "kills_per_min": 0.20966802562609202,
            "lane": 2,
            "lane_efficiency": 0.8288197251414713,
            "lane_efficiency_pct": 82,
            "lane_kills": 97,
            "lane_role": 2,
            "last_hits": 153,
            "leaver_status": 0,
            "level": 17,
            "life_state": {
                "0": 1551,
                "1": 9,
                "2": 159
            },
            "life_state_dead": 168,
            "lose": 1,
            "multi_kills": {},
            "necronomicon_kills": 0,
            "net_worth": 11235,
            "neutral_kills": 46,
            "obs": {
                "121": {
                    "123": 1
                },
                "129": {
                    "126": 1
                }
            },
            "obs_left_log": [
                {
                    "attackername": "npc_dota_hero_slark",
                    "ehandle": 3948958,
                    "entityleft": true,
                    "key": "[129,126]",
                    "player_slot": 131,
                    "slot": 8,
                    "time": -30,
                    "type": "obs_left_log",
                    "x": 128.7,
                    "y": 125.5,
                    "z": 129
                },
                {
                    "attackername": "npc_dota_hero_pudge",
                    "ehandle": 5671297,
                    "entityleft": true,
                    "key": "[121,123]",
                    "player_slot": 131,
                    "slot": 8,
                    "time": 313,
                    "type": "obs_left_log",
                    "x": 120.7,
                    "y": 122.5,
                    "z": 129
                }
            ],
            "obs_log": [
                {
                    "ehandle": 3948958,
                    "entityleft": false,
                    "key": "[129,126]",
                    "player_slot": 131,
                    "slot": 8,
                    "time": -47,
                    "type": "obs_log",
                    "x": 128.7,
                    "y": 125.5,
                    "z": 129
                },
                {
                    "ehandle": 5671297,
                    "entityleft": false,
                    "key": "[121,123]",
                    "player_slot": 131,
                    "slot": 8,
                    "time": 179,
                    "type": "obs_log",
                    "x": 120.7,
                    "y": 122.5,
                    "z": 129
                }
            ],
            "obs_placed": 2,
            "observer_kills": 0,
            "observer_uses": 2,
            "observers_placed": 2,
            "pings": 22,
            "player_slot": 131,
            "purchase": {
                "boots": 1,
                "bottle": 1,
                "branches": 3,
                "circlet": 1,
                "dagon": 1,
                "dagon_2": 1,
                "diadem": 1,
                "gloves": 1,
                "kaya": 1,
                "mantle": 1,
                "null_talisman": 1,
                "pers": 1,
                "power_treads": 1,
                "recipe_dagon": 2,
                "recipe_kaya": 1,
                "recipe_null_talisman": 1,
                "ring_of_health": 1,
                "robe": 2,
                "staff_of_wizardry": 1,
                "tango": 1,
                "tpscroll": 2,
                "void_stone": 1,
                "voodoo_mask": 1,
                "ward_observer": 2
            },
            "purchase_tpscroll": 2,
            "purchase_ward_observer": 2,
            "rank_tier": null,
            "roshan_kills": 0,
            "rune_pickups": 9,
            "runes": {
                "3": 1,
                "5": 4,
                "7": 4
            },
            "sen": {},
            "sen_left_log": [],
            "sen_log": [],
            "sen_placed": 0,
            "sentry_kills": 0,
            "sentry_uses": 0,
            "stuns": 0,
            "teamfight_participation": 0.75,
            "total_gold": 13077,
            "total_xp": 16225,
            "tower_damage": 0,
            "tower_kills": 0,
            "win": 0,
            "xp_per_min": 567
        },
        {
            "abandons": 0,
            "actions_per_min": 132,
            "ancient_kills": 0,
            "assists": 7,
            "benchmarks": {
                "gold_per_min": {
                    "pct": 0.050200803212851405,
                    "raw": 275
                },
                "hero_damage_per_min": {
                    "pct": 0.31827309236947793,
                    "raw": 470.8444962143273
                },
                "hero_healing_per_min": {
                    "pct": 0.5813253012048193,
                    "raw": 112.48689574839837
                },
                "kills_per_min": {
                    "pct": 0.4347389558232932,
                    "raw": 0.13977868375072802
                },
                "last_hits_per_min": {
                    "pct": 0.10742971887550201,
                    "raw": 2.376237623762376
                },
                "tower_damage": {
                    "pct": 0.16566265060240964,
                    "raw": 0
                },
                "xp_per_min": {
                    "pct": 0.07730923694779117,
                    "raw": 327
                }
            },
            "buyback_count": 0,
            "camps_stacked": 0,
            "courier_kills": 0,
            "creeps_stacked": 0,
            "deaths": 16,
            "denies": 4,
            "gold": 679,
            "gold_per_min": 275,
            "gold_spent": 6435,
            "hero_damage": 13474,
            "hero_healing": 3219,
            "hero_id": 135,
            "hero_kills": 4,
            "hero_variant": 2,
            "is_roaming": false,
            "item_uses": {
                "arcane_boots": 12,
                "blood_grenade": 3,
                "famango": 1,
                "seeds_of_serenity": 3,
                "smoke_of_deceit": 1,
                "tango": 6,
                "tpscroll": 9,
                "ward_sentry": 1
            },
            "kda": 0.65,
            "kill_streaks": {},
            "kills": 4,
            "kills_per_min": 0.13977868375072802,
            "lane": 3,
            "lane_efficiency": 0.5086903799514956,
            "lane_efficiency_pct": 50,
            "lane_kills": 45,
            "lane_role": 1,
            "last_hits": 68,
            "leaver_status": 0,
            "level": 12,
            "life_state": {
                "0": 1284,
                "1": 71,
                "2": 364
            },
            "life_state_dead": 435,
            "lose": 1,
            "multi_kills": {},
            "necronomicon_kills": 0,
            "net_worth": 6784,
            "neutral_kills": 17,
            "obs": {},
            "obs_left_log": [],
            "obs_log": [],
            "obs_placed": 0,
            "observer_kills": 0,
            "observer_uses": 0,
            "observers_placed": 0,
            "pings": 23,
            "player_slot": 132,
            "purchase": {
                "arcane_boots": 1,
                "blade_of_alacrity": 1,
                "blood_grenade": 3,
                "boots": 1,
                "bracer": 1,
                "circlet": 1,
                "gauntlets": 1,
                "ogre_axe": 1,
                "point_booster": 1,
                "recipe_arcane_boots": 1,
                "recipe_bracer": 1,
                "recipe_ring_of_basilius": 1,
                "ring_of_basilius": 1,
                "smoke_of_deceit": 1,
                "sobi_mask": 1,
                "staff_of_wizardry": 1,
                "tango": 2,
                "ultimate_scepter": 1,
                "ward_sentry": 1
            },
            "purchase_ward_sentry": 1,
            "rank_tier": null,
            "roshan_kills": 0,
            "rune_pickups": 1,
            "runes": {
                "8": 1
            },
            "sen": {
                "158": {
                    "92": 1
                }
            },
            "sen_left_log": [
                {
                    "attackername": "npc_dota_hero_slark",
                    "ehandle": 14829859,
                    "entityleft": true,
                    "key": "[158,92]",
                    "player_slot": 132,
                    "slot": 9,
                    "time": 673,
                    "type": "sen_left_log",
                    "x": 158,
                    "y": 92.1,
                    "z": 132.2
                }
            ],
            "sen_log": [
                {
                    "ehandle": 14829859,
                    "entityleft": false,
                    "key": "[158,92]",
                    "player_slot": 132,
                    "slot": 9,
                    "time": 570,
                    "type": "sen_log",
                    "x": 158,
                    "y": 92.1,
                    "z": 132.2
                }
            ],
            "sen_placed": 1,
            "sentry_kills": 0,
            "sentry_uses": 1,
            "stuns": 23.33323,
            "teamfight_participation": 0.55,
            "total_gold": 7869,
            "total_xp": 9357,
            "tower_damage": 0,
            "tower_kills": 0,
            "win": 0,
            "xp_per_min": 327
        }
    ],
    "radiant_score": 46,
    "radiant_win": true,
    "replay_url": "http://replay272.valve.net/570/7909420971_418667154.dem.bz2"
}