{
    "dire_score": 23,
    "duration": 1801,
    "lobby_type": 7,
    "match_id": 7909399016,
    "metadata": null,
    "players": [
        {
            "abandons": 0,
            "actions_per_min": 304,
            "ancient_kills": 12,
            "assists": 9,
            "benchmarks": {
                "gold_per_min": {
                    "pct": 0.6005056890012642,
                    "raw": 578
                },
                "hero_damage_per_min": {
                    "pct": 0.7168141592920354,
                    "raw": 650.4719600222099
                },
                "hero_healing_per_min": {
                    "pct": 0.9557522123893806,
                    "raw": 0
                },
                "kills_per_min": {
                    "pct": 0.6662452591656132,
                    "raw": 0.2332037756801777
                },
                "last_hits_per_min": {
                    "pct": 0.5120101137800253,
                    "raw": 6.329816768461966
                },
                "tower_damage": {
                    "pct": 0.5958702064896755,
                    "raw": 4630
                },
                "xp_per_min": {
                    "pct": 0.4673409186683523,
                    "raw": 717
                }
            },
            "buyback_count": 0,
            "camps_stacked": 0,
            "courier_kills": 0,
            "creeps_stacked": 0,
            "deaths": 2,
            "denies": 13,
            "gold": 1242,
            "gold_per_min": 578,
            "gold_spent": 16330,
            "hero_damage": 19525,
            "hero_healing": 0,
            "hero_id": 41,
            "hero_kills": 7,
            "hero_variant": 2,
            "is_roaming": false,
            "item_uses": {
                "branches": 2,
                "magic_stick": 7,
                "mask_of_madness": 17,
                "mjollnir": 2,
                "power_treads": 3,
                "quelling_blade": 6,
                "satanic": 1,
                "tango": 9,
                "tango_single": 1,
                "tpscroll": 5
            },
            "kda": 5.33,
            "kill_streaks": {
                "3": 1,
                "4": 1
            },
            "kills": 7,
            "kills_per_min": 0.2332037756801777,
            "lane": 3,
            "lane_efficiency": 0.7358528698464026,
            "lane_efficiency_pct": 73,
            "lane_kills": 147,
            "lane_role": 3,
            "last_hits": 190,
            "leaver_status": 0,
            "level": 20,
            "life_state": {
                "0": 1704,
                "1": 2,
                "2": 96
            },
            "life_state_dead": 98,
            "lose": 0,
            "multi_kills": {
                "2": 1,
                "3": 1
            },
            "necronomicon_kills": 0,
            "net_worth": 16702,
            "neutral_kills": 42,
            "obs": {},
            "obs_left_log": [],
            "obs_log": [],
            "obs_placed": 0,
            "observer_kills": 0,
            "observer_uses": 0,
            "observers_placed": 0,
            "pings": 21,
            "player_slot": 0,
            "purchase": {
                "aghanims_shard": 1,
                "boots": 1,
                "boots_of_elves": 1,
                "branches": 2,
                "broadsword": 1,
                "circlet": 2,
                "claymore": 1,
                "gloves": 2,
                "hyperstone": 1,
                "javelin": 1,
                "lifesteal": 1,
                "maelstrom": 1,
                "magic_stick": 1,
                "mask_of_madness": 1,
                "mithril_hammer": 1,
                "mjollnir": 1,
                "power_treads": 1,
                "quelling_blade": 1,
                "reaver": 1,
                "recipe_mjollnir": 1,
                "recipe_wraith_band": 2,
                "satanic": 1,
                "slippers": 2,
                "tango": 3,
                "tpscroll": 3,
                "wraith_band": 2
            },
            "purchase_tpscroll": 3,
            "rank_tier": null,
            "roshan_kills": 0,
            "rune_pickups": 4,
            "runes": {
                "1": 1,
                "8": 3
            },
            "sen": {},
            "sen_left_log": [],
            "sen_log": [],
            "sen_placed": 0,
            "sentry_kills": 0,
            "sentry_uses": 0,
            "stuns": 16.500221,
            "teamfight_participation": 0.3478261,
            "total_gold": 17349,
            "total_xp": 21521,
            "tower_damage": 4630,
            "tower_kills": 3,
            "win": 1,
            "xp_per_min": 717
        },
        {
            "abandons": 0,
            "actions_per_min": 337,
            "ancient_kills": 11,
            "assists": 23,
            "benchmarks": {
                "gold_per_min": {
                    "pct": 0.9787341772151898,
                    "raw": 754
                },
                "hero_damage_per_min": {
                    "pct": 0.9934177215189873,
                    "raw": 1568.5619100499723
                },
                "hero_healing_per_min": {
                    "pct": 0.8174683544303798,
                    "raw": 0
                },
                "kills_per_min": {
                    "pct": 0.9896202531645569,
                    "raw": 0.6329816768461966
                },
                "last_hits_per_min": {
                    "pct": 0.82,
                    "raw": 5.5635757912270964
                },
                "tower_damage": {
                    "pct": 0.9888607594936709,
                    "raw": 17118
                },
                "xp_per_min": {
                    "pct": 0.7567088607594936,
                    "raw": 813
                }
            },
            "buyback_count": 0,
            "camps_stacked": 0,
            "courier_kills": 0,
            "creeps_stacked": 0,
            "deaths": 5,
            "denies": 12,
            "gold": 2031,
            "gold_per_min": 754,
            "gold_spent": 20990,
            "hero_damage": 47083,
            "hero_healing": 0,
            "hero_id": 74,
            "hero_kills": 19,
            "hero_variant": 1,
            "is_roaming": false,
            "item_uses": {
                "branches": 1,
                "clarity": 2,
                "enchanted_mango": 1,
                "force_staff": 1,
                "gungir": 8,
                "power_treads": 2,
                "rod_of_atos": 3,
                "tango": 3,
                "tango_single": 1,
                "tpscroll": 6,
                "ward_observer": 2
            },
            "kda": 7,
            "kill_streaks": {
                "10": 1,
                "11": 1,
                "12": 1,
                "13": 1,
                "3": 2,
                "4": 1,
                "5": 1,
                "6": 1,
                "7": 1,
                "8": 1,
                "9": 1
            },
            "kills": 19,
            "kills_per_min": 0.6329816768461966,
            "lane": 2,
            "lane_efficiency": 0.9005658852061439,
            "lane_efficiency_pct": 90,
            "lane_kills": 120,
            "lane_role": 2,
            "last_hits": 167,
            "leaver_status": 0,
            "level": 21,
            "life_state": {
                "0": 1649,
                "1": 22,
                "2": 131
            },
            "life_state_dead": 153,
            "lose": 0,
            "multi_kills": {
                "2": 4,
                "3": 2
            },
            "necronomicon_kills": 0,
            "net_worth": 22211,
            "neutral_kills": 45,
            "obs": {
                "119": {
                    "125": 1
                },
                "120": {
                    "123": 1
                }
            },
            "obs_left_log": [
                {
                    "attackername": "npc_dota_hero_invoker",
                    "ehandle": 5898640,
                    "entityleft": true,
                    "key": "[119,125]",
                    "player_slot": 1,
                    "slot": 1,
                    "time": 309,
                    "type": "obs_left_log",
                    "x": 118.9,
                    "y": 124.8,
                    "z": 129
                },
                {
                    "attackername": "npc_dota_hero_invoker",
                    "ehandle": 16697766,
                    "entityleft": true,
                    "key": "[120,123]",
                    "player_slot": 1,
                    "slot": 1,
                    "time": 728,
                    "type": "obs_left_log",
                    "x": 120.3,
                    "y": 123.1,
                    "z": 129
                }
            ],
            "obs_log": [
                {
                    "ehandle": 5898640,
                    "entityleft": false,
                    "key": "[119,125]",
                    "player_slot": 1,
                    "slot": 1,
                    "time": -51,
                    "type": "obs_log",
                    "x": 118.9,
                    "y": 124.8,
                    "z": 129
                },
                {
                    "ehandle": 16697766,
                    "entityleft": false,
                    "key": "[120,123]",
                    "player_slot": 1,
                    "slot": 1,
                    "time": 368,
                    "type": "obs_log",
                    "x": 120.3,
                    "y": 123.1,
                    "z": 129
                }
            ],
            "obs_placed": 2,
            "observer_kills": 0,
            "observer_uses": 2,
            "observers_placed": 2,
            "pings": 36,
            "player_slot": 1,
            "purchase": {
                "aghanims_shard": 1,
                "belt_of_strength": 2,
                "blade_of_alacrity": 2,
                "blitz_knuckles": 1,
                "boots": 1,
                "branches": 1,
                "chainmail": 1,
                "circlet": 2,
                "clarity": 2,
                "dragon_lance": 1,
                "enchanted_mango": 1,
                "fluffy_hat": 1,
                "force_staff": 1,
                "gloves": 2,
                "gungir": 1,
                "hurricane_pike": 1,
                "javelin": 1,
                "maelstrom": 1,
                "mantle": 1,
                "mithril_hammer": 1,
                "null_talisman": 1,
                "oblivion_staff": 1,
                "ogre_axe": 1,
                "point_booster": 1,
                "power_treads": 1,
                "recipe_dragon_lance": 1,
                "recipe_force_staff": 1,
                "recipe_gungir": 1,
                "recipe_hurricane_pike": 1,
                "recipe_null_talisman": 1,
                "recipe_rod_of_atos": 1,
                "recipe_witch_blade": 1,
                "recipe_wraith_band": 1,
                "robe": 1,
                "rod_of_atos": 1,
                "slippers": 1,
                "sobi_mask": 1,
                "staff_of_wizardry": 3,
                "tango": 1,
                "ultimate_scepter": 1,
                "vitality_booster": 1,
                "ward_observer": 2,
                "witch_blade": 1,
                "wraith_band": 1
            },
            "purchase_ward_observer": 2,
            "rank_tier": null,
            "roshan_kills": 0,
            "rune_pickups": 1,
            "runes": {
                "4": 1
            },
            "sen": {},
            "sen_left_log": [],
            "sen_log": [],
            "sen_placed": 0,
            "sentry_kills": 1,
            "sentry_uses": 0,
            "stuns": 64.99892,
            "teamfight_participation": 0.9130435,
            "total_gold": 22632,
            "total_xp": 24403,
            "tower_damage": 17118,
            "tower_kills": 3,
            "win": 1,
            "xp_per_min": 813
        },
        {
            "abandons": 0,
            "account_id": 47619875,
            "actions_per_min": 161,
            "ancient_kills": 0,
            "assists": 21,
            "benchmarks": {
                "gold_per_min": {
                    "pct": 0.6698113207547169,
                    "raw": 399
                },
                "hero_damage_per_min": {
                    "pct": 0.1963443396226415,
                    "raw": 253.02609661299277
                },
                "hero_healing_per_min": {
                    "pct": 0.8484669811320755,
                    "raw": 6.496390893947807
                },
                "kills_per_min": {
                    "pct": 0.7255306603773585,
                    "raw": 0.13325930038867298
                },
                "last_hits_per_min": {
                    "pct": 0.5521816037735849,
                    "raw": 1.8656302054414216
                },
                "tower_damage": {
                    "pct": 0.7694575471698113,
                    "raw": 5362
                },
                "xp_per_min": {
                    "pct": 0.578125,
                    "raw": 560
                }
            },
            "buyback_count": 0,
            "camps_stacked": 1,
            "courier_kills": 1,
            "creeps_stacked": 2,
            "deaths": 5,
            "denies": 7,
            "gold": 2465,
            "gold_per_min": 399,
            "gold_spent": 9945,
            "hero_damage": 7595,
            "hero_healing": 195,
            "hero_id": 27,
            "hero_kills": 4,
            "hero_variant": 1,
            "is_roaming": false,
            "item_uses": {
                "arcane_boots": 12,
                "blink": 4,
                "blood_grenade": 2,
                "enchanted_mango": 1,
                "faerie_fire": 1,
                "famango": 2,
                "flask": 1,
                "force_staff": 9,
                "glimmer_cape": 2,
                "magic_wand": 16,
                "smoke_of_deceit": 1,
                "tango": 3,
                "tpscroll": 5,
                "ward_dispenser": 18,
                "ward_observer": 1,
                "ward_sentry": 8
            },
            "kda": 4.17,
            "kill_streaks": {},
            "kills": 4,
            "kills_per_min": 0.13325930038867295,
            "lane": 1,
            "lane_efficiency": 0.47291835084882783,
            "lane_efficiency_pct": 47,
            "lane_kills": 49,
            "lane_role": 1,
            "last_hits": 56,
            "leaver_status": 0,
            "level": 17,
            "life_state": {
                "0": 1667,
                "1": 6,
                "2": 129
            },
            "life_state_dead": 135,
            "lose": 0,
            "multi_kills": {},
            "necronomicon_kills": 0,
            "net_worth": 11265,
            "neutral_kills": 3,
            "obs": {
                "125": {
                    "120": 1
                },
                "134": {
                    "92": 1
                },
                "158": {
                    "92": 1
                },
                "159": {
                    "122": 1
                },
                "164": {
                    "134": 1
                },
                "174": {
                    "94": 1
                },
                "176": {
                    "99": 1
                }
            },
            "obs_left_log": [
                {
                    "attackername": "npc_dota_hero_shadow_shaman",
                    "ehandle": 9585044,
                    "entityleft": true,
                    "key": "[158,92]",
                    "player_slot": 2,
                    "slot": 2,
                    "time": 319,
                    "type": "obs_left_log",
                    "x": 158.4,
                    "y": 92.1,
                    "z": 132.2
                },
                {
                    "attackername": "npc_dota_hero_shadow_shaman",
                    "ehandle": 10242107,
                    "entityleft": true,
                    "key": "[174,94]",
                    "player_slot": 2,
                    "slot": 2,
                    "time": 762,
                    "type": "obs_left_log",
                    "x": 174.4,
                    "y": 94.3,
                    "z": 129
                },
                {
                    "attackername": "npc_dota_hero_shadow_shaman",
                    "ehandle": 7259670,
                    "entityleft": true,
                    "key": "[176,99]",
                    "player_slot": 2,
                    "slot": 2,
                    "time": 1247,
                    "type": "obs_left_log",
                    "x": 176,
                    "y": 98.7,
                    "z": 129
                },
                {
                    "attackername": "npc_dota_hero_shadow_shaman",
                    "ehandle": 13011145,
                    "entityleft": true,
                    "key": "[134,92]",
                    "player_slot": 2,
                    "slot": 2,
                    "time": 1366,
                    "type": "obs_left_log",
                    "x": 134.3,
                    "y": 92.2,
                    "z": 132.2
                },
                {
                    "attackername": "npc_dota_hero_shadow_shaman",
                    "ehandle": 10733664,
                    "entityleft": true,
                    "key": "[125,120]",
                    "player_slot": 2,
                    "slot": 2,
                    "time": 1458,
                    "type": "obs_left_log",
                    "x": 125.4,
                    "y": 119.8,
                    "z": 129
                }
            ],
            "obs_log": [
                {
                    "ehandle": 9585044,
                    "entityleft": false,
                    "key": "[158,92]",
                    "player_slot": 2,
                    "slot": 2,
                    "time": -41,
                    "type": "obs_log",
                    "x": 158.4,
                    "y": 92.1,
                    "z": 132.2
                },
                {
                    "ehandle": 10242107,
                    "entityleft": false,
                    "key": "[174,94]",
                    "player_slot": 2,
                    "slot": 2,
                    "time": 402,
                    "type": "obs_log",
                    "x": 174.4,
                    "y": 94.3,
                    "z": 129
                },
                {
                    "ehandle": 7259670,
                    "entityleft": false,
                    "key": "[176,99]",
                    "player_slot": 2,
                    "slot": 2,
                    "time": 887,
                    "type": "obs_log",
                    "x": 176,
                    "y": 98.7,
                    "z": 129
                },
                {
                    "ehandle": 13011145,
                    "entityleft": false,
                    "key": "[134,92]",
                    "player_slot": 2,
                    "slot": 2,
                    "time": 1006,
                    "type": "obs_log",
                    "x": 134.3,
                    "y": 92.2,
                    "z": 132.2
                },
                {
                    "ehandle": 10733664,
                    "entityleft": false,
                    "key": "[125,120]",
                    "player_slot": 2,
                    "slot": 2,
                    "time": 1098,
                    "type": "obs_log",
                    "x": 125.4,
                    "y": 119.8,
                    "z": 129
                },
                {
                    "ehandle": 4146759,
                    "entityleft": false,
                    "key": "[164,134]",
                    "player_slot": 2,
                    "slot": 2,
                    "time": 1460,
                    "type": "obs_log",
                    "x": 163.9,
                    "y": 133.9,
                    "z": 132.1
                },
                {
                    "ehandle": 6193978,
                    "entityleft": false,
                    "key": "[159,122]",
                    "player_slot": 2,
                    "slot": 2,
                    "time": 1472,
                    "type": "obs_log",
                    "x": 158.8,
                    "y": 122.4,
                    "z": 130
                }
            ],
            "obs_placed": 7,
            "observer_kills": 1,
            "observer_uses": 1,
            "observers_placed": 7,
            "pings": 11,
            "player_slot": 2,
            "purchase": {
                "arcane_boots": 1,
                "blink": 1,
                "blood_grenade": 2,
                "boots": 1,
                "branches": 2,
                "cloak": 1,
                "enchanted_mango": 1,
                "faerie_fire": 1,
                "flask": 1,
                "fluffy_hat": 1,
                "force_staff": 1,
                "glimmer_cape": 1,
                "magic_stick": 1,
                "magic_wand": 1,
                "recipe_arcane_boots": 1,
                "recipe_force_staff": 1,
                "recipe_glimmer_cape": 1,
                "recipe_magic_wand": 1,
                "recipe_ring_of_basilius": 1,
                "ring_of_basilius": 1,
                "shadow_amulet": 1,
                "smoke_of_deceit": 1,
                "sobi_mask": 2,
                "staff_of_wizardry": 1,
                "tango": 1,
                "tpscroll": 1,
                "ward_dispenser": 8,
                "ward_observer": 7,
                "ward_sentry": 12,
                "wind_lace": 1
            },
            "purchase_tpscroll": 1,
            "purchase_ward_observer": 7,
            "purchase_ward_sentry": 12,
            "rank_tier": 53,
            "roshan_kills": 1,
            "rune_pickups": 6,
            "runes": {
                "5": 6
            },
            "sen": {
                "128": {
                    "121": 1
                },
                "136": {
                    "94": 1
                },
                "144": {
                    "122": 1
                },
                "154": {
                    "163": 1
                },
                "158": {
                    "92": 2
                },
                "159": {
                    "131": 1,
                    "157": 1,
                    "83": 1
                },
                "162": {
                    "100": 1
                },
                "171": {
                    "92": 1
                },
                "189": {
                    "131": 1
                }
            },
            "sen_left_log": [
                {
                    "attackername": "npc_dota_hero_shadow_shaman",
                    "ehandle": 3557535,
                    "entityleft": true,
                    "key": "[159,83]",
                    "player_slot": 2,
                    "slot": 2,
                    "time": 550,
                    "type": "sen_left_log",
                    "x": 158.7,
                    "y": 82.7,
                    "z": 129
                },
                {
                    "attackername": "npc_dota_hero_shadow_shaman",
                    "ehandle": 12355822,
                    "entityleft": true,
                    "key": "[162,100]",
                    "player_slot": 2,
                    "slot": 2,
                    "time": 571,
                    "type": "sen_left_log",
                    "x": 162.4,
                    "y": 99.8,
                    "z": 129
                },
                {
                    "attackername": "npc_dota_hero_shadow_shaman",
                    "ehandle": 8553235,
                    "entityleft": true,
                    "key": "[171,92]",
                    "player_slot": 2,
                    "slot": 2,
                    "time": 793,
                    "type": "sen_left_log",
                    "x": 170.8,
                    "y": 92.3,
                    "z": 129
                },
                {
                    "attackername": "npc_dota_hero_omniknight",
                    "ehandle": 14256460,
                    "entityleft": true,
                    "key": "[158,92]",
                    "player_slot": 2,
                    "slot": 2,
                    "time": 983,
                    "type": "sen_left_log",
                    "x": 158.2,
                    "y": 92.1,
                    "z": 132.2
                },
                {
                    "attackername": "npc_dota_hero_shadow_shaman",
                    "ehandle": 9553604,
                    "entityleft": true,
                    "key": "[136,94]",
                    "player_slot": 2,
                    "slot": 2,
                    "time": 1426,
                    "type": "sen_left_log",
                    "x": 135.7,
                    "y": 93.6,
                    "z": 130
                },
                {
                    "attackername": "npc_dota_hero_shadow_shaman",
                    "ehandle": 16221876,
                    "entityleft": true,
                    "key": "[128,121]",
                    "player_slot": 2,
                    "slot": 2,
                    "time": 1516,
                    "type": "sen_left_log",
                    "x": 128.1,
                    "y": 121.2,
                    "z": 128
                },
                {
                    "attackername": "npc_dota_hero_shadow_shaman",
                    "ehandle": 2639576,
                    "entityleft": true,
                    "key": "[158,92]",
                    "player_slot": 2,
                    "slot": 2,
                    "time": 1593,
                    "type": "sen_left_log",
                    "x": 157.9,
                    "y": 92,
                    "z": 132.2
                },
                {
                    "attackername": "npc_dota_hero_shadow_shaman",
                    "ehandle": 12536046,
                    "entityleft": true,
                    "key": "[159,131]",
                    "player_slot": 2,
                    "slot": 2,
                    "time": 1878,
                    "type": "sen_left_log",
                    "x": 158.6,
                    "y": 130.6,
                    "z": 130
                },
                {
                    "attackername": "npc_dota_hero_shadow_shaman",
                    "ehandle": 2835282,
                    "entityleft": true,
                    "key": "[144,122]",
                    "player_slot": 2,
                    "slot": 2,
                    "time": 1887,
                    "type": "sen_left_log",
                    "x": 144.3,
                    "y": 122.1,
                    "z": 132.1
                }
            ],
            "sen_log": [
                {
                    "ehandle": 3557535,
                    "entityleft": false,
                    "key": "[159,83]",
                    "player_slot": 2,
                    "slot": 2,
                    "time": 130,
                    "type": "sen_log",
                    "x": 158.7,
                    "y": 82.7,
                    "z": 129
                },
                {
                    "ehandle": 12355822,
                    "entityleft": false,
                    "key": "[162,100]",
                    "player_slot": 2,
                    "slot": 2,
                    "time": 150,
                    "type": "sen_log",
                    "x": 162.4,
                    "y": 99.8,
                    "z": 129
                },
                {
                    "ehandle": 8553235,
                    "entityleft": false,
                    "key": "[171,92]",
                    "player_slot": 2,
                    "slot": 2,
                    "time": 373,
                    "type": "sen_log",
                    "x": 170.8,
                    "y": 92.3,
                    "z": 129
                },
                {
                    "ehandle": 14256460,
                    "entityleft": false,
                    "key": "[158,92]",
                    "player_slot": 2,
                    "slot": 2,
                    "time": 699,
                    "type": "sen_log",
                    "x": 158.2,
                    "y": 92.1,
                    "z": 132.2
                },
                {
                    "ehandle": 9553604,
                    "entityleft": false,
                    "key": "[136,94]",
                    "player_slot": 2,
                    "slot": 2,
                    "time": 1006,
                    "type": "sen_log",
                    "x": 135.7,
                    "y": 93.6,
                    "z": 130
                },
                {
                    "ehandle": 16221876,
                    "entityleft": false,
                    "key": "[128,121]",
                    "player_slot": 2,
                    "slot": 2,
                    "time": 1096,
                    "type": "sen_log",
                    "x": 128.1,
                    "y": 121.2,
                    "z": 128
                },
                {
                    "ehandle": 2639576,
                    "entityleft": false,
                    "key": "[158,92]",
                    "player_slot": 2,
                    "slot": 2,
                    "time": 1173,
                    "type": "sen_log",
                    "x": 157.9,
                    "y": 92,
                    "z": 132.2
                },
                {
                    "ehandle": 12536046,
                    "entityleft": false,
                    "key": "[159,131]",
                    "player_slot": 2,
                    "slot": 2,
                    "time": 1458,
                    "type": "sen_log",
                    "x": 158.6,
                    "y": 130.6,
                    "z": 130
                },
                {
                    "ehandle": 2835282,
                    "entityleft": false,
                    "key": "[144,122]",
                    "player_slot": 2,
                    "slot": 2,
                    "time": 1467,
                    "type": "sen_log",
                    "x": 144.3,
                    "y": 122.1,
                    "z": 132.1
                },
                {
                    "ehandle": 11094970,
                    "entityleft": false,
                    "key": "[189,131]",
                    "player_slot": 2,
                    "slot": 2,
                    "time": 1563,
                    "type": "sen_log",
                    "x": 188.8,
                    "y": 130.7,
                    "z": 130
                },
                {
                    "ehandle": 12454585,
                    "entityleft": false,
                    "key": "[159,157]",
                    "player_slot": 2,
                    "slot": 2,
                    "time": 1670,
                    "type": "sen_log",
                    "x": 159.3,
                    "y": 157.1,
                    "z": 130
                },
                {
                    "ehandle": 13945775,
                    "entityleft": false,
                    "key": "[154,163]",
                    "player_slot": 2,
                    "slot": 2,
                    "time": 1692,
                    "type": "sen_log",
                    "x": 153.6,
                    "y": 163.3,
                    "z": 130
                }
            ],
            "sen_placed": 12,
            "sentry_kills": 5,
            "sentry_uses": 8,
            "stuns": 104.13335,
            "teamfight_participation": 0.54347825,
            "total_gold": 11976,
            "total_xp": 16809,
            "tower_damage": 5362,
            "tower_kills": 2,
            "win": 1,
            "xp_per_min": 560
        },
        {
            "abandons": 0,
            "actions_per_min": 362,
            "ancient_kills": 7,
            "assists": 23,
            "benchmarks": {
                "gold_per_min": {
                    "pct": 0.8791593695271454,
                    "raw": 536
                },
                "hero_damage_per_min": {
                    "pct": 0.8931698774080561,
                    "raw": 855.6246529705719
                },
                "hero_healing_per_min": {
                    "pct": 0.6437536485697607,
                    "raw": 0
                },
                "kills_per_min": {
                    "pct": 0.7062171628721541,
                    "raw": 0.2332037756801777
                },
                "last_hits_per_min": {
                    "pct": 0.8159661412726211,
                    "raw": 3.9311493614658524
                },
                "tower_damage": {
                    "pct": 0.9557793345008757,
                    "raw": 4057
                },
                "xp_per_min": {
                    "pct": 0.6009924109748979,
                    "raw": 623
                }
            },
            "buyback_count": 0,
            "camps_stacked": 0,
            "courier_kills": 0,
            "creeps_stacked": 0,
            "deaths": 3,
            "denies": 6,
            "gold": 3600,
            "gold_per_min": 536,
            "gold_spent": 12885,
            "hero_damage": 25683,
            "hero_healing": 0,
            "hero_id": 14,
            "hero_kills": 7,
            "hero_variant": 1,
            "is_roaming": false,
            "item_uses": {
                "branches": 1,
                "clarity": 1,
                "enchanted_mango": 3,
                "faerie_fire": 1,
                "famango": 5,
                "ironwood_tree": 1,
                "phase_boots": 102,
                "shivas_guard": 2,
                "smoke_of_deceit": 1,
                "tango": 3,
                "tango_single": 2,
                "tpscroll": 6,
                "veil_of_discord": 2,
                "ward_dispenser": 8,
                "ward_observer": 1,
                "ward_sentry": 1
            },
            "kda": 7.5,
            "kill_streaks": {
                "3": 1,
                "4": 1,
                "5": 1
            },
            "kills": 7,
            "kills_per_min": 0.2332037756801777,
            "lane": 1,
            "lane_efficiency": 0.721503637833468,
            "lane_efficiency_pct": 72,
            "lane_kills": 85,
            "lane_role": 1,
            "last_hits": 118,
            "leaver_status": 0,
            "level": 18,
            "life_state": {
                "0": 1723,
                "1": 4,
                "2": 75
            },
            "life_state_dead": 79,
            "lose": 0,
            "multi_kills": {},
            "necronomicon_kills": 0,
            "net_worth": 15585,
            "neutral_kills": 30,
            "obs": {
                "116": {
                    "130": 1
                },
                "158": {
                    "92": 1
                }
            },
            "obs_left_log": [
                {
                    "attackername": "npc_dota_hero_omniknight",
                    "ehandle": 641139,
                    "entityleft": true,
                    "key": "[158,92]",
                    "player_slot": 3,
                    "slot": 3,
                    "time": 981,
                    "type": "obs_left_log",
                    "x": 157.8,
                    "y": 92,
                    "z": 132.2
                },
                {
                    "attackername": "npc_dota_hero_death_prophet",
                    "ehandle": 11929813,
                    "entityleft": true,
                    "key": "[116,130]",
                    "player_slot": 3,
                    "slot": 3,
                    "time": 1361,
                    "type": "obs_left_log",
                    "x": 116,
                    "y": 129.7,
                    "z": 129
                }
            ],
            "obs_log": [
                {
                    "ehandle": 641139,
                    "entityleft": false,
                    "key": "[158,92]",
                    "player_slot": 3,
                    "slot": 3,
                    "time": 748,
                    "type": "obs_log",
                    "x": 157.8,
                    "y": 92,
                    "z": 132.2
                },
                {
                    "ehandle": 11929813,
                    "entityleft": false,
                    "key": "[116,130]",
                    "player_slot": 3,
                    "slot": 3,
                    "time": 1237,
                    "type": "obs_log",
                    "x": 116,
                    "y": 129.7,
                    "z": 129
                }
            ],
            "obs_placed": 2,
            "observer_kills": 1,
            "observer_uses": 1,
            "observers_placed": 2,
            "pings": 16,
            "player_slot": 3,
            "purchase": {
                "blade_of_alacrity": 1,
                "blades_of_attack": 1,
                "boots": 1,
                "bracer": 2,
                "branches": 1,
                "chainmail": 1,
                "circlet": 2,
                "clarity": 1,
                "crown": 1,
                "enchanted_mango": 3,
                "faerie_fire": 1,
                "gauntlets": 2,
                "helm_of_iron_will": 1,
                "ogre_axe": 1,
                "phase_boots": 1,
                "platemail": 1,
                "point_booster": 1,
                "recipe_bracer": 2,
                "recipe_shivas_guard": 1,
                "recipe_veil_of_discord": 1,
                "shivas_guard": 1,
                "smoke_of_deceit": 1,
                "staff_of_wizardry": 1,
                "tango": 1,
                "tpscroll": 3,
                "ultimate_scepter": 1,
                "veil_of_discord": 1,
                "ward_dispenser": 3,
                "ward_observer": 2,
                "ward_sentry": 4
            },
            "purchase_tpscroll": 3,
            "purchase_ward_observer": 2,
            "purchase_ward_sentry": 4,
            "rank_tier": null,
            "roshan_kills": 0,
            "rune_pickups": 3,
            "runes": {
                "5": 2,
                "8": 1
            },
            "sen": {
                "120": {
                    "133": 1
                },
                "177": {
                    "91": 1
                },
                "178": {
                    "103": 1
                },
                "96": {
                    "140": 1
                }
            },
            "sen_left_log": [
                {
                    "attackername": "npc_dota_hero_rattletrap",
                    "ehandle": 16173169,
                    "entityleft": true,
                    "key": "[177,91]",
                    "player_slot": 3,
                    "slot": 3,
                    "time": 274,
                    "type": "sen_left_log",
                    "x": 176.5,
                    "y": 90.8,
                    "z": 129
                },
                {
                    "attackername": "npc_dota_hero_pudge",
                    "ehandle": 4884548,
                    "entityleft": true,
                    "key": "[178,103]",
                    "player_slot": 3,
                    "slot": 3,
                    "time": 1106,
                    "type": "sen_left_log",
                    "x": 177.7,
                    "y": 102.8,
                    "z": 129
                },
                {
                    "attackername": "npc_dota_hero_pudge",
                    "ehandle": 10438348,
                    "entityleft": true,
                    "key": "[96,140]",
                    "player_slot": 3,
                    "slot": 3,
                    "time": 1592,
                    "type": "sen_left_log",
                    "x": 95.9,
                    "y": 139.9,
                    "z": 132.2
                },
                {
                    "attackername": "npc_dota_hero_pudge",
                    "ehandle": 15189877,
                    "entityleft": true,
                    "key": "[120,133]",
                    "player_slot": 3,
                    "slot": 3,
                    "time": 1657,
                    "type": "sen_left_log",
                    "x": 120.1,
                    "y": 132.8,
                    "z": 128
                }
            ],
            "sen_log": [
                {
                    "ehandle": 16173169,
                    "entityleft": false,
                    "key": "[177,91]",
                    "player_slot": 3,
                    "slot": 3,
                    "time": 268,
                    "type": "sen_log",
                    "x": 176.5,
                    "y": 90.8,
                    "z": 129
                },
                {
                    "ehandle": 4884548,
                    "entityleft": false,
                    "key": "[178,103]",
                    "player_slot": 3,
                    "slot": 3,
                    "time": 686,
                    "type": "sen_log",
                    "x": 177.7,
                    "y": 102.8,
                    "z": 129
                },
                {
                    "ehandle": 10438348,
                    "entityleft": false,
                    "key": "[96,140]",
                    "player_slot": 3,
                    "slot": 3,
                    "time": 1172,
                    "type": "sen_log",
                    "x": 95.9,
                    "y": 139.9,
                    "z": 132.2
                },
                {
                    "ehandle": 15189877,
                    "entityleft": false,
                    "key": "[120,133]",
                    "player_slot": 3,
                    "slot": 3,
                    "time": 1237,
                    "type": "sen_log",
                    "x": 120.1,
                    "y": 132.8,
                    "z": 128
                }
            ],
            "sen_placed": 4,
            "sentry_kills": 2,
            "sentry_uses": 1,
            "stuns": 34.932693,
            "teamfight_participation": 0.65217394,
            "total_gold": 16088,
            "total_xp": 18700,
            "tower_damage": 4057,
            "tower_kills": 3,
            "win": 1,
            "xp_per_min": 623
        },
        {
            "abandons": 0,
            "account_id": 3088301,
            "actions_per_min": 326,
            "ancient_kills": 0,
            "assists": 25,
            "benchmarks": {
                "gold_per_min": {
                    "pct": 0.7687595712098009,
                    "raw": 477
                },
                "hero_damage_per_min": {
                    "pct": 0.9030117406840225,
                    "raw": 737.223764575236
                },
                "hero_healing_per_min": {
                    "pct": 0.41296579887697804,
                    "raw": 54.80288728484175
                },
                "kills_per_min": {
                    "pct": 0.7886676875957122,
                    "raw": 0.2332037756801777
                },
                "last_hits_per_min": {
                    "pct": 0.481368044920878,
                    "raw": 2.198778456413104
                },
                "tower_damage": {
                    "pct": 0.8126595201633486,
                    "raw": 1990
                },
                "xp_per_min": {
                    "pct": 0.7697805002552323,
                    "raw": 723
                }
            },
            "buyback_count": 0,
            "camps_stacked": 0,
            "courier_kills": 1,
            "creeps_stacked": 0,
            "deaths": 8,
            "denies": 1,
            "gold": 2236,
            "gold_per_min": 477,
            "gold_spent": 12085,
            "hero_damage": 22129,
            "hero_healing": 1645,
            "hero_id": 85,
            "hero_kills": 7,
            "hero_variant": 1,
            "is_roaming": false,
            "item_uses": {
                "arcane_boots": 14,
                "blood_grenade": 1,
                "crimson_guard": 8,
                "enchanted_mango": 2,
                "glimmer_cape": 4,
                "magic_stick": 2,
                "magic_wand": 15,
                "pipe": 2,
                "tango": 6,
                "tpscroll": 8,
                "ward_dispenser": 3,
                "ward_observer": 1
            },
            "kda": 3.56,
            "kill_streaks": {
                "3": 1
            },
            "kills": 7,
            "kills_per_min": 0.2332037756801777,
            "lane": 3,
            "lane_efficiency": 0.5054567502021019,
            "lane_efficiency_pct": 50,
            "lane_kills": 51,
            "lane_role": 3,
            "last_hits": 66,
            "leaver_status": 0,
            "level": 20,
            "life_state": {
                "0": 1691,
                "1": 13,
                "2": 98
            },
            "life_state_dead": 111,
            "lose": 0,
            "multi_kills": {
                "2": 1,
                "3": 1
            },
            "necronomicon_kills": 0,
            "net_worth": 13636,
            "neutral_kills": 11,
            "obs": {
                "106": {
                    "154": 1
                }
            },
            "obs_left_log": [
                {
                    "attackername": "npc_dota_hero_undying",
                    "ehandle": 6309656,
                    "entityleft": true,
                    "key": "[106,154]",
                    "player_slot": 4,
                    "slot": 4,
                    "time": 1043,
                    "type": "obs_left_log",
                    "x": 106.1,
                    "y": 153.8,
                    "z": 130
                }
            ],
            "obs_log": [
                {
                    "ehandle": 6309656,
                    "entityleft": false,
                    "key": "[106,154]",
                    "player_slot": 4,
                    "slot": 4,
                    "time": 683,
                    "type": "obs_log",
                    "x": 106.1,
                    "y": 153.8,
                    "z": 130
                }
            ],
            "obs_placed": 1,
            "observer_kills": 1,
            "observer_uses": 1,
            "observers_placed": 1,
            "pings": 12,
            "player_slot": 4,
            "purchase": {
                "arcane_boots": 1,
                "blood_grenade": 1,
                "boots": 1,
                "branches": 2,
                "cloak": 2,
                "crimson_guard": 1,
                "enchanted_mango": 2,
                "glimmer_cape": 1,
                "headdress": 1,
                "helm_of_iron_will": 1,
                "infused_raindrop": 1,
                "magic_stick": 1,
                "magic_wand": 1,
                "pipe": 1,
                "recipe_arcane_boots": 1,
                "recipe_crimson_guard": 1,
                "recipe_glimmer_cape": 1,
                "recipe_headdress": 1,
                "recipe_magic_wand": 1,
                "recipe_pipe": 1,
                "recipe_ring_of_basilius": 1,
                "ring_of_basilius": 1,
                "ring_of_health": 1,
                "ring_of_regen": 1,
                "ring_of_tarrasque": 1,
                "shadow_amulet": 1,
                "smoke_of_deceit": 1,
                "sobi_mask": 1,
                "tango": 2,
                "vanguard": 1,
                "vitality_booster": 1,
                "ward_dispenser": 1,
                "ward_observer": 1,
                "ward_sentry": 2
            },
            "purchase_ward_observer": 1,
            "purchase_ward_sentry": 2,
            "rank_tier": 53,
            "roshan_kills": 0,
            "rune_pickups": 2,
            "runes": {
                "5": 1,
                "8": 1
            },
            "sen": {
                "158": {
                    "92": 1
                },
                "98": {
                    "163": 1
                }
            },
            "sen_left_log": [
                {
                    "attackername": "npc_dota_hero_omniknight",
                    "ehandle": 100247,
                    "entityleft": true,
                    "key": "[98,163]",
                    "player_slot": 4,
                    "slot": 4,
                    "time": 379,
                    "type": "sen_left_log",
                    "x": 98.3,
                    "y": 163.4,
                    "z": 129
                },
                {
                    "attackername": "npc_dota_hero_rattletrap",
                    "ehandle": 7112855,
                    "entityleft": true,
                    "key": "[158,92]",
                    "player_slot": 4,
                    "slot": 4,
                    "time": 493,
                    "type": "sen_left_log",
                    "x": 158.3,
                    "y": 91.7,
                    "z": 132.2
                }
            ],
            "sen_log": [
                {
                    "ehandle": 100247,
                    "entityleft": false,
                    "key": "[98,163]",
                    "player_slot": 4,
                    "slot": 4,
                    "time": 299,
                    "type": "sen_log",
                    "x": 98.3,
                    "y": 163.4,
                    "z": 129
                },
                {
                    "ehandle": 7112855,
                    "entityleft": false,
                    "key": "[158,92]",
                    "player_slot": 4,
                    "slot": 4,
                    "time": 374,
                    "type": "sen_log",
                    "x": 158.3,
                    "y": 91.7,
                    "z": 132.2
                }
            ],
            "sen_placed": 2,
            "sentry_kills": 0,
            "sentry_uses": 0,
            "stuns": 0,
            "teamfight_participation": 0.6956522,
            "total_gold": 14317,
            "total_xp": 21702,
            "tower_damage": 1990,
            "tower_kills": 0,
            "win": 1,
            "xp_per_min": 723
        },
        {
            "abandons": 0,
            "account_id": 197616428,
            "actions_per_min": 216,
            "ancient_kills": 24,
            "assists": 5,
            "benchmarks": {
                "gold_per_min": {
                    "pct": 0.31735436893203883,
                    "raw": 450
                },
                "hero_damage_per_min": {
                    "pct": 0.44660194174757284,
                    "raw": 542.765130483065
                },
                "hero_healing_per_min": {
                    "pct": 0.9575242718446602,
                    "raw": 0
                },
                "kills_per_min": {
                    "pct": 0.4538834951456311,
                    "raw": 0.19988895058300946
                },
                "last_hits_per_min": {
                    "pct": 0.5952669902912622,
                    "raw": 5.530260966129928
                },
                "tower_damage": {
                    "pct": 0.3015776699029126,
                    "raw": 866
                },
                "xp_per_min": {
                    "pct": 0.2087378640776699,
                    "raw": 495
                }
            },
            "buyback_count": 0,
            "camps_stacked": 0,
            "courier_kills": 0,
            "creeps_stacked": 0,
            "deaths": 9,
            "denies": 12,
            "gold": 1464,
            "gold_per_min": 450,
            "gold_spent": 11185,
            "hero_damage": 16292,
            "hero_healing": 0,
            "hero_id": 81,
            "hero_kills": 6,
            "hero_variant": 1,
            "is_roaming": false,
            "item_uses": {
                "black_king_bar": 4,
                "enchanted_mango": 1,
                "famango": 1,
                "magic_wand": 5,
                "tango": 3,
                "tango_single": 1,
                "tpscroll": 8
            },
            "kda": 1.1,
            "kill_streaks": {
                "3": 1,
                "4": 1
            },
            "kills": 6,
            "kills_per_min": 0.19988895058300946,
            "lane": 1,
            "lane_efficiency": 0.6537995149555376,
            "lane_efficiency_pct": 65,
            "lane_kills": 110,
            "lane_role": 3,
            "last_hits": 166,
            "leaver_status": 0,
            "level": 16,
            "life_state": {
                "0": 1475,
                "1": 14,
                "2": 313
            },
            "life_state_dead": 327,
            "lose": 1,
            "multi_kills": {},
            "necronomicon_kills": 0,
            "net_worth": 12294,
            "neutral_kills": 59,
            "obs": {},
            "obs_left_log": [],
            "obs_log": [],
            "obs_placed": 0,
            "observer_kills": 0,
            "observer_uses": 0,
            "observers_placed": 0,
            "player_slot": 128,
            "purchase": {
                "belt_of_strength": 1,
                "black_king_bar": 1,
                "blitz_knuckles": 1,
                "boots": 1,
                "bracer": 1,
                "branches": 2,
                "broadsword": 1,
                "circlet": 1,
                "echo_sabre": 1,
                "enchanted_mango": 1,
                "gauntlets": 1,
                "gloves": 1,
                "magic_stick": 1,
                "magic_wand": 1,
                "mithril_hammer": 1,
                "oblivion_staff": 1,
                "ogre_axe": 2,
                "power_treads": 1,
                "recipe_black_king_bar": 1,
                "recipe_bracer": 1,
                "recipe_magic_wand": 1,
                "robe": 1,
                "sobi_mask": 1,
                "tango": 1,
                "tpscroll": 2,
                "void_stone": 1
            },
            "purchase_tpscroll": 2,
            "rank_tier": 53,
            "roshan_kills": 0,
            "rune_pickups": 0,
            "runes": {},
            "sen": {},
            "sen_left_log": [],
            "sen_log": [],
            "sen_placed": 0,
            "sentry_kills": 0,
            "sentry_uses": 0,
            "stuns": 39.000004,
            "teamfight_participation": 0.47826087,
            "total_gold": 13507,
            "total_xp": 14858,
            "tower_damage": 866,
            "tower_kills": 0,
            "win": 0,
            "xp_per_min": 495
        },
        {
            "abandons": 0,
            "account_id": 106858570,
            "actions_per_min": 133,
            "ancient_kills": 0,
            "assists": 11,
            "benchmarks": {
                "gold_per_min": {
                    "pct": 0.08972602739726028,
                    "raw": 269
                },
                "hero_damage_per_min": {
                    "pct": 0.3527397260273973,
                    "raw": 492.0266518600778
                },
                "hero_healing_per_min": {
                    "pct": 0.6410958904109589,
                    "raw": 0
                },
                "kills_per_min": {
                    "pct": 0.18835616438356165,
                    "raw": 0.06662965019433649
                },
                "last_hits_per_min": {
                    "pct": 0.37054794520547946,
                    "raw": 1.5991116046640756
                },
                "tower_damage": {
                    "pct": 0.4143835616438356,
                    "raw": 211
                },
                "xp_per_min": {
                    "pct": 0.0863013698630137,
                    "raw": 307
                }
            },
            "buyback_count": 1,
            "camps_stacked": 0,
            "courier_kills": 0,
            "creeps_stacked": 0,
            "deaths": 11,
            "denies": 3,
            "gold": 262,
            "gold_per_min": 269,
            "gold_spent": 6955,
            "hero_damage": 14769,
            "hero_healing": 0,
            "hero_id": 51,
            "hero_kills": 2,
            "hero_variant": 2,
            "is_roaming": false,
            "item_uses": {
                "blood_grenade": 1,
                "clarity": 3,
                "dust": 3,
                "magic_stick": 14,
                "smoke_of_deceit": 3,
                "spirit_vessel": 6,
                "tango": 6,
                "tpscroll": 8,
                "urn_of_shadows": 2,
                "ward_dispenser": 9,
                "ward_observer": 1,
                "ward_sentry": 9
            },
            "kda": 1.08,
            "kill_streaks": {},
            "kills": 2,
            "kills_per_min": 0.06662965019433648,
            "lane": 1,
            "lane_efficiency": 0.41168148746968475,
            "lane_efficiency_pct": 41,
            "lane_kills": 30,
            "lane_role": 3,
            "last_hits": 48,
            "leaver_status": 0,
            "level": 12,
            "life_state": {
                "0": 1474,
                "1": 15,
                "2": 313
            },
            "life_state_dead": 328,
            "lose": 1,
            "multi_kills": {},
            "necronomicon_kills": 0,
            "net_worth": 5747,
            "neutral_kills": 5,
            "obs": {
                "144": {
                    "122": 1
                },
                "158": {
                    "92": 1
                },
                "96": {
                    "140": 1
                },
                "99": {
                    "153": 1
                }
            },
            "obs_left_log": [
                {
                    "attackername": "npc_dota_hero_undying",
                    "ehandle": 13436615,
                    "entityleft": true,
                    "key": "[158,92]",
                    "player_slot": 129,
                    "slot": 6,
                    "time": 377,
                    "type": "obs_left_log",
                    "x": 158.3,
                    "y": 92.1,
                    "z": 132.2
                },
                {
                    "attackername": "npc_dota_hero_rattletrap",
                    "ehandle": 15321374,
                    "entityleft": true,
                    "key": "[144,122]",
                    "player_slot": 129,
                    "slot": 6,
                    "time": 907,
                    "type": "obs_left_log",
                    "x": 143.6,
                    "y": 122.2,
                    "z": 132.1
                },
                {
                    "attackername": "npc_dota_hero_rattletrap",
                    "ehandle": 3033594,
                    "entityleft": true,
                    "key": "[96,140]",
                    "player_slot": 129,
                    "slot": 6,
                    "time": 1016,
                    "type": "obs_left_log",
                    "x": 96.2,
                    "y": 140.2,
                    "z": 132.2
                }
            ],
            "obs_log": [
                {
                    "ehandle": 13436615,
                    "entityleft": false,
                    "key": "[158,92]",
                    "player_slot": 129,
                    "slot": 6,
                    "time": 41,
                    "type": "obs_log",
                    "x": 158.3,
                    "y": 92.1,
                    "z": 132.2
                },
                {
                    "ehandle": 3033594,
                    "entityleft": false,
                    "key": "[96,140]",
                    "player_slot": 129,
                    "slot": 6,
                    "time": 656,
                    "type": "obs_log",
                    "x": 96.2,
                    "y": 140.2,
                    "z": 132.2
                },
                {
                    "ehandle": 13797069,
                    "entityleft": false,
                    "key": "[99,153]",
                    "player_slot": 129,
                    "slot": 6,
                    "time": 855,
                    "type": "obs_log",
                    "x": 98.7,
                    "y": 152.7,
                    "z": 129
                },
                {
                    "ehandle": 15321374,
                    "entityleft": false,
                    "key": "[144,122]",
                    "player_slot": 129,
                    "slot": 6,
                    "time": 897,
                    "type": "obs_log",
                    "x": 143.6,
                    "y": 122.2,
                    "z": 132.1
                }
            ],
            "obs_placed": 4,
            "observer_kills": 1,
            "observer_uses": 1,
            "observers_placed": 4,
            "pings": 7,
            "player_slot": 129,
            "purchase": {
                "blood_grenade": 1,
                "boots": 1,
                "clarity": 3,
                "dust": 4,
                "fluffy_hat": 1,
                "magic_stick": 1,
                "platemail": 1,
                "recipe_spirit_vessel": 1,
                "recipe_urn_of_shadows": 1,
                "ring_of_protection": 1,
                "ring_of_regen": 1,
                "smoke_of_deceit": 3,
                "sobi_mask": 1,
                "spirit_vessel": 1,
                "tango": 1,
                "tpscroll": 1,
                "tranquil_boots": 1,
                "urn_of_shadows": 1,
                "vitality_booster": 1,
                "ward_dispenser": 7,
                "ward_observer": 5,
                "ward_sentry": 13,
                "wind_lace": 1
            },
            "purchase_tpscroll": 1,
            "purchase_ward_observer": 5,
            "purchase_ward_sentry": 13,
            "rank_tier": 53,
            "roshan_kills": 0,
            "rune_pickups": 4,
            "runes": {
                "2": 1,
                "5": 3
            },
            "sen": {
                "100": {
                    "170": 1
                },
                "107": {
                    "163": 1
                },
                "117": {
                    "123": 1
                },
                "123": {
                    "125": 1
                },
                "142": {
                    "125": 1
                },
                "158": {
                    "92": 1
                },
                "159": {
                    "83": 1
                },
                "162": {
                    "90": 1
                },
                "170": {
                    "151": 1
                },
                "171": {
                    "93": 1
                },
                "188": {
                    "126": 1
                },
                "189": {
                    "113": 1
                }
            },
            "sen_left_log": [
                {
                    "attackername": "npc_dota_hero_shadow_shaman",
                    "ehandle": 7800547,
                    "entityleft": true,
                    "key": "[159,83]",
                    "player_slot": 129,
                    "slot": 6,
                    "time": 134,
                    "type": "sen_left_log",
                    "x": 158.9,
                    "y": 83.4,
                    "z": 129
                },
                {
                    "attackername": "npc_dota_hero_shadow_shaman",
                    "ehandle": 16763218,
                    "entityleft": true,
                    "key": "[171,93]",
                    "player_slot": 129,
                    "slot": 6,
                    "time": 374,
                    "type": "sen_left_log",
                    "x": 170.8,
                    "y": 92.6,
                    "z": 129
                },
                {
                    "attackername": "npc_dota_hero_pudge",
                    "ehandle": 10831586,
                    "entityleft": true,
                    "key": "[158,92]",
                    "player_slot": 129,
                    "slot": 6,
                    "time": 750,
                    "type": "sen_left_log",
                    "x": 158,
                    "y": 92.3,
                    "z": 132.2
                },
                {
                    "attackername": "npc_dota_hero_rattletrap",
                    "ehandle": 9799254,
                    "entityleft": true,
                    "key": "[100,170]",
                    "player_slot": 129,
                    "slot": 6,
                    "time": 1029,
                    "type": "sen_left_log",
                    "x": 99.6,
                    "y": 170.4,
                    "z": 129
                },
                {
                    "attackername": "npc_dota_hero_invoker",
                    "ehandle": 11028204,
                    "entityleft": true,
                    "key": "[123,125]",
                    "player_slot": 129,
                    "slot": 6,
                    "time": 1098,
                    "type": "sen_left_log",
                    "x": 122.6,
                    "y": 125.1,
                    "z": 128
                },
                {
                    "attackername": "npc_dota_hero_shadow_shaman",
                    "ehandle": 9832034,
                    "entityleft": true,
                    "key": "[162,90]",
                    "player_slot": 129,
                    "slot": 6,
                    "time": 1178,
                    "type": "sen_left_log",
                    "x": 161.6,
                    "y": 89.6,
                    "z": 129
                },
                {
                    "attackername": "npc_dota_hero_rattletrap",
                    "ehandle": 14157841,
                    "entityleft": true,
                    "key": "[107,163]",
                    "player_slot": 129,
                    "slot": 6,
                    "time": 1269,
                    "type": "sen_left_log",
                    "x": 106.5,
                    "y": 162.8,
                    "z": 130
                },
                {
                    "attackername": "npc_dota_hero_rattletrap",
                    "ehandle": 12142402,
                    "entityleft": true,
                    "key": "[142,125]",
                    "player_slot": 129,
                    "slot": 6,
                    "time": 1318,
                    "type": "sen_left_log",
                    "x": 141.8,
                    "y": 124.8,
                    "z": 129
                },
                {
                    "attackername": "npc_dota_hero_rattletrap",
                    "ehandle": 8128405,
                    "entityleft": true,
                    "key": "[117,123]",
                    "player_slot": 129,
                    "slot": 6,
                    "time": 1530,
                    "type": "sen_left_log",
                    "x": 116.6,
                    "y": 122.6,
                    "z": 129
                },
                {
                    "attackername": "npc_dota_hero_shadow_shaman",
                    "ehandle": 14174009,
                    "entityleft": true,
                    "key": "[188,126]",
                    "player_slot": 129,
                    "slot": 6,
                    "time": 1567,
                    "type": "sen_left_log",
                    "x": 188.2,
                    "y": 125.8,
                    "z": 130
                },
                {
                    "attackername": "npc_dota_hero_rattletrap",
                    "ehandle": 9538144,
                    "entityleft": true,
                    "key": "[189,113]",
                    "player_slot": 129,
                    "slot": 6,
                    "time": 1906,
                    "type": "sen_left_log",
                    "x": 188.9,
                    "y": 112.9,
                    "z": 130
                }
            ],
            "sen_log": [
                {
                    "ehandle": 7800547,
                    "entityleft": false,
                    "key": "[159,83]",
                    "player_slot": 129,
                    "slot": 6,
                    "time": 44,
                    "type": "sen_log",
                    "x": 158.9,
                    "y": 83.4,
                    "z": 129
                },
                {
                    "ehandle": 16763218,
                    "entityleft": false,
                    "key": "[171,93]",
                    "player_slot": 129,
                    "slot": 6,
                    "time": 244,
                    "type": "sen_log",
                    "x": 170.8,
                    "y": 92.6,
                    "z": 129
                },
                {
                    "ehandle": 10831586,
                    "entityleft": false,
                    "key": "[158,92]",
                    "player_slot": 129,
                    "slot": 6,
                    "time": 490,
                    "type": "sen_log",
                    "x": 158,
                    "y": 92.3,
                    "z": 132.2
                },
                {
                    "ehandle": 9799254,
                    "entityleft": false,
                    "key": "[100,170]",
                    "player_slot": 129,
                    "slot": 6,
                    "time": 609,
                    "type": "sen_log",
                    "x": 99.6,
                    "y": 170.4,
                    "z": 129
                },
                {
                    "ehandle": 14157841,
                    "entityleft": false,
                    "key": "[107,163]",
                    "player_slot": 129,
                    "slot": 6,
                    "time": 849,
                    "type": "sen_log",
                    "x": 106.5,
                    "y": 162.8,
                    "z": 130
                },
                {
                    "ehandle": 11028204,
                    "entityleft": false,
                    "key": "[123,125]",
                    "player_slot": 129,
                    "slot": 6,
                    "time": 882,
                    "type": "sen_log",
                    "x": 122.6,
                    "y": 125.1,
                    "z": 128
                },
                {
                    "ehandle": 12142402,
                    "entityleft": false,
                    "key": "[142,125]",
                    "player_slot": 129,
                    "slot": 6,
                    "time": 898,
                    "type": "sen_log",
                    "x": 141.8,
                    "y": 124.8,
                    "z": 129
                },
                {
                    "ehandle": 9832034,
                    "entityleft": false,
                    "key": "[162,90]",
                    "player_slot": 129,
                    "slot": 6,
                    "time": 978,
                    "type": "sen_log",
                    "x": 161.6,
                    "y": 89.6,
                    "z": 129
                },
                {
                    "ehandle": 8128405,
                    "entityleft": false,
                    "key": "[117,123]",
                    "player_slot": 129,
                    "slot": 6,
                    "time": 1110,
                    "type": "sen_log",
                    "x": 116.6,
                    "y": 122.6,
                    "z": 129
                },
                {
                    "ehandle": 14174009,
                    "entityleft": false,
                    "key": "[188,126]",
                    "player_slot": 129,
                    "slot": 6,
                    "time": 1406,
                    "type": "sen_log",
                    "x": 188.2,
                    "y": 125.8,
                    "z": 130
                },
                {
                    "ehandle": 9538144,
                    "entityleft": false,
                    "key": "[189,113]",
                    "player_slot": 129,
                    "slot": 6,
                    "time": 1486,
                    "type": "sen_log",
                    "x": 188.9,
                    "y": 112.9,
                    "z": 130
                },
                {
                    "ehandle": 1657845,
                    "entityleft": false,
                    "key": "[170,151]",
                    "player_slot": 129,
                    "slot": 6,
                    "time": 1572,
                    "type": "sen_log",
                    "x": 169.5,
                    "y": 150.6,
                    "z": 130
                }
            ],
            "sen_placed": 12,
            "sentry_kills": 2,
            "sentry_uses": 9,
            "stuns": 43.202785,
            "teamfight_participation": 0.5652174,
            "total_gold": 8074,
            "total_xp": 9215,
            "tower_damage": 211,
            "tower_kills": 1,
            "win": 0,
            "xp_per_min": 307
        },
        {
            "abandons": 0,
            "account_id": 1219983748,
            "actions_per_min": 224,
            "ancient_kills": 3,
            "assists": 2,
            "benchmarks": {
                "gold_per_min": {
                    "pct": 0.23310344827586207,
                    "raw": 385
                },
                "hero_damage_per_min": {
                    "pct": 0.5593103448275862,
                    "raw": 650.0721821210439
                },
                "hero_healing_per_min": {
                    "pct": 0.9282758620689655,
                    "raw": 0
                },
                "kills_per_min": {
                    "pct": 0.8310344827586207,
                    "raw": 0.29983342587451417
                },
                "last_hits_per_min": {
                    "pct": 0.37310344827586206,
                    "raw": 3.8312048861743477
                },
                "tower_damage": {
                    "pct": 0.16,
                    "raw": 45
                },
                "xp_per_min": {
                    "pct": 0.1482758620689655,
                    "raw": 420
                }
            },
            "buyback_count": 0,
            "camps_stacked": 0,
            "courier_kills": 0,
            "creeps_stacked": 0,
            "deaths": 9,
            "denies": 7,
            "gold": 971,
            "gold_per_min": 385,
            "gold_spent": 9905,
            "hero_damage": 19513,
            "hero_healing": 0,
            "hero_id": 137,
            "hero_kills": 9,
            "hero_variant": 1,
            "is_roaming": false,
            "item_uses": {
                "black_king_bar": 2,
                "blade_mail": 7,
                "bottle": 49,
                "branches": 2,
                "faerie_fire": 1,
                "magic_wand": 11,
                "phase_boots": 70,
                "tango": 3,
                "tpscroll": 9,
                "ward_observer": 1
            },
            "kda": 1.1,
            "kill_streaks": {
                "3": 1
            },
            "kills": 9,
            "kills_per_min": 0.29983342587451417,
            "lane": 2,
            "lane_efficiency": 0.7689975747776879,
            "lane_efficiency_pct": 76,
            "lane_kills": 79,
            "lane_role": 2,
            "last_hits": 115,
            "leaver_status": 0,
            "level": 15,
            "life_state": {
                "0": 1517,
                "1": 19,
                "2": 266
            },
            "life_state_dead": 285,
            "lose": 1,
            "multi_kills": {},
            "necronomicon_kills": 0,
            "net_worth": 10296,
            "neutral_kills": 25,
            "obs": {
                "132": {
                    "126": 1
                }
            },
            "obs_left_log": [
                {
                    "attackername": "npc_dota_hero_primal_beast",
                    "ehandle": 12716388,
                    "entityleft": true,
                    "key": "[132,126]",
                    "player_slot": 130,
                    "slot": 7,
                    "time": 600,
                    "type": "obs_left_log",
                    "x": 132,
                    "y": 125.5,
                    "z": 129
                }
            ],
            "obs_log": [
                {
                    "ehandle": 12716388,
                    "entityleft": false,
                    "key": "[132,126]",
                    "player_slot": 130,
                    "slot": 7,
                    "time": 240,
                    "type": "obs_log",
                    "x": 132,
                    "y": 125.5,
                    "z": 129
                }
            ],
            "obs_placed": 1,
            "observer_kills": 0,
            "observer_uses": 1,
            "observers_placed": 1,
            "pings": 6,
            "player_slot": 130,
            "purchase": {
                "black_king_bar": 1,
                "blade_mail": 1,
                "blades_of_attack": 1,
                "boots": 1,
                "bottle": 1,
                "branches": 4,
                "broadsword": 1,
                "chainmail": 2,
                "faerie_fire": 1,
                "infused_raindrop": 1,
                "magic_stick": 1,
                "magic_wand": 1,
                "mithril_hammer": 1,
                "ogre_axe": 1,
                "phase_boots": 1,
                "recipe_black_king_bar": 1,
                "recipe_blade_mail": 1,
                "recipe_magic_wand": 1,
                "tango": 1,
                "tpscroll": 2,
                "ward_observer": 1,
                "wind_lace": 1
            },
            "purchase_tpscroll": 2,
            "purchase_ward_observer": 1,
            "rank_tier": 54,
            "roshan_kills": 0,
            "rune_pickups": 7,
            "runes": {
                "0": 1,
                "1": 1,
                "5": 2,
                "6": 1,
                "7": 2
            },
            "sen": {},
            "sen_left_log": [],
            "sen_log": [],
            "sen_placed": 0,
            "sentry_kills": 0,
            "sentry_uses": 0,
            "stuns": 50.16713,
            "teamfight_participation": 0.47826087,
            "total_gold": 11556,
            "total_xp": 12607,
            "tower_damage": 45,
            "tower_kills": 0,
            "win": 0,
            "xp_per_min": 420
        },
        {
            "abandons": 0,
            "account_id": 4492892,
            "actions_per_min": 183,
            "ancient_kills": 0,
            "assists": 7,
            "benchmarks": {
                "gold_per_min": {
                    "pct": 0.14294554455445543,
                    "raw": 252
                },
                "hero_damage_per_min": {
                    "pct": 0.8125,
                    "raw": 424.9305941143809
                },
                "hero_healing_per_min": {
                    "pct": 0.5,
                    "raw": 180.8328706274292
                },
                "kills_per_min": {
                    "pct": 0.8007425742574258,
                    "raw": 0.16657412548584122
                },
                "last_hits_per_min": {
                    "pct": 0.5253712871287128,
                    "raw": 1.4658523042754026
                },
                "tower_damage": {
                    "pct": 0.20235148514851486,
                    "raw": 0
                },
                "xp_per_min": {
                    "pct": 0.19492574257425743,
                    "raw": 363
                }
            },
            "buyback_count": 0,
            "camps_stacked": 0,
            "courier_kills": 0,
            "creeps_stacked": 0,
            "deaths": 8,
            "denies": 2,
            "gold": 335,
            "gold_per_min": 252,
            "gold_spent": 7355,
            "hero_damage": 12755,
            "hero_healing": 5428,
            "hero_id": 57,
            "hero_kills": 5,
            "hero_variant": 2,
            "is_roaming": false,
            "item_uses": {
                "arcane_boots": 15,
                "blood_grenade": 1,
                "famango": 1,
                "holy_locket": 3,
                "light_collector": 2,
                "magic_wand": 6,
                "mekansm": 7,
                "smoke_of_deceit": 1,
                "tango": 6,
                "tpscroll": 4,
                "ward_dispenser": 11,
                "ward_observer": 1,
                "ward_sentry": 4
            },
            "kda": 1.33,
            "kill_streaks": {
                "3": 1
            },
            "kills": 5,
            "kills_per_min": 0.16657412548584122,
            "lane": 3,
            "lane_efficiency": 0.44684721099434116,
            "lane_efficiency_pct": 44,
            "lane_kills": 14,
            "lane_role": 1,
            "last_hits": 44,
            "leaver_status": 0,
            "level": 14,
            "life_state": {
                "0": 1534,
                "1": 23,
                "2": 245
            },
            "life_state_dead": 268,
            "lose": 1,
            "multi_kills": {},
            "necronomicon_kills": 0,
            "net_worth": 8510,
            "neutral_kills": 20,
            "obs": {
                "113": {
                    "144": 1
                },
                "125": {
                    "135": 1
                },
                "136": {
                    "154": 1
                },
                "144": {
                    "122": 1
                },
                "177": {
                    "102": 1
                },
                "84": {
                    "157": 1
                }
            },
            "obs_left_log": [
                {
                    "attackername": "npc_dota_hero_omniknight",
                    "ehandle": 690678,
                    "entityleft": true,
                    "key": "[84,157]",
                    "player_slot": 131,
                    "slot": 8,
                    "time": 539,
                    "type": "obs_left_log",
                    "x": 83.6,
                    "y": 156.6,
                    "z": 129
                },
                {
                    "attackername": "npc_dota_hero_omniknight",
                    "ehandle": 15516457,
                    "entityleft": true,
                    "key": "[113,144]",
                    "player_slot": 131,
                    "slot": 8,
                    "time": 750,
                    "type": "obs_left_log",
                    "x": 112.9,
                    "y": 143.9,
                    "z": 129
                },
                {
                    "attackername": "npc_dota_hero_shadow_shaman",
                    "ehandle": 15075569,
                    "entityleft": true,
                    "key": "[177,102]",
                    "player_slot": 131,
                    "slot": 8,
                    "time": 941,
                    "type": "obs_left_log",
                    "x": 176.8,
                    "y": 102.3,
                    "z": 129
                },
                {
                    "attackername": "npc_dota_hero_pudge",
                    "ehandle": 14043091,
                    "entityleft": true,
                    "key": "[125,135]",
                    "player_slot": 131,
                    "slot": 8,
                    "time": 1243,
                    "type": "obs_left_log",
                    "x": 124.5,
                    "y": 135.1,
                    "z": 129
                },
                {
                    "attackername": "npc_dota_hero_omniknight",
                    "ehandle": 2754219,
                    "entityleft": true,
                    "key": "[144,122]",
                    "player_slot": 131,
                    "slot": 8,
                    "time": 1258,
                    "type": "obs_left_log",
                    "x": 144.1,
                    "y": 122.1,
                    "z": 132.1
                }
            ],
            "obs_log": [
                {
                    "ehandle": 690678,
                    "entityleft": false,
                    "key": "[84,157]",
                    "player_slot": 131,
                    "slot": 8,
                    "time": 179,
                    "type": "obs_log",
                    "x": 83.6,
                    "y": 156.6,
                    "z": 129
                },
                {
                    "ehandle": 15516457,
                    "entityleft": false,
                    "key": "[113,144]",
                    "player_slot": 131,
                    "slot": 8,
                    "time": 390,
                    "type": "obs_log",
                    "x": 112.9,
                    "y": 143.9,
                    "z": 129
                },
                {
                    "ehandle": 2754219,
                    "entityleft": false,
                    "key": "[144,122]",
                    "player_slot": 131,
                    "slot": 8,
                    "time": 898,
                    "type": "obs_log",
                    "x": 144.1,
                    "y": 122.1,
                    "z": 132.1
                },
                {
                    "ehandle": 15075569,
                    "entityleft": false,
                    "key": "[177,102]",
                    "player_slot": 131,
                    "slot": 8,
                    "time": 918,
                    "type": "obs_log",
                    "x": 176.8,
                    "y": 102.3,
                    "z": 129
                },
                {
                    "ehandle": 14043091,
                    "entityleft": false,
                    "key": "[125,135]",
                    "player_slot": 131,
                    "slot": 8,
                    "time": 1123,
                    "type": "obs_log",
                    "x": 124.5,
                    "y": 135.1,
                    "z": 129
                },
                {
                    "ehandle": 12503810,
                    "entityleft": false,
                    "key": "[136,154]",
                    "player_slot": 131,
                    "slot": 8,
                    "time": 1518,
                    "type": "obs_log",
                    "x": 136,
                    "y": 154.2,
                    "z": 131.1
                }
            ],
            "obs_placed": 6,
            "observer_kills": 1,
            "observer_uses": 1,
            "observers_placed": 6,
            "pings": 18,
            "player_slot": 131,
            "purchase": {
                "arcane_boots": 1,
                "blood_grenade": 1,
                "boots": 1,
                "branches": 2,
                "chainmail": 1,
                "diadem": 1,
                "headdress": 1,
                "holy_locket": 1,
                "magic_stick": 1,
                "magic_wand": 1,
                "mekansm": 1,
                "ogre_axe": 1,
                "recipe_arcane_boots": 1,
                "recipe_headdress": 1,
                "recipe_holy_locket": 1,
                "recipe_magic_wand": 1,
                "recipe_mekansm": 1,
                "recipe_ring_of_basilius": 1,
                "ring_of_basilius": 1,
                "ring_of_regen": 1,
                "smoke_of_deceit": 1,
                "sobi_mask": 1,
                "tango": 2,
                "tpscroll": 1,
                "ward_dispenser": 10,
                "ward_observer": 7,
                "ward_sentry": 8,
                "wind_lace": 1
            },
            "purchase_tpscroll": 1,
            "purchase_ward_observer": 7,
            "purchase_ward_sentry": 8,
            "rank_tier": 54,
            "roshan_kills": 0,
            "rune_pickups": 5,
            "runes": {
                "5": 3,
                "8": 2
            },
            "sen": {
                "101": {
                    "163": 1
                },
                "125": {
                    "134": 1
                },
                "136": {
                    "154": 1
                },
                "142": {
                    "103": 1
                },
                "158": {
                    "92": 1
                },
                "90": {
                    "164": 1
                }
            },
            "sen_left_log": [
                {
                    "attackername": "npc_dota_hero_omniknight",
                    "ehandle": 4769280,
                    "entityleft": true,
                    "key": "[90,164]",
                    "player_slot": 131,
                    "slot": 8,
                    "time": 446,
                    "type": "sen_left_log",
                    "x": 89.6,
                    "y": 163.9,
                    "z": 128
                },
                {
                    "attackername": "npc_dota_hero_omniknight",
                    "ehandle": 15386601,
                    "entityleft": true,
                    "key": "[101,163]",
                    "player_slot": 131,
                    "slot": 8,
                    "time": 796,
                    "type": "sen_left_log",
                    "x": 100.9,
                    "y": 162.5,
                    "z": 129
                },
                {
                    "attackername": "npc_dota_hero_shadow_shaman",
                    "ehandle": 2737685,
                    "entityleft": true,
                    "key": "[158,92]",
                    "player_slot": 131,
                    "slot": 8,
                    "time": 1176,
                    "type": "sen_left_log",
                    "x": 158.3,
                    "y": 92.3,
                    "z": 132.2
                },
                {
                    "attackername": "npc_dota_hero_pudge",
                    "ehandle": 13353782,
                    "entityleft": true,
                    "key": "[125,134]",
                    "player_slot": 131,
                    "slot": 8,
                    "time": 1245,
                    "type": "sen_left_log",
                    "x": 124.9,
                    "y": 134.2,
                    "z": 129
                },
                {
                    "attackername": "npc_dota_hero_omniknight",
                    "ehandle": 3507929,
                    "entityleft": true,
                    "key": "[142,103]",
                    "player_slot": 131,
                    "slot": 8,
                    "time": 1410,
                    "type": "sen_left_log",
                    "x": 141.5,
                    "y": 103.4,
                    "z": 129
                },
                {
                    "attackername": "npc_dota_hero_omniknight",
                    "ehandle": 3558132,
                    "entityleft": true,
                    "key": "[136,154]",
                    "player_slot": 131,
                    "slot": 8,
                    "time": 1937,
                    "type": "sen_left_log",
                    "x": 136.3,
                    "y": 154.1,
                    "z": 131.1
                }
            ],
            "sen_log": [
                {
                    "ehandle": 4769280,
                    "entityleft": false,
                    "key": "[90,164]",
                    "player_slot": 131,
                    "slot": 8,
                    "time": 25,
                    "type": "sen_log",
                    "x": 89.6,
                    "y": 163.9,
                    "z": 128
                },
                {
                    "ehandle": 15386601,
                    "entityleft": false,
                    "key": "[101,163]",
                    "player_slot": 131,
                    "slot": 8,
                    "time": 376,
                    "type": "sen_log",
                    "x": 100.9,
                    "y": 162.5,
                    "z": 129
                },
                {
                    "ehandle": 2737685,
                    "entityleft": false,
                    "key": "[158,92]",
                    "player_slot": 131,
                    "slot": 8,
                    "time": 978,
                    "type": "sen_log",
                    "x": 158.3,
                    "y": 92.3,
                    "z": 132.2
                },
                {
                    "ehandle": 3507929,
                    "entityleft": false,
                    "key": "[142,103]",
                    "player_slot": 131,
                    "slot": 8,
                    "time": 990,
                    "type": "sen_log",
                    "x": 141.5,
                    "y": 103.4,
                    "z": 129
                },
                {
                    "ehandle": 13353782,
                    "entityleft": false,
                    "key": "[125,134]",
                    "player_slot": 131,
                    "slot": 8,
                    "time": 1124,
                    "type": "sen_log",
                    "x": 124.9,
                    "y": 134.2,
                    "z": 129
                },
                {
                    "ehandle": 3558132,
                    "entityleft": false,
                    "key": "[136,154]",
                    "player_slot": 131,
                    "slot": 8,
                    "time": 1517,
                    "type": "sen_log",
                    "x": 136.3,
                    "y": 154.1,
                    "z": 131.1
                }
            ],
            "sen_placed": 6,
            "sentry_kills": 2,
            "sentry_uses": 4,
            "stuns": 0,
            "teamfight_participation": 0.5217391,
            "total_gold": 7564,
            "total_xp": 10896,
            "tower_damage": 0,
            "tower_kills": 0,
            "win": 0,
            "xp_per_min": 363
        },
        {
            "abandons": 0,
            "account_id": 878199061,
            "actions_per_min": 130,
            "ancient_kills": 0,
            "assists": 9,
            "benchmarks": {
                "gold_per_min": {
                    "pct": 0.34306569343065696,
                    "raw": 442
                },
                "hero_damage_per_min": {
                    "pct": 0.5589155370177268,
                    "raw": 713.9367018323154
                },
                "hero_healing_per_min": {
                    "pct": 0.6746611053180396,
                    "raw": 0
                },
                "kills_per_min": {
                    "pct": 0.03232533889468196,
                    "raw": 0.033314825097168245
                },
                "last_hits_per_min": {
                    "pct": 0.8060479666319083,
                    "raw": 5.86340921710161
                },
                "tower_damage": {
                    "pct": 0.19395203336809178,
                    "raw": 740
                },
                "xp_per_min": {
                    "pct": 0.3232533889468196,
                    "raw": 553
                }
            },
            "buyback_count": 2,
            "camps_stacked": 2,
            "courier_kills": 0,
            "creeps_stacked": 6,
            "deaths": 9,
            "denies": 9,
            "gold": 625,
            "gold_per_min": 442,
            "gold_spent": 11295,
            "hero_damage": 21430,
            "hero_healing": 0,
            "hero_id": 43,
            "hero_kills": 1,
            "hero_variant": 3,
            "is_roaming": false,
            "item_uses": {
                "clarity": 5,
                "famango": 2,
                "flask": 1,
                "hand_of_midas": 7,
                "magic_wand": 21,
                "tango": 3,
                "tpscroll": 10
            },
            "kda": 1,
            "kill_streaks": {},
            "kills": 1,
            "kills_per_min": 0.03331482509716824,
            "lane": 3,
            "lane_efficiency": 0.5998383185125303,
            "lane_efficiency_pct": 59,
            "lane_kills": 116,
            "lane_role": 1,
            "last_hits": 176,
            "leaver_status": 0,
            "level": 17,
            "life_state": {
                "0": 1456,
                "1": 14,
                "2": 332
            },
            "life_state_dead": 346,
            "lose": 1,
            "multi_kills": {},
            "necronomicon_kills": 0,
            "net_worth": 10480,
            "neutral_kills": 55,
            "obs": {},
            "obs_left_log": [],
            "obs_log": [],
            "obs_placed": 0,
            "observer_kills": 1,
            "observer_uses": 0,
            "observers_placed": 0,
            "pings": 22,
            "player_slot": 132,
            "purchase": {
                "belt_of_strength": 1,
                "boots": 1,
                "branches": 2,
                "circlet": 1,
                "clarity": 5,
                "diadem": 1,
                "flask": 1,
                "gloves": 1,
                "hand_of_midas": 1,
                "kaya": 1,
                "kaya_and_sange": 1,
                "magic_stick": 1,
                "magic_wand": 1,
                "mantle": 1,
                "null_talisman": 1,
                "ogre_axe": 1,
                "recipe_hand_of_midas": 1,
                "recipe_kaya": 1,
                "recipe_magic_wand": 1,
                "recipe_null_talisman": 1,
                "recipe_sange": 1,
                "recipe_travel_boots": 1,
                "robe": 1,
                "sange": 1,
                "staff_of_wizardry": 1,
                "tango": 1
            },
            "rank_tier": 54,
            "roshan_kills": 0,
            "rune_pickups": 5,
            "runes": {
                "0": 1,
                "3": 1,
                "5": 1,
                "9": 2
            },
            "sen": {},
            "sen_left_log": [],
            "sen_log": [],
            "sen_placed": 0,
            "sentry_kills": 0,
            "sentry_uses": 0,
            "stuns": 0,
            "teamfight_participation": 0.4347826,
            "total_gold": 13267,
            "total_xp": 16599,
            "tower_damage": 740,
            "tower_kills": 1,
            "win": 0,
            "xp_per_min": 553
        }
    ],
    "radiant_score": 46,
    "radiant_win": true,
    "replay_url": "http://replay272.valve.net/570/7909399016_1510066492.dem.bz2"
}