{
    "comeback": 1009,
    "dire_score": 54,
    "duration": 1665,
    "lobby_type": 7,
    "match_id": 7909420212,
    "metadata": null,
    "players": [
        {
            "abandons": 0,
            "actions_per_min": 336,
            "ancient_kills": 0,
            "assists": 7,
            "benchmarks": {
                "gold_per_min": {
                    "pct": 0.05554359526372443,
                    "raw": 357
                },
                "hero_damage_per_min": {
                    "pct": 0.42066738428417655,
                    "raw": 632.2162162162163
                },
                "hero_healing_per_min": {
                    "pct": 0.059418729817007535,
                    "raw": 4.828828828828829
                },
                "kills_per_min": {
                    "pct": 0.15823466092572658,
                    "raw": 0.10810810810810811
                },
                "last_hits_per_min": {
                    "pct": 0.10592034445640473,
                    "raw": 4.684684684684685
                },
                "tower_damage": {
                    "pct": 0.12185145317545748,
                    "raw": 0
                },
                "xp_per_min": {
                    "pct": 0.02604951560818084,
                    "raw": 307
                }
            },
            "buyback_count": 1,
            "camps_stacked": 0,
            "courier_kills": 0,
            "creeps_stacked": 0,
            "deaths": 12,
            "denies": 11,
            "gold": 167,
            "gold_per_min": 357,
            "gold_spent": 8145,
            "hero_damage": 17544,
            "hero_healing": 134,
            "hero_id": 8,
            "hero_kills": 3,
            "hero_variant": 2,
            "is_roaming": false,
            "item_uses": {
                "branches": 2,
                "clarity": 1,
                "famango": 1,
                "phase_boots": 63,
                "quelling_blade": 2,
                "smoke_of_deceit": 1,
                "tango": 3,
                "tango_single": 1,
                "tpscroll": 9
            },
            "kda": 0.77,
            "kill_streaks": {},
            "kills": 3,
            "kills_per_min": 0.10810810810810811,
            "lane": 1,
            "lane_efficiency": 0.7493936944219887,
            "lane_efficiency_pct": 74,
            "lane_kills": 88,
            "lane_role": 1,
            "last_hits": 130,
            "leaver_status": 0,
            "level": 12,
            "life_state": {
                "0": 1331,
                "1": 25,
                "2": 311
            },
            "life_state_dead": 336,
            "lose": 1,
            "multi_kills": {},
            "necronomicon_kills": 0,
            "net_worth": 7922,
            "neutral_kills": 46,
            "obs": {},
            "obs_left_log": [],
            "obs_log": [],
            "obs_placed": 0,
            "observer_kills": 0,
            "observer_uses": 0,
            "observers_placed": 0,
            "pings": 21,
            "player_slot": 0,
            "purchase": {
                "blades_of_attack": 1,
                "boots": 1,
                "branches": 2,
                "chainmail": 1,
                "circlet": 1,
                "clarity": 2,
                "gloves": 1,
                "hyperstone": 1,
                "javelin": 1,
                "maelstrom": 1,
                "mithril_hammer": 1,
                "mjollnir": 1,
                "phase_boots": 1,
                "quelling_blade": 1,
                "recipe_mjollnir": 1,
                "recipe_wraith_band": 1,
                "slippers": 1,
                "smoke_of_deceit": 1,
                "tango": 1,
                "tpscroll": 2,
                "wraith_band": 1
            },
            "purchase_tpscroll": 2,
            "rank_tier": null,
            "roshan_kills": 0,
            "rune_pickups": 1,
            "runes": {
                "1": 1
            },
            "sen": {},
            "sen_left_log": [],
            "sen_log": [],
            "sen_placed": 0,
            "sentry_kills": 0,
            "sentry_uses": 0,
            "stuns": 0,
            "teamfight_participation": 0.7692308,
            "total_gold": 9906,
            "total_xp": 8519,
            "tower_damage": 0,
            "tower_kills": 0,
            "win": 0,
            "xp_per_min": 307
        },
        {
            "abandons": 0,
            "account_id": 377138675,
            "actions_per_min": 220,
            "ancient_kills": 0,
            "assists": 3,
            "benchmarks": {
                "gold_per_min": {
                    "pct": 0.08202599731062304,
                    "raw": 334
                },
                "hero_damage_per_min": {
                    "pct": 0.8310174809502465,
                    "raw": 857.2252252252252
                },
                "hero_healing_per_min": {
                    "pct": 0.9390407888839085,
                    "raw": 0
                },
                "kills_per_min": {
                    "pct": 0.5324966382787988,
                    "raw": 0.14414414414414414
                },
                "last_hits_per_min": {
                    "pct": 0.14119229045271178,
                    "raw": 3.2432432432432434
                },
                "tower_damage": {
                    "pct": 0.1864634692962797,
                    "raw": 179
                },
                "xp_per_min": {
                    "pct": 0.07485432541461229,
                    "raw": 370
                }
            },
            "buyback_count": 1,
            "camps_stacked": 0,
            "courier_kills": 0,
            "creeps_stacked": 0,
            "deaths": 14,
            "denies": 2,
            "gold": 1077,
            "gold_per_min": 334,
            "gold_spent": 6100,
            "hero_damage": 23788,
            "hero_healing": 0,
            "hero_id": 96,
            "hero_kills": 4,
            "hero_variant": 2,
            "is_roaming": false,
            "item_uses": {
                "blade_mail": 9,
                "branches": 2,
                "tango": 6,
                "tpscroll": 6
            },
            "kda": 0.47,
            "kill_streaks": {
                "3": 1,
                "4": 1
            },
            "kills": 4,
            "kills_per_min": 0.14414414414414414,
            "lane": 3,
            "lane_efficiency": 0.7144300727566694,
            "lane_efficiency_pct": 71,
            "lane_kills": 78,
            "lane_role": 3,
            "last_hits": 90,
            "leaver_status": 0,
            "level": 13,
            "life_state": {
                "0": 1264,
                "1": 50,
                "2": 353
            },
            "life_state_dead": 403,
            "lose": 1,
            "multi_kills": {},
            "necronomicon_kills": 0,
            "net_worth": 6997,
            "neutral_kills": 13,
            "obs": {},
            "obs_left_log": [],
            "obs_log": [],
            "obs_placed": 0,
            "observer_kills": 0,
            "observer_uses": 0,
            "observers_placed": 0,
            "pings": 12,
            "player_slot": 1,
            "purchase": {
                "aghanims_shard": 1,
                "blade_mail": 1,
                "bracer": 4,
                "branches": 2,
                "broadsword": 1,
                "chainmail": 1,
                "circlet": 4,
                "gauntlets": 4,
                "quelling_blade": 1,
                "recipe_blade_mail": 1,
                "recipe_bracer": 4,
                "tango": 2
            },
            "rank_tier": 42,
            "roshan_kills": 0,
            "rune_pickups": 0,
            "runes": {},
            "sen": {},
            "sen_left_log": [],
            "sen_log": [],
            "sen_placed": 0,
            "sentry_kills": 0,
            "sentry_uses": 0,
            "stuns": 49.632847,
            "teamfight_participation": 0.46153846,
            "total_gold": 9268,
            "total_xp": 10267,
            "tower_damage": 179,
            "tower_kills": 0,
            "win": 0,
            "xp_per_min": 370
        },
        {
            "abandons": 0,
            "actions_per_min": 113,
            "ancient_kills": 0,
            "assists": 7,
            "benchmarks": {
                "gold_per_min": {
                    "pct": 0.05960093288416688,
                    "raw": 307
                },
                "hero_damage_per_min": {
                    "pct": 0.511790619331433,
                    "raw": 659.027027027027
                },
                "hero_healing_per_min": {
                    "pct": 0.8955688002073076,
                    "raw": 0
                },
                "kills_per_min": {
                    "pct": 0.03990671158331174,
                    "raw": 0.036036036036036036
                },
                "last_hits_per_min": {
                    "pct": 0.26094843223633063,
                    "raw": 3.4954954954954953
                },
                "tower_damage": {
                    "pct": 0.31044311997926927,
                    "raw": 904
                },
                "xp_per_min": {
                    "pct": 0.03161440787768852,
                    "raw": 317
                }
            },
            "buyback_count": 0,
            "camps_stacked": 1,
            "courier_kills": 0,
            "creeps_stacked": 1,
            "deaths": 8,
            "denies": 4,
            "gold": 160,
            "gold_per_min": 307,
            "gold_spent": 8445,
            "hero_damage": 18288,
            "hero_healing": 0,
            "hero_id": 21,
            "hero_kills": 1,
            "hero_variant": 2,
            "is_roaming": false,
            "item_uses": {
                "clarity": 2,
                "enchanted_mango": 3,
                "faerie_fire": 1,
                "famango": 1,
                "magic_wand": 5,
                "phase_boots": 66,
                "smoke_of_deceit": 1,
                "tango": 4,
                "tpscroll": 8,
                "ward_observer": 2
            },
            "kda": 0.89,
            "kill_streaks": {},
            "kills": 1,
            "kills_per_min": 0.036036036036036036,
            "lane": 2,
            "lane_efficiency": 0.6129749393694423,
            "lane_efficiency_pct": 61,
            "lane_kills": 89,
            "lane_role": 2,
            "last_hits": 97,
            "leaver_status": 0,
            "level": 12,
            "life_state": {
                "0": 1447,
                "1": 11,
                "2": 209
            },
            "life_state_dead": 220,
            "lose": 1,
            "multi_kills": {},
            "necronomicon_kills": 0,
            "net_worth": 7665,
            "neutral_kills": 8,
            "obs": {
                "129": {
                    "126": 1
                },
                "171": {
                    "106": 1
                }
            },
            "obs_left_log": [
                {
                    "attackername": "npc_dota_hero_windrunner",
                    "ehandle": 7063215,
                    "entityleft": true,
                    "key": "[129,126]",
                    "player_slot": 2,
                    "slot": 2,
                    "time": 408,
                    "type": "obs_left_log",
                    "x": 128.9,
                    "y": 125.8,
                    "z": 129
                },
                {
                    "attackername": "npc_dota_hero_morphling",
                    "ehandle": 280746,
                    "entityleft": true,
                    "key": "[171,106]",
                    "player_slot": 2,
                    "slot": 2,
                    "time": 669,
                    "type": "obs_left_log",
                    "x": 170.9,
                    "y": 106.1,
                    "z": 129
                }
            ],
            "obs_log": [
                {
                    "ehandle": 7063215,
                    "entityleft": false,
                    "key": "[129,126]",
                    "player_slot": 2,
                    "slot": 2,
                    "time": 48,
                    "type": "obs_log",
                    "x": 128.9,
                    "y": 125.8,
                    "z": 129
                },
                {
                    "ehandle": 280746,
                    "entityleft": false,
                    "key": "[171,106]",
                    "player_slot": 2,
                    "slot": 2,
                    "time": 482,
                    "type": "obs_log",
                    "x": 170.9,
                    "y": 106.1,
                    "z": 129
                }
            ],
            "obs_placed": 2,
            "observer_kills": 0,
            "observer_uses": 2,
            "observers_placed": 2,
            "pings": 13,
            "player_slot": 2,
            "purchase": {
                "blades_of_attack": 2,
                "blood_grenade": 1,
                "boots": 1,
                "branches": 2,
                "chainmail": 1,
                "circlet": 1,
                "clarity": 2,
                "claymore": 1,
                "enchanted_mango": 3,
                "faerie_fire": 1,
                "gloves": 1,
                "javelin": 1,
                "lesser_crit": 1,
                "maelstrom": 1,
                "magic_stick": 1,
                "magic_wand": 1,
                "mantle": 1,
                "mithril_hammer": 1,
                "null_talisman": 1,
                "phase_boots": 1,
                "recipe_lesser_crit": 1,
                "recipe_magic_wand": 1,
                "recipe_null_talisman": 1,
                "smoke_of_deceit": 1,
                "tango": 2,
                "tpscroll": 2,
                "ward_dispenser": 2,
                "ward_observer": 3,
                "ward_sentry": 2
            },
            "purchase_tpscroll": 2,
            "purchase_ward_observer": 3,
            "purchase_ward_sentry": 2,
            "rank_tier": null,
            "roshan_kills": 0,
            "rune_pickups": 6,
            "runes": {
                "0": 1,
                "3": 1,
                "5": 3,
                "7": 1
            },
            "sen": {},
            "sen_left_log": [],
            "sen_log": [],
            "sen_placed": 0,
            "sentry_kills": 0,
            "sentry_uses": 0,
            "stuns": 43.0672,
            "teamfight_participation": 0.61538464,
            "total_gold": 8519,
            "total_xp": 8796,
            "tower_damage": 904,
            "tower_kills": 0,
            "win": 0,
            "xp_per_min": 317
        },
        {
            "abandons": 0,
            "actions_per_min": 182,
            "ancient_kills": 0,
            "assists": 7,
            "benchmarks": {
                "gold_per_min": {
                    "pct": 0.06318812829104835,
                    "raw": 248
                },
                "hero_damage_per_min": {
                    "pct": 0.8326950694112015,
                    "raw": 662.054054054054
                },
                "hero_healing_per_min": {
                    "pct": 0.528721876495931,
                    "raw": 0
                },
                "kills_per_min": {
                    "pct": 0.6840593585447583,
                    "raw": 0.14414414414414414
                },
                "last_hits_per_min": {
                    "pct": 0.10244135950215415,
                    "raw": 0.972972972972973
                },
                "tower_damage": {
                    "pct": 0.2762087123025371,
                    "raw": 257
                },
                "xp_per_min": {
                    "pct": 0.04954523695548109,
                    "raw": 277
                }
            },
            "buyback_count": 1,
            "camps_stacked": 0,
            "courier_kills": 0,
            "creeps_stacked": 0,
            "deaths": 9,
            "denies": 2,
            "gold": 1574,
            "gold_per_min": 248,
            "gold_spent": 4620,
            "hero_damage": 18372,
            "hero_healing": 0,
            "hero_id": 64,
            "hero_kills": 4,
            "hero_variant": 1,
            "is_roaming": false,
            "item_uses": {
                "arcane_boots": 6,
                "clarity": 2,
                "force_staff": 6,
                "tango": 2,
                "tpscroll": 5,
                "ward_dispenser": 9,
                "ward_observer": 2,
                "ward_sentry": 3
            },
            "kda": 1.1,
            "kill_streaks": {},
            "kills": 4,
            "kills_per_min": 0.14414414414414414,
            "lane": 1,
            "lane_efficiency": 0.49777687954729183,
            "lane_efficiency_pct": 49,
            "lane_kills": 17,
            "lane_role": 1,
            "last_hits": 27,
            "leaver_status": 0,
            "level": 11,
            "life_state": {
                "0": 1445,
                "1": 22,
                "2": 200
            },
            "life_state_dead": 222,
            "lose": 1,
            "multi_kills": {},
            "necronomicon_kills": 0,
            "net_worth": 5224,
            "neutral_kills": 6,
            "obs": {
                "148": {
                    "72": 1
                },
                "158": {
                    "92": 3
                },
                "96": {
                    "140": 1
                }
            },
            "obs_left_log": [
                {
                    "attackername": "npc_dota_hero_morphling",
                    "ehandle": 11978346,
                    "entityleft": true,
                    "key": "[158,92]",
                    "player_slot": 3,
                    "slot": 3,
                    "time": 168,
                    "type": "obs_left_log",
                    "x": 158,
                    "y": 91.9,
                    "z": 132.2
                },
                {
                    "attackername": "npc_dota_hero_treant",
                    "ehandle": 14730950,
                    "entityleft": true,
                    "key": "[158,92]",
                    "player_slot": 3,
                    "slot": 3,
                    "time": 588,
                    "type": "obs_left_log",
                    "x": 158.1,
                    "y": 91.8,
                    "z": 132.2
                },
                {
                    "attackername": "npc_dota_hero_morphling",
                    "ehandle": 11913302,
                    "entityleft": true,
                    "key": "[158,92]",
                    "player_slot": 3,
                    "slot": 3,
                    "time": 800,
                    "type": "obs_left_log",
                    "x": 158,
                    "y": 91.9,
                    "z": 132.2
                },
                {
                    "attackername": "npc_dota_hero_nevermore",
                    "ehandle": 16090513,
                    "entityleft": true,
                    "key": "[148,72]",
                    "player_slot": 3,
                    "slot": 3,
                    "time": 1234,
                    "type": "obs_left_log",
                    "x": 147.9,
                    "y": 71.8,
                    "z": 131.2
                },
                {
                    "attackername": "npc_dota_hero_jakiro",
                    "ehandle": 6620333,
                    "entityleft": true,
                    "key": "[96,140]",
                    "player_slot": 3,
                    "slot": 3,
                    "time": 1525,
                    "type": "obs_left_log",
                    "x": 95.7,
                    "y": 139.9,
                    "z": 132.2
                }
            ],
            "obs_log": [
                {
                    "ehandle": 11978346,
                    "entityleft": false,
                    "key": "[158,92]",
                    "player_slot": 3,
                    "slot": 3,
                    "time": 41,
                    "type": "obs_log",
                    "x": 158,
                    "y": 91.9,
                    "z": 132.2
                },
                {
                    "ehandle": 14730950,
                    "entityleft": false,
                    "key": "[158,92]",
                    "player_slot": 3,
                    "slot": 3,
                    "time": 320,
                    "type": "obs_log",
                    "x": 158.1,
                    "y": 91.8,
                    "z": 132.2
                },
                {
                    "ehandle": 11913302,
                    "entityleft": false,
                    "key": "[158,92]",
                    "player_slot": 3,
                    "slot": 3,
                    "time": 626,
                    "type": "obs_log",
                    "x": 158,
                    "y": 91.9,
                    "z": 132.2
                },
                {
                    "ehandle": 6620333,
                    "entityleft": false,
                    "key": "[96,140]",
                    "player_slot": 3,
                    "slot": 3,
                    "time": 1165,
                    "type": "obs_log",
                    "x": 95.7,
                    "y": 139.9,
                    "z": 132.2
                },
                {
                    "ehandle": 16090513,
                    "entityleft": false,
                    "key": "[148,72]",
                    "player_slot": 3,
                    "slot": 3,
                    "time": 1207,
                    "type": "obs_log",
                    "x": 147.9,
                    "y": 71.8,
                    "z": 131.2
                }
            ],
            "obs_placed": 5,
            "observer_kills": 2,
            "observer_uses": 2,
            "observers_placed": 5,
            "player_slot": 3,
            "purchase": {
                "arcane_boots": 1,
                "boots": 1,
                "branches": 2,
                "clarity": 1,
                "fluffy_hat": 1,
                "force_staff": 1,
                "mantle": 1,
                "recipe_arcane_boots": 1,
                "recipe_force_staff": 1,
                "recipe_ring_of_basilius": 1,
                "ring_of_basilius": 1,
                "sobi_mask": 1,
                "staff_of_wizardry": 1,
                "tango": 1,
                "tpscroll": 2,
                "ward_dispenser": 6,
                "ward_observer": 5,
                "ward_sentry": 8
            },
            "purchase_tpscroll": 2,
            "purchase_ward_observer": 5,
            "purchase_ward_sentry": 8,
            "rank_tier": null,
            "roshan_kills": 0,
            "rune_pickups": 1,
            "runes": {
                "5": 1
            },
            "sen": {
                "134": {
                    "92": 1
                },
                "148": {
                    "72": 1
                },
                "158": {
                    "92": 4
                },
                "162": {
                    "99": 1
                }
            },
            "sen_left_log": [
                {
                    "attackername": "npc_dota_hero_morphling",
                    "ehandle": 6948493,
                    "entityleft": true,
                    "key": "[162,99]",
                    "player_slot": 3,
                    "slot": 3,
                    "time": 340,
                    "type": "sen_left_log",
                    "x": 161.9,
                    "y": 98.9,
                    "z": 129
                },
                {
                    "attackername": "npc_dota_hero_morphling",
                    "ehandle": 5769449,
                    "entityleft": true,
                    "key": "[158,92]",
                    "player_slot": 3,
                    "slot": 3,
                    "time": 514,
                    "type": "sen_left_log",
                    "x": 158,
                    "y": 92.1,
                    "z": 132.2
                },
                {
                    "attackername": "npc_dota_hero_morphling",
                    "ehandle": 13732174,
                    "entityleft": true,
                    "key": "[158,92]",
                    "player_slot": 3,
                    "slot": 3,
                    "time": 529,
                    "type": "sen_left_log",
                    "x": 158.1,
                    "y": 92,
                    "z": 132.2
                },
                {
                    "attackername": "npc_dota_hero_morphling",
                    "ehandle": 18623,
                    "entityleft": true,
                    "key": "[158,92]",
                    "player_slot": 3,
                    "slot": 3,
                    "time": 803,
                    "type": "sen_left_log",
                    "x": 158.1,
                    "y": 91.8,
                    "z": 132.2
                },
                {
                    "attackername": "npc_dota_hero_morphling",
                    "ehandle": 14141903,
                    "entityleft": true,
                    "key": "[158,92]",
                    "player_slot": 3,
                    "slot": 3,
                    "time": 806,
                    "type": "sen_left_log",
                    "x": 158.1,
                    "y": 92,
                    "z": 132.2
                },
                {
                    "attackername": "npc_dota_hero_nevermore",
                    "ehandle": 2720403,
                    "entityleft": true,
                    "key": "[148,72]",
                    "player_slot": 3,
                    "slot": 3,
                    "time": 1235,
                    "type": "sen_left_log",
                    "x": 148,
                    "y": 71.9,
                    "z": 131.2
                },
                {
                    "attackername": "npc_dota_hero_jakiro",
                    "ehandle": 3049862,
                    "entityleft": true,
                    "key": "[134,92]",
                    "player_slot": 3,
                    "slot": 3,
                    "time": 1274,
                    "type": "sen_left_log",
                    "x": 133.8,
                    "y": 91.9,
                    "z": 132.2
                }
            ],
            "sen_log": [
                {
                    "ehandle": 6948493,
                    "entityleft": false,
                    "key": "[162,99]",
                    "player_slot": 3,
                    "slot": 3,
                    "time": 45,
                    "type": "sen_log",
                    "x": 161.9,
                    "y": 98.9,
                    "z": 129
                },
                {
                    "ehandle": 5769449,
                    "entityleft": false,
                    "key": "[158,92]",
                    "player_slot": 3,
                    "slot": 3,
                    "time": 187,
                    "type": "sen_log",
                    "x": 158,
                    "y": 92.1,
                    "z": 132.2
                },
                {
                    "ehandle": 13732174,
                    "entityleft": false,
                    "key": "[158,92]",
                    "player_slot": 3,
                    "slot": 3,
                    "time": 210,
                    "type": "sen_log",
                    "x": 158.1,
                    "y": 92,
                    "z": 132.2
                },
                {
                    "ehandle": 18623,
                    "entityleft": false,
                    "key": "[158,92]",
                    "player_slot": 3,
                    "slot": 3,
                    "time": 619,
                    "type": "sen_log",
                    "x": 158.1,
                    "y": 91.8,
                    "z": 132.2
                },
                {
                    "ehandle": 14141903,
                    "entityleft": false,
                    "key": "[158,92]",
                    "player_slot": 3,
                    "slot": 3,
                    "time": 624,
                    "type": "sen_log",
                    "x": 158.1,
                    "y": 92,
                    "z": 132.2
                },
                {
                    "ehandle": 3049862,
                    "entityleft": false,
                    "key": "[134,92]",
                    "player_slot": 3,
                    "slot": 3,
                    "time": 853,
                    "type": "sen_log",
                    "x": 133.8,
                    "y": 91.9,
                    "z": 132.2
                },
                {
                    "ehandle": 2720403,
                    "entityleft": false,
                    "key": "[148,72]",
                    "player_slot": 3,
                    "slot": 3,
                    "time": 1208,
                    "type": "sen_log",
                    "x": 148,
                    "y": 71.9,
                    "z": 131.2
                }
            ],
            "sen_placed": 7,
            "sentry_kills": 3,
            "sentry_uses": 3,
            "stuns": 30.065613,
            "teamfight_participation": 0.84615386,
            "total_gold": 6882,
            "total_xp": 7686,
            "tower_damage": 257,
            "tower_kills": 1,
            "win": 0,
            "xp_per_min": 277
        },
        {
            "abandons": 0,
            "actions_per_min": 208,
            "ancient_kills": 0,
            "assists": 8,
            "benchmarks": {
                "gold_per_min": {
                    "pct": 0.08330897398421515,
                    "raw": 250
                },
                "hero_damage_per_min": {
                    "pct": 0.29494299912306343,
                    "raw": 288.036036036036
                },
                "hero_healing_per_min": {
                    "pct": 0.8561824028061971,
                    "raw": 6.918918918918919
                },
                "kills_per_min": {
                    "pct": 0.057293189125986556,
                    "raw": 0
                },
                "last_hits_per_min": {
                    "pct": 0.10990938322128033,
                    "raw": 0.9009009009009009
                },
                "tower_damage": {
                    "pct": 0.1382636655948553,
                    "raw": 52
                },
                "xp_per_min": {
                    "pct": 0.018415667933352822,
                    "raw": 216
                }
            },
            "buyback_count": 1,
            "camps_stacked": 0,
            "courier_kills": 2,
            "creeps_stacked": 0,
            "deaths": 11,
            "denies": 3,
            "gold": 1245,
            "gold_per_min": 250,
            "gold_spent": 5145,
            "hero_damage": 7993,
            "hero_healing": 192,
            "hero_id": 27,
            "hero_kills": 0,
            "hero_variant": 1,
            "is_roaming": false,
            "item_uses": {
                "blink": 3,
                "clarity": 5,
                "enchanted_mango": 1,
                "famango": 1,
                "flask": 1,
                "magic_wand": 13,
                "smoke_of_deceit": 4,
                "tango": 6,
                "tpscroll": 8,
                "ward_dispenser": 14,
                "ward_observer": 1,
                "ward_sentry": 5
            },
            "kda": 0.67,
            "kill_streaks": {},
            "kills": 0,
            "lane": 3,
            "lane_efficiency": 0.3799514955537591,
            "lane_efficiency_pct": 37,
            "lane_kills": 17,
            "lane_role": 3,
            "last_hits": 25,
            "leaver_status": 0,
            "level": 10,
            "life_state": {
                "0": 1375,
                "1": 11,
                "2": 281
            },
            "life_state_dead": 292,
            "lose": 1,
            "multi_kills": {},
            "necronomicon_kills": 0,
            "net_worth": 4545,
            "neutral_kills": 1,
            "obs": {
                "105": {
                    "163": 1
                },
                "125": {
                    "119": 1
                },
                "85": {
                    "163": 1
                },
                "94": {
                    "120": 1
                }
            },
            "obs_left_log": [
                {
                    "attackername": "npc_dota_hero_shadow_shaman",
                    "ehandle": 2131912,
                    "entityleft": true,
                    "key": "[85,163]",
                    "player_slot": 4,
                    "slot": 4,
                    "time": 822,
                    "type": "obs_left_log",
                    "x": 85.2,
                    "y": 163,
                    "z": 129
                },
                {
                    "attackername": "npc_dota_hero_nevermore",
                    "ehandle": 1132536,
                    "entityleft": true,
                    "key": "[105,163]",
                    "player_slot": 4,
                    "slot": 4,
                    "time": 923,
                    "type": "obs_left_log",
                    "x": 104.7,
                    "y": 162.6,
                    "z": 130
                },
                {
                    "attackername": "npc_dota_hero_shadow_shaman",
                    "ehandle": 15452361,
                    "entityleft": true,
                    "key": "[125,119]",
                    "player_slot": 4,
                    "slot": 4,
                    "time": 941,
                    "type": "obs_left_log",
                    "x": 125.1,
                    "y": 118.7,
                    "z": 129
                },
                {
                    "attackername": "npc_dota_hero_shadow_shaman",
                    "ehandle": 9111566,
                    "entityleft": true,
                    "key": "[94,120]",
                    "player_slot": 4,
                    "slot": 4,
                    "time": 1376,
                    "type": "obs_left_log",
                    "x": 94.3,
                    "y": 120.1,
                    "z": 132.2
                }
            ],
            "obs_log": [
                {
                    "ehandle": 2131912,
                    "entityleft": false,
                    "key": "[85,163]",
                    "player_slot": 4,
                    "slot": 4,
                    "time": 462,
                    "type": "obs_log",
                    "x": 85.2,
                    "y": 163,
                    "z": 129
                },
                {
                    "ehandle": 15452361,
                    "entityleft": false,
                    "key": "[125,119]",
                    "player_slot": 4,
                    "slot": 4,
                    "time": 581,
                    "type": "obs_log",
                    "x": 125.1,
                    "y": 118.7,
                    "z": 129
                },
                {
                    "ehandle": 1132536,
                    "entityleft": false,
                    "key": "[105,163]",
                    "player_slot": 4,
                    "slot": 4,
                    "time": 914,
                    "type": "obs_log",
                    "x": 104.7,
                    "y": 162.6,
                    "z": 130
                },
                {
                    "ehandle": 9111566,
                    "entityleft": false,
                    "key": "[94,120]",
                    "player_slot": 4,
                    "slot": 4,
                    "time": 1016,
                    "type": "obs_log",
                    "x": 94.3,
                    "y": 120.1,
                    "z": 132.2
                }
            ],
            "obs_placed": 4,
            "observer_kills": 2,
            "observer_uses": 1,
            "observers_placed": 4,
            "pings": 74,
            "player_slot": 4,
            "purchase": {
                "blink": 1,
                "boots": 1,
                "branches": 3,
                "clarity": 5,
                "enchanted_mango": 1,
                "flask": 1,
                "magic_stick": 1,
                "magic_wand": 1,
                "recipe_magic_wand": 1,
                "smoke_of_deceit": 4,
                "tango": 2,
                "tpscroll": 5,
                "ward_dispenser": 11,
                "ward_observer": 6,
                "ward_sentry": 11
            },
            "purchase_tpscroll": 5,
            "purchase_ward_observer": 6,
            "purchase_ward_sentry": 11,
            "rank_tier": null,
            "roshan_kills": 0,
            "rune_pickups": 3,
            "runes": {
                "5": 1,
                "8": 2
            },
            "sen": {
                "119": {
                    "129": 1
                },
                "123": {
                    "127": 1
                },
                "144": {
                    "122": 1
                },
                "158": {
                    "92": 1
                },
                "173": {
                    "98": 1
                },
                "82": {
                    "158": 1
                },
                "89": {
                    "97": 1
                },
                "94": {
                    "120": 1
                },
                "96": {
                    "140": 1
                },
                "99": {
                    "165": 1
                }
            },
            "sen_left_log": [
                {
                    "attackername": "npc_dota_hero_treant",
                    "ehandle": 3114749,
                    "entityleft": true,
                    "key": "[99,165]",
                    "player_slot": 4,
                    "slot": 4,
                    "time": 405,
                    "type": "sen_left_log",
                    "x": 99.2,
                    "y": 164.5,
                    "z": 129
                },
                {
                    "attackername": "npc_dota_hero_morphling",
                    "ehandle": 12847601,
                    "entityleft": true,
                    "key": "[158,92]",
                    "player_slot": 4,
                    "slot": 4,
                    "time": 607,
                    "type": "sen_left_log",
                    "x": 157.8,
                    "y": 92.2,
                    "z": 132.2
                },
                {
                    "attackername": "npc_dota_hero_shadow_shaman",
                    "ehandle": 6654417,
                    "entityleft": true,
                    "key": "[123,127]",
                    "player_slot": 4,
                    "slot": 4,
                    "time": 669,
                    "type": "sen_left_log",
                    "x": 123.4,
                    "y": 127.4,
                    "z": 128
                },
                {
                    "attackername": "npc_dota_hero_morphling",
                    "ehandle": 16501101,
                    "entityleft": true,
                    "key": "[173,98]",
                    "player_slot": 4,
                    "slot": 4,
                    "time": 675,
                    "type": "sen_left_log",
                    "x": 173.3,
                    "y": 98.1,
                    "z": 129
                },
                {
                    "attackername": "npc_dota_hero_shadow_shaman",
                    "ehandle": 14305281,
                    "entityleft": true,
                    "key": "[82,158]",
                    "player_slot": 4,
                    "slot": 4,
                    "time": 879,
                    "type": "sen_left_log",
                    "x": 82.2,
                    "y": 158.3,
                    "z": 129
                },
                {
                    "attackername": "npc_dota_hero_shadow_shaman",
                    "ehandle": 7162253,
                    "entityleft": true,
                    "key": "[144,122]",
                    "player_slot": 4,
                    "slot": 4,
                    "time": 1170,
                    "type": "sen_left_log",
                    "x": 143.8,
                    "y": 122,
                    "z": 132.1
                },
                {
                    "attackername": "npc_dota_hero_shadow_shaman",
                    "ehandle": 6949366,
                    "entityleft": true,
                    "key": "[96,140]",
                    "player_slot": 4,
                    "slot": 4,
                    "time": 1368,
                    "type": "sen_left_log",
                    "x": 95.8,
                    "y": 139.8,
                    "z": 132.2
                },
                {
                    "attackername": "npc_dota_hero_shadow_shaman",
                    "ehandle": 16042218,
                    "entityleft": true,
                    "key": "[94,120]",
                    "player_slot": 4,
                    "slot": 4,
                    "time": 1434,
                    "type": "sen_left_log",
                    "x": 94.3,
                    "y": 119.8,
                    "z": 132.2
                },
                {
                    "attackername": "npc_dota_hero_shadow_shaman",
                    "ehandle": 15615680,
                    "entityleft": true,
                    "key": "[119,129]",
                    "player_slot": 4,
                    "slot": 4,
                    "time": 1600,
                    "type": "sen_left_log",
                    "x": 118.7,
                    "y": 128.8,
                    "z": 128
                }
            ],
            "sen_log": [
                {
                    "ehandle": 3114749,
                    "entityleft": false,
                    "key": "[99,165]",
                    "player_slot": 4,
                    "slot": 4,
                    "time": 58,
                    "type": "sen_log",
                    "x": 99.2,
                    "y": 164.5,
                    "z": 129
                },
                {
                    "ehandle": 6654417,
                    "entityleft": false,
                    "key": "[123,127]",
                    "player_slot": 4,
                    "slot": 4,
                    "time": 249,
                    "type": "sen_log",
                    "x": 123.4,
                    "y": 127.4,
                    "z": 128
                },
                {
                    "ehandle": 14305281,
                    "entityleft": false,
                    "key": "[82,158]",
                    "player_slot": 4,
                    "slot": 4,
                    "time": 459,
                    "type": "sen_log",
                    "x": 82.2,
                    "y": 158.3,
                    "z": 129
                },
                {
                    "ehandle": 16501101,
                    "entityleft": false,
                    "key": "[173,98]",
                    "player_slot": 4,
                    "slot": 4,
                    "time": 479,
                    "type": "sen_log",
                    "x": 173.3,
                    "y": 98.1,
                    "z": 129
                },
                {
                    "ehandle": 12847601,
                    "entityleft": false,
                    "key": "[158,92]",
                    "player_slot": 4,
                    "slot": 4,
                    "time": 554,
                    "type": "sen_log",
                    "x": 157.8,
                    "y": 92.2,
                    "z": 132.2
                },
                {
                    "ehandle": 7162253,
                    "entityleft": false,
                    "key": "[144,122]",
                    "player_slot": 4,
                    "slot": 4,
                    "time": 750,
                    "type": "sen_log",
                    "x": 143.8,
                    "y": 122,
                    "z": 132.1
                },
                {
                    "ehandle": 6949366,
                    "entityleft": false,
                    "key": "[96,140]",
                    "player_slot": 4,
                    "slot": 4,
                    "time": 948,
                    "type": "sen_log",
                    "x": 95.8,
                    "y": 139.8,
                    "z": 132.2
                },
                {
                    "ehandle": 16042218,
                    "entityleft": false,
                    "key": "[94,120]",
                    "player_slot": 4,
                    "slot": 4,
                    "time": 1014,
                    "type": "sen_log",
                    "x": 94.3,
                    "y": 119.8,
                    "z": 132.2
                },
                {
                    "ehandle": 15615680,
                    "entityleft": false,
                    "key": "[119,129]",
                    "player_slot": 4,
                    "slot": 4,
                    "time": 1180,
                    "type": "sen_log",
                    "x": 118.7,
                    "y": 128.8,
                    "z": 128
                },
                {
                    "ehandle": 10192963,
                    "entityleft": false,
                    "key": "[89,97]",
                    "player_slot": 4,
                    "slot": 4,
                    "time": 1520,
                    "type": "sen_log",
                    "x": 88.8,
                    "y": 96.9,
                    "z": 130
                }
            ],
            "sen_placed": 10,
            "sentry_kills": 4,
            "sentry_uses": 5,
            "stuns": 81.96693,
            "teamfight_participation": 0.53846157,
            "total_gold": 6937,
            "total_xp": 5994,
            "tower_damage": 52,
            "tower_kills": 0,
            "win": 0,
            "xp_per_min": 216
        },
        {
            "abandons": 0,
            "actions_per_min": 248,
            "ancient_kills": 12,
            "assists": 12,
            "benchmarks": {
                "gold_per_min": {
                    "pct": 0.9455958549222798,
                    "raw": 752
                },
                "hero_damage_per_min": {
                    "pct": 0.9984455958549223,
                    "raw": 1747.9279279279278
                },
                "hero_healing_per_min": {
                    "pct": 0.5481865284974093,
                    "raw": 39.13513513513514
                },
                "kills_per_min": {
                    "pct": 0.9974093264248705,
                    "raw": 0.7927927927927927
                },
                "last_hits_per_min": {
                    "pct": 0.7020725388601037,
                    "raw": 7.423423423423424
                },
                "tower_damage": {
                    "pct": 0.8347150259067357,
                    "raw": 13109
                },
                "xp_per_min": {
                    "pct": 0.5901554404145077,
                    "raw": 809
                }
            },
            "buyback_count": 0,
            "camps_stacked": 3,
            "courier_kills": 0,
            "creeps_stacked": 9,
            "deaths": 1,
            "denies": 29,
            "gold": 2822,
            "gold_per_min": 752,
            "gold_spent": 19095,
            "hero_damage": 48505,
            "hero_healing": 1086,
            "hero_id": 54,
            "hero_kills": 22,
            "hero_variant": 2,
            "is_roaming": false,
            "item_uses": {
                "black_king_bar": 1,
                "famango": 2,
                "iron_talon": 2,
                "phase_boots": 117,
                "quelling_blade": 7,
                "seeds_of_serenity": 3,
                "tango": 3
            },
            "kda": 17,
            "kill_streaks": {
                "10": 1,
                "11": 1,
                "12": 1,
                "13": 1,
                "14": 1,
                "15": 1,
                "16": 1,
                "17": 1,
                "18": 1,
                "19": 1,
                "20": 1,
                "21": 1,
                "22": 1,
                "3": 1,
                "4": 1,
                "5": 1,
                "6": 1,
                "7": 1,
                "8": 1,
                "9": 1
            },
            "kills": 22,
            "kills_per_min": 0.7927927927927928,
            "lane": 3,
            "lane_efficiency": 0.7362570735650767,
            "lane_efficiency_pct": 73,
            "lane_kills": 171,
            "lane_role": 1,
            "last_hits": 206,
            "leaver_status": 0,
            "level": 20,
            "life_state": {
                "0": 1667
            },
            "life_state_dead": 0,
            "lose": 0,
            "multi_kills": {
                "2": 6,
                "3": 3,
                "4": 1
            },
            "necronomicon_kills": 0,
            "net_worth": 21377,
            "neutral_kills": 52,
            "obs": {},
            "obs_left_log": [],
            "obs_log": [],
            "obs_placed": 0,
            "observer_kills": 0,
            "observer_uses": 0,
            "observers_placed": 0,
            "pings": 2,
            "player_slot": 128,
            "purchase": {
                "belt_of_strength": 1,
                "black_king_bar": 1,
                "blade_of_alacrity": 1,
                "blades_of_attack": 1,
                "blight_stone": 1,
                "boots": 1,
                "boots_of_elves": 1,
                "bracer": 1,
                "branches": 2,
                "chainmail": 1,
                "circlet": 1,
                "desolator": 1,
                "gauntlets": 1,
                "magic_stick": 1,
                "mithril_hammer": 3,
                "ogre_axe": 2,
                "phase_boots": 1,
                "quelling_blade": 1,
                "radiance": 1,
                "recipe_black_king_bar": 1,
                "recipe_bracer": 1,
                "recipe_magic_wand": 1,
                "recipe_sange": 1,
                "recipe_yasha": 1,
                "relic": 1,
                "sange": 1,
                "sange_and_yasha": 1,
                "talisman_of_evasion": 1,
                "tango": 1,
                "yasha": 1
            },
            "rank_tier": null,
            "roshan_kills": 0,
            "rune_pickups": 4,
            "runes": {
                "2": 1,
                "5": 1,
                "8": 1,
                "9": 1
            },
            "sen": {},
            "sen_left_log": [],
            "sen_log": [],
            "sen_placed": 0,
            "sentry_kills": 0,
            "sentry_uses": 0,
            "stuns": 0,
            "teamfight_participation": 0.6296296,
            "total_gold": 20868,
            "total_xp": 22449,
            "tower_damage": 13109,
            "tower_kills": 1,
            "win": 1,
            "xp_per_min": 809
        },
        {
            "abandons": 0,
            "account_id": 1042918019,
            "actions_per_min": 339,
            "ancient_kills": 0,
            "assists": 11,
            "benchmarks": {
                "gold_per_min": {
                    "pct": 0.6437184827888621,
                    "raw": 628
                },
                "hero_damage_per_min": {
                    "pct": 0.6393334795001097,
                    "raw": 790.7027027027027
                },
                "hero_healing_per_min": {
                    "pct": 0.8816049112036835,
                    "raw": 0
                },
                "kills_per_min": {
                    "pct": 0.9787327340495505,
                    "raw": 0.6846846846846847
                },
                "last_hits_per_min": {
                    "pct": 0.17737338303003727,
                    "raw": 4.720720720720721
                },
                "tower_damage": {
                    "pct": 0.7035737776803332,
                    "raw": 6792
                },
                "xp_per_min": {
                    "pct": 0.4520938390703793,
                    "raw": 726
                }
            },
            "buyback_count": 0,
            "camps_stacked": 0,
            "courier_kills": 0,
            "creeps_stacked": 0,
            "deaths": 0,
            "denies": 15,
            "gold": 5217,
            "gold_per_min": 628,
            "gold_spent": 13360,
            "hero_damage": 21942,
            "hero_healing": 0,
            "hero_id": 11,
            "hero_kills": 19,
            "hero_variant": 2,
            "is_roaming": false,
            "item_uses": {
                "blink": 18,
                "bottle": 45,
                "branches": 1,
                "clarity": 3,
                "cyclone": 8,
                "enchanted_mango": 1,
                "faerie_fire": 1,
                "magic_stick": 15,
                "tango": 3,
                "tpscroll": 11,
                "unstable_wand": 5,
                "ward_observer": 3
            },
            "kda": 30,
            "kill_streaks": {
                "10": 1,
                "11": 1,
                "12": 1,
                "13": 1,
                "14": 1,
                "15": 1,
                "16": 1,
                "17": 1,
                "18": 1,
                "19": 1,
                "3": 1,
                "4": 1,
                "5": 1,
                "6": 1,
                "7": 1,
                "8": 1,
                "9": 1
            },
            "kills": 19,
            "kills_per_min": 0.6846846846846847,
            "lane": 2,
            "lane_efficiency": 0.9989894907033144,
            "lane_efficiency_pct": 99,
            "lane_kills": 134,
            "lane_role": 2,
            "last_hits": 131,
            "leaver_status": 0,
            "level": 19,
            "life_state": {
                "0": 1667
            },
            "life_state_dead": 0,
            "lose": 0,
            "multi_kills": {
                "2": 2,
                "3": 1
            },
            "necronomicon_kills": 0,
            "net_worth": 17667,
            "neutral_kills": 5,
            "obs": {
                "132": {
                    "128": 1
                },
                "134": {
                    "125": 1
                },
                "144": {
                    "122": 1
                }
            },
            "obs_left_log": [
                {
                    "attackername": "npc_dota_hero_nevermore",
                    "ehandle": 5751990,
                    "entityleft": true,
                    "key": "[132,128]",
                    "player_slot": 129,
                    "slot": 6,
                    "time": 304,
                    "type": "obs_left_log",
                    "x": 132.1,
                    "y": 127.7,
                    "z": 129
                },
                {
                    "attackername": "npc_dota_hero_nevermore",
                    "ehandle": 15698079,
                    "entityleft": true,
                    "key": "[134,125]",
                    "player_slot": 129,
                    "slot": 6,
                    "time": 669,
                    "type": "obs_left_log",
                    "x": 133.5,
                    "y": 125.3,
                    "z": 129
                },
                {
                    "attackername": "npc_dota_hero_nevermore",
                    "ehandle": 1081593,
                    "entityleft": true,
                    "key": "[144,122]",
                    "player_slot": 129,
                    "slot": 6,
                    "time": 1247,
                    "type": "obs_left_log",
                    "x": 143.7,
                    "y": 122.4,
                    "z": 132.1
                }
            ],
            "obs_log": [
                {
                    "ehandle": 5751990,
                    "entityleft": false,
                    "key": "[132,128]",
                    "player_slot": 129,
                    "slot": 6,
                    "time": -56,
                    "type": "obs_log",
                    "x": 132.1,
                    "y": 127.7,
                    "z": 129
                },
                {
                    "ehandle": 15698079,
                    "entityleft": false,
                    "key": "[134,125]",
                    "player_slot": 129,
                    "slot": 6,
                    "time": 309,
                    "type": "obs_log",
                    "x": 133.5,
                    "y": 125.3,
                    "z": 129
                },
                {
                    "ehandle": 1081593,
                    "entityleft": false,
                    "key": "[144,122]",
                    "player_slot": 129,
                    "slot": 6,
                    "time": 886,
                    "type": "obs_log",
                    "x": 143.7,
                    "y": 122.4,
                    "z": 132.1
                }
            ],
            "obs_placed": 3,
            "observer_kills": 2,
            "observer_uses": 3,
            "observers_placed": 3,
            "pings": 18,
            "player_slot": 129,
            "purchase": {
                "blade_of_alacrity": 1,
                "blink": 1,
                "boots": 1,
                "boots_of_elves": 1,
                "bottle": 1,
                "branches": 1,
                "clarity": 3,
                "cyclone": 1,
                "enchanted_mango": 3,
                "faerie_fire": 1,
                "kaya": 1,
                "magic_stick": 1,
                "recipe_cyclone": 1,
                "recipe_kaya": 1,
                "recipe_travel_boots": 1,
                "recipe_yasha": 1,
                "robe": 1,
                "staff_of_wizardry": 2,
                "tango": 1,
                "void_stone": 1,
                "ward_observer": 3,
                "wind_lace": 1,
                "yasha": 1,
                "yasha_and_kaya": 1
            },
            "purchase_ward_observer": 3,
            "rank_tier": 42,
            "roshan_kills": 0,
            "rune_pickups": 15,
            "runes": {
                "2": 1,
                "4": 1,
                "5": 9,
                "6": 1,
                "7": 3
            },
            "sen": {},
            "sen_left_log": [],
            "sen_log": [],
            "sen_placed": 0,
            "sentry_kills": 1,
            "sentry_uses": 0,
            "stuns": 17.70004,
            "teamfight_participation": 0.5555556,
            "total_gold": 17427,
            "total_xp": 20146,
            "tower_damage": 6792,
            "tower_kills": 3,
            "win": 1,
            "xp_per_min": 726
        },
        {
            "abandons": 0,
            "actions_per_min": 207,
            "ancient_kills": 0,
            "assists": 23,
            "benchmarks": {
                "gold_per_min": {
                    "pct": 0.5188284518828452,
                    "raw": 485
                },
                "hero_damage_per_min": {
                    "pct": 0.41841004184100417,
                    "raw": 577.2972972972973
                },
                "hero_healing_per_min": {
                    "pct": 0.9358437935843794,
                    "raw": 0
                },
                "kills_per_min": {
                    "pct": 0.806136680613668,
                    "raw": 0.2882882882882883
                },
                "last_hits_per_min": {
                    "pct": 0.4225941422594142,
                    "raw": 3.963963963963964
                },
                "tower_damage": {
                    "pct": 0.5906555090655509,
                    "raw": 2316
                },
                "xp_per_min": {
                    "pct": 0.17154811715481172,
                    "raw": 453
                }
            },
            "buyback_count": 0,
            "camps_stacked": 0,
            "courier_kills": 0,
            "creeps_stacked": 0,
            "deaths": 8,
            "denies": 11,
            "gold": 862,
            "gold_per_min": 485,
            "gold_spent": 12520,
            "hero_damage": 16020,
            "hero_healing": 0,
            "hero_id": 137,
            "hero_kills": 8,
            "hero_variant": 1,
            "is_roaming": false,
            "item_uses": {
                "magic_wand": 3,
                "phase_boots": 59,
                "shivas_guard": 4,
                "soul_ring": 3,
                "tango": 3,
                "tpscroll": 9,
                "veil_of_discord": 4
            },
            "kda": 3.44,
            "kill_streaks": {
                "3": 1
            },
            "kills": 8,
            "kills_per_min": 0.2882882882882883,
            "lane": 1,
            "lane_efficiency": 0.6758286176232822,
            "lane_efficiency_pct": 67,
            "lane_kills": 101,
            "lane_role": 3,
            "last_hits": 110,
            "leaver_status": 0,
            "level": 15,
            "life_state": {
                "0": 1452,
                "1": 16,
                "2": 199
            },
            "life_state_dead": 215,
            "lose": 0,
            "multi_kills": {
                "2": 1
            },
            "necronomicon_kills": 0,
            "net_worth": 13242,
            "neutral_kills": 14,
            "obs": {},
            "obs_left_log": [],
            "obs_log": [],
            "obs_placed": 0,
            "observer_kills": 0,
            "observer_uses": 0,
            "observers_placed": 0,
            "pings": 4,
            "player_slot": 130,
            "purchase": {
                "black_king_bar": 1,
                "blades_of_attack": 1,
                "boots": 1,
                "branches": 2,
                "chainmail": 1,
                "crown": 1,
                "gauntlets": 2,
                "helm_of_iron_will": 1,
                "magic_stick": 1,
                "magic_wand": 1,
                "mithril_hammer": 1,
                "ogre_axe": 1,
                "phase_boots": 1,
                "platemail": 1,
                "quelling_blade": 1,
                "recipe_black_king_bar": 1,
                "recipe_magic_wand": 1,
                "recipe_shivas_guard": 1,
                "recipe_soul_ring": 1,
                "recipe_veil_of_discord": 1,
                "ring_of_protection": 1,
                "shivas_guard": 1,
                "soul_ring": 1,
                "tango": 1,
                "tpscroll": 3,
                "veil_of_discord": 1
            },
            "purchase_tpscroll": 3,
            "rank_tier": null,
            "roshan_kills": 0,
            "rune_pickups": 3,
            "runes": {
                "0": 1,
                "3": 1,
                "5": 1
            },
            "sen": {},
            "sen_left_log": [],
            "sen_log": [],
            "sen_placed": 0,
            "sentry_kills": 0,
            "sentry_uses": 0,
            "stuns": 38.23439,
            "teamfight_participation": 0.5740741,
            "total_gold": 13458,
            "total_xp": 12570,
            "tower_damage": 2316,
            "tower_kills": 3,
            "win": 1,
            "xp_per_min": 453
        },
        {
            "abandons": 0,
            "actions_per_min": 387,
            "ancient_kills": 0,
            "assists": 36,
            "benchmarks": {
                "gold_per_min": {
                    "pct": 0.5840108401084011,
                    "raw": 360
                },
                "hero_damage_per_min": {
                    "pct": 0.8631436314363143,
                    "raw": 552.7567567567568
                },
                "hero_healing_per_min": {
                    "pct": 0.6714092140921409,
                    "raw": 255.17117117117118
                },
                "kills_per_min": {
                    "pct": 0.18089430894308944,
                    "raw": 0.036036036036036036
                },
                "last_hits_per_min": {
                    "pct": 0.37601626016260165,
                    "raw": 1.1531531531531531
                },
                "tower_damage": {
                    "pct": 0.5995934959349594,
                    "raw": 732
                },
                "xp_per_min": {
                    "pct": 0.40989159891598914,
                    "raw": 491
                }
            },
            "buyback_count": 0,
            "camps_stacked": 0,
            "courier_kills": 0,
            "creeps_stacked": 0,
            "deaths": 3,
            "denies": 5,
            "gold": 292,
            "gold_per_min": 360,
            "gold_spent": 10320,
            "hero_damage": 15339,
            "hero_healing": 7081,
            "hero_id": 83,
            "hero_kills": 1,
            "hero_variant": 2,
            "is_roaming": false,
            "item_uses": {
                "arcane_boots": 14,
                "blink": 1,
                "blood_grenade": 6,
                "clarity": 8,
                "enchanted_mango": 6,
                "famango": 2,
                "magic_wand": 8,
                "pavise": 1,
                "smoke_of_deceit": 3,
                "solar_crest": 19,
                "tango": 3,
                "tpscroll": 5,
                "ward_dispenser": 13,
                "ward_observer": 2,
                "ward_sentry": 9
            },
            "kda": 9.25,
            "kill_streaks": {},
            "kills": 1,
            "kills_per_min": 0.036036036036036036,
            "lane": 3,
            "lane_efficiency": 0.3945028294260307,
            "lane_efficiency_pct": 39,
            "lane_kills": 32,
            "lane_role": 1,
            "last_hits": 32,
            "leaver_status": 0,
            "level": 15,
            "life_state": {
                "0": 1620,
                "1": 6,
                "2": 41
            },
            "life_state_dead": 47,
            "lose": 0,
            "multi_kills": {},
            "necronomicon_kills": 0,
            "net_worth": 8492,
            "neutral_kills": 1,
            "obs": {
                "108": {
                    "170": 1
                },
                "134": {
                    "92": 1
                },
                "148": {
                    "72": 1
                },
                "154": {
                    "79": 1
                },
                "158": {
                    "92": 1
                },
                "160": {
                    "121": 1
                },
                "73": {
                    "87": 1
                },
                "94": {
                    "96": 1
                }
            },
            "obs_left_log": [
                {
                    "attackername": "npc_dota_hero_jakiro",
                    "ehandle": 16418586,
                    "entityleft": true,
                    "key": "[158,92]",
                    "player_slot": 131,
                    "slot": 8,
                    "time": 621,
                    "type": "obs_left_log",
                    "x": 158.1,
                    "y": 92.1,
                    "z": 132.2
                },
                {
                    "attackername": "npc_dota_hero_treant",
                    "ehandle": 9046164,
                    "entityleft": true,
                    "key": "[160,121]",
                    "player_slot": 131,
                    "slot": 8,
                    "time": 906,
                    "type": "obs_left_log",
                    "x": 159.7,
                    "y": 120.5,
                    "z": 130
                },
                {
                    "attackername": "npc_dota_hero_treant",
                    "ehandle": 853962,
                    "entityleft": true,
                    "key": "[108,170]",
                    "player_slot": 131,
                    "slot": 8,
                    "time": 985,
                    "type": "obs_left_log",
                    "x": 107.6,
                    "y": 169.6,
                    "z": 130
                },
                {
                    "attackername": "npc_dota_hero_treant",
                    "ehandle": 15075622,
                    "entityleft": true,
                    "key": "[148,72]",
                    "player_slot": 131,
                    "slot": 8,
                    "time": 1190,
                    "type": "obs_left_log",
                    "x": 147.9,
                    "y": 72,
                    "z": 131.2
                },
                {
                    "attackername": "npc_dota_hero_treant",
                    "ehandle": 10323021,
                    "entityleft": true,
                    "key": "[154,79]",
                    "player_slot": 131,
                    "slot": 8,
                    "time": 1471,
                    "type": "obs_left_log",
                    "x": 153.9,
                    "y": 79.4,
                    "z": 129
                },
                {
                    "attackername": "npc_dota_hero_jakiro",
                    "ehandle": 8505802,
                    "entityleft": true,
                    "key": "[94,96]",
                    "player_slot": 131,
                    "slot": 8,
                    "time": 1525,
                    "type": "obs_left_log",
                    "x": 93.7,
                    "y": 95.9,
                    "z": 130
                },
                {
                    "attackername": "npc_dota_hero_treant",
                    "ehandle": 9144424,
                    "entityleft": true,
                    "key": "[134,92]",
                    "player_slot": 131,
                    "slot": 8,
                    "time": 1581,
                    "type": "obs_left_log",
                    "x": 134,
                    "y": 91.9,
                    "z": 132.2
                }
            ],
            "obs_log": [
                {
                    "ehandle": 9046164,
                    "entityleft": false,
                    "key": "[160,121]",
                    "player_slot": 131,
                    "slot": 8,
                    "time": 546,
                    "type": "obs_log",
                    "x": 159.7,
                    "y": 120.5,
                    "z": 130
                },
                {
                    "ehandle": 16418586,
                    "entityleft": false,
                    "key": "[158,92]",
                    "player_slot": 131,
                    "slot": 8,
                    "time": 585,
                    "type": "obs_log",
                    "x": 158.1,
                    "y": 92.1,
                    "z": 132.2
                },
                {
                    "ehandle": 853962,
                    "entityleft": false,
                    "key": "[108,170]",
                    "player_slot": 131,
                    "slot": 8,
                    "time": 625,
                    "type": "obs_log",
                    "x": 107.6,
                    "y": 169.6,
                    "z": 130
                },
                {
                    "ehandle": 15075622,
                    "entityleft": false,
                    "key": "[148,72]",
                    "player_slot": 131,
                    "slot": 8,
                    "time": 830,
                    "type": "obs_log",
                    "x": 147.9,
                    "y": 72,
                    "z": 131.2
                },
                {
                    "ehandle": 10323021,
                    "entityleft": false,
                    "key": "[154,79]",
                    "player_slot": 131,
                    "slot": 8,
                    "time": 1111,
                    "type": "obs_log",
                    "x": 153.9,
                    "y": 79.4,
                    "z": 129
                },
                {
                    "ehandle": 9144424,
                    "entityleft": false,
                    "key": "[134,92]",
                    "player_slot": 131,
                    "slot": 8,
                    "time": 1221,
                    "type": "obs_log",
                    "x": 134,
                    "y": 91.9,
                    "z": 132.2
                },
                {
                    "ehandle": 8505802,
                    "entityleft": false,
                    "key": "[94,96]",
                    "player_slot": 131,
                    "slot": 8,
                    "time": 1487,
                    "type": "obs_log",
                    "x": 93.7,
                    "y": 95.9,
                    "z": 130
                },
                {
                    "ehandle": 14452637,
                    "entityleft": false,
                    "key": "[73,87]",
                    "player_slot": 131,
                    "slot": 8,
                    "time": 1568,
                    "type": "obs_log",
                    "x": 72.9,
                    "y": 86.6,
                    "z": 130
                }
            ],
            "obs_placed": 8,
            "observer_kills": 1,
            "observer_uses": 2,
            "observers_placed": 8,
            "pings": 11,
            "player_slot": 131,
            "purchase": {
                "aghanims_shard": 1,
                "arcane_boots": 1,
                "blink": 1,
                "blood_grenade": 6,
                "boots": 1,
                "branches": 2,
                "clarity": 8,
                "crown": 1,
                "enchanted_mango": 6,
                "energy_booster": 1,
                "fluffy_hat": 1,
                "magic_stick": 1,
                "magic_wand": 1,
                "pavise": 1,
                "recipe_arcane_boots": 1,
                "recipe_magic_wand": 1,
                "recipe_pavise": 1,
                "recipe_ring_of_basilius": 1,
                "recipe_solar_crest": 1,
                "ring_of_basilius": 1,
                "ring_of_protection": 1,
                "smoke_of_deceit": 4,
                "sobi_mask": 1,
                "solar_crest": 1,
                "tango": 2,
                "tpscroll": 2,
                "ward_dispenser": 11,
                "ward_observer": 8,
                "ward_sentry": 13,
                "wind_lace": 1
            },
            "purchase_tpscroll": 2,
            "purchase_ward_observer": 8,
            "purchase_ward_sentry": 13,
            "rank_tier": null,
            "roshan_kills": 0,
            "rune_pickups": 0,
            "runes": {},
            "sen": {
                "108": {
                    "167": 1
                },
                "134": {
                    "92": 1
                },
                "148": {
                    "72": 1
                },
                "152": {
                    "80": 1
                },
                "160": {
                    "96": 1
                },
                "74": {
                    "86": 1
                },
                "85": {
                    "78": 1
                },
                "93": {
                    "164": 2,
                    "96": 1
                },
                "97": {
                    "165": 1
                },
                "99": {
                    "80": 1
                }
            },
            "sen_left_log": [
                {
                    "attackername": "npc_dota_hero_shadow_shaman",
                    "ehandle": 10651047,
                    "entityleft": true,
                    "key": "[93,164]",
                    "player_slot": 131,
                    "slot": 8,
                    "time": 85,
                    "type": "sen_left_log",
                    "x": 93.1,
                    "y": 163.6,
                    "z": 128
                },
                {
                    "attackername": "npc_dota_hero_shadow_shaman",
                    "ehandle": 8439003,
                    "entityleft": true,
                    "key": "[93,164]",
                    "player_slot": 131,
                    "slot": 8,
                    "time": 107,
                    "type": "sen_left_log",
                    "x": 93.1,
                    "y": 163.6,
                    "z": 128
                },
                {
                    "attackername": "npc_dota_hero_jakiro",
                    "ehandle": 1279614,
                    "entityleft": true,
                    "key": "[160,96]",
                    "player_slot": 131,
                    "slot": 8,
                    "time": 623,
                    "type": "sen_left_log",
                    "x": 160.2,
                    "y": 95.6,
                    "z": 129
                },
                {
                    "attackername": "npc_dota_hero_treant",
                    "ehandle": 11553046,
                    "entityleft": true,
                    "key": "[97,165]",
                    "player_slot": 131,
                    "slot": 8,
                    "time": 822,
                    "type": "sen_left_log",
                    "x": 97,
                    "y": 165.1,
                    "z": 129
                },
                {
                    "attackername": "npc_dota_hero_treant",
                    "ehandle": 12027394,
                    "entityleft": true,
                    "key": "[108,167]",
                    "player_slot": 131,
                    "slot": 8,
                    "time": 1047,
                    "type": "sen_left_log",
                    "x": 108.1,
                    "y": 167.2,
                    "z": 130
                },
                {
                    "attackername": "npc_dota_hero_jakiro",
                    "ehandle": 8177780,
                    "entityleft": true,
                    "key": "[93,96]",
                    "player_slot": 131,
                    "slot": 8,
                    "time": 1524,
                    "type": "sen_left_log",
                    "x": 93.2,
                    "y": 95.8,
                    "z": 130
                },
                {
                    "attackername": "npc_dota_hero_treant",
                    "ehandle": 16205875,
                    "entityleft": true,
                    "key": "[152,80]",
                    "player_slot": 131,
                    "slot": 8,
                    "time": 1531,
                    "type": "sen_left_log",
                    "x": 152.4,
                    "y": 79.9,
                    "z": 129
                },
                {
                    "attackername": "npc_dota_hero_treant",
                    "ehandle": 7899487,
                    "entityleft": true,
                    "key": "[134,92]",
                    "player_slot": 131,
                    "slot": 8,
                    "time": 1641,
                    "type": "sen_left_log",
                    "x": 134,
                    "y": 91.9,
                    "z": 132.2
                },
                {
                    "attackername": "npc_dota_hero_treant",
                    "ehandle": 1722409,
                    "entityleft": true,
                    "key": "[148,72]",
                    "player_slot": 131,
                    "slot": 8,
                    "time": 1651,
                    "type": "sen_left_log",
                    "x": 147.9,
                    "y": 71.9,
                    "z": 131.2
                }
            ],
            "sen_log": [
                {
                    "ehandle": 10651047,
                    "entityleft": false,
                    "key": "[93,164]",
                    "player_slot": 131,
                    "slot": 8,
                    "time": 18,
                    "type": "sen_log",
                    "x": 93.1,
                    "y": 163.6,
                    "z": 128
                },
                {
                    "ehandle": 8439003,
                    "entityleft": false,
                    "key": "[93,164]",
                    "player_slot": 131,
                    "slot": 8,
                    "time": 95,
                    "type": "sen_log",
                    "x": 93.1,
                    "y": 163.6,
                    "z": 128
                },
                {
                    "ehandle": 11553046,
                    "entityleft": false,
                    "key": "[97,165]",
                    "player_slot": 131,
                    "slot": 8,
                    "time": 402,
                    "type": "sen_log",
                    "x": 97,
                    "y": 165.1,
                    "z": 129
                },
                {
                    "ehandle": 1279614,
                    "entityleft": false,
                    "key": "[160,96]",
                    "player_slot": 131,
                    "slot": 8,
                    "time": 584,
                    "type": "sen_log",
                    "x": 160.2,
                    "y": 95.6,
                    "z": 129
                },
                {
                    "ehandle": 12027394,
                    "entityleft": false,
                    "key": "[108,167]",
                    "player_slot": 131,
                    "slot": 8,
                    "time": 627,
                    "type": "sen_log",
                    "x": 108.1,
                    "y": 167.2,
                    "z": 130
                },
                {
                    "ehandle": 16205875,
                    "entityleft": false,
                    "key": "[152,80]",
                    "player_slot": 131,
                    "slot": 8,
                    "time": 1111,
                    "type": "sen_log",
                    "x": 152.4,
                    "y": 79.9,
                    "z": 129
                },
                {
                    "ehandle": 7899487,
                    "entityleft": false,
                    "key": "[134,92]",
                    "player_slot": 131,
                    "slot": 8,
                    "time": 1221,
                    "type": "sen_log",
                    "x": 134,
                    "y": 91.9,
                    "z": 132.2
                },
                {
                    "ehandle": 1722409,
                    "entityleft": false,
                    "key": "[148,72]",
                    "player_slot": 131,
                    "slot": 8,
                    "time": 1231,
                    "type": "sen_log",
                    "x": 147.9,
                    "y": 71.9,
                    "z": 131.2
                },
                {
                    "ehandle": 5195091,
                    "entityleft": false,
                    "key": "[85,78]",
                    "player_slot": 131,
                    "slot": 8,
                    "time": 1398,
                    "type": "sen_log",
                    "x": 85.2,
                    "y": 78.1,
                    "z": 130
                },
                {
                    "ehandle": 9848184,
                    "entityleft": false,
                    "key": "[99,80]",
                    "player_slot": 131,
                    "slot": 8,
                    "time": 1429,
                    "type": "sen_log",
                    "x": 98.5,
                    "y": 79.9,
                    "z": 130
                },
                {
                    "ehandle": 8177780,
                    "entityleft": false,
                    "key": "[93,96]",
                    "player_slot": 131,
                    "slot": 8,
                    "time": 1487,
                    "type": "sen_log",
                    "x": 93.2,
                    "y": 95.8,
                    "z": 130
                },
                {
                    "ehandle": 3606602,
                    "entityleft": false,
                    "key": "[74,86]",
                    "player_slot": 131,
                    "slot": 8,
                    "time": 1585,
                    "type": "sen_log",
                    "x": 73.9,
                    "y": 86.2,
                    "z": 130
                }
            ],
            "sen_placed": 12,
            "sentry_kills": 1,
            "sentry_uses": 9,
            "stuns": 51.766724,
            "teamfight_participation": 0.6851852,
            "total_gold": 9990,
            "total_xp": 13625,
            "tower_damage": 732,
            "tower_kills": 1,
            "win": 1,
            "xp_per_min": 491
        },
        {
            "abandons": 0,
            "actions_per_min": 302,
            "ancient_kills": 0,
            "assists": 23,
            "benchmarks": {
                "gold_per_min": {
                    "pct": 0.14382174206617152,
                    "raw": 372
                },
                "hero_damage_per_min": {
                    "pct": 0.1012829169480081,
                    "raw": 241.1891891891892
                },
                "hero_healing_per_min": {
                    "pct": 0.9945982444294396,
                    "raw": 129.51351351351352
                },
                "kills_per_min": {
                    "pct": 0.37542201215395005,
                    "raw": 0.14414414414414414
                },
                "last_hits_per_min": {
                    "pct": 0.06347062795408508,
                    "raw": 1.90990990990991
                },
                "tower_damage": {
                    "pct": 0.3835246455097907,
                    "raw": 1352
                },
                "xp_per_min": {
                    "pct": 0.15462525320729237,
                    "raw": 487
                }
            },
            "buyback_count": 0,
            "camps_stacked": 1,
            "courier_kills": 0,
            "creeps_stacked": 1,
            "deaths": 2,
            "denies": 7,
            "gold": 1035,
            "gold_per_min": 372,
            "gold_spent": 9510,
            "hero_damage": 6693,
            "hero_healing": 3594,
            "hero_id": 10,
            "hero_kills": 4,
            "hero_variant": 2,
            "is_roaming": false,
            "item_uses": {
                "arcane_boots": 10,
                "branches": 1,
                "cyclone": 1,
                "famango": 1,
                "guardian_greaves": 5,
                "magic_wand": 13,
                "mekansm": 1,
                "royal_jelly": 17,
                "tango": 6,
                "tpscroll": 5,
                "ward_dispenser": 8,
                "ward_observer": 2,
                "ward_sentry": 3
            },
            "kda": 9,
            "kill_streaks": {},
            "kills": 4,
            "kills_per_min": 0.14414414414414414,
            "lane": 1,
            "lane_efficiency": 0.5157639450282943,
            "lane_efficiency_pct": 51,
            "lane_kills": 27,
            "lane_role": 3,
            "last_hits": 53,
            "leaver_status": 0,
            "level": 15,
            "life_state": {
                "0": 1613,
                "1": 4,
                "2": 50
            },
            "life_state_dead": 54,
            "lose": 0,
            "multi_kills": {
                "2": 1
            },
            "necronomicon_kills": 0,
            "net_worth": 9665,
            "neutral_kills": 9,
            "obs": {
                "119": {
                    "124": 1
                },
                "158": {
                    "92": 1
                }
            },
            "obs_left_log": [
                {
                    "attackername": "npc_dota_hero_shadow_shaman",
                    "ehandle": 16025155,
                    "entityleft": true,
                    "key": "[158,92]",
                    "player_slot": 132,
                    "slot": 9,
                    "time": 557,
                    "type": "obs_left_log",
                    "x": 158.4,
                    "y": 92,
                    "z": 132.2
                },
                {
                    "attackername": "npc_dota_hero_shadow_shaman",
                    "ehandle": 1852970,
                    "entityleft": true,
                    "key": "[119,124]",
                    "player_slot": 132,
                    "slot": 9,
                    "time": 1186,
                    "type": "obs_left_log",
                    "x": 118.7,
                    "y": 124.1,
                    "z": 129
                }
            ],
            "obs_log": [
                {
                    "ehandle": 16025155,
                    "entityleft": false,
                    "key": "[158,92]",
                    "player_slot": 132,
                    "slot": 9,
                    "time": 510,
                    "type": "obs_log",
                    "x": 158.4,
                    "y": 92,
                    "z": 132.2
                },
                {
                    "ehandle": 1852970,
                    "entityleft": false,
                    "key": "[119,124]",
                    "player_slot": 132,
                    "slot": 9,
                    "time": 993,
                    "type": "obs_log",
                    "x": 118.7,
                    "y": 124.1,
                    "z": 129
                }
            ],
            "obs_placed": 2,
            "observer_kills": 3,
            "observer_uses": 2,
            "observers_placed": 2,
            "pings": 11,
            "player_slot": 132,
            "purchase": {
                "arcane_boots": 1,
                "boots": 1,
                "bracer": 1,
                "branches": 3,
                "buckler": 1,
                "chainmail": 1,
                "circlet": 1,
                "cyclone": 1,
                "gauntlets": 1,
                "guardian_greaves": 1,
                "headdress": 1,
                "magic_stick": 1,
                "magic_wand": 1,
                "mekansm": 1,
                "recipe_arcane_boots": 1,
                "recipe_bracer": 1,
                "recipe_buckler": 1,
                "recipe_cyclone": 1,
                "recipe_guardian_greaves": 1,
                "recipe_headdress": 1,
                "recipe_magic_wand": 1,
                "recipe_mekansm": 1,
                "recipe_ring_of_basilius": 1,
                "ring_of_basilius": 1,
                "ring_of_protection": 1,
                "ring_of_regen": 1,
                "sobi_mask": 1,
                "staff_of_wizardry": 1,
                "tango": 2,
                "tpscroll": 4,
                "void_stone": 1,
                "ward_dispenser": 4,
                "ward_observer": 2,
                "ward_sentry": 7,
                "wind_lace": 1
            },
            "purchase_tpscroll": 4,
            "purchase_ward_observer": 2,
            "purchase_ward_sentry": 7,
            "rank_tier": null,
            "roshan_kills": 0,
            "rune_pickups": 0,
            "runes": {},
            "sen": {
                "114": {
                    "128": 1
                },
                "148": {
                    "119": 1
                },
                "158": {
                    "92": 2
                },
                "161": {
                    "94": 1
                },
                "167": {
                    "97": 1
                },
                "169": {
                    "100": 1
                }
            },
            "sen_left_log": [
                {
                    "attackername": "npc_dota_hero_jakiro",
                    "ehandle": 6686849,
                    "entityleft": true,
                    "key": "[158,92]",
                    "player_slot": 132,
                    "slot": 9,
                    "time": 188,
                    "type": "sen_left_log",
                    "x": 158,
                    "y": 92,
                    "z": 132.2
                },
                {
                    "attackername": "npc_dota_hero_morphling",
                    "ehandle": 2689281,
                    "entityleft": true,
                    "key": "[167,97]",
                    "player_slot": 132,
                    "slot": 9,
                    "time": 349,
                    "type": "sen_left_log",
                    "x": 167,
                    "y": 97.1,
                    "z": 129
                },
                {
                    "attackername": "npc_dota_hero_shadow_shaman",
                    "ehandle": 1870141,
                    "entityleft": true,
                    "key": "[161,94]",
                    "player_slot": 132,
                    "slot": 9,
                    "time": 559,
                    "type": "sen_left_log",
                    "x": 161,
                    "y": 94.4,
                    "z": 129
                },
                {
                    "attackername": "npc_dota_hero_morphling",
                    "ehandle": 9046492,
                    "entityleft": true,
                    "key": "[169,100]",
                    "player_slot": 132,
                    "slot": 9,
                    "time": 1085,
                    "type": "sen_left_log",
                    "x": 169.4,
                    "y": 99.5,
                    "z": 129
                },
                {
                    "attackername": "npc_dota_hero_shadow_shaman",
                    "ehandle": 3604710,
                    "entityleft": true,
                    "key": "[114,128]",
                    "player_slot": 132,
                    "slot": 9,
                    "time": 1183,
                    "type": "sen_left_log",
                    "x": 114.1,
                    "y": 127.8,
                    "z": 129
                },
                {
                    "attackername": "npc_dota_hero_morphling",
                    "ehandle": 10668069,
                    "entityleft": true,
                    "key": "[158,92]",
                    "player_slot": 132,
                    "slot": 9,
                    "time": 1216,
                    "type": "sen_left_log",
                    "x": 158.2,
                    "y": 91.6,
                    "z": 132.2
                },
                {
                    "attackername": "npc_dota_hero_morphling",
                    "ehandle": 9750293,
                    "entityleft": true,
                    "key": "[148,119]",
                    "player_slot": 132,
                    "slot": 9,
                    "time": 1312,
                    "type": "sen_left_log",
                    "x": 148.3,
                    "y": 119.4,
                    "z": 130
                }
            ],
            "sen_log": [
                {
                    "ehandle": 6686849,
                    "entityleft": false,
                    "key": "[158,92]",
                    "player_slot": 132,
                    "slot": 9,
                    "time": 165,
                    "type": "sen_log",
                    "x": 158,
                    "y": 92,
                    "z": 132.2
                },
                {
                    "ehandle": 2689281,
                    "entityleft": false,
                    "key": "[167,97]",
                    "player_slot": 132,
                    "slot": 9,
                    "time": 335,
                    "type": "sen_log",
                    "x": 167,
                    "y": 97.1,
                    "z": 129
                },
                {
                    "ehandle": 1870141,
                    "entityleft": false,
                    "key": "[161,94]",
                    "player_slot": 132,
                    "slot": 9,
                    "time": 509,
                    "type": "sen_log",
                    "x": 161,
                    "y": 94.4,
                    "z": 129
                },
                {
                    "ehandle": 9046492,
                    "entityleft": false,
                    "key": "[169,100]",
                    "player_slot": 132,
                    "slot": 9,
                    "time": 665,
                    "type": "sen_log",
                    "x": 169.4,
                    "y": 99.5,
                    "z": 129
                },
                {
                    "ehandle": 10668069,
                    "entityleft": false,
                    "key": "[158,92]",
                    "player_slot": 132,
                    "slot": 9,
                    "time": 796,
                    "type": "sen_log",
                    "x": 158.2,
                    "y": 91.6,
                    "z": 132.2
                },
                {
                    "ehandle": 9750293,
                    "entityleft": false,
                    "key": "[148,119]",
                    "player_slot": 132,
                    "slot": 9,
                    "time": 892,
                    "type": "sen_log",
                    "x": 148.3,
                    "y": 119.4,
                    "z": 130
                },
                {
                    "ehandle": 3604710,
                    "entityleft": false,
                    "key": "[114,128]",
                    "player_slot": 132,
                    "slot": 9,
                    "time": 990,
                    "type": "sen_log",
                    "x": 114.1,
                    "y": 127.8,
                    "z": 129
                }
            ],
            "sen_placed": 7,
            "sentry_kills": 8,
            "sentry_uses": 3,
            "stuns": 59.999977,
            "teamfight_participation": 0.4814815,
            "total_gold": 10323,
            "total_xp": 13514,
            "tower_damage": 1352,
            "tower_kills": 2,
            "win": 1,
            "xp_per_min": 487
        }
    ],
    "radiant_score": 14,
    "radiant_win": false,
    "replay_url": "http://replay272.valve.net/570/7909420212_1390010366.dem.bz2",
    "stomp": 27350
}