{
    "comeback": 9014,
    "dire_score": 28,
    "duration": 1666,
    "lobby_type": 7,
    "match_id": 7909399390,
    "metadata": null,
    "players": [
        {
            "abandons": 0,
            "actions_per_min": 79,
            "ancient_kills": 9,
            "assists": 7,
            "benchmarks": {
                "gold_per_min": {
                    "pct": 0.4578768417075935,
                    "raw": 410
                },
                "hero_damage_per_min": {
                    "pct": 0.08349074423876086,
                    "raw": 236.2905162064826
                },
                "hero_healing_per_min": {
                    "pct": 0.7310162448054401,
                    "raw": 0
                },
                "kills_per_min": {
                    "pct": 0.4843218738194182,
                    "raw": 0.14405762304921968
                },
                "last_hits_per_min": {
                    "pct": 0.6698148847752172,
                    "raw": 5.078031212484994
                },
                "tower_damage": {
                    "pct": 0.4684548545523234,
                    "raw": 1096
                },
                "xp_per_min": {
                    "pct": 0.3071401586701927,
                    "raw": 495
                }
            },
            "buyback_count": 0,
            "camps_stacked": 0,
            "courier_kills": 1,
            "creeps_stacked": 0,
            "deaths": 3,
            "denies": 3,
            "gold": 548,
            "gold_per_min": 410,
            "gold_spent": 11085,
            "hero_damage": 6561,
            "hero_healing": 0,
            "hero_id": 9,
            "hero_kills": 4,
            "hero_variant": 2,
            "is_roaming": false,
            "item_uses": {
                "famango": 1,
                "gungir": 7,
                "iron_talon": 5,
                "power_treads": 23,
                "tango": 6,
                "tpscroll": 7,
                "ward_dispenser": 2,
                "ward_observer": 2
            },
            "kda": 2.75,
            "kill_streaks": {
                "3": 1
            },
            "kills": 4,
            "kills_per_min": 0.14405762304921968,
            "lane": 3,
            "lane_efficiency": 0.5642683912691997,
            "lane_efficiency_pct": 56,
            "lane_kills": 41,
            "lane_role": 3,
            "last_hits": 141,
            "leaver_status": 0,
            "level": 15,
            "life_state": {
                "0": 1570,
                "1": 6,
                "2": 92
            },
            "life_state_dead": 98,
            "lose": 1,
            "multi_kills": {},
            "necronomicon_kills": 0,
            "net_worth": 11103,
            "neutral_kills": 96,
            "obs": {
                "122": {
                    "156": 1
                },
                "76": {
                    "155": 1
                }
            },
            "obs_left_log": [
                {
                    "attackername": "npc_dota_hero_mirana",
                    "ehandle": 6766968,
                    "entityleft": true,
                    "key": "[122,156]",
                    "player_slot": 0,
                    "slot": 0,
                    "time": 329,
                    "type": "obs_left_log",
                    "x": 121.9,
                    "y": 156.2,
                    "z": 132.1
                },
                {
                    "attackername": "npc_dota_hero_mirana",
                    "ehandle": 12404339,
                    "entityleft": true,
                    "key": "[76,155]",
                    "player_slot": 0,
                    "slot": 0,
                    "time": 714,
                    "type": "obs_left_log",
                    "x": 76.3,
                    "y": 154.6,
                    "z": 129
                }
            ],
            "obs_log": [
                {
                    "ehandle": 6766968,
                    "entityleft": false,
                    "key": "[122,156]",
                    "player_slot": 0,
                    "slot": 0,
                    "time": -32,
                    "type": "obs_log",
                    "x": 121.9,
                    "y": 156.2,
                    "z": 132.1
                },
                {
                    "ehandle": 12404339,
                    "entityleft": false,
                    "key": "[76,155]",
                    "player_slot": 0,
                    "slot": 0,
                    "time": 354,
                    "type": "obs_log",
                    "x": 76.3,
                    "y": 154.6,
                    "z": 129
                }
            ],
            "obs_placed": 2,
            "observer_kills": 0,
            "observer_uses": 2,
            "observers_placed": 2,
            "player_slot": 0,
            "purchase": {
                "belt_of_strength": 1,
                "blade_of_alacrity": 1,
                "boots": 1,
                "boots_of_elves": 1,
                "diadem": 1,
                "gloves": 2,
                "gungir": 1,
                "javelin": 1,
                "maelstrom": 1,
                "mithril_hammer": 1,
                "power_treads": 1,
                "recipe_gungir": 1,
                "recipe_rod_of_atos": 1,
                "recipe_yasha": 1,
                "rod_of_atos": 1,
                "staff_of_wizardry": 1,
                "tango": 2,
                "tpscroll": 4,
                "vitality_booster": 1,
                "ward_dispenser": 1,
                "ward_observer": 2,
                "ward_sentry": 1,
                "wraith_band": 1,
                "yasha": 1
            },
            "purchase_tpscroll": 4,
            "purchase_ward_observer": 2,
            "purchase_ward_sentry": 1,
            "rank_tier": null,
            "roshan_kills": 0,
            "rune_pickups": 7,
            "runes": {
                "3": 1,
                "5": 5,
                "7": 1
            },
            "sen": {
                "91": {
                    "164": 1
                }
            },
            "sen_left_log": [
                {
                    "attackername": "npc_dota_hero_oracle",
                    "ehandle": 2409303,
                    "entityleft": true,
                    "key": "[91,164]",
                    "player_slot": 0,
                    "slot": 0,
                    "time": 254,
                    "type": "sen_left_log",
                    "x": 91.4,
                    "y": 164.4,
                    "z": 128
                }
            ],
            "sen_log": [
                {
                    "ehandle": 2409303,
                    "entityleft": false,
                    "key": "[91,164]",
                    "player_slot": 0,
                    "slot": 0,
                    "time": 233,
                    "type": "sen_log",
                    "x": 91.4,
                    "y": 164.4,
                    "z": 128
                }
            ],
            "sen_placed": 1,
            "sentry_kills": 1,
            "sentry_uses": 0,
            "stuns": 45.133324,
            "teamfight_participation": 0.37931034,
            "total_gold": 11384,
            "total_xp": 13744,
            "tower_damage": 1096,
            "tower_kills": 0,
            "win": 0,
            "xp_per_min": 495
        },
        {
            "abandons": 0,
            "actions_per_min": 137,
            "ancient_kills": 2,
            "assists": 13,
            "benchmarks": {
                "gold_per_min": {
                    "pct": 0.38641376268195854,
                    "raw": 383
                },
                "hero_damage_per_min": {
                    "pct": 0.070577856197618,
                    "raw": 401.41656662665065
                },
                "hero_healing_per_min": {
                    "pct": 0.8831054256726952,
                    "raw": 20.240096038415366
                },
                "kills_per_min": {
                    "pct": 0.6060873400970446,
                    "raw": 0.18007202881152462
                },
                "last_hits_per_min": {
                    "pct": 0.6982796647551831,
                    "raw": 3.385354141656663
                },
                "tower_damage": {
                    "pct": 0.6122629025143361,
                    "raw": 1109
                },
                "xp_per_min": {
                    "pct": 0.24040582267313632,
                    "raw": 430
                }
            },
            "buyback_count": 0,
            "camps_stacked": 0,
            "courier_kills": 0,
            "creeps_stacked": 0,
            "deaths": 8,
            "denies": 0,
            "gold": 1939,
            "gold_per_min": 383,
            "gold_spent": 8585,
            "hero_damage": 11146,
            "hero_healing": 562,
            "hero_id": 105,
            "hero_kills": 5,
            "hero_variant": 2,
            "is_roaming": false,
            "item_uses": {
                "arcane_boots": 11,
                "blood_grenade": 5,
                "enchanted_mango": 4,
                "famango": 1,
                "glimmer_cape": 6,
                "guardian_greaves": 5,
                "mekansm": 2,
                "smoke_of_deceit": 2,
                "tango": 6,
                "tpscroll": 7,
                "trusty_shovel": 10,
                "ward_dispenser": 6,
                "ward_observer": 3,
                "ward_sentry": 5
            },
            "kda": 2,
            "kill_streaks": {},
            "kills": 5,
            "kills_per_min": 0.18007202881152462,
            "lane": 1,
            "lane_efficiency": 0.4413904607922393,
            "lane_efficiency_pct": 44,
            "lane_kills": 45,
            "lane_role": 1,
            "last_hits": 94,
            "leaver_status": 0,
            "level": 14,
            "life_state": {
                "0": 1423,
                "1": 12,
                "2": 233
            },
            "life_state_dead": 245,
            "lose": 1,
            "multi_kills": {},
            "necronomicon_kills": 0,
            "net_worth": 9694,
            "neutral_kills": 43,
            "obs": {
                "133": {
                    "113": 1
                },
                "155": {
                    "101": 2
                },
                "159": {
                    "121": 1
                }
            },
            "obs_left_log": [
                {
                    "attackername": "npc_dota_hero_techies",
                    "ehandle": 8635174,
                    "entityleft": true,
                    "key": "[155,101]",
                    "player_slot": 1,
                    "slot": 1,
                    "time": 1669,
                    "type": "obs_left_log",
                    "x": 155.1,
                    "y": 100.8,
                    "z": 129
                }
            ],
            "obs_log": [
                {
                    "ehandle": 8635174,
                    "entityleft": false,
                    "key": "[155,101]",
                    "player_slot": 1,
                    "slot": 1,
                    "time": 1309,
                    "type": "obs_log",
                    "x": 155.1,
                    "y": 100.8,
                    "z": 129
                },
                {
                    "ehandle": 3932363,
                    "entityleft": false,
                    "key": "[133,113]",
                    "player_slot": 1,
                    "slot": 1,
                    "time": 1334,
                    "type": "obs_log",
                    "x": 133.3,
                    "y": 112.8,
                    "z": 129
                },
                {
                    "ehandle": 1589653,
                    "entityleft": false,
                    "key": "[159,121]",
                    "player_slot": 1,
                    "slot": 1,
                    "time": 1426,
                    "type": "obs_log",
                    "x": 159.3,
                    "y": 120.5,
                    "z": 130
                },
                {
                    "ehandle": 2263289,
                    "entityleft": false,
                    "key": "[155,101]",
                    "player_slot": 1,
                    "slot": 1,
                    "time": 1450,
                    "type": "obs_log",
                    "x": 154.9,
                    "y": 100.9,
                    "z": 129
                }
            ],
            "obs_placed": 4,
            "observer_kills": 2,
            "observer_uses": 3,
            "observers_placed": 4,
            "pings": 4,
            "player_slot": 1,
            "purchase": {
                "arcane_boots": 1,
                "blood_grenade": 5,
                "boots": 1,
                "bracer": 1,
                "branches": 1,
                "buckler": 1,
                "chainmail": 1,
                "circlet": 1,
                "cloak": 1,
                "gauntlets": 1,
                "glimmer_cape": 1,
                "guardian_greaves": 1,
                "headdress": 1,
                "mekansm": 1,
                "recipe_arcane_boots": 1,
                "recipe_bracer": 1,
                "recipe_buckler": 1,
                "recipe_glimmer_cape": 1,
                "recipe_guardian_greaves": 1,
                "recipe_headdress": 1,
                "recipe_mekansm": 1,
                "recipe_ring_of_basilius": 1,
                "ring_of_basilius": 1,
                "ring_of_protection": 1,
                "ring_of_regen": 1,
                "shadow_amulet": 1,
                "smoke_of_deceit": 2,
                "sobi_mask": 1,
                "tango": 2,
                "ward_dispenser": 3,
                "ward_observer": 4,
                "ward_sentry": 8
            },
            "purchase_ward_observer": 4,
            "purchase_ward_sentry": 8,
            "rank_tier": null,
            "roshan_kills": 0,
            "rune_pickups": 13,
            "runes": {
                "0": 1,
                "5": 12
            },
            "sen": {
                "128": {
                    "103": 1
                },
                "134": {
                    "92": 1
                },
                "144": {
                    "122": 1
                },
                "157": {
                    "98": 1
                },
                "158": {
                    "100": 1,
                    "92": 1
                },
                "161": {
                    "94": 1
                },
                "162": {
                    "94": 1
                }
            },
            "sen_left_log": [
                {
                    "attackername": "npc_dota_hero_rubick",
                    "ehandle": 984906,
                    "entityleft": true,
                    "key": "[161,94]",
                    "player_slot": 1,
                    "slot": 1,
                    "time": 230,
                    "type": "sen_left_log",
                    "x": 161.4,
                    "y": 93.5,
                    "z": 129
                },
                {
                    "attackername": "npc_dota_hero_rubick",
                    "ehandle": 5294507,
                    "entityleft": true,
                    "key": "[162,94]",
                    "player_slot": 1,
                    "slot": 1,
                    "time": 327,
                    "type": "sen_left_log",
                    "x": 161.5,
                    "y": 93.5,
                    "z": 129
                },
                {
                    "attackername": "npc_dota_hero_rubick",
                    "ehandle": 6801592,
                    "entityleft": true,
                    "key": "[158,92]",
                    "player_slot": 1,
                    "slot": 1,
                    "time": 442,
                    "type": "sen_left_log",
                    "x": 158.1,
                    "y": 92.1,
                    "z": 132.2
                },
                {
                    "attackername": "npc_dota_hero_oracle",
                    "ehandle": 6916364,
                    "entityleft": true,
                    "key": "[144,122]",
                    "player_slot": 1,
                    "slot": 1,
                    "time": 835,
                    "type": "sen_left_log",
                    "x": 143.5,
                    "y": 122,
                    "z": 132.1
                },
                {
                    "attackername": "npc_dota_hero_techies",
                    "ehandle": 5457747,
                    "entityleft": true,
                    "key": "[158,100]",
                    "player_slot": 1,
                    "slot": 1,
                    "time": 957,
                    "type": "sen_left_log",
                    "x": 157.7,
                    "y": 99.5,
                    "z": 129
                },
                {
                    "attackername": "npc_dota_hero_oracle",
                    "ehandle": 14287721,
                    "entityleft": true,
                    "key": "[157,98]",
                    "player_slot": 1,
                    "slot": 1,
                    "time": 1460,
                    "type": "sen_left_log",
                    "x": 156.5,
                    "y": 97.7,
                    "z": 129
                },
                {
                    "attackername": "npc_dota_hero_techies",
                    "ehandle": 13666445,
                    "entityleft": true,
                    "key": "[134,92]",
                    "player_slot": 1,
                    "slot": 1,
                    "time": 1714,
                    "type": "sen_left_log",
                    "x": 134.4,
                    "y": 91.7,
                    "z": 132.2
                },
                {
                    "attackername": "npc_dota_hero_techies",
                    "ehandle": 17966,
                    "entityleft": true,
                    "key": "[128,103]",
                    "player_slot": 1,
                    "slot": 1,
                    "time": 1749,
                    "type": "sen_left_log",
                    "x": 127.7,
                    "y": 102.8,
                    "z": 130
                }
            ],
            "sen_log": [
                {
                    "ehandle": 984906,
                    "entityleft": false,
                    "key": "[161,94]",
                    "player_slot": 1,
                    "slot": 1,
                    "time": 57,
                    "type": "sen_log",
                    "x": 161.4,
                    "y": 93.5,
                    "z": 129
                },
                {
                    "ehandle": 5294507,
                    "entityleft": false,
                    "key": "[162,94]",
                    "player_slot": 1,
                    "slot": 1,
                    "time": 266,
                    "type": "sen_log",
                    "x": 161.5,
                    "y": 93.5,
                    "z": 129
                },
                {
                    "ehandle": 6801592,
                    "entityleft": false,
                    "key": "[158,92]",
                    "player_slot": 1,
                    "slot": 1,
                    "time": 395,
                    "type": "sen_log",
                    "x": 158.1,
                    "y": 92.1,
                    "z": 132.2
                },
                {
                    "ehandle": 6916364,
                    "entityleft": false,
                    "key": "[144,122]",
                    "player_slot": 1,
                    "slot": 1,
                    "time": 444,
                    "type": "sen_log",
                    "x": 143.5,
                    "y": 122,
                    "z": 132.1
                },
                {
                    "ehandle": 5457747,
                    "entityleft": false,
                    "key": "[158,100]",
                    "player_slot": 1,
                    "slot": 1,
                    "time": 537,
                    "type": "sen_log",
                    "x": 157.7,
                    "y": 99.5,
                    "z": 129
                },
                {
                    "ehandle": 13666445,
                    "entityleft": false,
                    "key": "[134,92]",
                    "player_slot": 1,
                    "slot": 1,
                    "time": 1294,
                    "type": "sen_log",
                    "x": 134.4,
                    "y": 91.7,
                    "z": 132.2
                },
                {
                    "ehandle": 14287721,
                    "entityleft": false,
                    "key": "[157,98]",
                    "player_slot": 1,
                    "slot": 1,
                    "time": 1305,
                    "type": "sen_log",
                    "x": 156.5,
                    "y": 97.7,
                    "z": 129
                },
                {
                    "ehandle": 17966,
                    "entityleft": false,
                    "key": "[128,103]",
                    "player_slot": 1,
                    "slot": 1,
                    "time": 1329,
                    "type": "sen_log",
                    "x": 127.7,
                    "y": 102.8,
                    "z": 130
                }
            ],
            "sen_placed": 8,
            "sentry_kills": 3,
            "sentry_uses": 5,
            "stuns": 11.233332,
            "teamfight_participation": 0.62068963,
            "total_gold": 10634,
            "total_xp": 11939,
            "tower_damage": 1109,
            "tower_kills": 0,
            "win": 0,
            "xp_per_min": 430
        },
        {
            "abandons": 0,
            "actions_per_min": 116,
            "ancient_kills": 33,
            "assists": 6,
            "benchmarks": {
                "gold_per_min": {
                    "pct": 0.7125567322239031,
                    "raw": 543
                },
                "hero_damage_per_min": {
                    "pct": 0.6149773071104387,
                    "raw": 787.671068427371
                },
                "hero_healing_per_min": {
                    "pct": 0.943267776096823,
                    "raw": 0
                },
                "kills_per_min": {
                    "pct": 0.7034795763993948,
                    "raw": 0.32412965186074433
                },
                "last_hits_per_min": {
                    "pct": 0.8502269288956127,
                    "raw": 5.618247298919568
                },
                "tower_damage": {
                    "pct": 0.4636913767019667,
                    "raw": 2229
                },
                "xp_per_min": {
                    "pct": 0.5181543116490166,
                    "raw": 636
                }
            },
            "buyback_count": 1,
            "camps_stacked": 1,
            "courier_kills": 0,
            "creeps_stacked": 1,
            "deaths": 7,
            "denies": 26,
            "gold": 1150,
            "gold_per_min": 543,
            "gold_spent": 15090,
            "hero_damage": 21871,
            "hero_healing": 0,
            "hero_id": 59,
            "hero_kills": 9,
            "hero_variant": 1,
            "is_roaming": false,
            "item_uses": {
                "armlet": 53,
                "faerie_fire": 1,
                "hand_of_midas": 5,
                "heavens_halberd": 2,
                "phase_boots": 63,
                "tango": 3,
                "tpscroll": 5,
                "ward_dispenser": 3,
                "ward_observer": 3,
                "ward_sentry": 1
            },
            "kda": 1.88,
            "kill_streaks": {
                "3": 1,
                "4": 1,
                "5": 1,
                "6": 1
            },
            "kills": 9,
            "kills_per_min": 0.32412965186074433,
            "lane": 2,
            "lane_efficiency": 1.0226354082457558,
            "lane_efficiency_pct": 102,
            "lane_kills": 106,
            "lane_role": 2,
            "last_hits": 156,
            "leaver_status": 0,
            "level": 18,
            "life_state": {
                "0": 1360,
                "1": 26,
                "2": 282
            },
            "life_state_dead": 308,
            "lose": 1,
            "multi_kills": {
                "2": 2
            },
            "necronomicon_kills": 0,
            "net_worth": 11450,
            "neutral_kills": 68,
            "obs": {
                "123": {
                    "137": 1
                },
                "124": {
                    "139": 1
                },
                "144": {
                    "122": 1
                },
                "176": {
                    "71": 1
                }
            },
            "obs_left_log": [
                {
                    "attackername": "npc_dota_hero_huskar",
                    "ehandle": 13943151,
                    "entityleft": true,
                    "key": "[123,137]",
                    "player_slot": 2,
                    "slot": 2,
                    "time": 303,
                    "type": "obs_left_log",
                    "x": 122.8,
                    "y": 137.2,
                    "z": 129
                },
                {
                    "attackername": "npc_dota_hero_huskar",
                    "ehandle": 4835261,
                    "entityleft": true,
                    "key": "[124,139]",
                    "player_slot": 2,
                    "slot": 2,
                    "time": 692,
                    "type": "obs_left_log",
                    "x": 124.4,
                    "y": 139.1,
                    "z": 129
                },
                {
                    "attackername": "npc_dota_hero_oracle",
                    "ehandle": 4391177,
                    "entityleft": true,
                    "key": "[144,122]",
                    "player_slot": 2,
                    "slot": 2,
                    "time": 831,
                    "type": "obs_left_log",
                    "x": 144.4,
                    "y": 122.1,
                    "z": 132.1
                },
                {
                    "attackername": "npc_dota_hero_huskar",
                    "ehandle": 16533613,
                    "entityleft": true,
                    "key": "[176,71]",
                    "player_slot": 2,
                    "slot": 2,
                    "time": 1195,
                    "type": "obs_left_log",
                    "x": 175.8,
                    "y": 70.5,
                    "z": 130
                }
            ],
            "obs_log": [
                {
                    "ehandle": 13943151,
                    "entityleft": false,
                    "key": "[123,137]",
                    "player_slot": 2,
                    "slot": 2,
                    "time": -57,
                    "type": "obs_log",
                    "x": 122.8,
                    "y": 137.2,
                    "z": 129
                },
                {
                    "ehandle": 4835261,
                    "entityleft": false,
                    "key": "[124,139]",
                    "player_slot": 2,
                    "slot": 2,
                    "time": 332,
                    "type": "obs_log",
                    "x": 124.4,
                    "y": 139.1,
                    "z": 129
                },
                {
                    "ehandle": 4391177,
                    "entityleft": false,
                    "key": "[144,122]",
                    "player_slot": 2,
                    "slot": 2,
                    "time": 546,
                    "type": "obs_log",
                    "x": 144.4,
                    "y": 122.1,
                    "z": 132.1
                },
                {
                    "ehandle": 16533613,
                    "entityleft": false,
                    "key": "[176,71]",
                    "player_slot": 2,
                    "slot": 2,
                    "time": 835,
                    "type": "obs_log",
                    "x": 175.8,
                    "y": 70.5,
                    "z": 130
                }
            ],
            "obs_placed": 4,
            "observer_kills": 1,
            "observer_uses": 3,
            "observers_placed": 4,
            "pings": 2,
            "player_slot": 2,
            "purchase": {
                "armlet": 1,
                "belt_of_strength": 1,
                "blades_of_attack": 2,
                "boots": 1,
                "bracer": 1,
                "chainmail": 1,
                "circlet": 1,
                "faerie_fire": 1,
                "gauntlets": 3,
                "gloves": 2,
                "hand_of_midas": 1,
                "heavens_halberd": 1,
                "helm_of_iron_will": 1,
                "hyperstone": 2,
                "moon_shard": 1,
                "ogre_axe": 1,
                "phase_boots": 1,
                "recipe_armlet": 1,
                "recipe_bracer": 1,
                "recipe_hand_of_midas": 1,
                "recipe_heavens_halberd": 1,
                "recipe_sange": 1,
                "sange": 1,
                "talisman_of_evasion": 1,
                "tango": 1,
                "tpscroll": 1,
                "ward_dispenser": 2,
                "ward_observer": 4,
                "ward_sentry": 2,
                "wind_lace": 1
            },
            "purchase_tpscroll": 1,
            "purchase_ward_observer": 4,
            "purchase_ward_sentry": 2,
            "rank_tier": null,
            "roshan_kills": 1,
            "rune_pickups": 2,
            "runes": {
                "5": 1,
                "7": 1
            },
            "sen": {
                "127": {
                    "124": 1
                },
                "181": {
                    "71": 1
                }
            },
            "sen_left_log": [
                {
                    "attackername": "npc_dota_hero_huskar",
                    "ehandle": 14157864,
                    "entityleft": true,
                    "key": "[127,124]",
                    "player_slot": 2,
                    "slot": 2,
                    "time": 528,
                    "type": "sen_left_log",
                    "x": 127.2,
                    "y": 123.6,
                    "z": 128
                },
                {
                    "attackername": "npc_dota_hero_huskar",
                    "ehandle": 10372787,
                    "entityleft": true,
                    "key": "[181,71]",
                    "player_slot": 2,
                    "slot": 2,
                    "time": 1257,
                    "type": "sen_left_log",
                    "x": 180.6,
                    "y": 71.3,
                    "z": 128
                }
            ],
            "sen_log": [
                {
                    "ehandle": 14157864,
                    "entityleft": false,
                    "key": "[127,124]",
                    "player_slot": 2,
                    "slot": 2,
                    "time": 108,
                    "type": "sen_log",
                    "x": 127.2,
                    "y": 123.6,
                    "z": 128
                },
                {
                    "ehandle": 10372787,
                    "entityleft": false,
                    "key": "[181,71]",
                    "player_slot": 2,
                    "slot": 2,
                    "time": 837,
                    "type": "sen_log",
                    "x": 180.6,
                    "y": 71.3,
                    "z": 128
                }
            ],
            "sen_placed": 2,
            "sentry_kills": 2,
            "sentry_uses": 1,
            "stuns": 0,
            "teamfight_participation": 0.51724136,
            "total_gold": 15077,
            "total_xp": 17659,
            "tower_damage": 2229,
            "tower_kills": 1,
            "win": 0,
            "xp_per_min": 636
        },
        {
            "abandons": 0,
            "account_id": 17924539,
            "actions_per_min": 105,
            "ancient_kills": 9,
            "assists": 11,
            "benchmarks": {
                "gold_per_min": {
                    "pct": 0.322463768115942,
                    "raw": 474
                },
                "hero_damage_per_min": {
                    "pct": 0.18401983218916856,
                    "raw": 564.6338535414166
                },
                "hero_healing_per_min": {
                    "pct": 0.9155225019069413,
                    "raw": 0
                },
                "kills_per_min": {
                    "pct": 0.14492753623188406,
                    "raw": 0.10804321728691477
                },
                "last_hits_per_min": {
                    "pct": 0.7915713196033562,
                    "raw": 7.202881152460984
                },
                "tower_damage": {
                    "pct": 0.31140350877192985,
                    "raw": 1186
                },
                "xp_per_min": {
                    "pct": 0.204233409610984,
                    "raw": 510
                }
            },
            "buyback_count": 0,
            "camps_stacked": 0,
            "courier_kills": 0,
            "creeps_stacked": 0,
            "deaths": 5,
            "denies": 15,
            "gold": 2407,
            "gold_per_min": 474,
            "gold_spent": 10565,
            "hero_damage": 15678,
            "hero_healing": 0,
            "hero_id": 35,
            "hero_kills": 3,
            "hero_variant": 1,
            "is_roaming": false,
            "item_uses": {
                "branches": 2,
                "clarity": 1,
                "faerie_fire": 1,
                "famango": 2,
                "tango": 3,
                "tango_single": 1,
                "tpscroll": 7,
                "ward_dispenser": 2,
                "ward_observer": 1
            },
            "kda": 2.33,
            "kill_streaks": {
                "3": 1
            },
            "kills": 3,
            "kills_per_min": 0.10804321728691477,
            "lane": 1,
            "lane_efficiency": 0.9106709781729992,
            "lane_efficiency_pct": 91,
            "lane_kills": 99,
            "lane_role": 1,
            "last_hits": 200,
            "leaver_status": 0,
            "level": 16,
            "life_state": {
                "0": 1484,
                "1": 17,
                "2": 167
            },
            "life_state_dead": 184,
            "lose": 1,
            "multi_kills": {},
            "necronomicon_kills": 0,
            "net_worth": 12417,
            "neutral_kills": 98,
            "obs": {
                "169": {
                    "91": 1
                }
            },
            "obs_left_log": [
                {
                    "attackername": "npc_dota_hero_sniper",
                    "ehandle": 9322927,
                    "entityleft": true,
                    "key": "[169,91]",
                    "player_slot": 3,
                    "slot": 3,
                    "time": 899,
                    "type": "obs_left_log",
                    "x": 169.1,
                    "y": 91.4,
                    "z": 129
                }
            ],
            "obs_log": [
                {
                    "ehandle": 9322927,
                    "entityleft": false,
                    "key": "[169,91]",
                    "player_slot": 3,
                    "slot": 3,
                    "time": 539,
                    "type": "obs_log",
                    "x": 169.1,
                    "y": 91.4,
                    "z": 129
                }
            ],
            "obs_placed": 1,
            "observer_kills": 1,
            "observer_uses": 1,
            "observers_placed": 1,
            "player_slot": 3,
            "purchase": {
                "belt_of_strength": 1,
                "blade_of_alacrity": 1,
                "boots": 1,
                "boots_of_elves": 1,
                "branches": 2,
                "circlet": 2,
                "clarity": 1,
                "dragon_lance": 1,
                "faerie_fire": 1,
                "flask": 1,
                "fluffy_hat": 1,
                "force_staff": 1,
                "gloves": 2,
                "hurricane_pike": 1,
                "javelin": 1,
                "maelstrom": 1,
                "mithril_hammer": 1,
                "power_treads": 1,
                "recipe_dragon_lance": 1,
                "recipe_force_staff": 1,
                "recipe_hurricane_pike": 1,
                "recipe_wraith_band": 2,
                "slippers": 2,
                "staff_of_wizardry": 1,
                "tango": 1,
                "tpscroll": 3,
                "ward_dispenser": 1,
                "ward_observer": 1,
                "ward_sentry": 1,
                "wraith_band": 2
            },
            "purchase_tpscroll": 3,
            "purchase_ward_observer": 1,
            "purchase_ward_sentry": 1,
            "rank_tier": 72,
            "roshan_kills": 0,
            "rune_pickups": 2,
            "runes": {
                "5": 1,
                "8": 1
            },
            "sen": {
                "163": {
                    "92": 1
                }
            },
            "sen_left_log": [
                {
                    "attackername": "npc_dota_hero_sniper",
                    "ehandle": 10913446,
                    "entityleft": true,
                    "key": "[163,92]",
                    "player_slot": 3,
                    "slot": 3,
                    "time": 955,
                    "type": "sen_left_log",
                    "x": 162.5,
                    "y": 92.4,
                    "z": 129
                }
            ],
            "sen_log": [
                {
                    "ehandle": 10913446,
                    "entityleft": false,
                    "key": "[163,92]",
                    "player_slot": 3,
                    "slot": 3,
                    "time": 535,
                    "type": "sen_log",
                    "x": 162.5,
                    "y": 92.4,
                    "z": 129
                }
            ],
            "sen_placed": 1,
            "sentry_kills": 1,
            "sentry_uses": 0,
            "stuns": 0.10000732,
            "teamfight_participation": 0.4827586,
            "total_gold": 13161,
            "total_xp": 14161,
            "tower_damage": 1186,
            "tower_kills": 1,
            "win": 0,
            "xp_per_min": 510
        },
        {
            "abandons": 0,
            "actions_per_min": 330,
            "ancient_kills": 23,
            "assists": 3,
            "benchmarks": {
                "gold_per_min": {
                    "pct": 0.7726917057902973,
                    "raw": 627
                },
                "hero_damage_per_min": {
                    "pct": 0.8571987480438185,
                    "raw": 1085.078031212485
                },
                "hero_healing_per_min": {
                    "pct": 0.9061032863849765,
                    "raw": 0
                },
                "kills_per_min": {
                    "pct": 0.8188575899843505,
                    "raw": 0.28811524609843936
                },
                "last_hits_per_min": {
                    "pct": 0.8591549295774648,
                    "raw": 7.959183673469388
                },
                "tower_damage": {
                    "pct": 0.45774647887323944,
                    "raw": 609
                },
                "xp_per_min": {
                    "pct": 0.7343505477308294,
                    "raw": 847
                }
            },
            "buyback_count": 0,
            "camps_stacked": 1,
            "courier_kills": 0,
            "creeps_stacked": 3,
            "deaths": 6,
            "denies": 11,
            "gold": 937,
            "gold_per_min": 627,
            "gold_spent": 16150,
            "hero_damage": 30129,
            "hero_healing": 0,
            "hero_id": 16,
            "hero_kills": 8,
            "hero_variant": 1,
            "is_roaming": false,
            "item_uses": {
                "blink": 8,
                "bloodstone": 2,
                "famango": 5,
                "magic_wand": 12,
                "phase_boots": 70,
                "quelling_blade": 16,
                "radiance": 2,
                "smoke_of_deceit": 1,
                "tango": 3,
                "tpscroll": 7
            },
            "kda": 1.57,
            "kill_streaks": {
                "3": 1,
                "4": 1,
                "5": 1
            },
            "kills": 8,
            "kills_per_min": 0.28811524609843936,
            "lane": 3,
            "lane_efficiency": 0.7845594179466451,
            "lane_efficiency_pct": 78,
            "lane_kills": 165,
            "lane_role": 3,
            "last_hits": 221,
            "leaver_status": 0,
            "level": 20,
            "life_state": {
                "0": 1445,
                "1": 10,
                "2": 213
            },
            "life_state_dead": 223,
            "lose": 1,
            "multi_kills": {
                "2": 2,
                "3": 1,
                "4": 1
            },
            "necronomicon_kills": 0,
            "net_worth": 16197,
            "neutral_kills": 64,
            "obs": {},
            "obs_left_log": [],
            "obs_log": [],
            "obs_placed": 0,
            "observer_kills": 0,
            "observer_uses": 0,
            "observers_placed": 0,
            "pings": 3,
            "player_slot": 4,
            "purchase": {
                "aghanims_shard": 1,
                "blades_of_attack": 1,
                "blink": 1,
                "bloodstone": 1,
                "boots": 1,
                "bracer": 1,
                "branches": 2,
                "chainmail": 1,
                "circlet": 2,
                "energy_booster": 1,
                "gauntlets": 1,
                "great_famango": 1,
                "magic_stick": 1,
                "magic_wand": 1,
                "mantle": 1,
                "null_talisman": 1,
                "phase_boots": 1,
                "point_booster": 1,
                "quelling_blade": 1,
                "radiance": 1,
                "recipe_bracer": 1,
                "recipe_magic_wand": 1,
                "recipe_null_talisman": 1,
                "relic": 1,
                "smoke_of_deceit": 1,
                "soul_booster": 1,
                "talisman_of_evasion": 1,
                "tango": 1,
                "tpscroll": 2,
                "vitality_booster": 1,
                "void_stone": 1,
                "voodoo_mask": 1
            },
            "purchase_tpscroll": 2,
            "rank_tier": null,
            "roshan_kills": 0,
            "rune_pickups": 1,
            "runes": {
                "8": 1
            },
            "sen": {},
            "sen_left_log": [],
            "sen_log": [],
            "sen_placed": 0,
            "sentry_kills": 0,
            "sentry_uses": 0,
            "stuns": 65.46682,
            "teamfight_participation": 0.37931034,
            "total_gold": 17409,
            "total_xp": 23518,
            "tower_damage": 609,
            "tower_kills": 1,
            "win": 0,
            "xp_per_min": 847
        },
        {
            "abandons": 0,
            "actions_per_min": 195,
            "ancient_kills": 0,
            "assists": 11,
            "benchmarks": {
                "gold_per_min": {
                    "pct": 0.9581239530988275,
                    "raw": 457
                },
                "hero_damage_per_min": {
                    "pct": 0.5661641541038526,
                    "raw": 292.6170468187275
                },
                "hero_healing_per_min": {
                    "pct": 0.9396984924623115,
                    "raw": 869.7118847539016
                },
                "kills_per_min": {
                    "pct": 0.9748743718592965,
                    "raw": 0.39615846338535415
                },
                "last_hits_per_min": {
                    "pct": 0.7035175879396985,
                    "raw": 1.368547418967587
                },
                "tower_damage": {
                    "pct": 0.8182579564489112,
                    "raw": 985
                },
                "xp_per_min": {
                    "pct": 0.518425460636516,
                    "raw": 504
                }
            },
            "buyback_count": 0,
            "camps_stacked": 0,
            "courier_kills": 2,
            "creeps_stacked": 0,
            "deaths": 6,
            "denies": 2,
            "gold": 74,
            "gold_per_min": 457,
            "gold_spent": 12675,
            "hero_damage": 8125,
            "hero_healing": 24149,
            "hero_id": 111,
            "hero_kills": 11,
            "hero_variant": 2,
            "is_roaming": false,
            "item_uses": {
                "arcane_boots": 11,
                "clarity": 4,
                "dust": 1,
                "enchanted_mango": 1,
                "glimmer_cape": 2,
                "magic_stick": 2,
                "magic_wand": 2,
                "tango": 3,
                "tpscroll": 9,
                "unstable_wand": 1,
                "ward_dispenser": 10,
                "ward_observer": 4,
                "ward_sentry": 8
            },
            "kda": 3.14,
            "kill_streaks": {
                "3": 2
            },
            "kills": 11,
            "kills_per_min": 0.39615846338535415,
            "lane": 3,
            "lane_efficiency": 0.43411479385610346,
            "lane_efficiency_pct": 43,
            "lane_kills": 27,
            "lane_role": 1,
            "last_hits": 38,
            "leaver_status": 0,
            "level": 16,
            "life_state": {
                "0": 1498,
                "1": 14,
                "2": 156
            },
            "life_state_dead": 170,
            "lose": 0,
            "multi_kills": {
                "2": 2
            },
            "necronomicon_kills": 0,
            "net_worth": 12979,
            "neutral_kills": 5,
            "obs": {
                "102": {
                    "159": 1
                },
                "103": {
                    "158": 1
                },
                "104": {
                    "142": 1
                },
                "116": {
                    "182": 1
                },
                "96": {
                    "140": 1
                },
                "97": {
                    "83": 1
                }
            },
            "obs_left_log": [
                {
                    "attackername": "npc_dota_hero_oracle",
                    "ehandle": 10880678,
                    "entityleft": true,
                    "key": "[103,158]",
                    "player_slot": 128,
                    "slot": 5,
                    "time": 407,
                    "type": "obs_left_log",
                    "x": 103,
                    "y": 157.5,
                    "z": 130
                },
                {
                    "attackername": "npc_dota_hero_oracle",
                    "ehandle": 8997134,
                    "entityleft": true,
                    "key": "[104,142]",
                    "player_slot": 128,
                    "slot": 5,
                    "time": 734,
                    "type": "obs_left_log",
                    "x": 104.1,
                    "y": 141.9,
                    "z": 129
                },
                {
                    "attackername": "npc_dota_hero_oracle",
                    "ehandle": 9307680,
                    "entityleft": true,
                    "key": "[116,182]",
                    "player_slot": 128,
                    "slot": 5,
                    "time": 1255,
                    "type": "obs_left_log",
                    "x": 115.9,
                    "y": 181.8,
                    "z": 131.1
                },
                {
                    "attackername": "npc_dota_hero_oracle",
                    "ehandle": 12060389,
                    "entityleft": true,
                    "key": "[96,140]",
                    "player_slot": 128,
                    "slot": 5,
                    "time": 1450,
                    "type": "obs_left_log",
                    "x": 95.7,
                    "y": 140.1,
                    "z": 132.2
                },
                {
                    "attackername": "npc_dota_hero_oracle",
                    "ehandle": 14238399,
                    "entityleft": true,
                    "key": "[102,159]",
                    "player_slot": 128,
                    "slot": 5,
                    "time": 1665,
                    "type": "obs_left_log",
                    "x": 101.7,
                    "y": 158.9,
                    "z": 130
                }
            ],
            "obs_log": [
                {
                    "ehandle": 10880678,
                    "entityleft": false,
                    "key": "[103,158]",
                    "player_slot": 128,
                    "slot": 5,
                    "time": 47,
                    "type": "obs_log",
                    "x": 103,
                    "y": 157.5,
                    "z": 130
                },
                {
                    "ehandle": 8997134,
                    "entityleft": false,
                    "key": "[104,142]",
                    "player_slot": 128,
                    "slot": 5,
                    "time": 374,
                    "type": "obs_log",
                    "x": 104.1,
                    "y": 141.9,
                    "z": 129
                },
                {
                    "ehandle": 9307680,
                    "entityleft": false,
                    "key": "[116,182]",
                    "player_slot": 128,
                    "slot": 5,
                    "time": 895,
                    "type": "obs_log",
                    "x": 115.9,
                    "y": 181.8,
                    "z": 131.1
                },
                {
                    "ehandle": 12060389,
                    "entityleft": false,
                    "key": "[96,140]",
                    "player_slot": 128,
                    "slot": 5,
                    "time": 1090,
                    "type": "obs_log",
                    "x": 95.7,
                    "y": 140.1,
                    "z": 132.2
                },
                {
                    "ehandle": 14238399,
                    "entityleft": false,
                    "key": "[102,159]",
                    "player_slot": 128,
                    "slot": 5,
                    "time": 1305,
                    "type": "obs_log",
                    "x": 101.7,
                    "y": 158.9,
                    "z": 130
                },
                {
                    "ehandle": 5473846,
                    "entityleft": false,
                    "key": "[97,83]",
                    "player_slot": 128,
                    "slot": 5,
                    "time": 1552,
                    "type": "obs_log",
                    "x": 97.2,
                    "y": 83.1,
                    "z": 130
                }
            ],
            "obs_placed": 6,
            "observer_kills": 1,
            "observer_uses": 4,
            "observers_placed": 6,
            "pings": 17,
            "player_slot": 128,
            "purchase": {
                "aether_lens": 1,
                "arcane_boots": 1,
                "boots": 1,
                "branches": 2,
                "clarity": 4,
                "cloak": 1,
                "dust": 2,
                "energy_booster": 2,
                "glimmer_cape": 1,
                "magic_stick": 1,
                "magic_wand": 1,
                "point_booster": 1,
                "recipe_aether_lens": 1,
                "recipe_arcane_boots": 1,
                "recipe_glimmer_cape": 1,
                "recipe_magic_wand": 1,
                "recipe_ring_of_basilius": 1,
                "ring_of_basilius": 1,
                "shadow_amulet": 1,
                "sobi_mask": 1,
                "tango": 1,
                "tiara_of_selemene": 1,
                "tpscroll": 4,
                "vitality_booster": 1,
                "void_stone": 1,
                "ward_dispenser": 7,
                "ward_observer": 5,
                "ward_sentry": 11,
                "wind_lace": 1
            },
            "purchase_tpscroll": 4,
            "purchase_ward_observer": 5,
            "purchase_ward_sentry": 11,
            "rank_tier": null,
            "roshan_kills": 0,
            "rune_pickups": 5,
            "runes": {
                "2": 1,
                "5": 2,
                "6": 2
            },
            "sen": {
                "122": {
                    "121": 1
                },
                "124": {
                    "123": 1
                },
                "148": {
                    "72": 1
                },
                "151": {
                    "123": 2
                },
                "158": {
                    "92": 1
                },
                "81": {
                    "170": 1
                },
                "93": {
                    "164": 2
                },
                "94": {
                    "120": 1
                },
                "96": {
                    "140": 1
                },
                "97": {
                    "80": 1
                }
            },
            "sen_left_log": [
                {
                    "attackername": "npc_dota_hero_huskar",
                    "ehandle": 13369797,
                    "entityleft": true,
                    "key": "[122,121]",
                    "player_slot": 128,
                    "slot": 5,
                    "time": 111,
                    "type": "sen_left_log",
                    "x": 121.8,
                    "y": 121.4,
                    "z": 129
                },
                {
                    "attackername": "npc_dota_hero_mirana",
                    "ehandle": 14942609,
                    "entityleft": true,
                    "key": "[93,164]",
                    "player_slot": 128,
                    "slot": 5,
                    "time": 237,
                    "type": "sen_left_log",
                    "x": 93.2,
                    "y": 163.7,
                    "z": 128
                },
                {
                    "attackername": "npc_dota_hero_oracle",
                    "ehandle": 11847787,
                    "entityleft": true,
                    "key": "[93,164]",
                    "player_slot": 128,
                    "slot": 5,
                    "time": 671,
                    "type": "sen_left_log",
                    "x": 92.9,
                    "y": 163.5,
                    "z": 128
                },
                {
                    "attackername": "npc_dota_hero_huskar",
                    "ehandle": 3867504,
                    "entityleft": true,
                    "key": "[151,123]",
                    "player_slot": 128,
                    "slot": 5,
                    "time": 734,
                    "type": "sen_left_log",
                    "x": 150.9,
                    "y": 122.6,
                    "z": 130
                },
                {
                    "attackername": "npc_dota_hero_oracle",
                    "ehandle": 14666138,
                    "entityleft": true,
                    "key": "[81,170]",
                    "player_slot": 128,
                    "slot": 5,
                    "time": 936,
                    "type": "sen_left_log",
                    "x": 80.8,
                    "y": 170.4,
                    "z": 129
                },
                {
                    "attackername": "npc_dota_hero_oracle",
                    "ehandle": 15501022,
                    "entityleft": true,
                    "key": "[151,123]",
                    "player_slot": 128,
                    "slot": 5,
                    "time": 1246,
                    "type": "sen_left_log",
                    "x": 150.8,
                    "y": 123.3,
                    "z": 130
                },
                {
                    "attackername": "npc_dota_hero_oracle",
                    "ehandle": 1509171,
                    "entityleft": true,
                    "key": "[96,140]",
                    "player_slot": 128,
                    "slot": 5,
                    "time": 1511,
                    "type": "sen_left_log",
                    "x": 95.7,
                    "y": 140,
                    "z": 132.2
                },
                {
                    "attackername": "npc_dota_hero_oracle",
                    "ehandle": 15304351,
                    "entityleft": true,
                    "key": "[124,123]",
                    "player_slot": 128,
                    "slot": 5,
                    "time": 1595,
                    "type": "sen_left_log",
                    "x": 123.9,
                    "y": 122.9,
                    "z": 128
                }
            ],
            "sen_log": [
                {
                    "ehandle": 13369797,
                    "entityleft": false,
                    "key": "[122,121]",
                    "player_slot": 128,
                    "slot": 5,
                    "time": -3,
                    "type": "sen_log",
                    "x": 121.8,
                    "y": 121.4,
                    "z": 129
                },
                {
                    "ehandle": 14942609,
                    "entityleft": false,
                    "key": "[93,164]",
                    "player_slot": 128,
                    "slot": 5,
                    "time": 84,
                    "type": "sen_log",
                    "x": 93.2,
                    "y": 163.7,
                    "z": 128
                },
                {
                    "ehandle": 11847787,
                    "entityleft": false,
                    "key": "[93,164]",
                    "player_slot": 128,
                    "slot": 5,
                    "time": 250,
                    "type": "sen_log",
                    "x": 92.9,
                    "y": 163.5,
                    "z": 128
                },
                {
                    "ehandle": 14666138,
                    "entityleft": false,
                    "key": "[81,170]",
                    "player_slot": 128,
                    "slot": 5,
                    "time": 516,
                    "type": "sen_log",
                    "x": 80.8,
                    "y": 170.4,
                    "z": 129
                },
                {
                    "ehandle": 3867504,
                    "entityleft": false,
                    "key": "[151,123]",
                    "player_slot": 128,
                    "slot": 5,
                    "time": 725,
                    "type": "sen_log",
                    "x": 150.9,
                    "y": 122.6,
                    "z": 130
                },
                {
                    "ehandle": 15501022,
                    "entityleft": false,
                    "key": "[151,123]",
                    "player_slot": 128,
                    "slot": 5,
                    "time": 826,
                    "type": "sen_log",
                    "x": 150.8,
                    "y": 123.3,
                    "z": 130
                },
                {
                    "ehandle": 1509171,
                    "entityleft": false,
                    "key": "[96,140]",
                    "player_slot": 128,
                    "slot": 5,
                    "time": 1091,
                    "type": "sen_log",
                    "x": 95.7,
                    "y": 140,
                    "z": 132.2
                },
                {
                    "ehandle": 15304351,
                    "entityleft": false,
                    "key": "[124,123]",
                    "player_slot": 128,
                    "slot": 5,
                    "time": 1175,
                    "type": "sen_log",
                    "x": 123.9,
                    "y": 122.9,
                    "z": 128
                },
                {
                    "ehandle": 6471960,
                    "entityleft": false,
                    "key": "[94,120]",
                    "player_slot": 128,
                    "slot": 5,
                    "time": 1418,
                    "type": "sen_log",
                    "x": 94.1,
                    "y": 119.8,
                    "z": 132.2
                },
                {
                    "ehandle": 7440048,
                    "entityleft": false,
                    "key": "[158,92]",
                    "player_slot": 128,
                    "slot": 5,
                    "time": 1456,
                    "type": "sen_log",
                    "x": 158,
                    "y": 92.1,
                    "z": 132.2
                },
                {
                    "ehandle": 9062505,
                    "entityleft": false,
                    "key": "[148,72]",
                    "player_slot": 128,
                    "slot": 5,
                    "time": 1471,
                    "type": "sen_log",
                    "x": 148.4,
                    "y": 72.2,
                    "z": 131.2
                },
                {
                    "ehandle": 15270881,
                    "entityleft": false,
                    "key": "[97,80]",
                    "player_slot": 128,
                    "slot": 5,
                    "time": 1549,
                    "type": "sen_log",
                    "x": 96.8,
                    "y": 79.5,
                    "z": 130
                }
            ],
            "sen_placed": 12,
            "sentry_kills": 3,
            "sentry_uses": 8,
            "stuns": 59.066902,
            "teamfight_participation": 0.78571427,
            "total_gold": 12689,
            "total_xp": 13994,
            "tower_damage": 985,
            "tower_kills": 0,
            "win": 1,
            "xp_per_min": 504
        },
        {
            "abandons": 0,
            "account_id": 432383820,
            "actions_per_min": 279,
            "ancient_kills": 0,
            "assists": 14,
            "benchmarks": {
                "gold_per_min": {
                    "pct": 0.7455138662316476,
                    "raw": 505
                },
                "hero_damage_per_min": {
                    "pct": 0.6721044045676998,
                    "raw": 638.5714285714286
                },
                "hero_healing_per_min": {
                    "pct": 0.9298531810766721,
                    "raw": 341.2364945978391
                },
                "kills_per_min": {
                    "pct": 0.466557911908646,
                    "raw": 0.10804321728691477
                },
                "last_hits_per_min": {
                    "pct": 0.6884176182707994,
                    "raw": 4.501800720288115
                },
                "tower_damage": {
                    "pct": 0.8955954323001631,
                    "raw": 2381
                },
                "xp_per_min": {
                    "pct": 0.600326264274062,
                    "raw": 631
                }
            },
            "buyback_count": 0,
            "camps_stacked": 5,
            "courier_kills": 0,
            "creeps_stacked": 23,
            "deaths": 3,
            "denies": 1,
            "gold": 751,
            "gold_per_min": 505,
            "gold_spent": 13680,
            "hero_damage": 17731,
            "hero_healing": 9475,
            "hero_id": 90,
            "hero_kills": 3,
            "hero_variant": 1,
            "is_roaming": false,
            "item_uses": {
                "dagon": 3,
                "dagon_2": 1,
                "dagon_3": 1,
                "dagon_4": 1,
                "dust": 1,
                "magic_wand": 4,
                "seeds_of_serenity": 2,
                "spirit_vessel": 14,
                "tango": 3,
                "tpscroll": 6,
                "urn_of_shadows": 4,
                "ward_dispenser": 1,
                "ward_observer": 1,
                "ward_sentry": 1
            },
            "kda": 4.25,
            "kill_streaks": {},
            "kills": 3,
            "kills_per_min": 0.10804321728691477,
            "lane": 2,
            "lane_efficiency": 0.475141471301536,
            "lane_efficiency_pct": 47,
            "lane_kills": 98,
            "lane_role": 2,
            "last_hits": 125,
            "leaver_status": 0,
            "level": 18,
            "life_state": {
                "0": 1556,
                "1": 9,
                "2": 103
            },
            "life_state_dead": 112,
            "lose": 0,
            "multi_kills": {},
            "necronomicon_kills": 0,
            "net_worth": 14061,
            "neutral_kills": 22,
            "obs": {
                "124": {
                    "133": 1
                },
                "131": {
                    "126": 1
                }
            },
            "obs_left_log": [
                {
                    "attackername": "npc_dota_hero_huskar",
                    "ehandle": 11501939,
                    "entityleft": true,
                    "key": "[131,126]",
                    "player_slot": 129,
                    "slot": 6,
                    "time": 116,
                    "type": "obs_left_log",
                    "x": 131.4,
                    "y": 125.8,
                    "z": 129
                },
                {
                    "attackername": "npc_dota_hero_keeper_of_the_light",
                    "ehandle": 13321962,
                    "entityleft": true,
                    "key": "[124,133]",
                    "player_slot": 129,
                    "slot": 6,
                    "time": 904,
                    "type": "obs_left_log",
                    "x": 124.1,
                    "y": 132.7,
                    "z": 129
                }
            ],
            "obs_log": [
                {
                    "ehandle": 11501939,
                    "entityleft": false,
                    "key": "[131,126]",
                    "player_slot": 129,
                    "slot": 6,
                    "time": -41,
                    "type": "obs_log",
                    "x": 131.4,
                    "y": 125.8,
                    "z": 129
                },
                {
                    "ehandle": 13321962,
                    "entityleft": false,
                    "key": "[124,133]",
                    "player_slot": 129,
                    "slot": 6,
                    "time": 544,
                    "type": "obs_log",
                    "x": 124.1,
                    "y": 132.7,
                    "z": 129
                }
            ],
            "obs_placed": 2,
            "observer_kills": 0,
            "observer_uses": 1,
            "observers_placed": 2,
            "pings": 3,
            "player_slot": 129,
            "purchase": {
                "boots": 1,
                "branches": 1,
                "dagon": 1,
                "dagon_2": 1,
                "dagon_3": 1,
                "dagon_4": 1,
                "dagon_5": 1,
                "diadem": 1,
                "dust": 2,
                "fluffy_hat": 1,
                "magic_wand": 1,
                "recipe_dagon": 5,
                "recipe_spirit_vessel": 1,
                "recipe_travel_boots": 1,
                "recipe_urn_of_shadows": 1,
                "ring_of_protection": 1,
                "sobi_mask": 1,
                "spirit_vessel": 1,
                "tango": 1,
                "tpscroll": 1,
                "urn_of_shadows": 1,
                "vitality_booster": 1,
                "voodoo_mask": 1,
                "ward_dispenser": 1,
                "ward_observer": 2,
                "ward_sentry": 1
            },
            "purchase_tpscroll": 1,
            "purchase_ward_observer": 2,
            "purchase_ward_sentry": 1,
            "rank_tier": 73,
            "roshan_kills": 0,
            "rune_pickups": 4,
            "runes": {
                "1": 1,
                "5": 1,
                "7": 1,
                "9": 1
            },
            "sen": {
                "102": {
                    "175": 1
                }
            },
            "sen_left_log": [
                {
                    "attackername": "npc_dota_hero_keeper_of_the_light",
                    "ehandle": 10602992,
                    "entityleft": true,
                    "key": "[102,175]",
                    "player_slot": 129,
                    "slot": 6,
                    "time": 1484,
                    "type": "sen_left_log",
                    "x": 101.6,
                    "y": 174.8,
                    "z": 129
                }
            ],
            "sen_log": [
                {
                    "ehandle": 10602992,
                    "entityleft": false,
                    "key": "[102,175]",
                    "player_slot": 129,
                    "slot": 6,
                    "time": 1064,
                    "type": "sen_log",
                    "x": 101.6,
                    "y": 174.8,
                    "z": 129
                }
            ],
            "sen_placed": 1,
            "sentry_kills": 0,
            "sentry_uses": 1,
            "stuns": 0,
            "teamfight_participation": 0.60714287,
            "total_gold": 14022,
            "total_xp": 17520,
            "tower_damage": 2381,
            "tower_kills": 0,
            "win": 1,
            "xp_per_min": 631
        },
        {
            "abandons": 0,
            "actions_per_min": 349,
            "ancient_kills": 7,
            "assists": 14,
            "benchmarks": {
                "gold_per_min": {
                    "pct": 0.2755216513349787,
                    "raw": 443
                },
                "hero_damage_per_min": {
                    "pct": 0.18801884675790892,
                    "raw": 494.72989195678275
                },
                "hero_healing_per_min": {
                    "pct": 0.7552165133497869,
                    "raw": 45.09003601440576
                },
                "kills_per_min": {
                    "pct": 0.09580435270361229,
                    "raw": 0.07202881152460984
                },
                "last_hits_per_min": {
                    "pct": 0.08974646623289208,
                    "raw": 2.881152460984394
                },
                "tower_damage": {
                    "pct": 0.5907561139780121,
                    "raw": 4257
                },
                "xp_per_min": {
                    "pct": 0.12340139107022662,
                    "raw": 455
                }
            },
            "buyback_count": 0,
            "camps_stacked": 1,
            "courier_kills": 0,
            "creeps_stacked": 2,
            "deaths": 9,
            "denies": 10,
            "gold": 1097,
            "gold_per_min": 443,
            "gold_spent": 11470,
            "hero_damage": 13737,
            "hero_healing": 1252,
            "hero_id": 104,
            "hero_kills": 2,
            "hero_variant": 1,
            "is_roaming": false,
            "item_uses": {
                "blade_mail": 11,
                "blink": 9,
                "branches": 1,
                "clarity": 1,
                "dust": 2,
                "enchanted_mango": 2,
                "faerie_fire": 1,
                "famango": 1,
                "flask": 1,
                "iron_talon": 4,
                "magic_wand": 7,
                "phase_boots": 7,
                "smoke_of_deceit": 1,
                "tango": 9,
                "tpscroll": 9
            },
            "kda": 1.6,
            "kill_streaks": {},
            "kills": 2,
            "kills_per_min": 0.07202881152460984,
            "lane": 1,
            "lane_efficiency": 0.4723120452708165,
            "lane_efficiency_pct": 47,
            "lane_kills": 73,
            "lane_role": 3,
            "last_hits": 80,
            "leaver_status": 0,
            "level": 15,
            "life_state": {
                "0": 1405,
                "1": 13,
                "2": 250
            },
            "life_state_dead": 263,
            "lose": 0,
            "multi_kills": {},
            "necronomicon_kills": 0,
            "net_worth": 10782,
            "neutral_kills": 14,
            "obs": {},
            "obs_left_log": [],
            "obs_log": [],
            "obs_placed": 0,
            "observer_kills": 0,
            "observer_uses": 0,
            "observers_placed": 0,
            "pings": 10,
            "player_slot": 130,
            "purchase": {
                "blade_mail": 1,
                "blades_of_attack": 1,
                "blink": 1,
                "boots": 1,
                "bracer": 2,
                "branches": 3,
                "broadsword": 1,
                "chainmail": 2,
                "circlet": 2,
                "clarity": 1,
                "dust": 3,
                "enchanted_mango": 2,
                "faerie_fire": 1,
                "flask": 1,
                "gauntlets": 2,
                "infused_raindrop": 1,
                "magic_stick": 1,
                "magic_wand": 1,
                "mithril_hammer": 1,
                "ogre_axe": 1,
                "phase_boots": 1,
                "recipe_blade_mail": 1,
                "recipe_bracer": 2,
                "recipe_magic_wand": 1,
                "smoke_of_deceit": 1,
                "tango": 3
            },
            "rank_tier": null,
            "roshan_kills": 0,
            "rune_pickups": 1,
            "runes": {
                "8": 1
            },
            "sen": {},
            "sen_left_log": [],
            "sen_log": [],
            "sen_placed": 0,
            "sentry_kills": 0,
            "sentry_uses": 0,
            "stuns": 17.866577,
            "teamfight_participation": 0.5714286,
            "total_gold": 12300,
            "total_xp": 12633,
            "tower_damage": 4257,
            "tower_kills": 2,
            "win": 1,
            "xp_per_min": 455
        },
        {
            "abandons": 0,
            "actions_per_min": 268,
            "ancient_kills": 4,
            "assists": 14,
            "benchmarks": {
                "gold_per_min": {
                    "pct": 0.696431942609024,
                    "raw": 445
                },
                "hero_damage_per_min": {
                    "pct": 0.6445157636397961,
                    "raw": 623.4453781512606
                },
                "hero_healing_per_min": {
                    "pct": 0.4664904663016802,
                    "raw": 0
                },
                "kills_per_min": {
                    "pct": 0.8023409477062489,
                    "raw": 0.21608643457382953
                },
                "last_hits_per_min": {
                    "pct": 0.22899754578063056,
                    "raw": 1.6566626650660263
                },
                "tower_damage": {
                    "pct": 0.6056258259392109,
                    "raw": 806
                },
                "xp_per_min": {
                    "pct": 0.45572965829714934,
                    "raw": 557
                }
            },
            "buyback_count": 0,
            "camps_stacked": 9,
            "courier_kills": 0,
            "creeps_stacked": 31,
            "deaths": 8,
            "denies": 1,
            "gold": 5102,
            "gold_per_min": 445,
            "gold_spent": 7440,
            "hero_damage": 17311,
            "hero_healing": 0,
            "hero_id": 86,
            "hero_kills": 6,
            "hero_variant": 1,
            "is_roaming": false,
            "item_uses": {
                "blink": 9,
                "blood_grenade": 3,
                "clarity": 3,
                "dust": 7,
                "enchanted_mango": 2,
                "famango": 1,
                "flask": 2,
                "magic_stick": 10,
                "smoke_of_deceit": 3,
                "tango": 6,
                "tpscroll": 9,
                "trusty_shovel": 11,
                "ward_dispenser": 14,
                "ward_observer": 2,
                "ward_sentry": 5
            },
            "kda": 2.22,
            "kill_streaks": {},
            "kills": 6,
            "kills_per_min": 0.21608643457382953,
            "lane": 1,
            "lane_efficiency": 0.4682700080840744,
            "lane_efficiency_pct": 46,
            "lane_kills": 33,
            "lane_role": 3,
            "last_hits": 46,
            "leaver_status": 0,
            "level": 16,
            "life_state": {
                "0": 1461,
                "1": 31,
                "2": 176
            },
            "life_state_dead": 207,
            "lose": 0,
            "multi_kills": {},
            "necronomicon_kills": 0,
            "net_worth": 10752,
            "neutral_kills": 11,
            "obs": {
                "134": {
                    "92": 1
                },
                "144": {
                    "122": 2
                },
                "168": {
                    "93": 1
                },
                "188": {
                    "116": 1
                }
            },
            "obs_left_log": [
                {
                    "attackername": "npc_dota_hero_sniper",
                    "ehandle": 1821065,
                    "entityleft": true,
                    "key": "[168,93]",
                    "player_slot": 131,
                    "slot": 8,
                    "time": 542,
                    "type": "obs_left_log",
                    "x": 168.2,
                    "y": 92.5,
                    "z": 129
                },
                {
                    "attackername": "npc_dota_hero_techies",
                    "ehandle": 6113737,
                    "entityleft": true,
                    "key": "[144,122]",
                    "player_slot": 131,
                    "slot": 8,
                    "time": 721,
                    "type": "obs_left_log",
                    "x": 144.2,
                    "y": 122.1,
                    "z": 132.1
                },
                {
                    "attackername": "npc_dota_hero_rubick",
                    "ehandle": 3131594,
                    "entityleft": true,
                    "key": "[188,116]",
                    "player_slot": 131,
                    "slot": 8,
                    "time": 1059,
                    "type": "obs_left_log",
                    "x": 188.3,
                    "y": 116,
                    "z": 132.1
                },
                {
                    "attackername": "npc_dota_hero_techies",
                    "ehandle": 3180746,
                    "entityleft": true,
                    "key": "[134,92]",
                    "player_slot": 131,
                    "slot": 8,
                    "time": 1295,
                    "type": "obs_left_log",
                    "x": 134.2,
                    "y": 91.8,
                    "z": 132.2
                },
                {
                    "attackername": "npc_dota_hero_rubick",
                    "ehandle": 13846196,
                    "entityleft": true,
                    "key": "[144,122]",
                    "player_slot": 131,
                    "slot": 8,
                    "time": 1330,
                    "type": "obs_left_log",
                    "x": 144.2,
                    "y": 122.1,
                    "z": 132.1
                }
            ],
            "obs_log": [
                {
                    "ehandle": 1821065,
                    "entityleft": false,
                    "key": "[168,93]",
                    "player_slot": 131,
                    "slot": 8,
                    "time": 342,
                    "type": "obs_log",
                    "x": 168.2,
                    "y": 92.5,
                    "z": 129
                },
                {
                    "ehandle": 6113737,
                    "entityleft": false,
                    "key": "[144,122]",
                    "player_slot": 131,
                    "slot": 8,
                    "time": 525,
                    "type": "obs_log",
                    "x": 144.2,
                    "y": 122.1,
                    "z": 132.1
                },
                {
                    "ehandle": 3131594,
                    "entityleft": false,
                    "key": "[188,116]",
                    "player_slot": 131,
                    "slot": 8,
                    "time": 698,
                    "type": "obs_log",
                    "x": 188.3,
                    "y": 116,
                    "z": 132.1
                },
                {
                    "ehandle": 13846196,
                    "entityleft": false,
                    "key": "[144,122]",
                    "player_slot": 131,
                    "slot": 8,
                    "time": 969,
                    "type": "obs_log",
                    "x": 144.2,
                    "y": 122.1,
                    "z": 132.1
                },
                {
                    "ehandle": 3180746,
                    "entityleft": false,
                    "key": "[134,92]",
                    "player_slot": 131,
                    "slot": 8,
                    "time": 1198,
                    "type": "obs_log",
                    "x": 134.2,
                    "y": 91.8,
                    "z": 132.2
                }
            ],
            "obs_placed": 5,
            "observer_kills": 0,
            "observer_uses": 2,
            "observers_placed": 5,
            "pings": 11,
            "player_slot": 131,
            "purchase": {
                "aether_lens": 1,
                "blink": 1,
                "blood_grenade": 3,
                "boots": 1,
                "clarity": 3,
                "dust": 7,
                "energy_booster": 1,
                "magic_stick": 1,
                "recipe_aether_lens": 1,
                "ring_of_regen": 1,
                "smoke_of_deceit": 3,
                "tango": 1,
                "tranquil_boots": 1,
                "void_stone": 1,
                "ward_dispenser": 7,
                "ward_observer": 5,
                "ward_sentry": 8,
                "wind_lace": 1
            },
            "purchase_ward_observer": 5,
            "purchase_ward_sentry": 8,
            "rank_tier": null,
            "roshan_kills": 0,
            "rune_pickups": 6,
            "runes": {
                "5": 3,
                "7": 1,
                "8": 2
            },
            "sen": {
                "107": {
                    "165": 1
                },
                "122": {
                    "156": 1
                },
                "133": {
                    "103": 1
                },
                "156": {
                    "83": 1
                },
                "158": {
                    "92": 3
                },
                "174": {
                    "98": 1
                },
                "189": {
                    "118": 1
                }
            },
            "sen_left_log": [
                {
                    "attackername": "npc_dota_hero_techies",
                    "ehandle": 4818877,
                    "entityleft": true,
                    "key": "[158,92]",
                    "player_slot": 131,
                    "slot": 8,
                    "time": 271,
                    "type": "sen_left_log",
                    "x": 158.1,
                    "y": 92.3,
                    "z": 132.2
                },
                {
                    "attackername": "npc_dota_hero_techies",
                    "ehandle": 9554303,
                    "entityleft": true,
                    "key": "[158,92]",
                    "player_slot": 131,
                    "slot": 8,
                    "time": 399,
                    "type": "sen_left_log",
                    "x": 158.1,
                    "y": 92.4,
                    "z": 132.2
                },
                {
                    "attackername": "npc_dota_hero_rubick",
                    "ehandle": 13566380,
                    "entityleft": true,
                    "key": "[156,83]",
                    "player_slot": 131,
                    "slot": 8,
                    "time": 405,
                    "type": "sen_left_log",
                    "x": 155.5,
                    "y": 83.3,
                    "z": 129
                },
                {
                    "attackername": "npc_dota_hero_sniper",
                    "ehandle": 12650638,
                    "entityleft": true,
                    "key": "[158,92]",
                    "player_slot": 131,
                    "slot": 8,
                    "time": 537,
                    "type": "sen_left_log",
                    "x": 158.2,
                    "y": 92.3,
                    "z": 132.2
                },
                {
                    "attackername": "npc_dota_hero_rubick",
                    "ehandle": 6490075,
                    "entityleft": true,
                    "key": "[174,98]",
                    "player_slot": 131,
                    "slot": 8,
                    "time": 758,
                    "type": "sen_left_log",
                    "x": 174.2,
                    "y": 97.9,
                    "z": 129
                },
                {
                    "attackername": "npc_dota_hero_rubick",
                    "ehandle": 10666855,
                    "entityleft": true,
                    "key": "[189,118]",
                    "player_slot": 131,
                    "slot": 8,
                    "time": 1125,
                    "type": "sen_left_log",
                    "x": 188.9,
                    "y": 117.8,
                    "z": 130
                },
                {
                    "attackername": "npc_dota_hero_techies",
                    "ehandle": 10406389,
                    "entityleft": true,
                    "key": "[133,103]",
                    "player_slot": 131,
                    "slot": 8,
                    "time": 1332,
                    "type": "sen_left_log",
                    "x": 133.3,
                    "y": 103.3,
                    "z": 130
                },
                {
                    "attackername": "npc_dota_hero_rubick",
                    "ehandle": 7538387,
                    "entityleft": true,
                    "key": "[122,156]",
                    "player_slot": 131,
                    "slot": 8,
                    "time": 1460,
                    "type": "sen_left_log",
                    "x": 122.1,
                    "y": 156,
                    "z": 132.1
                },
                {
                    "attackername": "npc_dota_hero_rubick",
                    "ehandle": 10797888,
                    "entityleft": true,
                    "key": "[107,165]",
                    "player_slot": 131,
                    "slot": 8,
                    "time": 1466,
                    "type": "sen_left_log",
                    "x": 107.2,
                    "y": 164.8,
                    "z": 130
                }
            ],
            "sen_log": [
                {
                    "ehandle": 13566380,
                    "entityleft": false,
                    "key": "[156,83]",
                    "player_slot": 131,
                    "slot": 8,
                    "time": -15,
                    "type": "sen_log",
                    "x": 155.5,
                    "y": 83.3,
                    "z": 129
                },
                {
                    "ehandle": 4818877,
                    "entityleft": false,
                    "key": "[158,92]",
                    "player_slot": 131,
                    "slot": 8,
                    "time": 227,
                    "type": "sen_log",
                    "x": 158.1,
                    "y": 92.3,
                    "z": 132.2
                },
                {
                    "ehandle": 9554303,
                    "entityleft": false,
                    "key": "[158,92]",
                    "player_slot": 131,
                    "slot": 8,
                    "time": 324,
                    "type": "sen_log",
                    "x": 158.1,
                    "y": 92.4,
                    "z": 132.2
                },
                {
                    "ehandle": 6490075,
                    "entityleft": false,
                    "key": "[174,98]",
                    "player_slot": 131,
                    "slot": 8,
                    "time": 338,
                    "type": "sen_log",
                    "x": 174.2,
                    "y": 97.9,
                    "z": 129
                },
                {
                    "ehandle": 12650638,
                    "entityleft": false,
                    "key": "[158,92]",
                    "player_slot": 131,
                    "slot": 8,
                    "time": 439,
                    "type": "sen_log",
                    "x": 158.2,
                    "y": 92.3,
                    "z": 132.2
                },
                {
                    "ehandle": 10666855,
                    "entityleft": false,
                    "key": "[189,118]",
                    "player_slot": 131,
                    "slot": 8,
                    "time": 704,
                    "type": "sen_log",
                    "x": 188.9,
                    "y": 117.8,
                    "z": 130
                },
                {
                    "ehandle": 7538387,
                    "entityleft": false,
                    "key": "[122,156]",
                    "player_slot": 131,
                    "slot": 8,
                    "time": 1040,
                    "type": "sen_log",
                    "x": 122.1,
                    "y": 156,
                    "z": 132.1
                },
                {
                    "ehandle": 10797888,
                    "entityleft": false,
                    "key": "[107,165]",
                    "player_slot": 131,
                    "slot": 8,
                    "time": 1046,
                    "type": "sen_log",
                    "x": 107.2,
                    "y": 164.8,
                    "z": 130
                },
                {
                    "ehandle": 10406389,
                    "entityleft": false,
                    "key": "[133,103]",
                    "player_slot": 131,
                    "slot": 8,
                    "time": 1209,
                    "type": "sen_log",
                    "x": 133.3,
                    "y": 103.3,
                    "z": 130
                }
            ],
            "sen_placed": 9,
            "sentry_kills": 3,
            "sentry_uses": 5,
            "stuns": 28.200356,
            "teamfight_participation": 0.71428573,
            "total_gold": 12356,
            "total_xp": 15466,
            "tower_damage": 806,
            "tower_kills": 0,
            "win": 1,
            "xp_per_min": 557
        },
        {
            "abandons": 0,
            "account_id": 429846844,
            "actions_per_min": 339,
            "ancient_kills": 21,
            "assists": 7,
            "benchmarks": {
                "gold_per_min": {
                    "pct": 0.8764705882352941,
                    "raw": 713
                },
                "hero_damage_per_min": {
                    "pct": 0.25735294117647056,
                    "raw": 368.4633853541417
                },
                "hero_healing_per_min": {
                    "pct": 0.8911764705882353,
                    "raw": 0
                },
                "kills_per_min": {
                    "pct": 0.38235294117647056,
                    "raw": 0.14405762304921968
                },
                "last_hits_per_min": {
                    "pct": 0.9411764705882353,
                    "raw": 10.372148859543818
                },
                "tower_damage": {
                    "pct": 0.986764705882353,
                    "raw": 25556
                },
                "xp_per_min": {
                    "pct": 0.5205882352941177,
                    "raw": 685
                }
            },
            "buyback_count": 0,
            "camps_stacked": 2,
            "courier_kills": 0,
            "creeps_stacked": 5,
            "deaths": 3,
            "denies": 6,
            "gold": 4858,
            "gold_per_min": 713,
            "gold_spent": 15700,
            "hero_damage": 10231,
            "hero_healing": 0,
            "hero_id": 109,
            "hero_kills": 3,
            "hero_variant": 2,
            "is_roaming": false,
            "item_uses": {
                "black_king_bar": 1,
                "diffusal_blade": 2,
                "faerie_fire": 1,
                "flask": 1,
                "manta": 15,
                "power_treads": 120,
                "quelling_blade": 19,
                "tango": 3,
                "tango_single": 1,
                "tpscroll": 4
            },
            "kda": 2.75,
            "kill_streaks": {},
            "kills": 4,
            "kills_per_min": 0.14405762304921968,
            "lane": 3,
            "lane_efficiency": 0.8215440582053355,
            "lane_efficiency_pct": 82,
            "lane_kills": 142,
            "lane_role": 1,
            "last_hits": 288,
            "leaver_status": 0,
            "level": 18,
            "life_state": {
                "0": 1586,
                "1": 4,
                "2": 78
            },
            "life_state_dead": 82,
            "lose": 0,
            "multi_kills": {},
            "necronomicon_kills": 0,
            "net_worth": 19863,
            "neutral_kills": 134,
            "obs": {},
            "obs_left_log": [],
            "obs_log": [],
            "obs_placed": 0,
            "observer_kills": 0,
            "observer_uses": 0,
            "observers_placed": 0,
            "pings": 12,
            "player_slot": 132,
            "purchase": {
                "aghanims_shard": 1,
                "black_king_bar": 1,
                "blade_of_alacrity": 2,
                "boots": 1,
                "boots_of_elves": 2,
                "branches": 1,
                "circlet": 1,
                "diadem": 1,
                "diffusal_blade": 1,
                "faerie_fire": 1,
                "flask": 1,
                "gloves": 1,
                "manta": 1,
                "mithril_hammer": 1,
                "ogre_axe": 1,
                "power_treads": 1,
                "quelling_blade": 1,
                "recipe_black_king_bar": 1,
                "recipe_diffusal_blade": 1,
                "recipe_manta": 1,
                "recipe_wraith_band": 1,
                "recipe_yasha": 1,
                "robe": 1,
                "slippers": 1,
                "tango": 1,
                "tpscroll": 1,
                "wind_lace": 1,
                "wraith_band": 1,
                "yasha": 1
            },
            "purchase_tpscroll": 1,
            "rank_tier": 73,
            "roshan_kills": 0,
            "rune_pickups": 0,
            "runes": {},
            "sen": {},
            "sen_left_log": [],
            "sen_log": [],
            "sen_placed": 0,
            "sentry_kills": 0,
            "sentry_uses": 0,
            "stuns": 0,
            "teamfight_participation": 0.39285713,
            "total_gold": 19797,
            "total_xp": 19020,
            "tower_damage": 25556,
            "tower_kills": 7,
            "win": 1,
            "xp_per_min": 685
        }
    ],
    "radiant_score": 29,
    "radiant_win": false,
    "replay_url": "http://replay274.valve.net/570/7909399390_1144760594.dem.bz2",
    "stomp": 984
}