{
    "comeback": -626,
    "dire_score": 43,
    "duration": 1548,
    "lobby_type": 7,
    "match_id": 7909357247,
    "metadata": null,
    "players": [
        {
            "abandons": 0,
            "account_id": 106809101,
            "actions_per_min": 338,
            "ancient_kills": 0,
            "assists": 8,
            "benchmarks": {
                "gold_per_min": {
                    "pct": 0.17156549520766773,
                    "raw": 412
                },
                "hero_damage_per_min": {
                    "pct": 0.22523961661341854,
                    "raw": 349.92248062015506
                },
                "hero_healing_per_min": {
                    "pct": 0.9715654952076678,
                    "raw": 0
                },
                "kills_per_min": {
                    "pct": 0.21565495207667731,
                    "raw": 0.11627906976744186
                },
                "last_hits_per_min": {
                    "pct": 0.47827476038338657,
                    "raw": 5.232558139534884
                },
                "tower_damage": {
                    "pct": 0.16932907348242812,
                    "raw": 129
                },
                "xp_per_min": {
                    "pct": 0.10287539936102237,
                    "raw": 457
                }
            },
            "buyback_count": 0,
            "camps_stacked": 0,
            "courier_kills": 0,
            "creeps_stacked": 0,
            "deaths": 9,
            "denies": 4,
            "gold": 435,
            "gold_per_min": 412,
            "gold_spent": 9795,
            "hero_damage": 9028,
            "hero_healing": 0,
            "hero_id": 93,
            "hero_kills": 3,
            "hero_variant": 1,
            "is_roaming": false,
            "item_uses": {
                "diffusal_blade": 2,
                "famango": 2,
                "magic_stick": 3,
                "magic_wand": 3,
                "power_treads": 159,
                "quelling_blade": 22,
                "tango": 3,
                "tango_single": 2,
                "tpscroll": 7
            },
            "kda": 1.1,
            "kill_streaks": {},
            "kills": 3,
            "kills_per_min": 0.11627906976744186,
            "lane": 1,
            "lane_efficiency": 0.7279708973322555,
            "lane_efficiency_pct": 72,
            "lane_kills": 102,
            "lane_role": 1,
            "last_hits": 135,
            "leaver_status": 0,
            "level": 14,
            "life_state": {
                "0": 1249,
                "1": 16,
                "2": 285
            },
            "life_state_dead": 301,
            "lose": 1,
            "multi_kills": {},
            "necronomicon_kills": 0,
            "net_worth": 9985,
            "neutral_kills": 33,
            "obs": {},
            "obs_left_log": [],
            "obs_log": [],
            "obs_placed": 0,
            "observer_kills": 0,
            "observer_uses": 0,
            "observers_placed": 0,
            "pings": 18,
            "player_slot": 0,
            "purchase": {
                "aghanims_shard": 1,
                "blade_of_alacrity": 1,
                "blitz_knuckles": 1,
                "boots": 1,
                "boots_of_elves": 1,
                "branches": 2,
                "circlet": 1,
                "cloak": 1,
                "diffusal_blade": 1,
                "gloves": 2,
                "mage_slayer": 1,
                "magic_stick": 1,
                "magic_wand": 1,
                "oblivion_staff": 1,
                "orb_of_corrosion": 1,
                "orb_of_venom": 1,
                "power_treads": 1,
                "quelling_blade": 1,
                "recipe_diffusal_blade": 1,
                "recipe_mage_slayer": 1,
                "recipe_magic_wand": 1,
                "ring_of_protection": 1,
                "robe": 2,
                "sobi_mask": 1,
                "tango": 1
            },
            "rank_tier": 80,
            "roshan_kills": 0,
            "rune_pickups": 3,
            "runes": {
                "3": 1,
                "5": 2
            },
            "sen": {},
            "sen_left_log": [],
            "sen_log": [],
            "sen_placed": 0,
            "sentry_kills": 1,
            "sentry_uses": 0,
            "stuns": 0,
            "teamfight_participation": 0.47826087,
            "total_gold": 10629,
            "total_xp": 11790,
            "tower_damage": 129,
            "tower_kills": 0,
            "win": 0,
            "xp_per_min": 457
        },
        {
            "abandons": 0,
            "account_id": 186036020,
            "actions_per_min": 187,
            "ancient_kills": 7,
            "assists": 5,
            "benchmarks": {
                "gold_per_min": {
                    "pct": 0.4080338266384778,
                    "raw": 340
                },
                "hero_damage_per_min": {
                    "pct": 0.34143763213530653,
                    "raw": 340.69767441860466
                },
                "hero_healing_per_min": {
                    "pct": 0.1649048625792812,
                    "raw": 85.27131782945736
                },
                "kills_per_min": {
                    "pct": 0.7505285412262156,
                    "raw": 0.15503875968992248
                },
                "last_hits_per_min": {
                    "pct": 0.8784355179704016,
                    "raw": 3.9147286821705425
                },
                "tower_damage": {
                    "pct": 0.19661733615221988,
                    "raw": 0
                },
                "xp_per_min": {
                    "pct": 0.12473572938689217,
                    "raw": 365
                }
            },
            "buyback_count": 0,
            "camps_stacked": 1,
            "courier_kills": 0,
            "creeps_stacked": 1,
            "deaths": 10,
            "denies": 9,
            "gold": 387,
            "gold_per_min": 340,
            "gold_spent": 8200,
            "hero_damage": 8790,
            "hero_healing": 2200,
            "hero_id": 112,
            "hero_kills": 4,
            "hero_variant": 2,
            "is_roaming": false,
            "item_uses": {
                "magic_wand": 3,
                "orchid": 3,
                "power_treads": 2,
                "quelling_blade": 5,
                "tango": 3,
                "tpscroll": 5
            },
            "kda": 0.82,
            "kill_streaks": {
                "3": 1,
                "4": 1
            },
            "kills": 4,
            "kills_per_min": 0.15503875968992248,
            "lane": 3,
            "lane_efficiency": 0.7789005658852062,
            "lane_efficiency_pct": 77,
            "lane_kills": 80,
            "lane_role": 3,
            "last_hits": 101,
            "leaver_status": 0,
            "level": 12,
            "life_state": {
                "0": 1228,
                "1": 26,
                "2": 296
            },
            "life_state_dead": 322,
            "lose": 1,
            "multi_kills": {},
            "necronomicon_kills": 0,
            "net_worth": 8347,
            "neutral_kills": 29,
            "obs": {},
            "obs_left_log": [],
            "obs_log": [],
            "obs_placed": 0,
            "observer_kills": 0,
            "observer_uses": 0,
            "observers_placed": 0,
            "pings": 1,
            "player_slot": 1,
            "purchase": {
                "belt_of_strength": 1,
                "blitz_knuckles": 2,
                "boots": 1,
                "branches": 3,
                "circlet": 2,
                "cornucopia": 1,
                "gloves": 1,
                "magic_stick": 2,
                "magic_wand": 1,
                "mantle": 1,
                "null_talisman": 1,
                "oblivion_staff": 2,
                "orchid": 1,
                "power_treads": 1,
                "quelling_blade": 1,
                "recipe_magic_wand": 1,
                "recipe_null_talisman": 1,
                "recipe_orchid": 1,
                "recipe_wraith_band": 1,
                "robe": 2,
                "slippers": 1,
                "sobi_mask": 2,
                "tango": 1,
                "wraith_band": 1
            },
            "rank_tier": 80,
            "roshan_kills": 0,
            "rune_pickups": 1,
            "runes": {
                "5": 1
            },
            "sen": {},
            "sen_left_log": [],
            "sen_log": [],
            "sen_placed": 0,
            "sentry_kills": 0,
            "sentry_uses": 0,
            "stuns": 3,
            "teamfight_participation": 0.39130434,
            "total_gold": 8772,
            "total_xp": 9417,
            "tower_damage": 0,
            "tower_kills": 0,
            "win": 0,
            "xp_per_min": 365
        },
        {
            "abandons": 0,
            "actions_per_min": 313,
            "ancient_kills": 9,
            "assists": 4,
            "benchmarks": {
                "gold_per_min": {
                    "pct": 0.5005813953488372,
                    "raw": 535
                },
                "hero_damage_per_min": {
                    "pct": 0.15813953488372093,
                    "raw": 505.6201550387597
                },
                "hero_healing_per_min": {
                    "pct": 0.9412790697674419,
                    "raw": 0
                },
                "kills_per_min": {
                    "pct": 0.7209302325581395,
                    "raw": 0.31007751937984496
                },
                "last_hits_per_min": {
                    "pct": 0.8877906976744186,
                    "raw": 7.403100775193799
                },
                "tower_damage": {
                    "pct": 0.125,
                    "raw": 132
                },
                "xp_per_min": {
                    "pct": 0.41337209302325584,
                    "raw": 654
                }
            },
            "buyback_count": 0,
            "camps_stacked": 1,
            "courier_kills": 0,
            "creeps_stacked": 3,
            "deaths": 5,
            "denies": 4,
            "gold": 227,
            "gold_per_min": 535,
            "gold_spent": 13995,
            "hero_damage": 13045,
            "hero_healing": 0,
            "hero_id": 15,
            "hero_kills": 8,
            "hero_variant": 2,
            "is_roaming": false,
            "item_uses": {
                "black_king_bar": 1,
                "blade_mail": 5,
                "bottle": 30,
                "branches": 1,
                "clarity": 3,
                "faerie_fire": 1,
                "famango": 1,
                "magic_wand": 9,
                "power_treads": 84,
                "tango": 3,
                "tpscroll": 4,
                "ward_observer": 2
            },
            "kda": 2,
            "kill_streaks": {
                "3": 1,
                "4": 1,
                "5": 1
            },
            "kills": 8,
            "kills_per_min": 0.31007751937984496,
            "lane": 2,
            "lane_efficiency": 0.7978981406628941,
            "lane_efficiency_pct": 79,
            "lane_kills": 118,
            "lane_role": 2,
            "last_hits": 191,
            "leaver_status": 0,
            "level": 17,
            "life_state": {
                "0": 1348,
                "1": 19,
                "2": 183
            },
            "life_state_dead": 202,
            "lose": 1,
            "multi_kills": {
                "2": 1
            },
            "necronomicon_kills": 0,
            "net_worth": 12827,
            "neutral_kills": 62,
            "obs": {
                "116": {
                    "128": 1,
                    "130": 1
                }
            },
            "obs_left_log": [
                {
                    "attackername": "npc_dota_hero_razor",
                    "ehandle": 4735201,
                    "entityleft": true,
                    "key": "[116,128]",
                    "player_slot": 2,
                    "slot": 4,
                    "time": 348,
                    "type": "obs_left_log",
                    "x": 116.1,
                    "y": 127.8,
                    "z": 129
                },
                {
                    "attackername": "npc_dota_hero_leshrac",
                    "ehandle": 5277682,
                    "entityleft": true,
                    "key": "[116,130]",
                    "player_slot": 2,
                    "slot": 4,
                    "time": 717,
                    "type": "obs_left_log",
                    "x": 115.8,
                    "y": 129.9,
                    "z": 129
                }
            ],
            "obs_log": [
                {
                    "ehandle": 4735201,
                    "entityleft": false,
                    "key": "[116,128]",
                    "player_slot": 2,
                    "slot": 4,
                    "time": -12,
                    "type": "obs_log",
                    "x": 116.1,
                    "y": 127.8,
                    "z": 129
                },
                {
                    "ehandle": 5277682,
                    "entityleft": false,
                    "key": "[116,130]",
                    "player_slot": 2,
                    "slot": 4,
                    "time": 365,
                    "type": "obs_log",
                    "x": 115.8,
                    "y": 129.9,
                    "z": 129
                }
            ],
            "obs_placed": 2,
            "observer_kills": 1,
            "observer_uses": 2,
            "observers_placed": 2,
            "pings": 11,
            "player_slot": 2,
            "purchase": {
                "belt_of_strength": 1,
                "black_king_bar": 1,
                "blade_mail": 1,
                "blade_of_alacrity": 1,
                "boots": 1,
                "boots_of_elves": 2,
                "bottle": 1,
                "branches": 4,
                "broadsword": 1,
                "chainmail": 1,
                "clarity": 3,
                "faerie_fire": 1,
                "gloves": 1,
                "magic_stick": 1,
                "magic_wand": 1,
                "mithril_hammer": 1,
                "ogre_axe": 2,
                "power_treads": 1,
                "quelling_blade": 1,
                "recipe_black_king_bar": 1,
                "recipe_blade_mail": 1,
                "recipe_magic_wand": 1,
                "recipe_sange": 1,
                "recipe_yasha": 1,
                "sange": 1,
                "sange_and_yasha": 1,
                "tango": 1,
                "tpscroll": 1,
                "ward_observer": 2,
                "wind_lace": 1,
                "yasha": 1
            },
            "purchase_tpscroll": 1,
            "purchase_ward_observer": 2,
            "rank_tier": null,
            "roshan_kills": 0,
            "rune_pickups": 6,
            "runes": {
                "5": 2,
                "7": 2,
                "8": 1,
                "9": 1
            },
            "sen": {},
            "sen_left_log": [],
            "sen_log": [],
            "sen_placed": 0,
            "sentry_kills": 0,
            "sentry_uses": 0,
            "stuns": 0,
            "teamfight_participation": 0.5217391,
            "total_gold": 13803,
            "total_xp": 16873,
            "tower_damage": 132,
            "tower_kills": 0,
            "win": 0,
            "xp_per_min": 654
        },
        {
            "abandons": 0,
            "account_id": 169375107,
            "actions_per_min": 280,
            "ancient_kills": 0,
            "assists": 10,
            "benchmarks": {
                "gold_per_min": {
                    "pct": 0.15826330532212884,
                    "raw": 270
                },
                "hero_damage_per_min": {
                    "pct": 0.3795518207282913,
                    "raw": 265.42635658914725
                },
                "hero_healing_per_min": {
                    "pct": 0.3356676003734827,
                    "raw": 115.96899224806201
                },
                "kills_per_min": {
                    "pct": 0.4495798319327731,
                    "raw": 0.07751937984496124
                },
                "last_hits_per_min": {
                    "pct": 0.4906629318394024,
                    "raw": 1.4341085271317828
                },
                "tower_damage": {
                    "pct": 0.1858076563958917,
                    "raw": 0
                },
                "xp_per_min": {
                    "pct": 0.17553688141923435,
                    "raw": 392
                }
            },
            "buyback_count": 0,
            "camps_stacked": 1,
            "courier_kills": 0,
            "creeps_stacked": 3,
            "deaths": 7,
            "denies": 2,
            "gold": 265,
            "gold_per_min": 270,
            "gold_spent": 7110,
            "hero_damage": 6848,
            "hero_healing": 2992,
            "hero_id": 102,
            "hero_kills": 2,
            "hero_variant": 2,
            "is_roaming": false,
            "item_uses": {
                "arcane_boots": 7,
                "blood_grenade": 2,
                "holy_locket": 1,
                "magic_stick": 1,
                "magic_wand": 2,
                "pavise": 1,
                "quelling_blade": 2,
                "royal_jelly": 2,
                "smoke_of_deceit": 1,
                "tango": 6,
                "tpscroll": 4,
                "ward_dispenser": 32,
                "ward_observer": 4,
                "ward_sentry": 4
            },
            "kda": 1.5,
            "kill_streaks": {},
            "kills": 2,
            "kills_per_min": 0.07751937984496124,
            "lane": 1,
            "lane_efficiency": 0.49939369442198867,
            "lane_efficiency_pct": 49,
            "lane_kills": 21,
            "lane_role": 1,
            "last_hits": 37,
            "leaver_status": 0,
            "level": 13,
            "life_state": {
                "0": 1379,
                "1": 18,
                "2": 153
            },
            "life_state_dead": 171,
            "lose": 1,
            "multi_kills": {},
            "necronomicon_kills": 0,
            "net_worth": 6245,
            "neutral_kills": 3,
            "obs": {
                "106": {
                    "154": 1
                },
                "127": {
                    "114": 1
                },
                "134": {
                    "92": 1
                },
                "148": {
                    "72": 1
                },
                "158": {
                    "92": 1
                },
                "83": {
                    "153": 1
                },
                "94": {
                    "120": 1
                },
                "96": {
                    "140": 1
                }
            },
            "obs_left_log": [
                {
                    "attackername": "npc_dota_hero_shadow_shaman",
                    "ehandle": 2670991,
                    "entityleft": true,
                    "key": "[158,92]",
                    "player_slot": 3,
                    "slot": 7,
                    "time": -18,
                    "type": "obs_left_log",
                    "x": 158.1,
                    "y": 92,
                    "z": 132.2
                },
                {
                    "attackername": "npc_dota_hero_abaddon",
                    "ehandle": 2541877,
                    "entityleft": true,
                    "key": "[106,154]",
                    "player_slot": 3,
                    "slot": 7,
                    "time": 740,
                    "type": "obs_left_log",
                    "x": 105.5,
                    "y": 154.1,
                    "z": 130
                },
                {
                    "attackername": "npc_dota_hero_abaddon",
                    "ehandle": 10749650,
                    "entityleft": true,
                    "key": "[127,114]",
                    "player_slot": 3,
                    "slot": 7,
                    "time": 1118,
                    "type": "obs_left_log",
                    "x": 127.2,
                    "y": 114.3,
                    "z": 130
                },
                {
                    "attackername": "npc_dota_hero_abaddon",
                    "ehandle": 14845878,
                    "entityleft": true,
                    "key": "[148,72]",
                    "player_slot": 3,
                    "slot": 7,
                    "time": 1235,
                    "type": "obs_left_log",
                    "x": 147.9,
                    "y": 71.6,
                    "z": 131.2
                },
                {
                    "attackername": "npc_dota_hero_abaddon",
                    "ehandle": 16402013,
                    "entityleft": true,
                    "key": "[94,120]",
                    "player_slot": 3,
                    "slot": 7,
                    "time": 1468,
                    "type": "obs_left_log",
                    "x": 94.3,
                    "y": 119.9,
                    "z": 132.2
                },
                {
                    "attackername": "npc_dota_hero_abaddon",
                    "ehandle": 147865,
                    "entityleft": true,
                    "key": "[96,140]",
                    "player_slot": 3,
                    "slot": 7,
                    "time": 1487,
                    "type": "obs_left_log",
                    "x": 95.9,
                    "y": 139.5,
                    "z": 132.2
                }
            ],
            "obs_log": [
                {
                    "ehandle": 2670991,
                    "entityleft": false,
                    "key": "[158,92]",
                    "player_slot": 3,
                    "slot": 7,
                    "time": -54,
                    "type": "obs_log",
                    "x": 158.1,
                    "y": 92,
                    "z": 132.2
                },
                {
                    "ehandle": 2541877,
                    "entityleft": false,
                    "key": "[106,154]",
                    "player_slot": 3,
                    "slot": 7,
                    "time": 380,
                    "type": "obs_log",
                    "x": 105.5,
                    "y": 154.1,
                    "z": 130
                },
                {
                    "ehandle": 10749650,
                    "entityleft": false,
                    "key": "[127,114]",
                    "player_slot": 3,
                    "slot": 7,
                    "time": 758,
                    "type": "obs_log",
                    "x": 127.2,
                    "y": 114.3,
                    "z": 130
                },
                {
                    "ehandle": 14845878,
                    "entityleft": false,
                    "key": "[148,72]",
                    "player_slot": 3,
                    "slot": 7,
                    "time": 874,
                    "type": "obs_log",
                    "x": 147.9,
                    "y": 71.6,
                    "z": 131.2
                },
                {
                    "ehandle": 16402013,
                    "entityleft": false,
                    "key": "[94,120]",
                    "player_slot": 3,
                    "slot": 7,
                    "time": 1108,
                    "type": "obs_log",
                    "x": 94.3,
                    "y": 119.9,
                    "z": 132.2
                },
                {
                    "ehandle": 147865,
                    "entityleft": false,
                    "key": "[96,140]",
                    "player_slot": 3,
                    "slot": 7,
                    "time": 1127,
                    "type": "obs_log",
                    "x": 95.9,
                    "y": 139.5,
                    "z": 132.2
                },
                {
                    "ehandle": 10012863,
                    "entityleft": false,
                    "key": "[83,153]",
                    "player_slot": 3,
                    "slot": 7,
                    "time": 1276,
                    "type": "obs_log",
                    "x": 83,
                    "y": 153.3,
                    "z": 129
                },
                {
                    "ehandle": 5867279,
                    "entityleft": false,
                    "key": "[134,92]",
                    "player_slot": 3,
                    "slot": 7,
                    "time": 1378,
                    "type": "obs_log",
                    "x": 134,
                    "y": 92,
                    "z": 132.2
                }
            ],
            "obs_placed": 8,
            "observer_kills": 3,
            "observer_uses": 4,
            "observers_placed": 8,
            "pings": 8,
            "player_slot": 3,
            "purchase": {
                "arcane_boots": 1,
                "blood_grenade": 2,
                "boots": 1,
                "branches": 2,
                "crown": 1,
                "diadem": 1,
                "dust": 1,
                "energy_booster": 1,
                "fluffy_hat": 1,
                "holy_locket": 1,
                "magic_stick": 1,
                "magic_wand": 1,
                "pavise": 1,
                "quelling_blade": 1,
                "recipe_arcane_boots": 1,
                "recipe_holy_locket": 1,
                "recipe_magic_wand": 1,
                "recipe_pavise": 1,
                "recipe_ring_of_basilius": 1,
                "ring_of_basilius": 1,
                "ring_of_protection": 1,
                "smoke_of_deceit": 1,
                "sobi_mask": 1,
                "tango": 1,
                "ward_dispenser": 19,
                "ward_observer": 9,
                "ward_sentry": 18,
                "wind_lace": 1
            },
            "purchase_ward_observer": 9,
            "purchase_ward_sentry": 18,
            "rank_tier": 80,
            "roshan_kills": 0,
            "rune_pickups": 3,
            "runes": {
                "5": 1,
                "8": 2
            },
            "sen": {
                "113": {
                    "114": 1
                },
                "122": {
                    "128": 1
                },
                "130": {
                    "102": 1
                },
                "137": {
                    "89": 2
                },
                "145": {
                    "69": 1
                },
                "157": {
                    "83": 1,
                    "90": 1
                },
                "168": {
                    "100": 1
                },
                "82": {
                    "158": 1
                },
                "83": {
                    "150": 1
                },
                "91": {
                    "100": 1,
                    "98": 1
                },
                "94": {
                    "135": 1
                },
                "96": {
                    "140": 1
                },
                "99": {
                    "119": 1,
                    "88": 1
                }
            },
            "sen_left_log": [
                {
                    "attackername": "npc_dota_hero_shadow_shaman",
                    "ehandle": 3555996,
                    "entityleft": true,
                    "key": "[157,83]",
                    "player_slot": 3,
                    "slot": 7,
                    "time": 161,
                    "type": "sen_left_log",
                    "x": 157.4,
                    "y": 82.8,
                    "z": 129
                },
                {
                    "attackername": "npc_dota_hero_shadow_shaman",
                    "ehandle": 1574613,
                    "entityleft": true,
                    "key": "[168,100]",
                    "player_slot": 3,
                    "slot": 7,
                    "time": 271,
                    "type": "sen_left_log",
                    "x": 168.4,
                    "y": 100.2,
                    "z": 129
                },
                {
                    "attackername": "npc_dota_hero_shadow_shaman",
                    "ehandle": 13683152,
                    "entityleft": true,
                    "key": "[157,90]",
                    "player_slot": 3,
                    "slot": 7,
                    "time": 363,
                    "type": "sen_left_log",
                    "x": 157.2,
                    "y": 89.5,
                    "z": 129
                },
                {
                    "attackername": "npc_dota_hero_shadow_shaman",
                    "ehandle": 5637635,
                    "entityleft": true,
                    "key": "[122,128]",
                    "player_slot": 3,
                    "slot": 7,
                    "time": 630,
                    "type": "sen_left_log",
                    "x": 121.7,
                    "y": 128.3,
                    "z": 128
                },
                {
                    "attackername": "npc_dota_hero_shadow_shaman",
                    "ehandle": 9685273,
                    "entityleft": true,
                    "key": "[82,158]",
                    "player_slot": 3,
                    "slot": 7,
                    "time": 662,
                    "type": "sen_left_log",
                    "x": 82.2,
                    "y": 158.2,
                    "z": 129
                },
                {
                    "attackername": "npc_dota_hero_abaddon",
                    "ehandle": 12569054,
                    "entityleft": true,
                    "key": "[96,140]",
                    "player_slot": 3,
                    "slot": 7,
                    "time": 976,
                    "type": "sen_left_log",
                    "x": 95.8,
                    "y": 139.9,
                    "z": 132.2
                },
                {
                    "attackername": "npc_dota_hero_abaddon",
                    "ehandle": 5998648,
                    "entityleft": true,
                    "key": "[83,150]",
                    "player_slot": 3,
                    "slot": 7,
                    "time": 1147,
                    "type": "sen_left_log",
                    "x": 83.4,
                    "y": 150.3,
                    "z": 129
                },
                {
                    "attackername": "npc_dota_hero_shadow_shaman",
                    "ehandle": 2212677,
                    "entityleft": true,
                    "key": "[91,98]",
                    "player_slot": 3,
                    "slot": 7,
                    "time": 1211,
                    "type": "sen_left_log",
                    "x": 90.5,
                    "y": 98.3,
                    "z": 130
                },
                {
                    "attackername": "npc_dota_hero_abaddon",
                    "ehandle": 9718041,
                    "entityleft": true,
                    "key": "[145,69]",
                    "player_slot": 3,
                    "slot": 7,
                    "time": 1293,
                    "type": "sen_left_log",
                    "x": 144.6,
                    "y": 68.7,
                    "z": 129
                },
                {
                    "attackername": "npc_dota_hero_abaddon",
                    "ehandle": 4344283,
                    "entityleft": true,
                    "key": "[137,89]",
                    "player_slot": 3,
                    "slot": 7,
                    "time": 1317,
                    "type": "sen_left_log",
                    "x": 137.2,
                    "y": 89.2,
                    "z": 130
                },
                {
                    "attackername": "npc_dota_hero_abaddon",
                    "ehandle": 13633501,
                    "entityleft": true,
                    "key": "[130,102]",
                    "player_slot": 3,
                    "slot": 7,
                    "time": 1420,
                    "type": "sen_left_log",
                    "x": 130.2,
                    "y": 102,
                    "z": 130
                },
                {
                    "attackername": "npc_dota_hero_abaddon",
                    "ehandle": 2574094,
                    "entityleft": true,
                    "key": "[113,114]",
                    "player_slot": 3,
                    "slot": 7,
                    "time": 1454,
                    "type": "sen_left_log",
                    "x": 112.7,
                    "y": 114.1,
                    "z": 129
                },
                {
                    "attackername": "npc_dota_creep_badguys_melee_upgraded",
                    "ehandle": 14206608,
                    "entityleft": true,
                    "key": "[91,100]",
                    "player_slot": 3,
                    "slot": 7,
                    "time": 1508,
                    "type": "sen_left_log",
                    "x": 91.1,
                    "y": 99.8,
                    "z": 130
                },
                {
                    "attackername": "npc_dota_hero_abaddon",
                    "ehandle": 7456440,
                    "entityleft": true,
                    "key": "[99,119]",
                    "player_slot": 3,
                    "slot": 7,
                    "time": 1526,
                    "type": "sen_left_log",
                    "x": 98.7,
                    "y": 118.5,
                    "z": 130
                },
                {
                    "attackername": "npc_dota_hero_abaddon",
                    "ehandle": 1819495,
                    "entityleft": true,
                    "key": "[94,135]",
                    "player_slot": 3,
                    "slot": 7,
                    "time": 1544,
                    "type": "sen_left_log",
                    "x": 93.9,
                    "y": 134.9,
                    "z": 130
                },
                {
                    "attackername": "npc_dota_hero_abaddon",
                    "ehandle": 14780683,
                    "entityleft": true,
                    "key": "[99,88]",
                    "player_slot": 3,
                    "slot": 7,
                    "time": 1589,
                    "type": "sen_left_log",
                    "x": 99.1,
                    "y": 87.8,
                    "z": 130
                }
            ],
            "sen_log": [
                {
                    "ehandle": 3555996,
                    "entityleft": false,
                    "key": "[157,83]",
                    "player_slot": 3,
                    "slot": 7,
                    "time": 10,
                    "type": "sen_log",
                    "x": 157.4,
                    "y": 82.8,
                    "z": 129
                },
                {
                    "ehandle": 1574613,
                    "entityleft": false,
                    "key": "[168,100]",
                    "player_slot": 3,
                    "slot": 7,
                    "time": 50,
                    "type": "sen_log",
                    "x": 168.4,
                    "y": 100.2,
                    "z": 129
                },
                {
                    "ehandle": 13683152,
                    "entityleft": false,
                    "key": "[157,90]",
                    "player_slot": 3,
                    "slot": 7,
                    "time": 189,
                    "type": "sen_log",
                    "x": 157.2,
                    "y": 89.5,
                    "z": 129
                },
                {
                    "ehandle": 5637635,
                    "entityleft": false,
                    "key": "[122,128]",
                    "player_slot": 3,
                    "slot": 7,
                    "time": 367,
                    "type": "sen_log",
                    "x": 121.7,
                    "y": 128.3,
                    "z": 128
                },
                {
                    "ehandle": 9685273,
                    "entityleft": false,
                    "key": "[82,158]",
                    "player_slot": 3,
                    "slot": 7,
                    "time": 473,
                    "type": "sen_log",
                    "x": 82.2,
                    "y": 158.2,
                    "z": 129
                },
                {
                    "ehandle": 12569054,
                    "entityleft": false,
                    "key": "[96,140]",
                    "player_slot": 3,
                    "slot": 7,
                    "time": 556,
                    "type": "sen_log",
                    "x": 95.8,
                    "y": 139.9,
                    "z": 132.2
                },
                {
                    "ehandle": 5998648,
                    "entityleft": false,
                    "key": "[83,150]",
                    "player_slot": 3,
                    "slot": 7,
                    "time": 727,
                    "type": "sen_log",
                    "x": 83.4,
                    "y": 150.3,
                    "z": 129
                },
                {
                    "ehandle": 9718041,
                    "entityleft": false,
                    "key": "[145,69]",
                    "player_slot": 3,
                    "slot": 7,
                    "time": 873,
                    "type": "sen_log",
                    "x": 144.6,
                    "y": 68.7,
                    "z": 129
                },
                {
                    "ehandle": 4344283,
                    "entityleft": false,
                    "key": "[137,89]",
                    "player_slot": 3,
                    "slot": 7,
                    "time": 897,
                    "type": "sen_log",
                    "x": 137.2,
                    "y": 89.2,
                    "z": 130
                },
                {
                    "ehandle": 13633501,
                    "entityleft": false,
                    "key": "[130,102]",
                    "player_slot": 3,
                    "slot": 7,
                    "time": 1000,
                    "type": "sen_log",
                    "x": 130.2,
                    "y": 102,
                    "z": 130
                },
                {
                    "ehandle": 2574094,
                    "entityleft": false,
                    "key": "[113,114]",
                    "player_slot": 3,
                    "slot": 7,
                    "time": 1034,
                    "type": "sen_log",
                    "x": 112.7,
                    "y": 114.1,
                    "z": 129
                },
                {
                    "ehandle": 7456440,
                    "entityleft": false,
                    "key": "[99,119]",
                    "player_slot": 3,
                    "slot": 7,
                    "time": 1106,
                    "type": "sen_log",
                    "x": 98.7,
                    "y": 118.5,
                    "z": 130
                },
                {
                    "ehandle": 1819495,
                    "entityleft": false,
                    "key": "[94,135]",
                    "player_slot": 3,
                    "slot": 7,
                    "time": 1124,
                    "type": "sen_log",
                    "x": 93.9,
                    "y": 134.9,
                    "z": 130
                },
                {
                    "ehandle": 14780683,
                    "entityleft": false,
                    "key": "[99,88]",
                    "player_slot": 3,
                    "slot": 7,
                    "time": 1169,
                    "type": "sen_log",
                    "x": 99.1,
                    "y": 87.8,
                    "z": 130
                },
                {
                    "ehandle": 2212677,
                    "entityleft": false,
                    "key": "[91,98]",
                    "player_slot": 3,
                    "slot": 7,
                    "time": 1203,
                    "type": "sen_log",
                    "x": 90.5,
                    "y": 98.3,
                    "z": 130
                },
                {
                    "ehandle": 14206608,
                    "entityleft": false,
                    "key": "[91,100]",
                    "player_slot": 3,
                    "slot": 7,
                    "time": 1244,
                    "type": "sen_log",
                    "x": 91.1,
                    "y": 99.8,
                    "z": 130
                },
                {
                    "ehandle": 2754684,
                    "entityleft": false,
                    "key": "[137,89]",
                    "player_slot": 3,
                    "slot": 7,
                    "time": 1378,
                    "type": "sen_log",
                    "x": 136.7,
                    "y": 88.9,
                    "z": 130
                }
            ],
            "sen_placed": 17,
            "sentry_kills": 6,
            "sentry_uses": 4,
            "stuns": 0,
            "teamfight_participation": 0.5217391,
            "total_gold": 6966,
            "total_xp": 10113,
            "tower_damage": 0,
            "tower_kills": 0,
            "win": 0,
            "xp_per_min": 392
        },
        {
            "abandons": 0,
            "actions_per_min": 264,
            "ancient_kills": 0,
            "assists": 8,
            "benchmarks": {
                "gold_per_min": {
                    "pct": 0.0565149136577708,
                    "raw": 269
                },
                "hero_damage_per_min": {
                    "pct": 0.5969387755102041,
                    "raw": 673.7596899224806
                },
                "hero_healing_per_min": {
                    "pct": 0.7974882260596546,
                    "raw": 0
                },
                "kills_per_min": {
                    "pct": 0.5349293563579278,
                    "raw": 0.23255813953488372
                },
                "last_hits_per_min": {
                    "pct": 0.07299843014128729,
                    "raw": 0.7751937984496123
                },
                "tower_damage": {
                    "pct": 0.3108320251177394,
                    "raw": 25
                },
                "xp_per_min": {
                    "pct": 0.09105180533751962,
                    "raw": 381
                }
            },
            "buyback_count": 0,
            "camps_stacked": 0,
            "courier_kills": 0,
            "creeps_stacked": 0,
            "deaths": 12,
            "denies": 1,
            "gold": 664,
            "gold_per_min": 269,
            "gold_spent": 5885,
            "hero_damage": 17383,
            "hero_healing": 0,
            "hero_id": 88,
            "hero_kills": 6,
            "hero_variant": 2,
            "is_roaming": true,
            "item_uses": {
                "blood_grenade": 3,
                "clarity": 2,
                "dagon": 3,
                "dagon_2": 2,
                "quelling_blade": 12,
                "smoke_of_deceit": 1,
                "tango": 6,
                "tpscroll": 5,
                "ward_sentry": 1
            },
            "kda": 1.08,
            "kill_streaks": {},
            "kills": 6,
            "kills_per_min": 0.23255813953488372,
            "lane": 3,
            "lane_efficiency": 0.5573969280517381,
            "lane_efficiency_pct": 55,
            "lane_kills": 12,
            "lane_role": 3,
            "last_hits": 20,
            "leaver_status": 0,
            "level": 13,
            "life_state": {
                "0": 1166,
                "1": 32,
                "2": 352
            },
            "life_state_dead": 384,
            "lose": 1,
            "multi_kills": {
                "2": 1
            },
            "necronomicon_kills": 0,
            "net_worth": 6119,
            "neutral_kills": 4,
            "obs": {},
            "obs_left_log": [],
            "obs_log": [],
            "obs_placed": 0,
            "observer_kills": 0,
            "observer_uses": 0,
            "observers_placed": 0,
            "pings": 24,
            "player_slot": 4,
            "purchase": {
                "blood_grenade": 3,
                "boots": 1,
                "branches": 2,
                "circlet": 1,
                "clarity": 3,
                "dagon": 1,
                "dagon_2": 1,
                "diadem": 1,
                "mantle": 1,
                "null_talisman": 1,
                "quelling_blade": 1,
                "recipe_dagon": 2,
                "recipe_null_talisman": 1,
                "smoke_of_deceit": 1,
                "tango": 1,
                "voodoo_mask": 1,
                "ward_dispenser": 2,
                "ward_observer": 1,
                "ward_sentry": 3
            },
            "purchase_ward_observer": 1,
            "purchase_ward_sentry": 3,
            "rank_tier": null,
            "roshan_kills": 0,
            "rune_pickups": 5,
            "runes": {
                "5": 3,
                "7": 1,
                "8": 1
            },
            "sen": {
                "101": {
                    "163": 1
                }
            },
            "sen_left_log": [
                {
                    "attackername": "npc_dota_hero_nyx_assassin",
                    "ehandle": 1722181,
                    "entityleft": true,
                    "key": "[101,163]",
                    "player_slot": 4,
                    "slot": 8,
                    "time": 702,
                    "type": "sen_left_log",
                    "x": 101.4,
                    "y": 163.4,
                    "z": 129
                }
            ],
            "sen_log": [
                {
                    "ehandle": 1722181,
                    "entityleft": false,
                    "key": "[101,163]",
                    "player_slot": 4,
                    "slot": 8,
                    "time": 282,
                    "type": "sen_log",
                    "x": 101.4,
                    "y": 163.4,
                    "z": 129
                }
            ],
            "sen_placed": 1,
            "sentry_kills": 2,
            "sentry_uses": 1,
            "stuns": 55.699318,
            "teamfight_participation": 0.6086956,
            "total_gold": 6940,
            "total_xp": 9829,
            "tower_damage": 25,
            "tower_kills": 1,
            "win": 0,
            "xp_per_min": 381
        },
        {
            "abandons": 0,
            "account_id": 111028607,
            "actions_per_min": 166,
            "ancient_kills": 33,
            "assists": 16,
            "benchmarks": {
                "gold_per_min": {
                    "pct": 0.9119971264367817,
                    "raw": 782
                },
                "hero_damage_per_min": {
                    "pct": 0.6979166666666666,
                    "raw": 771.5503875968992
                },
                "hero_healing_per_min": {
                    "pct": 0.5538793103448276,
                    "raw": 4.844961240310077
                },
                "kills_per_min": {
                    "pct": 0.9755747126436781,
                    "raw": 0.5038759689922481
                },
                "last_hits_per_min": {
                    "pct": 0.8329741379310345,
                    "raw": 9.031007751937985
                },
                "tower_damage": {
                    "pct": 0.8897270114942529,
                    "raw": 16553
                },
                "xp_per_min": {
                    "pct": 0.8739224137931034,
                    "raw": 897
                }
            },
            "buyback_count": 0,
            "camps_stacked": 3,
            "courier_kills": 0,
            "creeps_stacked": 9,
            "deaths": 1,
            "denies": 11,
            "gold": 1438,
            "gold_per_min": 782,
            "gold_spent": 19450,
            "hero_damage": 19906,
            "hero_healing": 125,
            "hero_id": 53,
            "hero_kills": 13,
            "hero_variant": 2,
            "is_roaming": false,
            "item_uses": {
                "famango": 2,
                "gungir": 9,
                "hurricane_pike": 4,
                "magic_wand": 4,
                "power_treads": 4,
                "tpscroll": 6
            },
            "kda": 14.5,
            "kill_streaks": {
                "3": 2,
                "4": 2,
                "5": 2,
                "6": 1,
                "7": 1,
                "8": 1
            },
            "kills": 13,
            "kills_per_min": 0.5038759689922481,
            "lane": 3,
            "lane_efficiency": 1.106911883589329,
            "lane_efficiency_pct": 110,
            "lane_kills": 145,
            "lane_role": 1,
            "last_hits": 233,
            "leaver_status": 0,
            "level": 20,
            "life_state": {
                "0": 1514,
                "1": 2,
                "2": 34
            },
            "life_state_dead": 36,
            "lose": 0,
            "multi_kills": {
                "2": 2
            },
            "necronomicon_kills": 0,
            "net_worth": 19888,
            "neutral_kills": 83,
            "obs": {},
            "obs_left_log": [],
            "obs_log": [],
            "obs_placed": 0,
            "observer_kills": 0,
            "observer_uses": 0,
            "observers_placed": 0,
            "pings": 13,
            "player_slot": 128,
            "purchase": {
                "belt_of_strength": 1,
                "black_king_bar": 1,
                "blade_of_alacrity": 1,
                "blitz_knuckles": 1,
                "boots": 1,
                "branches": 5,
                "broadsword": 1,
                "dragon_lance": 1,
                "fluffy_hat": 1,
                "force_staff": 1,
                "gloves": 2,
                "gungir": 1,
                "hurricane_pike": 1,
                "invis_sword": 1,
                "javelin": 1,
                "maelstrom": 1,
                "magic_stick": 1,
                "magic_wand": 1,
                "mithril_hammer": 2,
                "ogre_axe": 1,
                "power_treads": 1,
                "recipe_black_king_bar": 1,
                "recipe_dragon_lance": 1,
                "recipe_force_staff": 1,
                "recipe_gungir": 1,
                "recipe_hurricane_pike": 1,
                "recipe_magic_wand": 1,
                "recipe_rod_of_atos": 1,
                "robe": 1,
                "rod_of_atos": 1,
                "shadow_amulet": 1,
                "staff_of_wizardry": 2,
                "tpscroll": 5,
                "vitality_booster": 1
            },
            "purchase_tpscroll": 5,
            "rank_tier": 80,
            "roshan_kills": 0,
            "rune_pickups": 2,
            "runes": {
                "8": 2
            },
            "sen": {},
            "sen_left_log": [],
            "sen_log": [],
            "sen_placed": 0,
            "sentry_kills": 0,
            "sentry_uses": 0,
            "stuns": 10.599976,
            "teamfight_participation": 0.6744186,
            "total_gold": 20175,
            "total_xp": 23142,
            "tower_damage": 16553,
            "tower_kills": 3,
            "win": 1,
            "xp_per_min": 897
        },
        {
            "abandons": 0,
            "actions_per_min": 166,
            "ancient_kills": 0,
            "assists": 23,
            "benchmarks": {
                "gold_per_min": {
                    "pct": 0.859375,
                    "raw": 449
                },
                "hero_damage_per_min": {
                    "pct": 0.37912735849056606,
                    "raw": 321.8217054263566
                },
                "hero_healing_per_min": {
                    "pct": 0.6689268867924528,
                    "raw": 0
                },
                "kills_per_min": {
                    "pct": 0.8977004716981132,
                    "raw": 0.19379844961240308
                },
                "last_hits_per_min": {
                    "pct": 0.8248820754716981,
                    "raw": 2.7131782945736433
                },
                "tower_damage": {
                    "pct": 0.7732900943396226,
                    "raw": 5412
                },
                "xp_per_min": {
                    "pct": 0.4846698113207547,
                    "raw": 523
                }
            },
            "buyback_count": 0,
            "camps_stacked": 0,
            "courier_kills": 1,
            "creeps_stacked": 0,
            "deaths": 6,
            "denies": 6,
            "gold": 1554,
            "gold_per_min": 449,
            "gold_spent": 10525,
            "hero_damage": 8303,
            "hero_healing": 0,
            "hero_id": 27,
            "hero_kills": 5,
            "hero_variant": 1,
            "is_roaming": false,
            "item_uses": {
                "arcane_boots": 13,
                "blink": 17,
                "blood_grenade": 3,
                "faerie_fire": 1,
                "magic_stick": 10,
                "tango": 9,
                "tpscroll": 7,
                "ward_dispenser": 25,
                "ward_observer": 3,
                "ward_sentry": 9
            },
            "kda": 4,
            "kill_streaks": {},
            "kills": 5,
            "kills_per_min": 0.19379844961240308,
            "lane": 1,
            "lane_efficiency": 0.5282942603071948,
            "lane_efficiency_pct": 52,
            "lane_kills": 57,
            "lane_role": 3,
            "last_hits": 70,
            "leaver_status": 0,
            "level": 15,
            "life_state": {
                "0": 1412,
                "1": 6,
                "2": 132
            },
            "life_state_dead": 138,
            "lose": 0,
            "multi_kills": {
                "2": 1
            },
            "necronomicon_kills": 0,
            "net_worth": 10409,
            "neutral_kills": 7,
            "obs": {
                "100": {
                    "88": 1
                },
                "138": {
                    "100": 1
                },
                "158": {
                    "92": 2
                },
                "172": {
                    "70": 1
                },
                "85": {
                    "103": 1
                },
                "94": {
                    "120": 1
                },
                "96": {
                    "140": 1
                }
            },
            "obs_left_log": [
                {
                    "attackername": "npc_dota_hero_shadow_shaman",
                    "ehandle": 16712090,
                    "entityleft": true,
                    "key": "[158,92]",
                    "player_slot": 129,
                    "slot": 2,
                    "time": -9,
                    "type": "obs_left_log",
                    "x": 158,
                    "y": 91.9,
                    "z": 132.2
                },
                {
                    "attackername": "npc_dota_hero_abaddon",
                    "ehandle": 6834508,
                    "entityleft": true,
                    "key": "[158,92]",
                    "player_slot": 129,
                    "slot": 2,
                    "time": 320,
                    "type": "obs_left_log",
                    "x": 158,
                    "y": 92,
                    "z": 132.2
                },
                {
                    "attackername": "npc_dota_hero_shadow_shaman",
                    "ehandle": 12304453,
                    "entityleft": true,
                    "key": "[138,100]",
                    "player_slot": 129,
                    "slot": 2,
                    "time": 731,
                    "type": "obs_left_log",
                    "x": 138.4,
                    "y": 100.4,
                    "z": 130
                },
                {
                    "attackername": "npc_dota_hero_shadow_shaman",
                    "ehandle": 13109060,
                    "entityleft": true,
                    "key": "[96,140]",
                    "player_slot": 129,
                    "slot": 2,
                    "time": 1000,
                    "type": "obs_left_log",
                    "x": 96.2,
                    "y": 140.1,
                    "z": 132.2
                },
                {
                    "attackername": "npc_dota_hero_abaddon",
                    "ehandle": 411554,
                    "entityleft": true,
                    "key": "[94,120]",
                    "player_slot": 129,
                    "slot": 2,
                    "time": 1111,
                    "type": "obs_left_log",
                    "x": 94,
                    "y": 119.8,
                    "z": 132.2
                },
                {
                    "attackername": "npc_dota_hero_shadow_shaman",
                    "ehandle": 11209208,
                    "entityleft": true,
                    "key": "[172,70]",
                    "player_slot": 129,
                    "slot": 2,
                    "time": 1182,
                    "type": "obs_left_log",
                    "x": 172.4,
                    "y": 70.1,
                    "z": 130
                },
                {
                    "attackername": "npc_dota_hero_abaddon",
                    "ehandle": 1934889,
                    "entityleft": true,
                    "key": "[85,103]",
                    "player_slot": 129,
                    "slot": 2,
                    "time": 1208,
                    "type": "obs_left_log",
                    "x": 85.1,
                    "y": 102.9,
                    "z": 130
                }
            ],
            "obs_log": [
                {
                    "ehandle": 16712090,
                    "entityleft": false,
                    "key": "[158,92]",
                    "player_slot": 129,
                    "slot": 2,
                    "time": -29,
                    "type": "obs_log",
                    "x": 158,
                    "y": 91.9,
                    "z": 132.2
                },
                {
                    "ehandle": 6834508,
                    "entityleft": false,
                    "key": "[158,92]",
                    "player_slot": 129,
                    "slot": 2,
                    "time": 151,
                    "type": "obs_log",
                    "x": 158,
                    "y": 92,
                    "z": 132.2
                },
                {
                    "ehandle": 12304453,
                    "entityleft": false,
                    "key": "[138,100]",
                    "player_slot": 129,
                    "slot": 2,
                    "time": 371,
                    "type": "obs_log",
                    "x": 138.4,
                    "y": 100.4,
                    "z": 130
                },
                {
                    "ehandle": 13109060,
                    "entityleft": false,
                    "key": "[96,140]",
                    "player_slot": 129,
                    "slot": 2,
                    "time": 640,
                    "type": "obs_log",
                    "x": 96.2,
                    "y": 140.1,
                    "z": 132.2
                },
                {
                    "ehandle": 11209208,
                    "entityleft": false,
                    "key": "[172,70]",
                    "player_slot": 129,
                    "slot": 2,
                    "time": 822,
                    "type": "obs_log",
                    "x": 172.4,
                    "y": 70.1,
                    "z": 130
                },
                {
                    "ehandle": 411554,
                    "entityleft": false,
                    "key": "[94,120]",
                    "player_slot": 129,
                    "slot": 2,
                    "time": 996,
                    "type": "obs_log",
                    "x": 94,
                    "y": 119.8,
                    "z": 132.2
                },
                {
                    "ehandle": 1934889,
                    "entityleft": false,
                    "key": "[85,103]",
                    "player_slot": 129,
                    "slot": 2,
                    "time": 1168,
                    "type": "obs_log",
                    "x": 85.1,
                    "y": 102.9,
                    "z": 130
                },
                {
                    "ehandle": 11569660,
                    "entityleft": false,
                    "key": "[100,88]",
                    "player_slot": 129,
                    "slot": 2,
                    "time": 1435,
                    "type": "obs_log",
                    "x": 100.3,
                    "y": 87.7,
                    "z": 130
                }
            ],
            "obs_placed": 8,
            "observer_kills": 2,
            "observer_uses": 3,
            "observers_placed": 8,
            "pings": 18,
            "player_slot": 129,
            "purchase": {
                "aether_lens": 1,
                "arcane_boots": 1,
                "blink": 1,
                "blood_grenade": 3,
                "boots": 1,
                "circlet": 1,
                "dust": 2,
                "energy_booster": 1,
                "faerie_fire": 1,
                "magic_stick": 1,
                "mithril_hammer": 1,
                "ogre_axe": 1,
                "recipe_aether_lens": 1,
                "recipe_arcane_boots": 1,
                "recipe_ring_of_basilius": 1,
                "ring_of_basilius": 1,
                "sobi_mask": 1,
                "tango": 2,
                "tpscroll": 1,
                "void_stone": 1,
                "ward_dispenser": 11,
                "ward_observer": 7,
                "ward_sentry": 13,
                "wind_lace": 1
            },
            "purchase_tpscroll": 1,
            "purchase_ward_observer": 7,
            "purchase_ward_sentry": 13,
            "rank_tier": null,
            "roshan_kills": 0,
            "rune_pickups": 4,
            "runes": {
                "0": 1,
                "5": 3
            },
            "sen": {
                "105": {
                    "81": 1
                },
                "113": {
                    "113": 1
                },
                "120": {
                    "130": 1
                },
                "123": {
                    "128": 1
                },
                "134": {
                    "78": 1
                },
                "154": {
                    "85": 1,
                    "89": 1
                },
                "158": {
                    "89": 1,
                    "92": 1
                },
                "161": {
                    "98": 1
                },
                "170": {
                    "99": 1
                },
                "81": {
                    "154": 1
                },
                "83": {
                    "119": 1
                },
                "95": {
                    "102": 1
                },
                "98": {
                    "123": 1
                }
            },
            "sen_left_log": [
                {
                    "attackername": "npc_dota_hero_slark",
                    "ehandle": 4571573,
                    "entityleft": true,
                    "key": "[154,85]",
                    "player_slot": 129,
                    "slot": 2,
                    "time": 15,
                    "type": "sen_left_log",
                    "x": 154.3,
                    "y": 85.4,
                    "z": 129
                },
                {
                    "attackername": "npc_dota_hero_abaddon",
                    "ehandle": 6392145,
                    "entityleft": true,
                    "key": "[161,98]",
                    "player_slot": 129,
                    "slot": 2,
                    "time": 171,
                    "type": "sen_left_log",
                    "x": 161.1,
                    "y": 97.7,
                    "z": 129
                },
                {
                    "attackername": "npc_dota_hero_abaddon",
                    "ehandle": 13863239,
                    "entityleft": true,
                    "key": "[154,89]",
                    "player_slot": 129,
                    "slot": 2,
                    "time": 192,
                    "type": "sen_left_log",
                    "x": 154.3,
                    "y": 88.7,
                    "z": 129
                },
                {
                    "attackername": "npc_dota_hero_nyx_assassin",
                    "ehandle": 10847864,
                    "entityleft": true,
                    "key": "[123,128]",
                    "player_slot": 129,
                    "slot": 2,
                    "time": 579,
                    "type": "sen_left_log",
                    "x": 122.5,
                    "y": 127.7,
                    "z": 128
                },
                {
                    "attackername": "npc_dota_hero_shadow_shaman",
                    "ehandle": 869992,
                    "entityleft": true,
                    "key": "[170,99]",
                    "player_slot": 129,
                    "slot": 2,
                    "time": 689,
                    "type": "sen_left_log",
                    "x": 169.5,
                    "y": 98.7,
                    "z": 129
                },
                {
                    "attackername": "npc_dota_hero_abaddon",
                    "ehandle": 7817172,
                    "entityleft": true,
                    "key": "[81,154]",
                    "player_slot": 129,
                    "slot": 2,
                    "time": 730,
                    "type": "sen_left_log",
                    "x": 80.7,
                    "y": 153.8,
                    "z": 129
                },
                {
                    "attackername": "npc_dota_hero_shadow_shaman",
                    "ehandle": 5507057,
                    "entityleft": true,
                    "key": "[158,89]",
                    "player_slot": 129,
                    "slot": 2,
                    "time": 780,
                    "type": "sen_left_log",
                    "x": 157.9,
                    "y": 88.6,
                    "z": 129
                },
                {
                    "attackername": "npc_dota_creep_goodguys_ranged",
                    "ehandle": 10618629,
                    "entityleft": true,
                    "key": "[113,113]",
                    "player_slot": 129,
                    "slot": 2,
                    "time": 1037,
                    "type": "sen_left_log",
                    "x": 112.5,
                    "y": 112.7,
                    "z": 129
                },
                {
                    "attackername": "npc_dota_hero_shadow_shaman",
                    "ehandle": 5212429,
                    "entityleft": true,
                    "key": "[120,130]",
                    "player_slot": 129,
                    "slot": 2,
                    "time": 1048,
                    "type": "sen_left_log",
                    "x": 120.1,
                    "y": 129.8,
                    "z": 128
                },
                {
                    "attackername": "npc_dota_hero_abaddon",
                    "ehandle": 8520059,
                    "entityleft": true,
                    "key": "[98,123]",
                    "player_slot": 129,
                    "slot": 2,
                    "time": 1114,
                    "type": "sen_left_log",
                    "x": 97.8,
                    "y": 122.9,
                    "z": 130
                },
                {
                    "attackername": "npc_dota_hero_shadow_shaman",
                    "ehandle": 9635785,
                    "entityleft": true,
                    "key": "[158,92]",
                    "player_slot": 129,
                    "slot": 2,
                    "time": 1230,
                    "type": "sen_left_log",
                    "x": 158,
                    "y": 92.3,
                    "z": 132.2
                },
                {
                    "attackername": "npc_dota_hero_abaddon",
                    "ehandle": 6898080,
                    "entityleft": true,
                    "key": "[95,102]",
                    "player_slot": 129,
                    "slot": 2,
                    "time": 1247,
                    "type": "sen_left_log",
                    "x": 95.2,
                    "y": 102.2,
                    "z": 129
                },
                {
                    "attackername": "npc_dota_hero_shadow_shaman",
                    "ehandle": 1837208,
                    "entityleft": true,
                    "key": "[134,78]",
                    "player_slot": 129,
                    "slot": 2,
                    "time": 1267,
                    "type": "sen_left_log",
                    "x": 134.4,
                    "y": 78.2,
                    "z": 129
                },
                {
                    "attackername": "npc_dota_hero_shadow_shaman",
                    "ehandle": 5245385,
                    "entityleft": true,
                    "key": "[83,119]",
                    "player_slot": 129,
                    "slot": 2,
                    "time": 1442,
                    "type": "sen_left_log",
                    "x": 82.8,
                    "y": 118.9,
                    "z": 129
                }
            ],
            "sen_log": [
                {
                    "ehandle": 4571573,
                    "entityleft": false,
                    "key": "[154,85]",
                    "player_slot": 129,
                    "slot": 2,
                    "time": -21,
                    "type": "sen_log",
                    "x": 154.3,
                    "y": 85.4,
                    "z": 129
                },
                {
                    "ehandle": 13863239,
                    "entityleft": false,
                    "key": "[154,89]",
                    "player_slot": 129,
                    "slot": 2,
                    "time": 149,
                    "type": "sen_log",
                    "x": 154.3,
                    "y": 88.7,
                    "z": 129
                },
                {
                    "ehandle": 6392145,
                    "entityleft": false,
                    "key": "[161,98]",
                    "player_slot": 129,
                    "slot": 2,
                    "time": 153,
                    "type": "sen_log",
                    "x": 161.1,
                    "y": 97.7,
                    "z": 129
                },
                {
                    "ehandle": 869992,
                    "entityleft": false,
                    "key": "[170,99]",
                    "player_slot": 129,
                    "slot": 2,
                    "time": 269,
                    "type": "sen_log",
                    "x": 169.5,
                    "y": 98.7,
                    "z": 129
                },
                {
                    "ehandle": 5507057,
                    "entityleft": false,
                    "key": "[158,89]",
                    "player_slot": 129,
                    "slot": 2,
                    "time": 360,
                    "type": "sen_log",
                    "x": 157.9,
                    "y": 88.6,
                    "z": 129
                },
                {
                    "ehandle": 10847864,
                    "entityleft": false,
                    "key": "[123,128]",
                    "player_slot": 129,
                    "slot": 2,
                    "time": 576,
                    "type": "sen_log",
                    "x": 122.5,
                    "y": 127.7,
                    "z": 128
                },
                {
                    "ehandle": 5212429,
                    "entityleft": false,
                    "key": "[120,130]",
                    "player_slot": 129,
                    "slot": 2,
                    "time": 628,
                    "type": "sen_log",
                    "x": 120.1,
                    "y": 129.8,
                    "z": 128
                },
                {
                    "ehandle": 7817172,
                    "entityleft": false,
                    "key": "[81,154]",
                    "player_slot": 129,
                    "slot": 2,
                    "time": 647,
                    "type": "sen_log",
                    "x": 80.7,
                    "y": 153.8,
                    "z": 129
                },
                {
                    "ehandle": 9635785,
                    "entityleft": false,
                    "key": "[158,92]",
                    "player_slot": 129,
                    "slot": 2,
                    "time": 810,
                    "type": "sen_log",
                    "x": 158,
                    "y": 92.3,
                    "z": 132.2
                },
                {
                    "ehandle": 1837208,
                    "entityleft": false,
                    "key": "[134,78]",
                    "player_slot": 129,
                    "slot": 2,
                    "time": 847,
                    "type": "sen_log",
                    "x": 134.4,
                    "y": 78.2,
                    "z": 129
                },
                {
                    "ehandle": 10618629,
                    "entityleft": false,
                    "key": "[113,113]",
                    "player_slot": 129,
                    "slot": 2,
                    "time": 874,
                    "type": "sen_log",
                    "x": 112.5,
                    "y": 112.7,
                    "z": 129
                },
                {
                    "ehandle": 8520059,
                    "entityleft": false,
                    "key": "[98,123]",
                    "player_slot": 129,
                    "slot": 2,
                    "time": 994,
                    "type": "sen_log",
                    "x": 97.8,
                    "y": 122.9,
                    "z": 130
                },
                {
                    "ehandle": 5245385,
                    "entityleft": false,
                    "key": "[83,119]",
                    "player_slot": 129,
                    "slot": 2,
                    "time": 1021,
                    "type": "sen_log",
                    "x": 82.8,
                    "y": 118.9,
                    "z": 129
                },
                {
                    "ehandle": 6898080,
                    "entityleft": false,
                    "key": "[95,102]",
                    "player_slot": 129,
                    "slot": 2,
                    "time": 1166,
                    "type": "sen_log",
                    "x": 95.2,
                    "y": 102.2,
                    "z": 129
                },
                {
                    "ehandle": 3604718,
                    "entityleft": false,
                    "key": "[105,81]",
                    "player_slot": 129,
                    "slot": 2,
                    "time": 1432,
                    "type": "sen_log",
                    "x": 104.9,
                    "y": 80.7,
                    "z": 129.1
                }
            ],
            "sen_placed": 15,
            "sentry_kills": 6,
            "sentry_uses": 9,
            "stuns": 53.666412,
            "teamfight_participation": 0.6511628,
            "total_gold": 11584,
            "total_xp": 13493,
            "tower_damage": 5412,
            "tower_kills": 2,
            "win": 1,
            "xp_per_min": 523
        },
        {
            "abandons": 0,
            "actions_per_min": 144,
            "ancient_kills": 0,
            "assists": 14,
            "benchmarks": {
                "gold_per_min": {
                    "pct": 0.5136894075403949,
                    "raw": 407
                },
                "hero_damage_per_min": {
                    "pct": 0.3631059245960503,
                    "raw": 504.5348837209302
                },
                "hero_healing_per_min": {
                    "pct": 0.77737881508079,
                    "raw": 204.7674418604651
                },
                "kills_per_min": {
                    "pct": 0.7051166965888689,
                    "raw": 0.23255813953488372
                },
                "last_hits_per_min": {
                    "pct": 0.5718132854578097,
                    "raw": 1.8604651162790697
                },
                "tower_damage": {
                    "pct": 0.650359066427289,
                    "raw": 729
                },
                "xp_per_min": {
                    "pct": 0.44299820466786355,
                    "raw": 544
                }
            },
            "buyback_count": 0,
            "camps_stacked": 0,
            "courier_kills": 0,
            "creeps_stacked": 0,
            "deaths": 9,
            "denies": 2,
            "gold": 3221,
            "gold_per_min": 407,
            "gold_spent": 7430,
            "hero_damage": 13017,
            "hero_healing": 5283,
            "hero_id": 30,
            "hero_kills": 6,
            "hero_variant": 1,
            "is_roaming": false,
            "item_uses": {
                "arcane_boots": 12,
                "blink": 7,
                "blood_grenade": 2,
                "clarity": 1,
                "dust": 3,
                "faerie_fire": 1,
                "famango": 1,
                "glimmer_cape": 6,
                "ironwood_tree": 1,
                "magic_wand": 8,
                "smoke_of_deceit": 1,
                "tango": 9,
                "tpscroll": 5,
                "ward_dispenser": 6,
                "ward_observer": 1,
                "ward_sentry": 2
            },
            "kda": 2,
            "kill_streaks": {},
            "kills": 6,
            "kills_per_min": 0.23255813953488372,
            "lane": 3,
            "lane_efficiency": 0.4785772029102668,
            "lane_efficiency_pct": 47,
            "lane_kills": 26,
            "lane_role": 1,
            "last_hits": 48,
            "leaver_status": 0,
            "level": 16,
            "life_state": {
                "0": 1315,
                "1": 18,
                "2": 217
            },
            "life_state_dead": 235,
            "lose": 0,
            "multi_kills": {},
            "necronomicon_kills": 0,
            "net_worth": 10921,
            "neutral_kills": 24,
            "obs": {
                "89": {
                    "94": 1
                }
            },
            "obs_left_log": [],
            "obs_log": [
                {
                    "ehandle": 16714212,
                    "entityleft": false,
                    "key": "[89,94]",
                    "player_slot": 130,
                    "slot": 5,
                    "time": 1500,
                    "type": "obs_log",
                    "x": 89.4,
                    "y": 94.2,
                    "z": 130
                }
            ],
            "obs_placed": 1,
            "observer_kills": 0,
            "observer_uses": 1,
            "observers_placed": 1,
            "pings": 14,
            "player_slot": 130,
            "purchase": {
                "arcane_boots": 1,
                "blink": 1,
                "blood_grenade": 2,
                "boots": 1,
                "branches": 2,
                "circlet": 1,
                "clarity": 1,
                "cloak": 1,
                "dust": 3,
                "faerie_fire": 1,
                "glimmer_cape": 1,
                "magic_stick": 1,
                "magic_wand": 1,
                "recipe_arcane_boots": 1,
                "recipe_glimmer_cape": 1,
                "recipe_magic_wand": 1,
                "recipe_ring_of_basilius": 1,
                "ring_of_basilius": 1,
                "shadow_amulet": 1,
                "smoke_of_deceit": 2,
                "sobi_mask": 1,
                "tango": 3,
                "ward_dispenser": 5,
                "ward_observer": 2,
                "ward_sentry": 6
            },
            "purchase_ward_observer": 2,
            "purchase_ward_sentry": 6,
            "rank_tier": null,
            "roshan_kills": 0,
            "rune_pickups": 0,
            "runes": {},
            "sen": {
                "106": {
                    "165": 1
                },
                "182": {
                    "68": 1
                },
                "191": {
                    "131": 1
                },
                "80": {
                    "169": 1
                },
                "82": {
                    "154": 1
                },
                "90": {
                    "94": 1
                }
            },
            "sen_left_log": [
                {
                    "attackername": "npc_dota_hero_nyx_assassin",
                    "ehandle": 13796864,
                    "entityleft": true,
                    "key": "[106,165]",
                    "player_slot": 130,
                    "slot": 5,
                    "time": 285,
                    "type": "sen_left_log",
                    "x": 105.5,
                    "y": 165.4,
                    "z": 130
                },
                {
                    "attackername": "npc_dota_hero_abaddon",
                    "ehandle": 6211698,
                    "entityleft": true,
                    "key": "[82,154]",
                    "player_slot": 130,
                    "slot": 5,
                    "time": 477,
                    "type": "sen_left_log",
                    "x": 81.9,
                    "y": 153.6,
                    "z": 129
                },
                {
                    "attackername": "npc_dota_hero_witch_doctor",
                    "ehandle": 10831971,
                    "entityleft": true,
                    "key": "[80,169]",
                    "player_slot": 130,
                    "slot": 5,
                    "time": 1031,
                    "type": "sen_left_log",
                    "x": 79.8,
                    "y": 169.2,
                    "z": 129
                }
            ],
            "sen_log": [
                {
                    "ehandle": 13796864,
                    "entityleft": false,
                    "key": "[106,165]",
                    "player_slot": 130,
                    "slot": 5,
                    "time": 28,
                    "type": "sen_log",
                    "x": 105.5,
                    "y": 165.4,
                    "z": 130
                },
                {
                    "ehandle": 6211698,
                    "entityleft": false,
                    "key": "[82,154]",
                    "player_slot": 130,
                    "slot": 5,
                    "time": 374,
                    "type": "sen_log",
                    "x": 81.9,
                    "y": 153.6,
                    "z": 129
                },
                {
                    "ehandle": 10831971,
                    "entityleft": false,
                    "key": "[80,169]",
                    "player_slot": 130,
                    "slot": 5,
                    "time": 611,
                    "type": "sen_log",
                    "x": 79.8,
                    "y": 169.2,
                    "z": 129
                },
                {
                    "ehandle": 13615175,
                    "entityleft": false,
                    "key": "[191,131]",
                    "player_slot": 130,
                    "slot": 5,
                    "time": 1293,
                    "type": "sen_log",
                    "x": 190.5,
                    "y": 131.4,
                    "z": 130
                },
                {
                    "ehandle": 14010427,
                    "entityleft": false,
                    "key": "[182,68]",
                    "player_slot": 130,
                    "slot": 5,
                    "time": 1368,
                    "type": "sen_log",
                    "x": 182,
                    "y": 67.8,
                    "z": 128
                },
                {
                    "ehandle": 9669041,
                    "entityleft": false,
                    "key": "[90,94]",
                    "player_slot": 130,
                    "slot": 5,
                    "time": 1499,
                    "type": "sen_log",
                    "x": 89.7,
                    "y": 93.8,
                    "z": 130
                }
            ],
            "sen_placed": 6,
            "sentry_kills": 0,
            "sentry_uses": 2,
            "stuns": 22.265877,
            "teamfight_participation": 0.4651163,
            "total_gold": 10500,
            "total_xp": 14035,
            "tower_damage": 729,
            "tower_kills": 0,
            "win": 1,
            "xp_per_min": 544
        },
        {
            "abandons": 0,
            "account_id": 45831366,
            "actions_per_min": 425,
            "ancient_kills": 0,
            "assists": 16,
            "benchmarks": {
                "gold_per_min": {
                    "pct": 0.689559748427673,
                    "raw": 531
                },
                "hero_damage_per_min": {
                    "pct": 0.37660377358490565,
                    "raw": 564.4186046511628
                },
                "hero_healing_per_min": {
                    "pct": 0.8432704402515723,
                    "raw": 0
                },
                "kills_per_min": {
                    "pct": 0.6666666666666666,
                    "raw": 0.23255813953488372
                },
                "last_hits_per_min": {
                    "pct": 0.7489308176100629,
                    "raw": 5.387596899224806
                },
                "tower_damage": {
                    "pct": 0.8457861635220125,
                    "raw": 4672
                },
                "xp_per_min": {
                    "pct": 0.3086792452830189,
                    "raw": 621
                }
            },
            "buyback_count": 0,
            "camps_stacked": 0,
            "courier_kills": 0,
            "creeps_stacked": 0,
            "deaths": 3,
            "denies": 5,
            "gold": 2608,
            "gold_per_min": 531,
            "gold_spent": 11425,
            "hero_damage": 14562,
            "hero_healing": 0,
            "hero_id": 7,
            "hero_kills": 6,
            "hero_variant": 2,
            "is_roaming": false,
            "item_uses": {
                "arcane_boots": 17,
                "blink": 16,
                "branches": 2,
                "famango": 2,
                "magic_stick": 13,
                "quelling_blade": 17,
                "tango": 7,
                "tpscroll": 4
            },
            "kda": 5.5,
            "kill_streaks": {
                "3": 1,
                "4": 1
            },
            "kills": 6,
            "kills_per_min": 0.23255813953488372,
            "lane": 1,
            "lane_efficiency": 0.6133791430881164,
            "lane_efficiency_pct": 61,
            "lane_kills": 80,
            "lane_role": 3,
            "last_hits": 139,
            "leaver_status": 0,
            "level": 17,
            "life_state": {
                "0": 1454,
                "1": 6,
                "2": 90
            },
            "life_state_dead": 96,
            "lose": 0,
            "multi_kills": {
                "2": 1
            },
            "necronomicon_kills": 0,
            "net_worth": 13563,
            "neutral_kills": 59,
            "obs": {},
            "obs_left_log": [],
            "obs_log": [],
            "obs_placed": 0,
            "observer_kills": 0,
            "observer_uses": 0,
            "observers_placed": 0,
            "pings": 4,
            "player_slot": 131,
            "purchase": {
                "aghanims_shard": 1,
                "arcane_boots": 1,
                "blade_of_alacrity": 1,
                "blink": 1,
                "boots": 1,
                "bracer": 1,
                "branches": 2,
                "circlet": 1,
                "gauntlets": 1,
                "magic_stick": 1,
                "ogre_axe": 2,
                "point_booster": 1,
                "quelling_blade": 1,
                "recipe_arcane_boots": 1,
                "recipe_bracer": 1,
                "recipe_ring_of_basilius": 1,
                "ring_of_basilius": 1,
                "sobi_mask": 1,
                "staff_of_wizardry": 1,
                "tango": 3,
                "tpscroll": 1,
                "ultimate_scepter": 1
            },
            "purchase_tpscroll": 1,
            "rank_tier": 80,
            "roshan_kills": 0,
            "rune_pickups": 2,
            "runes": {
                "5": 2
            },
            "sen": {},
            "sen_left_log": [],
            "sen_log": [],
            "sen_placed": 0,
            "sentry_kills": 0,
            "sentry_uses": 0,
            "stuns": 61.66508,
            "teamfight_participation": 0.5116279,
            "total_gold": 13699,
            "total_xp": 16021,
            "tower_damage": 4672,
            "tower_kills": 1,
            "win": 1,
            "xp_per_min": 621
        },
        {
            "abandons": 0,
            "actions_per_min": 279,
            "ancient_kills": 5,
            "assists": 12,
            "benchmarks": {
                "gold_per_min": {
                    "pct": 0.9078525641025641,
                    "raw": 674
                },
                "hero_damage_per_min": {
                    "pct": 0.7115384615384616,
                    "raw": 859.6511627906976
                },
                "hero_healing_per_min": {
                    "pct": 0.7636217948717948,
                    "raw": 0
                },
                "kills_per_min": {
                    "pct": 0.9463141025641025,
                    "raw": 0.5038759689922481
                },
                "last_hits_per_min": {
                    "pct": 0.7876602564102564,
                    "raw": 6.356589147286822
                },
                "tower_damage": {
                    "pct": 0.6995192307692307,
                    "raw": 2830
                },
                "xp_per_min": {
                    "pct": 0.6362179487179487,
                    "raw": 693
                }
            },
            "buyback_count": 0,
            "camps_stacked": 0,
            "courier_kills": 0,
            "creeps_stacked": 0,
            "deaths": 4,
            "denies": 7,
            "gold": 2237,
            "gold_per_min": 674,
            "gold_spent": 15430,
            "hero_damage": 22179,
            "hero_healing": 0,
            "hero_id": 52,
            "hero_kills": 13,
            "hero_variant": 2,
            "is_roaming": false,
            "item_uses": {
                "arcane_boots": 16,
                "blink": 26,
                "bloodstone": 1,
                "bottle": 48,
                "branches": 1,
                "clarity": 2,
                "faerie_fire": 1,
                "magic_wand": 4,
                "smoke_of_deceit": 2,
                "tango": 3,
                "tpscroll": 6,
                "ward_observer": 2
            },
            "kda": 5,
            "kill_streaks": {
                "3": 3,
                "4": 2,
                "5": 1
            },
            "kills": 13,
            "kills_per_min": 0.5038759689922481,
            "lane": 2,
            "lane_efficiency": 0.936944219886823,
            "lane_efficiency_pct": 93,
            "lane_kills": 109,
            "lane_role": 2,
            "last_hits": 164,
            "leaver_status": 0,
            "level": 18,
            "life_state": {
                "0": 1402,
                "1": 10,
                "2": 138
            },
            "life_state_dead": 148,
            "lose": 0,
            "multi_kills": {
                "2": 2
            },
            "necronomicon_kills": 0,
            "net_worth": 17112,
            "neutral_kills": 56,
            "obs": {
                "124": {
                    "132": 1
                },
                "127": {
                    "114": 1
                }
            },
            "obs_left_log": [
                {
                    "attackername": "npc_dota_hero_leshrac",
                    "ehandle": 6947211,
                    "entityleft": true,
                    "key": "[127,114]",
                    "player_slot": 132,
                    "slot": 9,
                    "time": 299,
                    "type": "obs_left_log",
                    "x": 127.4,
                    "y": 114.4,
                    "z": 130
                },
                {
                    "attackername": "npc_dota_hero_razor",
                    "ehandle": 821683,
                    "entityleft": true,
                    "key": "[124,132]",
                    "player_slot": 132,
                    "slot": 9,
                    "time": 453,
                    "type": "obs_left_log",
                    "x": 124,
                    "y": 132.2,
                    "z": 129
                }
            ],
            "obs_log": [
                {
                    "ehandle": 6947211,
                    "entityleft": false,
                    "key": "[127,114]",
                    "player_slot": 132,
                    "slot": 9,
                    "time": -61,
                    "type": "obs_log",
                    "x": 127.4,
                    "y": 114.4,
                    "z": 130
                },
                {
                    "ehandle": 821683,
                    "entityleft": false,
                    "key": "[124,132]",
                    "player_slot": 132,
                    "slot": 9,
                    "time": 374,
                    "type": "obs_log",
                    "x": 124,
                    "y": 132.2,
                    "z": 129
                }
            ],
            "obs_placed": 2,
            "observer_kills": 1,
            "observer_uses": 2,
            "observers_placed": 2,
            "player_slot": 132,
            "purchase": {
                "arcane_boots": 1,
                "blink": 1,
                "bloodstone": 1,
                "boots": 1,
                "bottle": 1,
                "branches": 3,
                "clarity": 2,
                "cloak": 1,
                "energy_booster": 1,
                "eternal_shroud": 1,
                "faerie_fire": 1,
                "kaya": 1,
                "magic_stick": 1,
                "magic_wand": 1,
                "ogre_axe": 1,
                "point_booster": 1,
                "recipe_arcane_boots": 1,
                "recipe_eternal_shroud": 1,
                "recipe_kaya": 1,
                "recipe_magic_wand": 1,
                "recipe_ring_of_basilius": 1,
                "ring_of_basilius": 1,
                "robe": 1,
                "smoke_of_deceit": 2,
                "sobi_mask": 1,
                "soul_booster": 1,
                "staff_of_wizardry": 1,
                "tango": 1,
                "tpscroll": 1,
                "vitality_booster": 2,
                "void_stone": 1,
                "voodoo_mask": 1,
                "ward_observer": 2
            },
            "purchase_tpscroll": 1,
            "purchase_ward_observer": 2,
            "rank_tier": null,
            "roshan_kills": 1,
            "rune_pickups": 12,
            "runes": {
                "0": 1,
                "1": 1,
                "2": 1,
                "3": 1,
                "4": 1,
                "5": 4,
                "6": 2,
                "7": 1
            },
            "sen": {},
            "sen_left_log": [],
            "sen_log": [],
            "sen_placed": 0,
            "sentry_kills": 0,
            "sentry_uses": 0,
            "stuns": 9.500135,
            "teamfight_participation": 0.5813953,
            "total_gold": 17389,
            "total_xp": 17879,
            "tower_damage": 2830,
            "tower_kills": 1,
            "win": 1,
            "xp_per_min": 693
        }
    ],
    "radiant_score": 23,
    "radiant_win": false,
    "replay_url": "http://replay272.valve.net/570/7909357247_1446555147.dem.bz2",
    "stomp": 22212
}