{
    "comeback": -100,
    "dire_score": 59,
    "duration": 1695,
    "lobby_type": 7,
    "match_id": 7909289858,
    "metadata": null,
    "players": [
        {
            "abandons": 0,
            "actions_per_min": 303,
            "ancient_kills": 2,
            "assists": 4,
            "benchmarks": {
                "gold_per_min": {
                    "pct": 0.5331852263260205,
                    "raw": 574
                },
                "hero_damage_per_min": {
                    "pct": 0.7461816162177173,
                    "raw": 957.3805309734513
                },
                "hero_healing_per_min": {
                    "pct": 0.9569564009997223,
                    "raw": 0
                },
                "kills_per_min": {
                    "pct": 0.5018050541516246,
                    "raw": 0.21238938053097345
                },
                "last_hits_per_min": {
                    "pct": 0.6648153290752569,
                    "raw": 6.584070796460177
                },
                "tower_damage": {
                    "pct": 0.3240766453762844,
                    "raw": 1574
                },
                "xp_per_min": {
                    "pct": 0.561232990835879,
                    "raw": 803
                }
            },
            "buyback_count": 0,
            "camps_stacked": 1,
            "courier_kills": 0,
            "creeps_stacked": 2,
            "deaths": 7,
            "denies": 11,
            "gold": 704,
            "gold_per_min": 574,
            "gold_spent": 15070,
            "hero_damage": 27046,
            "hero_healing": 0,
            "hero_id": 42,
            "hero_kills": 6,
            "hero_variant": 1,
            "is_roaming": false,
            "item_uses": {
                "black_king_bar": 1,
                "blink": 12,
                "clarity": 1,
                "gem": 1,
                "phase_boots": 70,
                "quelling_blade": 5,
                "tango": 3,
                "tpscroll": 7,
                "ward_dispenser": 2,
                "ward_observer": 4
            },
            "kda": 1.25,
            "kill_streaks": {
                "3": 1
            },
            "kills": 6,
            "kills_per_min": 0.21238938053097345,
            "lane": 2,
            "lane_efficiency": 0.8427647534357317,
            "lane_efficiency_pct": 84,
            "lane_kills": 138,
            "lane_role": 2,
            "last_hits": 186,
            "leaver_status": 0,
            "level": 20,
            "life_state": {
                "0": 1363,
                "1": 33,
                "2": 300
            },
            "life_state_dead": 333,
            "lose": 1,
            "multi_kills": {},
            "necronomicon_kills": 0,
            "net_worth": 15259,
            "neutral_kills": 52,
            "obs": {
                "122": {
                    "156": 1
                },
                "134": {
                    "124": 1
                },
                "135": {
                    "124": 1
                },
                "158": {
                    "92": 1
                }
            },
            "obs_left_log": [
                {
                    "attackername": "npc_dota_hero_pudge",
                    "ehandle": 4835438,
                    "entityleft": true,
                    "key": "[135,124]",
                    "player_slot": 0,
                    "slot": 0,
                    "time": -17,
                    "type": "obs_left_log",
                    "x": 134.8,
                    "y": 124.1,
                    "z": 129
                },
                {
                    "attackername": "npc_dota_hero_skeleton_king",
                    "ehandle": 5065295,
                    "entityleft": true,
                    "key": "[134,124]",
                    "player_slot": 0,
                    "slot": 0,
                    "time": 717,
                    "type": "obs_left_log",
                    "x": 134.4,
                    "y": 124.3,
                    "z": 129
                },
                {
                    "attackername": "npc_dota_hero_skeleton_king",
                    "ehandle": 2673732,
                    "entityleft": true,
                    "key": "[122,156]",
                    "player_slot": 0,
                    "slot": 0,
                    "time": 917,
                    "type": "obs_left_log",
                    "x": 121.9,
                    "y": 156,
                    "z": 132.1
                },
                {
                    "attackername": "npc_dota_hero_skeleton_king",
                    "ehandle": 11242075,
                    "entityleft": true,
                    "key": "[158,92]",
                    "player_slot": 0,
                    "slot": 0,
                    "time": 1480,
                    "type": "obs_left_log",
                    "x": 158.1,
                    "y": 91.6,
                    "z": 132.2
                }
            ],
            "obs_log": [
                {
                    "ehandle": 4835438,
                    "entityleft": false,
                    "key": "[135,124]",
                    "player_slot": 0,
                    "slot": 0,
                    "time": -59,
                    "type": "obs_log",
                    "x": 134.8,
                    "y": 124.1,
                    "z": 129
                },
                {
                    "ehandle": 5065295,
                    "entityleft": false,
                    "key": "[134,124]",
                    "player_slot": 0,
                    "slot": 0,
                    "time": 357,
                    "type": "obs_log",
                    "x": 134.4,
                    "y": 124.3,
                    "z": 129
                },
                {
                    "ehandle": 2673732,
                    "entityleft": false,
                    "key": "[122,156]",
                    "player_slot": 0,
                    "slot": 0,
                    "time": 557,
                    "type": "obs_log",
                    "x": 121.9,
                    "y": 156,
                    "z": 132.1
                },
                {
                    "ehandle": 11242075,
                    "entityleft": false,
                    "key": "[158,92]",
                    "player_slot": 0,
                    "slot": 0,
                    "time": 1120,
                    "type": "obs_log",
                    "x": 158.1,
                    "y": 91.6,
                    "z": 132.2
                }
            ],
            "obs_placed": 4,
            "observer_kills": 0,
            "observer_uses": 4,
            "observers_placed": 4,
            "pings": 2,
            "player_slot": 0,
            "purchase": {
                "aghanims_shard": 1,
                "black_king_bar": 1,
                "blades_of_attack": 1,
                "blink": 1,
                "boots": 1,
                "bracer": 1,
                "branches": 2,
                "chainmail": 1,
                "circlet": 1,
                "clarity": 1,
                "gauntlets": 1,
                "mithril_hammer": 1,
                "ogre_axe": 1,
                "phase_boots": 1,
                "quelling_blade": 1,
                "radiance": 1,
                "recipe_black_king_bar": 1,
                "recipe_bracer": 1,
                "relic": 1,
                "ring_of_protection": 1,
                "talisman_of_evasion": 1,
                "tango": 1,
                "tpscroll": 1,
                "ward_dispenser": 1,
                "ward_observer": 4,
                "ward_sentry": 1
            },
            "purchase_tpscroll": 1,
            "purchase_ward_observer": 4,
            "purchase_ward_sentry": 1,
            "rank_tier": null,
            "roshan_kills": 0,
            "rune_pickups": 5,
            "runes": {
                "3": 1,
                "5": 1,
                "7": 2,
                "8": 1
            },
            "sen": {
                "130": {
                    "120": 1
                }
            },
            "sen_left_log": [
                {
                    "attackername": "npc_dota_hero_skeleton_king",
                    "ehandle": 4901756,
                    "entityleft": true,
                    "key": "[130,120]",
                    "player_slot": 0,
                    "slot": 0,
                    "time": 767,
                    "type": "sen_left_log",
                    "x": 130.2,
                    "y": 120.4,
                    "z": 128
                }
            ],
            "sen_log": [
                {
                    "ehandle": 4901756,
                    "entityleft": false,
                    "key": "[130,120]",
                    "player_slot": 0,
                    "slot": 0,
                    "time": 347,
                    "type": "sen_log",
                    "x": 130.2,
                    "y": 120.4,
                    "z": 128
                }
            ],
            "sen_placed": 1,
            "sentry_kills": 2,
            "sentry_uses": 0,
            "stuns": 49.46719,
            "teamfight_participation": 0.6666667,
            "total_gold": 16215,
            "total_xp": 22684,
            "tower_damage": 1574,
            "tower_kills": 1,
            "win": 0,
            "xp_per_min": 803
        },
        {
            "abandons": 0,
            "actions_per_min": 227,
            "ancient_kills": 0,
            "assists": 2,
            "benchmarks": {
                "gold_per_min": {
                    "pct": 0.0255573681348559,
                    "raw": 232
                },
                "hero_damage_per_min": {
                    "pct": 0.10114192495921696,
                    "raw": 238.3716814159292
                },
                "hero_healing_per_min": {
                    "pct": 0.7074497009244154,
                    "raw": 0
                },
                "kills_per_min": {
                    "pct": 0.5290918977705275,
                    "raw": 0.1415929203539823
                },
                "last_hits_per_min": {
                    "pct": 0.21315932572050028,
                    "raw": 0.9557522123893805
                },
                "tower_damage": {
                    "pct": 0.2713431212615552,
                    "raw": 0
                },
                "xp_per_min": {
                    "pct": 0.036976617727025554,
                    "raw": 238
                }
            },
            "buyback_count": 0,
            "camps_stacked": 0,
            "courier_kills": 1,
            "creeps_stacked": 0,
            "deaths": 11,
            "denies": 0,
            "gold": 511,
            "gold_per_min": 232,
            "gold_spent": 5765,
            "hero_damage": 6734,
            "hero_healing": 0,
            "hero_id": 62,
            "hero_kills": 4,
            "hero_variant": 1,
            "is_roaming": false,
            "item_uses": {
                "arcane_boots": 5,
                "blood_grenade": 2,
                "famango": 1,
                "magic_wand": 5,
                "orchid": 2,
                "tango": 2,
                "tpscroll": 7,
                "ward_sentry": 2
            },
            "kda": 0.5,
            "kill_streaks": {},
            "kills": 4,
            "kills_per_min": 0.1415929203539823,
            "lane": 3,
            "lane_efficiency": 0.5573969280517381,
            "lane_efficiency_pct": 55,
            "lane_kills": 11,
            "lane_role": 3,
            "last_hits": 27,
            "leaver_status": 0,
            "level": 10,
            "life_state": {
                "0": 1384,
                "1": 33,
                "2": 279
            },
            "life_state_dead": 312,
            "lose": 1,
            "multi_kills": {},
            "necronomicon_kills": 0,
            "net_worth": 5886,
            "neutral_kills": 11,
            "obs": {},
            "obs_left_log": [],
            "obs_log": [],
            "obs_placed": 0,
            "observer_kills": 1,
            "observer_uses": 0,
            "observers_placed": 0,
            "pings": 12,
            "player_slot": 1,
            "purchase": {
                "arcane_boots": 1,
                "blitz_knuckles": 1,
                "blood_grenade": 2,
                "boots": 1,
                "branches": 2,
                "cornucopia": 1,
                "magic_stick": 1,
                "magic_wand": 1,
                "oblivion_staff": 1,
                "orchid": 1,
                "recipe_arcane_boots": 1,
                "recipe_magic_wand": 1,
                "recipe_orchid": 1,
                "recipe_ring_of_basilius": 1,
                "ring_of_basilius": 1,
                "robe": 1,
                "sobi_mask": 2,
                "tango": 1,
                "tpscroll": 1,
                "ward_dispenser": 2,
                "ward_observer": 1,
                "ward_sentry": 4,
                "wind_lace": 1
            },
            "purchase_tpscroll": 1,
            "purchase_ward_observer": 1,
            "purchase_ward_sentry": 4,
            "rank_tier": null,
            "roshan_kills": 0,
            "rune_pickups": 4,
            "runes": {
                "5": 3,
                "8": 1
            },
            "sen": {
                "102": {
                    "163": 1
                },
                "85": {
                    "150": 1
                }
            },
            "sen_left_log": [
                {
                    "attackername": "npc_dota_hero_bounty_hunter",
                    "ehandle": 1313586,
                    "entityleft": true,
                    "key": "[102,163]",
                    "player_slot": 1,
                    "slot": 1,
                    "time": 494,
                    "type": "sen_left_log",
                    "x": 102.2,
                    "y": 163.2,
                    "z": 129
                },
                {
                    "attackername": "npc_dota_hero_pudge",
                    "ehandle": 13945119,
                    "entityleft": true,
                    "key": "[85,150]",
                    "player_slot": 1,
                    "slot": 1,
                    "time": 570,
                    "type": "sen_left_log",
                    "x": 85,
                    "y": 149.5,
                    "z": 129
                }
            ],
            "sen_log": [
                {
                    "ehandle": 1313586,
                    "entityleft": false,
                    "key": "[102,163]",
                    "player_slot": 1,
                    "slot": 1,
                    "time": 74,
                    "type": "sen_log",
                    "x": 102.2,
                    "y": 163.2,
                    "z": 129
                },
                {
                    "ehandle": 13945119,
                    "entityleft": false,
                    "key": "[85,150]",
                    "player_slot": 1,
                    "slot": 1,
                    "time": 501,
                    "type": "sen_log",
                    "x": 85,
                    "y": 149.5,
                    "z": 129
                }
            ],
            "sen_placed": 2,
            "sentry_kills": 0,
            "sentry_uses": 2,
            "stuns": 15.233279,
            "teamfight_participation": 0.4,
            "total_gold": 6554,
            "total_xp": 6723,
            "tower_damage": 0,
            "tower_kills": 0,
            "win": 0,
            "xp_per_min": 238
        },
        {
            "abandons": 0,
            "account_id": 62028681,
            "actions_per_min": 257,
            "ancient_kills": 3,
            "assists": 6,
            "benchmarks": {
                "gold_per_min": {
                    "pct": 0.07119741100323625,
                    "raw": 295
                },
                "hero_damage_per_min": {
                    "pct": 0.08090614886731391,
                    "raw": 263.18584070796464
                },
                "hero_healing_per_min": {
                    "pct": 0.05609492988133765,
                    "raw": 12.991150442477878
                },
                "kills_per_min": {
                    "pct": 0.07766990291262135,
                    "raw": 0.035398230088495575
                },
                "last_hits_per_min": {
                    "pct": 0.12189859762675297,
                    "raw": 2.5132743362831858
                },
                "tower_damage": {
                    "pct": 0.14455231930960086,
                    "raw": 0
                },
                "xp_per_min": {
                    "pct": 0.09277238403451996,
                    "raw": 366
                }
            },
            "buyback_count": 0,
            "camps_stacked": 0,
            "courier_kills": 0,
            "creeps_stacked": 0,
            "deaths": 9,
            "denies": 1,
            "gold": 1814,
            "gold_per_min": 295,
            "gold_spent": 6485,
            "hero_damage": 7435,
            "hero_healing": 367,
            "hero_id": 135,
            "hero_kills": 1,
            "hero_variant": 2,
            "is_roaming": false,
            "item_uses": {
                "clarity": 1,
                "ironwood_tree": 4,
                "magic_wand": 13,
                "phase_boots": 29,
                "tango": 6,
                "tpscroll": 6
            },
            "kda": 0.7,
            "kill_streaks": {},
            "kills": 1,
            "kills_per_min": 0.035398230088495575,
            "lane": 3,
            "lane_efficiency": 0.5792239288601455,
            "lane_efficiency_pct": 57,
            "lane_kills": 46,
            "lane_role": 3,
            "last_hits": 71,
            "leaver_status": 0,
            "level": 13,
            "life_state": {
                "0": 1416,
                "1": 40,
                "2": 240
            },
            "life_state_dead": 280,
            "lose": 1,
            "multi_kills": {},
            "necronomicon_kills": 2,
            "net_worth": 8169,
            "neutral_kills": 21,
            "obs": {},
            "obs_left_log": [],
            "obs_log": [],
            "obs_placed": 0,
            "observer_kills": 0,
            "observer_uses": 0,
            "observers_placed": 0,
            "pings": 1,
            "player_slot": 2,
            "purchase": {
                "blades_of_attack": 1,
                "boots": 1,
                "bracer": 1,
                "branches": 2,
                "broadsword": 1,
                "chainmail": 1,
                "circlet": 1,
                "clarity": 1,
                "echo_sabre": 1,
                "gauntlets": 1,
                "magic_stick": 1,
                "magic_wand": 1,
                "ogre_axe": 2,
                "phase_boots": 1,
                "quelling_blade": 1,
                "recipe_bracer": 1,
                "recipe_magic_wand": 1,
                "tango": 2,
                "void_stone": 1
            },
            "rank_tier": 34,
            "roshan_kills": 0,
            "rune_pickups": 1,
            "runes": {
                "8": 1
            },
            "sen": {},
            "sen_left_log": [],
            "sen_log": [],
            "sen_placed": 0,
            "sentry_kills": 0,
            "sentry_uses": 0,
            "stuns": 6.8333864,
            "teamfight_participation": 0.46666667,
            "total_gold": 8333,
            "total_xp": 10339,
            "tower_damage": 0,
            "tower_kills": 0,
            "win": 0,
            "xp_per_min": 366
        },
        {
            "abandons": 0,
            "actions_per_min": 101,
            "ancient_kills": 0,
            "assists": 2,
            "benchmarks": {
                "gold_per_min": {
                    "pct": 0.05,
                    "raw": 300
                },
                "hero_damage_per_min": {
                    "pct": 0.16276595744680852,
                    "raw": 279.46902654867256
                },
                "hero_healing_per_min": {
                    "pct": 0.33085106382978724,
                    "raw": 24.106194690265486
                },
                "kills_per_min": {
                    "pct": 0.08776595744680851,
                    "raw": 0.035398230088495575
                },
                "last_hits_per_min": {
                    "pct": 0.11223404255319148,
                    "raw": 3.5398230088495577
                },
                "tower_damage": {
                    "pct": 0.1372340425531915,
                    "raw": 0
                },
                "xp_per_min": {
                    "pct": 0.07872340425531915,
                    "raw": 401
                }
            },
            "buyback_count": 1,
            "camps_stacked": 0,
            "courier_kills": 0,
            "creeps_stacked": 0,
            "deaths": 11,
            "denies": 1,
            "gold": 1907,
            "gold_per_min": 300,
            "gold_spent": 5530,
            "hero_damage": 7895,
            "hero_healing": 681,
            "hero_id": 54,
            "hero_kills": 1,
            "hero_variant": 2,
            "is_roaming": false,
            "item_uses": {
                "armlet": 39,
                "dust": 1,
                "famango": 1,
                "iron_talon": 5,
                "magic_stick": 1,
                "magic_wand": 6,
                "phase_boots": 50,
                "quelling_blade": 4,
                "tango": 6,
                "tpscroll": 9,
                "ward_sentry": 1
            },
            "kda": 0.25,
            "kill_streaks": {},
            "kills": 1,
            "kills_per_min": 0.035398230088495575,
            "lane": 1,
            "lane_efficiency": 0.5278900565885206,
            "lane_efficiency_pct": 52,
            "lane_kills": 63,
            "lane_role": 1,
            "last_hits": 100,
            "leaver_status": 0,
            "level": 14,
            "life_state": {
                "0": 1342,
                "1": 42,
                "2": 312
            },
            "life_state_dead": 354,
            "lose": 1,
            "multi_kills": {},
            "necronomicon_kills": 0,
            "net_worth": 6927,
            "neutral_kills": 36,
            "obs": {},
            "obs_left_log": [],
            "obs_log": [],
            "obs_placed": 0,
            "observer_kills": 0,
            "observer_uses": 0,
            "observers_placed": 0,
            "pings": 8,
            "player_slot": 3,
            "purchase": {
                "armlet": 1,
                "blades_of_attack": 2,
                "boots": 1,
                "branches": 2,
                "chainmail": 1,
                "dust": 2,
                "gauntlets": 1,
                "gloves": 1,
                "helm_of_iron_will": 1,
                "magic_stick": 2,
                "magic_wand": 1,
                "orb_of_venom": 1,
                "phase_boots": 1,
                "quelling_blade": 1,
                "recipe_armlet": 1,
                "recipe_magic_wand": 1,
                "tango": 2,
                "ward_sentry": 1
            },
            "purchase_ward_sentry": 1,
            "rank_tier": null,
            "roshan_kills": 0,
            "rune_pickups": 2,
            "runes": {
                "1": 1,
                "5": 1
            },
            "sen": {
                "158": {
                    "92": 1
                }
            },
            "sen_left_log": [
                {
                    "attackername": "npc_dota_hero_lich",
                    "ehandle": 13520011,
                    "entityleft": true,
                    "key": "[158,92]",
                    "player_slot": 3,
                    "slot": 3,
                    "time": 882,
                    "type": "sen_left_log",
                    "x": 158,
                    "y": 92.1,
                    "z": 132.2
                }
            ],
            "sen_log": [
                {
                    "ehandle": 13520011,
                    "entityleft": false,
                    "key": "[158,92]",
                    "player_slot": 3,
                    "slot": 3,
                    "time": 718,
                    "type": "sen_log",
                    "x": 158,
                    "y": 92.1,
                    "z": 132.2
                }
            ],
            "sen_placed": 1,
            "sentry_kills": 1,
            "sentry_uses": 1,
            "stuns": 0,
            "teamfight_participation": 0.2,
            "total_gold": 8475,
            "total_xp": 11328,
            "tower_damage": 0,
            "tower_kills": 0,
            "win": 0,
            "xp_per_min": 401
        },
        {
            "abandons": 0,
            "account_id": 165227247,
            "actions_per_min": 97,
            "ancient_kills": 0,
            "assists": 2,
            "benchmarks": {
                "gold_per_min": {
                    "pct": 0.09951060358890701,
                    "raw": 276
                },
                "hero_damage_per_min": {
                    "pct": 0.38499184339314846,
                    "raw": 414.9026548672567
                },
                "hero_healing_per_min": {
                    "pct": 0.1729200652528548,
                    "raw": 16.707964601769913
                },
                "kills_per_min": {
                    "pct": 0.45840130505709625,
                    "raw": 0.10619469026548672
                },
                "last_hits_per_min": {
                    "pct": 0.20880913539967375,
                    "raw": 1.663716814159292
                },
                "tower_damage": {
                    "pct": 0.12887438825448613,
                    "raw": 0
                },
                "xp_per_min": {
                    "pct": 0.14845024469820556,
                    "raw": 288
                }
            },
            "buyback_count": 1,
            "camps_stacked": 1,
            "courier_kills": 0,
            "creeps_stacked": 3,
            "deaths": 21,
            "denies": 1,
            "gold": 1257,
            "gold_per_min": 276,
            "gold_spent": 6150,
            "hero_damage": 11721,
            "hero_healing": 472,
            "hero_id": 90,
            "hero_kills": 2,
            "hero_variant": 1,
            "is_roaming": true,
            "item_uses": {
                "blood_grenade": 2,
                "famango": 1,
                "flask": 2,
                "force_staff": 6,
                "magic_stick": 17,
                "quelling_blade": 9,
                "smoke_of_deceit": 3,
                "tpscroll": 12,
                "ward_dispenser": 13,
                "ward_observer": 3,
                "ward_sentry": 4
            },
            "kda": 0.23,
            "kill_streaks": {},
            "kills": 3,
            "kills_per_min": 0.10619469026548672,
            "lane": 1,
            "lane_efficiency": 0.3943007275666936,
            "lane_efficiency_pct": 39,
            "lane_kills": 36,
            "lane_role": 1,
            "last_hits": 47,
            "leaver_status": 0,
            "level": 11,
            "life_state": {
                "0": 1162,
                "1": 71,
                "2": 463
            },
            "life_state_dead": 534,
            "lose": 1,
            "multi_kills": {},
            "necronomicon_kills": 1,
            "net_worth": 5782,
            "neutral_kills": 7,
            "obs": {
                "102": {
                    "93": 1
                },
                "109": {
                    "168": 1
                },
                "116": {
                    "128": 1
                },
                "122": {
                    "156": 1
                },
                "134": {
                    "92": 1
                },
                "158": {
                    "92": 1
                },
                "90": {
                    "99": 1
                }
            },
            "obs_left_log": [
                {
                    "attackername": "npc_dota_hero_keeper_of_the_light",
                    "ehandle": 9144509,
                    "entityleft": true,
                    "key": "[116,128]",
                    "player_slot": 4,
                    "slot": 4,
                    "time": 349,
                    "type": "obs_left_log",
                    "x": 116.2,
                    "y": 127.8,
                    "z": 129
                },
                {
                    "attackername": "npc_dota_hero_lich",
                    "ehandle": 6507494,
                    "entityleft": true,
                    "key": "[158,92]",
                    "player_slot": 4,
                    "slot": 4,
                    "time": 514,
                    "type": "obs_left_log",
                    "x": 158,
                    "y": 91.8,
                    "z": 132.2
                },
                {
                    "attackername": "npc_dota_hero_zuus",
                    "ehandle": 5721421,
                    "entityleft": true,
                    "key": "[134,92]",
                    "player_slot": 4,
                    "slot": 4,
                    "time": 904,
                    "type": "obs_left_log",
                    "x": 133.8,
                    "y": 91.6,
                    "z": 132.2
                },
                {
                    "attackername": "npc_dota_hero_keeper_of_the_light",
                    "ehandle": 14436716,
                    "entityleft": true,
                    "key": "[122,156]",
                    "player_slot": 4,
                    "slot": 4,
                    "time": 1288,
                    "type": "obs_left_log",
                    "x": 121.7,
                    "y": 155.9,
                    "z": 132.1
                },
                {
                    "attackername": "npc_dota_hero_keeper_of_the_light",
                    "ehandle": 7342698,
                    "entityleft": true,
                    "key": "[109,168]",
                    "player_slot": 4,
                    "slot": 4,
                    "time": 1293,
                    "type": "obs_left_log",
                    "x": 109.1,
                    "y": 168.4,
                    "z": 130
                }
            ],
            "obs_log": [
                {
                    "ehandle": 9144509,
                    "entityleft": false,
                    "key": "[116,128]",
                    "player_slot": 4,
                    "slot": 4,
                    "time": -11,
                    "type": "obs_log",
                    "x": 116.2,
                    "y": 127.8,
                    "z": 129
                },
                {
                    "ehandle": 6507494,
                    "entityleft": false,
                    "key": "[158,92]",
                    "player_slot": 4,
                    "slot": 4,
                    "time": 359,
                    "type": "obs_log",
                    "x": 158,
                    "y": 91.8,
                    "z": 132.2
                },
                {
                    "ehandle": 5721421,
                    "entityleft": false,
                    "key": "[134,92]",
                    "player_slot": 4,
                    "slot": 4,
                    "time": 894,
                    "type": "obs_log",
                    "x": 133.8,
                    "y": 91.6,
                    "z": 132.2
                },
                {
                    "ehandle": 14436716,
                    "entityleft": false,
                    "key": "[122,156]",
                    "player_slot": 4,
                    "slot": 4,
                    "time": 928,
                    "type": "obs_log",
                    "x": 121.7,
                    "y": 155.9,
                    "z": 132.1
                },
                {
                    "ehandle": 7342698,
                    "entityleft": false,
                    "key": "[109,168]",
                    "player_slot": 4,
                    "slot": 4,
                    "time": 933,
                    "type": "obs_log",
                    "x": 109.1,
                    "y": 168.4,
                    "z": 130
                },
                {
                    "ehandle": 11750215,
                    "entityleft": false,
                    "key": "[102,93]",
                    "player_slot": 4,
                    "slot": 4,
                    "time": 1523,
                    "type": "obs_log",
                    "x": 101.7,
                    "y": 93.3,
                    "z": 129
                },
                {
                    "ehandle": 13323210,
                    "entityleft": false,
                    "key": "[90,99]",
                    "player_slot": 4,
                    "slot": 4,
                    "time": 1526,
                    "type": "obs_log",
                    "x": 89.9,
                    "y": 98.9,
                    "z": 130
                }
            ],
            "obs_placed": 7,
            "observer_kills": 1,
            "observer_uses": 3,
            "observers_placed": 7,
            "pings": 33,
            "player_slot": 4,
            "purchase": {
                "blood_grenade": 2,
                "boots": 1,
                "bottle": 1,
                "flask": 2,
                "fluffy_hat": 1,
                "force_staff": 1,
                "magic_stick": 1,
                "ogre_axe": 1,
                "quelling_blade": 1,
                "recipe_force_staff": 1,
                "ring_of_regen": 1,
                "smoke_of_deceit": 3,
                "staff_of_wizardry": 1,
                "tpscroll": 1,
                "tranquil_boots": 1,
                "ward_dispenser": 11,
                "ward_observer": 7,
                "ward_sentry": 9,
                "wind_lace": 1
            },
            "purchase_tpscroll": 1,
            "purchase_ward_observer": 7,
            "purchase_ward_sentry": 9,
            "rank_tier": 41,
            "roshan_kills": 0,
            "rune_pickups": 2,
            "runes": {
                "5": 2
            },
            "sen": {
                "108": {
                    "167": 1
                },
                "121": {
                    "129": 1
                },
                "124": {
                    "125": 1
                },
                "125": {
                    "103": 1
                },
                "132": {
                    "91": 1
                },
                "158": {
                    "92": 2
                },
                "82": {
                    "165": 1
                },
                "94": {
                    "120": 1
                },
                "98": {
                    "87": 1
                }
            },
            "sen_left_log": [
                {
                    "attackername": "npc_dota_hero_lich",
                    "ehandle": 11897575,
                    "entityleft": true,
                    "key": "[158,92]",
                    "player_slot": 4,
                    "slot": 4,
                    "time": 149,
                    "type": "sen_left_log",
                    "x": 158,
                    "y": 92.1,
                    "z": 132.2
                },
                {
                    "attackername": "npc_dota_hero_monkey_king",
                    "ehandle": 15617354,
                    "entityleft": true,
                    "key": "[82,165]",
                    "player_slot": 4,
                    "slot": 4,
                    "time": 294,
                    "type": "sen_left_log",
                    "x": 82.2,
                    "y": 165.3,
                    "z": 129
                },
                {
                    "attackername": "npc_dota_hero_keeper_of_the_light",
                    "ehandle": 13404363,
                    "entityleft": true,
                    "key": "[121,129]",
                    "player_slot": 4,
                    "slot": 4,
                    "time": 413,
                    "type": "sen_left_log",
                    "x": 120.5,
                    "y": 129.1,
                    "z": 128
                },
                {
                    "attackername": "npc_dota_hero_lich",
                    "ehandle": 1329272,
                    "entityleft": true,
                    "key": "[158,92]",
                    "player_slot": 4,
                    "slot": 4,
                    "time": 516,
                    "type": "sen_left_log",
                    "x": 158,
                    "y": 92.2,
                    "z": 132.2
                },
                {
                    "attackername": "npc_dota_hero_zuus",
                    "ehandle": 16501789,
                    "entityleft": true,
                    "key": "[132,91]",
                    "player_slot": 4,
                    "slot": 4,
                    "time": 907,
                    "type": "sen_left_log",
                    "x": 132,
                    "y": 91.4,
                    "z": 130
                },
                {
                    "attackername": "npc_dota_hero_pudge",
                    "ehandle": 15109475,
                    "entityleft": true,
                    "key": "[125,103]",
                    "player_slot": 4,
                    "slot": 4,
                    "time": 1262,
                    "type": "sen_left_log",
                    "x": 124.9,
                    "y": 103.3,
                    "z": 130
                },
                {
                    "attackername": "npc_dota_hero_keeper_of_the_light",
                    "ehandle": 6426012,
                    "entityleft": true,
                    "key": "[124,125]",
                    "player_slot": 4,
                    "slot": 4,
                    "time": 1334,
                    "type": "sen_left_log",
                    "x": 123.6,
                    "y": 125.1,
                    "z": 128
                },
                {
                    "attackername": "npc_dota_hero_keeper_of_the_light",
                    "ehandle": 1853570,
                    "entityleft": true,
                    "key": "[108,167]",
                    "player_slot": 4,
                    "slot": 4,
                    "time": 1354,
                    "type": "sen_left_log",
                    "x": 107.5,
                    "y": 166.9,
                    "z": 130
                },
                {
                    "attackername": "npc_dota_hero_zuus",
                    "ehandle": 12978836,
                    "entityleft": true,
                    "key": "[94,120]",
                    "player_slot": 4,
                    "slot": 4,
                    "time": 1368,
                    "type": "sen_left_log",
                    "x": 93.9,
                    "y": 119.8,
                    "z": 132.2
                },
                {
                    "attackername": "npc_dota_hero_zuus",
                    "ehandle": 13552422,
                    "entityleft": true,
                    "key": "[98,87]",
                    "player_slot": 4,
                    "slot": 4,
                    "time": 1630,
                    "type": "sen_left_log",
                    "x": 97.6,
                    "y": 86.6,
                    "z": 130
                }
            ],
            "sen_log": [
                {
                    "ehandle": 13404363,
                    "entityleft": false,
                    "key": "[121,129]",
                    "player_slot": 4,
                    "slot": 4,
                    "time": -7,
                    "type": "sen_log",
                    "x": 120.5,
                    "y": 129.1,
                    "z": 128
                },
                {
                    "ehandle": 11897575,
                    "entityleft": false,
                    "key": "[158,92]",
                    "player_slot": 4,
                    "slot": 4,
                    "time": 70,
                    "type": "sen_log",
                    "x": 158,
                    "y": 92.1,
                    "z": 132.2
                },
                {
                    "ehandle": 15617354,
                    "entityleft": false,
                    "key": "[82,165]",
                    "player_slot": 4,
                    "slot": 4,
                    "time": 268,
                    "type": "sen_log",
                    "x": 82.2,
                    "y": 165.3,
                    "z": 129
                },
                {
                    "ehandle": 1329272,
                    "entityleft": false,
                    "key": "[158,92]",
                    "player_slot": 4,
                    "slot": 4,
                    "time": 358,
                    "type": "sen_log",
                    "x": 158,
                    "y": 92.2,
                    "z": 132.2
                },
                {
                    "ehandle": 16501789,
                    "entityleft": false,
                    "key": "[132,91]",
                    "player_slot": 4,
                    "slot": 4,
                    "time": 895,
                    "type": "sen_log",
                    "x": 132,
                    "y": 91.4,
                    "z": 130
                },
                {
                    "ehandle": 15109475,
                    "entityleft": false,
                    "key": "[125,103]",
                    "player_slot": 4,
                    "slot": 4,
                    "time": 899,
                    "type": "sen_log",
                    "x": 124.9,
                    "y": 103.3,
                    "z": 130
                },
                {
                    "ehandle": 6426012,
                    "entityleft": false,
                    "key": "[124,125]",
                    "player_slot": 4,
                    "slot": 4,
                    "time": 914,
                    "type": "sen_log",
                    "x": 123.6,
                    "y": 125.1,
                    "z": 128
                },
                {
                    "ehandle": 1853570,
                    "entityleft": false,
                    "key": "[108,167]",
                    "player_slot": 4,
                    "slot": 4,
                    "time": 934,
                    "type": "sen_log",
                    "x": 107.5,
                    "y": 166.9,
                    "z": 130
                },
                {
                    "ehandle": 12978836,
                    "entityleft": false,
                    "key": "[94,120]",
                    "player_slot": 4,
                    "slot": 4,
                    "time": 1285,
                    "type": "sen_log",
                    "x": 93.9,
                    "y": 119.8,
                    "z": 132.2
                },
                {
                    "ehandle": 13552422,
                    "entityleft": false,
                    "key": "[98,87]",
                    "player_slot": 4,
                    "slot": 4,
                    "time": 1518,
                    "type": "sen_log",
                    "x": 97.6,
                    "y": 86.6,
                    "z": 130
                }
            ],
            "sen_placed": 10,
            "sentry_kills": 2,
            "sentry_uses": 4,
            "stuns": 0,
            "teamfight_participation": 0.33333334,
            "total_gold": 7797,
            "total_xp": 8136,
            "tower_damage": 0,
            "tower_kills": 0,
            "win": 0,
            "xp_per_min": 288
        },
        {
            "abandons": 0,
            "actions_per_min": 229,
            "ancient_kills": 1,
            "assists": 17,
            "benchmarks": {
                "gold_per_min": {
                    "pct": 0.968837395125849,
                    "raw": 769
                },
                "hero_damage_per_min": {
                    "pct": 0.975229724330803,
                    "raw": 1475.787610619469
                },
                "hero_healing_per_min": {
                    "pct": 0.9832201358369956,
                    "raw": 6.79646017699115
                },
                "kills_per_min": {
                    "pct": 0.9940071913703555,
                    "raw": 0.8141592920353982
                },
                "last_hits_per_min": {
                    "pct": 0.8022373152217339,
                    "raw": 7.079646017699115
                },
                "tower_damage": {
                    "pct": 0.931282461046744,
                    "raw": 12472
                },
                "xp_per_min": {
                    "pct": 0.49101078705553336,
                    "raw": 665
                }
            },
            "buyback_count": 0,
            "camps_stacked": 0,
            "courier_kills": 1,
            "creeps_stacked": 0,
            "deaths": 1,
            "denies": 7,
            "gold": 1444,
            "gold_per_min": 769,
            "gold_spent": 20870,
            "hero_damage": 41691,
            "hero_healing": 192,
            "hero_id": 114,
            "hero_kills": 24,
            "hero_variant": 1,
            "is_roaming": false,
            "item_uses": {
                "black_king_bar": 6,
                "bullwhip": 29,
                "diffusal_blade": 21,
                "flask": 1,
                "phase_boots": 106,
                "tango": 3,
                "tango_single": 1,
                "tpscroll": 2
            },
            "kda": 20,
            "kill_streaks": {
                "10": 1,
                "11": 1,
                "12": 1,
                "13": 1,
                "14": 1,
                "15": 1,
                "16": 1,
                "17": 1,
                "18": 1,
                "3": 2,
                "4": 2,
                "5": 2,
                "6": 1,
                "7": 1,
                "8": 1,
                "9": 1
            },
            "kills": 23,
            "kills_per_min": 0.8141592920353983,
            "lane": 3,
            "lane_efficiency": 0.9229991915925626,
            "lane_efficiency_pct": 92,
            "lane_kills": 150,
            "lane_role": 1,
            "last_hits": 200,
            "leaver_status": 0,
            "level": 18,
            "life_state": {
                "0": 1670,
                "1": 4,
                "2": 22
            },
            "life_state_dead": 26,
            "lose": 0,
            "multi_kills": {
                "2": 5
            },
            "necronomicon_kills": 0,
            "net_worth": 22124,
            "neutral_kills": 10,
            "obs": {},
            "obs_left_log": [],
            "obs_log": [],
            "obs_placed": 0,
            "observer_kills": 0,
            "observer_uses": 0,
            "observers_placed": 0,
            "pings": 3,
            "player_slot": 128,
            "purchase": {
                "belt_of_strength": 1,
                "black_king_bar": 1,
                "blade_of_alacrity": 2,
                "blades_of_attack": 1,
                "blight_stone": 1,
                "boots": 1,
                "boots_of_elves": 1,
                "chainmail": 1,
                "circlet": 1,
                "desolator": 1,
                "diffusal_blade": 1,
                "eagle": 1,
                "flask": 1,
                "gloves": 1,
                "mithril_hammer": 3,
                "ogre_axe": 2,
                "orb_of_corrosion": 1,
                "orb_of_venom": 1,
                "phase_boots": 1,
                "quelling_blade": 1,
                "recipe_black_king_bar": 1,
                "recipe_diffusal_blade": 1,
                "recipe_disperser": 1,
                "recipe_sange": 1,
                "recipe_yasha": 1,
                "ring_of_protection": 1,
                "robe": 1,
                "sange": 1,
                "sange_and_yasha": 1,
                "tango": 1,
                "tpscroll": 2,
                "yasha": 1
            },
            "purchase_tpscroll": 2,
            "rank_tier": null,
            "roshan_kills": 0,
            "rune_pickups": 2,
            "runes": {
                "4": 1,
                "9": 1
            },
            "sen": {},
            "sen_left_log": [],
            "sen_log": [],
            "sen_placed": 0,
            "sentry_kills": 1,
            "sentry_uses": 0,
            "stuns": 26.866468,
            "teamfight_participation": 0.6779661,
            "total_gold": 21724,
            "total_xp": 18786,
            "tower_damage": 12472,
            "tower_kills": 5,
            "win": 1,
            "xp_per_min": 665
        },
        {
            "abandons": 0,
            "actions_per_min": 135,
            "ancient_kills": 3,
            "assists": 21,
            "benchmarks": {
                "gold_per_min": {
                    "pct": 0.872060857538036,
                    "raw": 573
                },
                "hero_damage_per_min": {
                    "pct": 0.8506224066390041,
                    "raw": 817.7345132743363
                },
                "hero_healing_per_min": {
                    "pct": 0.8105117565698479,
                    "raw": 147.32743362831857
                },
                "kills_per_min": {
                    "pct": 0.9840940525587828,
                    "raw": 0.35398230088495575
                },
                "last_hits_per_min": {
                    "pct": 0.7959889349930843,
                    "raw": 5.663716814159292
                },
                "tower_damage": {
                    "pct": 0.9017980636237898,
                    "raw": 6777
                },
                "xp_per_min": {
                    "pct": 0.483402489626556,
                    "raw": 612
                }
            },
            "buyback_count": 0,
            "camps_stacked": 0,
            "courier_kills": 0,
            "creeps_stacked": 0,
            "deaths": 3,
            "denies": 10,
            "gold": 2420,
            "gold_per_min": 573,
            "gold_spent": 13795,
            "hero_damage": 23101,
            "hero_healing": 4162,
            "hero_id": 108,
            "hero_kills": 12,
            "hero_variant": 2,
            "is_roaming": false,
            "item_uses": {
                "arcane_boots": 14,
                "clarity": 3,
                "famango": 2,
                "guardian_greaves": 4,
                "mekansm": 3,
                "tango": 3,
                "tpscroll": 4
            },
            "kda": 7.75,
            "kill_streaks": {
                "3": 2,
                "4": 1,
                "5": 1
            },
            "kills": 10,
            "kills_per_min": 0.35398230088495575,
            "lane": 1,
            "lane_efficiency": 0.8183104284559418,
            "lane_efficiency_pct": 81,
            "lane_kills": 106,
            "lane_role": 3,
            "last_hits": 160,
            "leaver_status": 0,
            "level": 17,
            "life_state": {
                "0": 1570,
                "1": 8,
                "2": 118
            },
            "life_state_dead": 126,
            "lose": 0,
            "multi_kills": {},
            "necronomicon_kills": 0,
            "net_worth": 15825,
            "neutral_kills": 20,
            "obs": {},
            "obs_left_log": [],
            "obs_log": [],
            "obs_placed": 0,
            "observer_kills": 0,
            "observer_uses": 0,
            "observers_placed": 0,
            "pings": 7,
            "player_slot": 129,
            "purchase": {
                "arcane_boots": 1,
                "blade_of_alacrity": 1,
                "boots": 1,
                "bracer": 1,
                "branches": 2,
                "buckler": 1,
                "chainmail": 1,
                "circlet": 1,
                "clarity": 3,
                "gauntlets": 1,
                "guardian_greaves": 1,
                "headdress": 1,
                "mekansm": 1,
                "ogre_axe": 1,
                "quelling_blade": 1,
                "radiance": 1,
                "recipe_arcane_boots": 1,
                "recipe_bracer": 1,
                "recipe_buckler": 1,
                "recipe_guardian_greaves": 1,
                "recipe_headdress": 1,
                "recipe_mekansm": 1,
                "recipe_ring_of_basilius": 1,
                "relic": 1,
                "ring_of_basilius": 1,
                "ring_of_protection": 1,
                "ring_of_regen": 1,
                "sobi_mask": 1,
                "staff_of_wizardry": 1,
                "talisman_of_evasion": 1,
                "tango": 1,
                "tpscroll": 2
            },
            "purchase_tpscroll": 2,
            "rank_tier": null,
            "roshan_kills": 0,
            "rune_pickups": 3,
            "runes": {
                "0": 1,
                "5": 1,
                "8": 1
            },
            "sen": {},
            "sen_left_log": [],
            "sen_log": [],
            "sen_placed": 0,
            "sentry_kills": 0,
            "sentry_uses": 0,
            "stuns": 89.69779,
            "teamfight_participation": 0.5254237,
            "total_gold": 16187,
            "total_xp": 17289,
            "tower_damage": 6777,
            "tower_kills": 3,
            "win": 1,
            "xp_per_min": 612
        },
        {
            "abandons": 0,
            "account_id": 193642164,
            "actions_per_min": 140,
            "ancient_kills": 0,
            "assists": 12,
            "benchmarks": {
                "gold_per_min": {
                    "pct": 0.6258026853473438,
                    "raw": 421
                },
                "hero_damage_per_min": {
                    "pct": 0.560128429655575,
                    "raw": 529.6991150442478
                },
                "hero_healing_per_min": {
                    "pct": 0.9422066549912435,
                    "raw": 60.99115044247788
                },
                "kills_per_min": {
                    "pct": 0.8075014594279043,
                    "raw": 0.2831858407079646
                },
                "last_hits_per_min": {
                    "pct": 0.5833333333333334,
                    "raw": 2.4070796460176993
                },
                "tower_damage": {
                    "pct": 0.7148277875072971,
                    "raw": 1106
                },
                "xp_per_min": {
                    "pct": 0.4238178633975482,
                    "raw": 542
                }
            },
            "buyback_count": 0,
            "camps_stacked": 0,
            "courier_kills": 0,
            "creeps_stacked": 0,
            "deaths": 4,
            "denies": 4,
            "gold": 986,
            "gold_per_min": 421,
            "gold_spent": 10740,
            "hero_damage": 14964,
            "hero_healing": 1723,
            "hero_id": 14,
            "hero_kills": 8,
            "hero_variant": 2,
            "is_roaming": false,
            "item_uses": {
                "blade_mail": 2,
                "blood_grenade": 1,
                "bottle": 34,
                "dust": 1,
                "flask": 1,
                "gem": 3,
                "smoke_of_deceit": 4,
                "spirit_vessel": 11,
                "tpscroll": 5,
                "unstable_wand": 4,
                "urn_of_shadows": 3,
                "ward_dispenser": 1,
                "ward_observer": 2,
                "ward_sentry": 10
            },
            "kda": 4,
            "kill_streaks": {
                "3": 1
            },
            "kills": 8,
            "kills_per_min": 0.2831858407079646,
            "lane": 2,
            "lane_efficiency": 0.47170573969280516,
            "lane_efficiency_pct": 47,
            "lane_kills": 41,
            "lane_role": 2,
            "last_hits": 68,
            "leaver_status": 0,
            "level": 16,
            "life_state": {
                "0": 1518,
                "1": 13,
                "2": 165
            },
            "life_state_dead": 178,
            "lose": 0,
            "multi_kills": {},
            "necronomicon_kills": 0,
            "net_worth": 9671,
            "neutral_kills": 18,
            "obs": {
                "134": {
                    "124": 1
                },
                "91": {
                    "83": 1
                },
                "94": {
                    "120": 1
                }
            },
            "obs_left_log": [
                {
                    "attackername": "npc_dota_hero_pudge",
                    "ehandle": 13912178,
                    "entityleft": true,
                    "key": "[134,124]",
                    "player_slot": 130,
                    "slot": 7,
                    "time": 303,
                    "type": "obs_left_log",
                    "x": 134.2,
                    "y": 124.3,
                    "z": 129
                },
                {
                    "attackername": "npc_dota_hero_pudge",
                    "ehandle": 5606630,
                    "entityleft": true,
                    "key": "[94,120]",
                    "player_slot": 130,
                    "slot": 7,
                    "time": 1114,
                    "type": "obs_left_log",
                    "x": 93.9,
                    "y": 120.1,
                    "z": 132.2
                }
            ],
            "obs_log": [
                {
                    "ehandle": 13912178,
                    "entityleft": false,
                    "key": "[134,124]",
                    "player_slot": 130,
                    "slot": 7,
                    "time": -57,
                    "type": "obs_log",
                    "x": 134.2,
                    "y": 124.3,
                    "z": 129
                },
                {
                    "ehandle": 5606630,
                    "entityleft": false,
                    "key": "[94,120]",
                    "player_slot": 130,
                    "slot": 7,
                    "time": 754,
                    "type": "obs_log",
                    "x": 93.9,
                    "y": 120.1,
                    "z": 132.2
                },
                {
                    "ehandle": 12928495,
                    "entityleft": false,
                    "key": "[91,83]",
                    "player_slot": 130,
                    "slot": 7,
                    "time": 1671,
                    "type": "obs_log",
                    "x": 90.7,
                    "y": 82.5,
                    "z": 130
                }
            ],
            "obs_placed": 3,
            "observer_kills": 1,
            "observer_uses": 2,
            "observers_placed": 3,
            "pings": 4,
            "player_slot": 130,
            "purchase": {
                "aghanims_shard": 1,
                "blade_mail": 1,
                "blood_grenade": 1,
                "boots": 1,
                "bottle": 1,
                "bracer": 1,
                "broadsword": 1,
                "chainmail": 1,
                "circlet": 1,
                "dust": 1,
                "flask": 1,
                "fluffy_hat": 1,
                "gauntlets": 1,
                "gem": 1,
                "infused_raindrop": 1,
                "recipe_blade_mail": 1,
                "recipe_bracer": 1,
                "recipe_spirit_vessel": 1,
                "recipe_urn_of_shadows": 1,
                "ring_of_protection": 1,
                "ring_of_regen": 1,
                "smoke_of_deceit": 4,
                "sobi_mask": 1,
                "spirit_vessel": 1,
                "tpscroll": 1,
                "tranquil_boots": 1,
                "urn_of_shadows": 1,
                "vitality_booster": 1,
                "ward_dispenser": 2,
                "ward_observer": 3,
                "ward_sentry": 10,
                "wind_lace": 1
            },
            "purchase_gem": 1,
            "purchase_tpscroll": 1,
            "purchase_ward_observer": 3,
            "purchase_ward_sentry": 10,
            "rank_tier": 41,
            "roshan_kills": 0,
            "rune_pickups": 10,
            "runes": {
                "5": 5,
                "6": 1,
                "7": 2,
                "8": 2
            },
            "sen": {
                "100": {
                    "73": 1
                },
                "105": {
                    "79": 1
                },
                "124": {
                    "120": 1
                },
                "130": {
                    "121": 1
                },
                "82": {
                    "150": 1
                },
                "87": {
                    "166": 1
                },
                "90": {
                    "79": 1
                },
                "91": {
                    "95": 1
                },
                "94": {
                    "120": 1
                },
                "99": {
                    "119": 1
                }
            },
            "sen_left_log": [
                {
                    "attackername": "npc_dota_hero_skeleton_king",
                    "ehandle": 14665880,
                    "entityleft": true,
                    "key": "[130,121]",
                    "player_slot": 130,
                    "slot": 7,
                    "time": 350,
                    "type": "sen_left_log",
                    "x": 130,
                    "y": 121.2,
                    "z": 128
                },
                {
                    "attackername": "npc_dota_creep_goodguys_melee",
                    "ehandle": 1903779,
                    "entityleft": true,
                    "key": "[124,120]",
                    "player_slot": 130,
                    "slot": 7,
                    "time": 919,
                    "type": "sen_left_log",
                    "x": 123.7,
                    "y": 119.9,
                    "z": 129
                },
                {
                    "attackername": "npc_dota_hero_pudge",
                    "ehandle": 6802385,
                    "entityleft": true,
                    "key": "[87,166]",
                    "player_slot": 130,
                    "slot": 7,
                    "time": 978,
                    "type": "sen_left_log",
                    "x": 86.5,
                    "y": 165.7,
                    "z": 129
                },
                {
                    "attackername": "npc_dota_hero_pudge",
                    "ehandle": 6244936,
                    "entityleft": true,
                    "key": "[82,150]",
                    "player_slot": 130,
                    "slot": 7,
                    "time": 986,
                    "type": "sen_left_log",
                    "x": 81.5,
                    "y": 149.5,
                    "z": 129
                },
                {
                    "attackername": "npc_dota_hero_pudge",
                    "ehandle": 5966944,
                    "entityleft": true,
                    "key": "[99,119]",
                    "player_slot": 130,
                    "slot": 7,
                    "time": 1176,
                    "type": "sen_left_log",
                    "x": 98.6,
                    "y": 119.4,
                    "z": 130
                },
                {
                    "attackername": "npc_dota_hero_skeleton_king",
                    "ehandle": 15060194,
                    "entityleft": true,
                    "key": "[91,95]",
                    "player_slot": 130,
                    "slot": 7,
                    "time": 1499,
                    "type": "sen_left_log",
                    "x": 91.1,
                    "y": 95.1,
                    "z": 130
                },
                {
                    "attackername": "npc_dota_hero_pudge",
                    "ehandle": 11685262,
                    "entityleft": true,
                    "key": "[94,120]",
                    "player_slot": 130,
                    "slot": 7,
                    "time": 1821,
                    "type": "sen_left_log",
                    "x": 93.8,
                    "y": 120.4,
                    "z": 132.2
                }
            ],
            "sen_log": [
                {
                    "ehandle": 14665880,
                    "entityleft": false,
                    "key": "[130,121]",
                    "player_slot": 130,
                    "slot": 7,
                    "time": -22,
                    "type": "sen_log",
                    "x": 130,
                    "y": 121.2,
                    "z": 128
                },
                {
                    "ehandle": 6802385,
                    "entityleft": false,
                    "key": "[87,166]",
                    "player_slot": 130,
                    "slot": 7,
                    "time": 558,
                    "type": "sen_log",
                    "x": 86.5,
                    "y": 165.7,
                    "z": 129
                },
                {
                    "ehandle": 6244936,
                    "entityleft": false,
                    "key": "[82,150]",
                    "player_slot": 130,
                    "slot": 7,
                    "time": 566,
                    "type": "sen_log",
                    "x": 81.5,
                    "y": 149.5,
                    "z": 129
                },
                {
                    "ehandle": 5966944,
                    "entityleft": false,
                    "key": "[99,119]",
                    "player_slot": 130,
                    "slot": 7,
                    "time": 756,
                    "type": "sen_log",
                    "x": 98.6,
                    "y": 119.4,
                    "z": 130
                },
                {
                    "ehandle": 1903779,
                    "entityleft": false,
                    "key": "[124,120]",
                    "player_slot": 130,
                    "slot": 7,
                    "time": 816,
                    "type": "sen_log",
                    "x": 123.7,
                    "y": 119.9,
                    "z": 129
                },
                {
                    "ehandle": 11685262,
                    "entityleft": false,
                    "key": "[94,120]",
                    "player_slot": 130,
                    "slot": 7,
                    "time": 1401,
                    "type": "sen_log",
                    "x": 93.8,
                    "y": 120.4,
                    "z": 132.2
                },
                {
                    "ehandle": 15060194,
                    "entityleft": false,
                    "key": "[91,95]",
                    "player_slot": 130,
                    "slot": 7,
                    "time": 1448,
                    "type": "sen_log",
                    "x": 91.1,
                    "y": 95.1,
                    "z": 130
                },
                {
                    "ehandle": 9668817,
                    "entityleft": false,
                    "key": "[90,79]",
                    "player_slot": 130,
                    "slot": 7,
                    "time": 1464,
                    "type": "sen_log",
                    "x": 89.5,
                    "y": 79.3,
                    "z": 130
                },
                {
                    "ehandle": 2149468,
                    "entityleft": false,
                    "key": "[105,79]",
                    "player_slot": 130,
                    "slot": 7,
                    "time": 1532,
                    "type": "sen_log",
                    "x": 105.3,
                    "y": 79.2,
                    "z": 129
                },
                {
                    "ehandle": 13651083,
                    "entityleft": false,
                    "key": "[100,73]",
                    "player_slot": 130,
                    "slot": 7,
                    "time": 1538,
                    "type": "sen_log",
                    "x": 100.2,
                    "y": 73.3,
                    "z": 130
                }
            ],
            "sen_placed": 10,
            "sentry_kills": 2,
            "sentry_uses": 10,
            "stuns": 42.899673,
            "teamfight_participation": 0.33898306,
            "total_gold": 11893,
            "total_xp": 15311,
            "tower_damage": 1106,
            "tower_kills": 0,
            "win": 1,
            "xp_per_min": 542
        },
        {
            "abandons": 0,
            "actions_per_min": 270,
            "ancient_kills": 0,
            "assists": 32,
            "benchmarks": {
                "gold_per_min": {
                    "pct": 0.8945147679324894,
                    "raw": 465
                },
                "hero_damage_per_min": {
                    "pct": 0.8741848868431147,
                    "raw": 748.4247787610619
                },
                "hero_healing_per_min": {
                    "pct": 0.602608362102033,
                    "raw": 0
                },
                "kills_per_min": {
                    "pct": 0.9719984656693518,
                    "raw": 0.35398230088495575
                },
                "last_hits_per_min": {
                    "pct": 0.9144610663598005,
                    "raw": 2.9026548672566372
                },
                "tower_damage": {
                    "pct": 0.9838895281933256,
                    "raw": 2936
                },
                "xp_per_min": {
                    "pct": 0.7295742232451093,
                    "raw": 648
                }
            },
            "buyback_count": 0,
            "camps_stacked": 0,
            "courier_kills": 0,
            "creeps_stacked": 0,
            "deaths": 3,
            "denies": 2,
            "gold": 2354,
            "gold_per_min": 465,
            "gold_spent": 10870,
            "hero_damage": 21143,
            "hero_healing": 0,
            "hero_id": 31,
            "hero_kills": 11,
            "hero_variant": 1,
            "is_roaming": false,
            "item_uses": {
                "blink": 8,
                "blood_grenade": 1,
                "dust": 6,
                "enchanted_mango": 2,
                "force_staff": 8,
                "glimmer_cape": 15,
                "magic_wand": 5,
                "tango": 6,
                "tpscroll": 3,
                "ward_dispenser": 4,
                "ward_sentry": 5
            },
            "kda": 10.5,
            "kill_streaks": {
                "3": 2,
                "4": 1,
                "5": 1,
                "6": 1,
                "7": 1
            },
            "kills": 10,
            "kills_per_min": 0.35398230088495575,
            "lane": 1,
            "lane_efficiency": 0.5489086499595797,
            "lane_efficiency_pct": 54,
            "lane_kills": 23,
            "lane_role": 3,
            "last_hits": 82,
            "leaver_status": 0,
            "level": 18,
            "life_state": {
                "0": 1608,
                "1": 7,
                "2": 81
            },
            "life_state_dead": 88,
            "lose": 0,
            "multi_kills": {
                "2": 1,
                "3": 1
            },
            "necronomicon_kills": 0,
            "net_worth": 11809,
            "neutral_kills": 13,
            "obs": {
                "94": {
                    "120": 1
                }
            },
            "obs_left_log": [
                {
                    "attackername": "npc_dota_hero_keeper_of_the_light",
                    "ehandle": 10242896,
                    "entityleft": true,
                    "key": "[94,120]",
                    "player_slot": 131,
                    "slot": 8,
                    "time": 1288,
                    "type": "obs_left_log",
                    "x": 94,
                    "y": 119.7,
                    "z": 132.2
                }
            ],
            "obs_log": [
                {
                    "ehandle": 10242896,
                    "entityleft": false,
                    "key": "[94,120]",
                    "player_slot": 131,
                    "slot": 8,
                    "time": 1205,
                    "type": "obs_log",
                    "x": 94,
                    "y": 119.7,
                    "z": 132.2
                }
            ],
            "obs_placed": 1,
            "observer_kills": 1,
            "observer_uses": 0,
            "observers_placed": 1,
            "pings": 28,
            "player_slot": 131,
            "purchase": {
                "aghanims_shard": 1,
                "blink": 1,
                "blood_grenade": 1,
                "boots": 1,
                "branches": 2,
                "cloak": 1,
                "dust": 7,
                "enchanted_mango": 2,
                "fluffy_hat": 1,
                "force_staff": 1,
                "glimmer_cape": 1,
                "magic_stick": 1,
                "magic_wand": 1,
                "recipe_force_staff": 1,
                "recipe_glimmer_cape": 1,
                "recipe_magic_wand": 1,
                "ring_of_regen": 2,
                "shadow_amulet": 1,
                "staff_of_wizardry": 1,
                "tango": 2,
                "tpscroll": 1,
                "tranquil_boots": 1,
                "ward_dispenser": 2,
                "ward_observer": 1,
                "ward_sentry": 6,
                "wind_lace": 1
            },
            "purchase_tpscroll": 1,
            "purchase_ward_observer": 1,
            "purchase_ward_sentry": 6,
            "rank_tier": null,
            "roshan_kills": 0,
            "rune_pickups": 4,
            "runes": {
                "5": 3,
                "9": 1
            },
            "sen": {
                "158": {
                    "92": 2
                },
                "68": {
                    "127": 1
                },
                "86": {
                    "157": 1
                },
                "91": {
                    "138": 1
                },
                "94": {
                    "120": 1
                }
            },
            "sen_left_log": [
                {
                    "attackername": "npc_dota_hero_keeper_of_the_light",
                    "ehandle": 5294365,
                    "entityleft": true,
                    "key": "[158,92]",
                    "player_slot": 131,
                    "slot": 8,
                    "time": 361,
                    "type": "sen_left_log",
                    "x": 158,
                    "y": 92,
                    "z": 132.2
                },
                {
                    "attackername": "npc_dota_hero_life_stealer",
                    "ehandle": 6769728,
                    "entityleft": true,
                    "key": "[158,92]",
                    "player_slot": 131,
                    "slot": 8,
                    "time": 720,
                    "type": "sen_left_log",
                    "x": 158,
                    "y": 92.3,
                    "z": 132.2
                },
                {
                    "attackername": "npc_dota_hero_lich",
                    "ehandle": 13926600,
                    "entityleft": true,
                    "key": "[86,157]",
                    "player_slot": 131,
                    "slot": 8,
                    "time": 1121,
                    "type": "sen_left_log",
                    "x": 85.8,
                    "y": 156.8,
                    "z": 129
                },
                {
                    "attackername": "npc_dota_hero_lich",
                    "ehandle": 5425833,
                    "entityleft": true,
                    "key": "[91,138]",
                    "player_slot": 131,
                    "slot": 8,
                    "time": 1139,
                    "type": "sen_left_log",
                    "x": 91,
                    "y": 138.4,
                    "z": 129
                },
                {
                    "attackername": "npc_dota_hero_keeper_of_the_light",
                    "ehandle": 12946466,
                    "entityleft": true,
                    "key": "[94,120]",
                    "player_slot": 131,
                    "slot": 8,
                    "time": 1290,
                    "type": "sen_left_log",
                    "x": 94,
                    "y": 120,
                    "z": 132.2
                },
                {
                    "attackername": "npc_dota_hero_lich",
                    "ehandle": 16156818,
                    "entityleft": true,
                    "key": "[68,127]",
                    "player_slot": 131,
                    "slot": 8,
                    "time": 1637,
                    "type": "sen_left_log",
                    "x": 67.5,
                    "y": 126.5,
                    "z": 130
                }
            ],
            "sen_log": [
                {
                    "ehandle": 5294365,
                    "entityleft": false,
                    "key": "[158,92]",
                    "player_slot": 131,
                    "slot": 8,
                    "time": 146,
                    "type": "sen_log",
                    "x": 158,
                    "y": 92,
                    "z": 132.2
                },
                {
                    "ehandle": 6769728,
                    "entityleft": false,
                    "key": "[158,92]",
                    "player_slot": 131,
                    "slot": 8,
                    "time": 511,
                    "type": "sen_log",
                    "x": 158,
                    "y": 92.3,
                    "z": 132.2
                },
                {
                    "ehandle": 13926600,
                    "entityleft": false,
                    "key": "[86,157]",
                    "player_slot": 131,
                    "slot": 8,
                    "time": 701,
                    "type": "sen_log",
                    "x": 85.8,
                    "y": 156.8,
                    "z": 129
                },
                {
                    "ehandle": 5425833,
                    "entityleft": false,
                    "key": "[91,138]",
                    "player_slot": 131,
                    "slot": 8,
                    "time": 719,
                    "type": "sen_log",
                    "x": 91,
                    "y": 138.4,
                    "z": 129
                },
                {
                    "ehandle": 12946466,
                    "entityleft": false,
                    "key": "[94,120]",
                    "player_slot": 131,
                    "slot": 8,
                    "time": 1204,
                    "type": "sen_log",
                    "x": 94,
                    "y": 120,
                    "z": 132.2
                },
                {
                    "ehandle": 16156818,
                    "entityleft": false,
                    "key": "[68,127]",
                    "player_slot": 131,
                    "slot": 8,
                    "time": 1217,
                    "type": "sen_log",
                    "x": 67.5,
                    "y": 126.5,
                    "z": 130
                }
            ],
            "sen_placed": 6,
            "sentry_kills": 3,
            "sentry_uses": 5,
            "stuns": 25.86673,
            "teamfight_participation": 0.7118644,
            "total_gold": 13136,
            "total_xp": 18306,
            "tower_damage": 2936,
            "tower_kills": 2,
            "win": 1,
            "xp_per_min": 648
        },
        {
            "abandons": 0,
            "account_id": 188073932,
            "actions_per_min": 185,
            "ancient_kills": 0,
            "assists": 32,
            "benchmarks": {
                "gold_per_min": {
                    "pct": 0.3564179104477612,
                    "raw": 430
                },
                "hero_damage_per_min": {
                    "pct": 0.31850746268656716,
                    "raw": 796.1769911504425
                },
                "hero_healing_per_min": {
                    "pct": 0.8292537313432836,
                    "raw": 0
                },
                "kills_per_min": {
                    "pct": 0.7262686567164179,
                    "raw": 0.2831858407079646
                },
                "last_hits_per_min": {
                    "pct": 0.15223880597014924,
                    "raw": 1.8407079646017699
                },
                "tower_damage": {
                    "pct": 0.9185074626865671,
                    "raw": 2919
                },
                "xp_per_min": {
                    "pct": 0.3608955223880597,
                    "raw": 579
                }
            },
            "buyback_count": 0,
            "camps_stacked": 2,
            "courier_kills": 1,
            "creeps_stacked": 5,
            "deaths": 4,
            "denies": 2,
            "gold": 716,
            "gold_per_min": 430,
            "gold_spent": 11650,
            "hero_damage": 22492,
            "hero_healing": 0,
            "hero_id": 22,
            "hero_kills": 8,
            "hero_variant": 2,
            "is_roaming": false,
            "item_uses": {
                "arcane_boots": 21,
                "arcane_ring": 3,
                "famango": 4,
                "force_staff": 9,
                "holy_locket": 7,
                "magic_stick": 1,
                "magic_wand": 36,
                "tpscroll": 3,
                "ward_dispenser": 6,
                "ward_observer": 9,
                "ward_sentry": 3
            },
            "kda": 8,
            "kill_streaks": {
                "3": 1,
                "4": 1,
                "5": 1,
                "6": 1,
                "7": 1
            },
            "kills": 8,
            "kills_per_min": 0.2831858407079646,
            "lane": 3,
            "lane_efficiency": 0.39005658852061437,
            "lane_efficiency_pct": 39,
            "lane_kills": 31,
            "lane_role": 1,
            "last_hits": 52,
            "leaver_status": 0,
            "level": 17,
            "life_state": {
                "0": 1583,
                "1": 26,
                "2": 87
            },
            "life_state_dead": 113,
            "lose": 0,
            "multi_kills": {
                "2": 1
            },
            "necronomicon_kills": 0,
            "net_worth": 12166,
            "neutral_kills": 9,
            "obs": {
                "118": {
                    "140": 1
                },
                "77": {
                    "98": 1
                },
                "79": {
                    "150": 1
                },
                "86": {
                    "166": 1
                },
                "88": {
                    "168": 1
                },
                "90": {
                    "81": 1
                },
                "93": {
                    "168": 1
                },
                "96": {
                    "140": 2
                },
                "99": {
                    "171": 1
                }
            },
            "obs_left_log": [
                {
                    "attackername": "npc_dota_hero_bounty_hunter",
                    "ehandle": 16173949,
                    "entityleft": true,
                    "key": "[88,168]",
                    "player_slot": 132,
                    "slot": 9,
                    "time": 272,
                    "type": "obs_left_log",
                    "x": 88.1,
                    "y": 167.6,
                    "z": 129
                },
                {
                    "attackername": "npc_dota_hero_zuus",
                    "ehandle": 7276677,
                    "entityleft": true,
                    "key": "[118,140]",
                    "player_slot": 132,
                    "slot": 9,
                    "time": 335,
                    "type": "obs_left_log",
                    "x": 118.3,
                    "y": 140,
                    "z": 129
                },
                {
                    "attackername": "npc_dota_hero_zuus",
                    "ehandle": 10063232,
                    "entityleft": true,
                    "key": "[99,171]",
                    "player_slot": 132,
                    "slot": 9,
                    "time": 641,
                    "type": "obs_left_log",
                    "x": 98.6,
                    "y": 170.8,
                    "z": 129
                },
                {
                    "attackername": "npc_dota_hero_zuus",
                    "ehandle": 14421129,
                    "entityleft": true,
                    "key": "[86,166]",
                    "player_slot": 132,
                    "slot": 9,
                    "time": 715,
                    "type": "obs_left_log",
                    "x": 85.5,
                    "y": 165.5,
                    "z": 129
                },
                {
                    "attackername": "npc_dota_hero_zuus",
                    "ehandle": 15436504,
                    "entityleft": true,
                    "key": "[96,140]",
                    "player_slot": 132,
                    "slot": 9,
                    "time": 1011,
                    "type": "obs_left_log",
                    "x": 96.2,
                    "y": 139.8,
                    "z": 132.2
                },
                {
                    "attackername": "npc_dota_hero_zuus",
                    "ehandle": 14846077,
                    "entityleft": true,
                    "key": "[79,150]",
                    "player_slot": 132,
                    "slot": 9,
                    "time": 1018,
                    "type": "obs_left_log",
                    "x": 79.1,
                    "y": 150,
                    "z": 129
                },
                {
                    "attackername": "npc_dota_hero_zuus",
                    "ehandle": 3836989,
                    "entityleft": true,
                    "key": "[93,168]",
                    "player_slot": 132,
                    "slot": 9,
                    "time": 1411,
                    "type": "obs_left_log",
                    "x": 93.4,
                    "y": 167.9,
                    "z": 129
                },
                {
                    "attackername": "npc_dota_hero_zuus",
                    "ehandle": 14453212,
                    "entityleft": true,
                    "key": "[96,140]",
                    "player_slot": 132,
                    "slot": 9,
                    "time": 1491,
                    "type": "obs_left_log",
                    "x": 95.9,
                    "y": 139.9,
                    "z": 132.2
                }
            ],
            "obs_log": [
                {
                    "ehandle": 7276677,
                    "entityleft": false,
                    "key": "[118,140]",
                    "player_slot": 132,
                    "slot": 9,
                    "time": -25,
                    "type": "obs_log",
                    "x": 118.3,
                    "y": 140,
                    "z": 129
                },
                {
                    "ehandle": 16173949,
                    "entityleft": false,
                    "key": "[88,168]",
                    "player_slot": 132,
                    "slot": 9,
                    "time": 145,
                    "type": "obs_log",
                    "x": 88.1,
                    "y": 167.6,
                    "z": 129
                },
                {
                    "ehandle": 10063232,
                    "entityleft": false,
                    "key": "[99,171]",
                    "player_slot": 132,
                    "slot": 9,
                    "time": 281,
                    "type": "obs_log",
                    "x": 98.6,
                    "y": 170.8,
                    "z": 129
                },
                {
                    "ehandle": 14421129,
                    "entityleft": false,
                    "key": "[86,166]",
                    "player_slot": 132,
                    "slot": 9,
                    "time": 355,
                    "type": "obs_log",
                    "x": 85.5,
                    "y": 165.5,
                    "z": 129
                },
                {
                    "ehandle": 15436504,
                    "entityleft": false,
                    "key": "[96,140]",
                    "player_slot": 132,
                    "slot": 9,
                    "time": 651,
                    "type": "obs_log",
                    "x": 96.2,
                    "y": 139.8,
                    "z": 132.2
                },
                {
                    "ehandle": 14846077,
                    "entityleft": false,
                    "key": "[79,150]",
                    "player_slot": 132,
                    "slot": 9,
                    "time": 658,
                    "type": "obs_log",
                    "x": 79.1,
                    "y": 150,
                    "z": 129
                },
                {
                    "ehandle": 3836989,
                    "entityleft": false,
                    "key": "[93,168]",
                    "player_slot": 132,
                    "slot": 9,
                    "time": 1051,
                    "type": "obs_log",
                    "x": 93.4,
                    "y": 167.9,
                    "z": 129
                },
                {
                    "ehandle": 14453212,
                    "entityleft": false,
                    "key": "[96,140]",
                    "player_slot": 132,
                    "slot": 9,
                    "time": 1131,
                    "type": "obs_log",
                    "x": 95.9,
                    "y": 139.9,
                    "z": 132.2
                },
                {
                    "ehandle": 13830905,
                    "entityleft": false,
                    "key": "[77,98]",
                    "player_slot": 132,
                    "slot": 9,
                    "time": 1396,
                    "type": "obs_log",
                    "x": 77,
                    "y": 97.8,
                    "z": 130
                },
                {
                    "ehandle": 2263415,
                    "entityleft": false,
                    "key": "[90,81]",
                    "player_slot": 132,
                    "slot": 9,
                    "time": 1589,
                    "type": "obs_log",
                    "x": 90.3,
                    "y": 81,
                    "z": 130
                }
            ],
            "obs_placed": 10,
            "observer_kills": 1,
            "observer_uses": 9,
            "observers_placed": 10,
            "pings": 42,
            "player_slot": 132,
            "purchase": {
                "aghanims_shard": 1,
                "arcane_boots": 1,
                "blade_of_alacrity": 1,
                "boots": 1,
                "branches": 2,
                "diadem": 1,
                "fluffy_hat": 1,
                "force_staff": 1,
                "holy_locket": 1,
                "magic_stick": 1,
                "magic_wand": 1,
                "ogre_axe": 1,
                "point_booster": 1,
                "recipe_arcane_boots": 1,
                "recipe_force_staff": 1,
                "recipe_holy_locket": 1,
                "recipe_magic_wand": 1,
                "recipe_ring_of_basilius": 1,
                "ring_of_basilius": 1,
                "sobi_mask": 1,
                "staff_of_wizardry": 2,
                "ultimate_scepter": 1,
                "ward_dispenser": 4,
                "ward_observer": 10,
                "ward_sentry": 6
            },
            "purchase_ward_observer": 10,
            "purchase_ward_sentry": 6,
            "rank_tier": 34,
            "roshan_kills": 0,
            "rune_pickups": 2,
            "runes": {
                "5": 2
            },
            "sen": {
                "104": {
                    "82": 1
                },
                "105": {
                    "79": 1
                },
                "81": {
                    "83": 1
                },
                "86": {
                    "84": 1
                },
                "87": {
                    "76": 1
                },
                "98": {
                    "83": 1
                }
            },
            "sen_left_log": [],
            "sen_log": [
                {
                    "ehandle": 9275678,
                    "entityleft": false,
                    "key": "[105,79]",
                    "player_slot": 132,
                    "slot": 9,
                    "time": 1577,
                    "type": "sen_log",
                    "x": 105.1,
                    "y": 78.9,
                    "z": 129
                },
                {
                    "ehandle": 7998805,
                    "entityleft": false,
                    "key": "[104,82]",
                    "player_slot": 132,
                    "slot": 9,
                    "time": 1578,
                    "type": "sen_log",
                    "x": 104.1,
                    "y": 81.8,
                    "z": 129
                },
                {
                    "ehandle": 985476,
                    "entityleft": false,
                    "key": "[98,83]",
                    "player_slot": 132,
                    "slot": 9,
                    "time": 1580,
                    "type": "sen_log",
                    "x": 98.3,
                    "y": 82.5,
                    "z": 130
                },
                {
                    "ehandle": 12061423,
                    "entityleft": false,
                    "key": "[87,76]",
                    "player_slot": 132,
                    "slot": 9,
                    "time": 1599,
                    "type": "sen_log",
                    "x": 86.7,
                    "y": 75.6,
                    "z": 130
                },
                {
                    "ehandle": 9159583,
                    "entityleft": false,
                    "key": "[86,84]",
                    "player_slot": 132,
                    "slot": 9,
                    "time": 1669,
                    "type": "sen_log",
                    "x": 85.5,
                    "y": 84.3,
                    "z": 130
                },
                {
                    "ehandle": 14387930,
                    "entityleft": false,
                    "key": "[81,83]",
                    "player_slot": 132,
                    "slot": 9,
                    "time": 1678,
                    "type": "sen_log",
                    "x": 80.6,
                    "y": 83.1,
                    "z": 130
                }
            ],
            "sen_placed": 6,
            "sentry_kills": 3,
            "sentry_uses": 3,
            "stuns": 15.967573,
            "teamfight_participation": 0.6779661,
            "total_gold": 12147,
            "total_xp": 16356,
            "tower_damage": 2919,
            "tower_kills": 0,
            "win": 1,
            "xp_per_min": 579
        }
    ],
    "radiant_score": 15,
    "radiant_win": false,
    "replay_url": "http://replay274.valve.net/570/7909289858_1583168366.dem.bz2",
    "stomp": 27608
}