{
    "dire_score": 9,
    "duration": 1562,
    "lobby_type": 7,
    "match_id": 7909411511,
    "metadata": null,
    "players": [
        {
            "abandons": 0,
            "account_id": 319310959,
            "actions_per_min": 634,
            "ancient_kills": 3,
            "assists": 14,
            "benchmarks": {
                "gold_per_min": {
                    "pct": 0.9609984399375975,
                    "raw": 753
                },
                "hero_damage_per_min": {
                    "pct": 0.7316692667706708,
                    "raw": 837.9641485275288
                },
                "hero_healing_per_min": {
                    "pct": 0.84399375975039,
                    "raw": 0
                },
                "kills_per_min": {
                    "pct": 0.982839313572543,
                    "raw": 0.614596670934699
                },
                "last_hits_per_min": {
                    "pct": 0.8658346333853354,
                    "raw": 7.528809218950064
                },
                "tower_damage": {
                    "pct": 0.9313572542901716,
                    "raw": 10250
                },
                "xp_per_min": {
                    "pct": 0.5335413416536662,
                    "raw": 713
                }
            },
            "buyback_count": 0,
            "camps_stacked": 1,
            "courier_kills": 0,
            "creeps_stacked": 2,
            "deaths": 0,
            "denies": 6,
            "gold": 115,
            "gold_per_min": 753,
            "gold_spent": 20100,
            "hero_damage": 21815,
            "hero_healing": 0,
            "hero_id": 38,
            "hero_kills": 16,
            "hero_variant": 2,
            "is_roaming": false,
            "item_uses": {
                "arcane_boots": 20,
                "black_king_bar": 2,
                "blink": 14,
                "dagon_2": 1,
                "dagon_5": 1,
                "famango": 1,
                "magic_wand": 7,
                "tpscroll": 3
            },
            "kda": 30,
            "kill_streaks": {
                "10": 1,
                "11": 1,
                "12": 1,
                "13": 1,
                "14": 1,
                "15": 1,
                "16": 1,
                "3": 1,
                "4": 1,
                "5": 1,
                "6": 1,
                "7": 1,
                "8": 1,
                "9": 1
            },
            "kills": 16,
            "kills_per_min": 0.614596670934699,
            "lane": 3,
            "lane_efficiency": 1.0414308811641066,
            "lane_efficiency_pct": 104,
            "lane_kills": 111,
            "lane_role": 3,
            "last_hits": 196,
            "leaver_status": 0,
            "level": 18,
            "life_state": {
                "0": 1559,
                "1": 3,
                "2": 2
            },
            "life_state_dead": 5,
            "lose": 0,
            "multi_kills": {
                "2": 4,
                "3": 1,
                "4": 1
            },
            "necronomicon_kills": 0,
            "net_worth": 20015,
            "neutral_kills": 76,
            "obs": {},
            "obs_left_log": [],
            "obs_log": [],
            "obs_placed": 0,
            "observer_kills": 0,
            "observer_uses": 0,
            "observers_placed": 0,
            "player_slot": 0,
            "purchase": {
                "arcane_boots": 1,
                "black_king_bar": 1,
                "blade_of_alacrity": 1,
                "blink": 1,
                "boots": 1,
                "branches": 2,
                "dagon": 1,
                "dagon_2": 1,
                "dagon_3": 1,
                "dagon_4": 1,
                "dagon_5": 1,
                "diadem": 1,
                "magic_wand": 1,
                "mithril_hammer": 1,
                "ogre_axe": 2,
                "point_booster": 1,
                "recipe_arcane_boots": 1,
                "recipe_black_king_bar": 1,
                "recipe_dagon": 5,
                "recipe_ring_of_basilius": 1,
                "ring_of_basilius": 1,
                "sobi_mask": 1,
                "staff_of_wizardry": 1,
                "tpscroll": 3,
                "ultimate_scepter": 1,
                "voodoo_mask": 1
            },
            "purchase_tpscroll": 3,
            "rank_tier": 80,
            "roshan_kills": 1,
            "rune_pickups": 2,
            "runes": {
                "5": 2
            },
            "sen": {},
            "sen_left_log": [],
            "sen_log": [],
            "sen_placed": 0,
            "sentry_kills": 0,
            "sentry_uses": 0,
            "stuns": 36.700043,
            "teamfight_participation": 0.7692308,
            "total_gold": 19603,
            "total_xp": 18561,
            "tower_damage": 10250,
            "tower_kills": 2,
            "win": 1,
            "xp_per_min": 713
        },
        {
            "abandons": 0,
            "account_id": 227946498,
            "actions_per_min": 302,
            "ancient_kills": 0,
            "assists": 17,
            "benchmarks": {
                "gold_per_min": {
                    "pct": 0.878194671016857,
                    "raw": 682
                },
                "hero_damage_per_min": {
                    "pct": 0.8771071234366503,
                    "raw": 822.6376440460947
                },
                "hero_healing_per_min": {
                    "pct": 0.7074497009244154,
                    "raw": 0
                },
                "kills_per_min": {
                    "pct": 0.5736813485589994,
                    "raw": 0.15364916773367476
                },
                "last_hits_per_min": {
                    "pct": 0.9874932028276238,
                    "raw": 6.069142125480154
                },
                "tower_damage": {
                    "pct": 0.8825448613376835,
                    "raw": 3538
                },
                "xp_per_min": {
                    "pct": 0.55573681348559,
                    "raw": 623
                }
            },
            "buyback_count": 0,
            "camps_stacked": 1,
            "courier_kills": 0,
            "creeps_stacked": 3,
            "deaths": 5,
            "denies": 3,
            "gold": 3492,
            "gold_per_min": 682,
            "gold_spent": 14075,
            "hero_damage": 21416,
            "hero_healing": 0,
            "hero_id": 62,
            "hero_kills": 4,
            "hero_variant": 1,
            "is_roaming": false,
            "item_uses": {
                "bottle": 33,
                "branches": 2,
                "quelling_blade": 1,
                "tango": 3,
                "tpscroll": 7,
                "ward_observer": 1
            },
            "kda": 3.5,
            "kill_streaks": {},
            "kills": 4,
            "kills_per_min": 0.15364916773367476,
            "lane": 2,
            "lane_efficiency": 0.9569523039611965,
            "lane_efficiency_pct": 95,
            "lane_kills": 113,
            "lane_role": 2,
            "last_hits": 158,
            "leaver_status": 0,
            "level": 17,
            "life_state": {
                "0": 1377,
                "1": 15,
                "2": 172
            },
            "life_state_dead": 187,
            "lose": 0,
            "multi_kills": {
                "2": 1
            },
            "necronomicon_kills": 0,
            "net_worth": 17177,
            "neutral_kills": 39,
            "obs": {
                "117": {
                    "127": 1
                }
            },
            "obs_left_log": [
                {
                    "attackername": "npc_dota_hero_sven",
                    "ehandle": 10586227,
                    "entityleft": true,
                    "key": "[117,127]",
                    "player_slot": 1,
                    "slot": 1,
                    "time": 288,
                    "type": "obs_left_log",
                    "x": 116.5,
                    "y": 126.9,
                    "z": 129
                }
            ],
            "obs_log": [
                {
                    "ehandle": 10586227,
                    "entityleft": false,
                    "key": "[117,127]",
                    "player_slot": 1,
                    "slot": 1,
                    "time": -56,
                    "type": "obs_log",
                    "x": 116.5,
                    "y": 126.9,
                    "z": 129
                }
            ],
            "obs_placed": 1,
            "observer_kills": 0,
            "observer_uses": 1,
            "observers_placed": 1,
            "pings": 4,
            "player_slot": 1,
            "purchase": {
                "angels_demise": 1,
                "blade_of_alacrity": 1,
                "blades_of_attack": 1,
                "boots": 1,
                "bottle": 1,
                "bracer": 1,
                "branches": 2,
                "circlet": 2,
                "claymore": 1,
                "diadem": 1,
                "gauntlets": 1,
                "lesser_crit": 1,
                "mantle": 1,
                "null_talisman": 1,
                "ogre_axe": 1,
                "phylactery": 1,
                "point_booster": 2,
                "quelling_blade": 1,
                "recipe_angels_demise": 1,
                "recipe_bracer": 1,
                "recipe_lesser_crit": 1,
                "recipe_null_talisman": 1,
                "recipe_phylactery": 1,
                "recipe_travel_boots": 1,
                "staff_of_wizardry": 1,
                "tango": 1,
                "tpscroll": 2,
                "ultimate_scepter": 1,
                "ward_observer": 1
            },
            "purchase_tpscroll": 2,
            "purchase_ward_observer": 1,
            "rank_tier": 73,
            "roshan_kills": 0,
            "rune_pickups": 8,
            "runes": {
                "5": 3,
                "6": 1,
                "7": 3,
                "9": 1
            },
            "sen": {},
            "sen_left_log": [],
            "sen_log": [],
            "sen_placed": 0,
            "sentry_kills": 0,
            "sentry_uses": 0,
            "stuns": 7.4333863,
            "teamfight_participation": 0.53846157,
            "total_gold": 17754,
            "total_xp": 16218,
            "tower_damage": 3538,
            "tower_kills": 1,
            "win": 1,
            "xp_per_min": 623
        },
        {
            "abandons": 0,
            "actions_per_min": 187,
            "ancient_kills": 0,
            "assists": 19,
            "benchmarks": {
                "gold_per_min": {
                    "pct": 0.7195945945945946,
                    "raw": 440
                },
                "hero_damage_per_min": {
                    "pct": 0.47635135135135137,
                    "raw": 435.40332906530085
                },
                "hero_healing_per_min": {
                    "pct": 0.8108108108108109,
                    "raw": 0
                },
                "kills_per_min": {
                    "pct": 0.7195945945945946,
                    "raw": 0.19206145966709345
                },
                "last_hits_per_min": {
                    "pct": 0.32432432432432434,
                    "raw": 1.6901408450704225
                },
                "tower_damage": {
                    "pct": 0.9290540540540541,
                    "raw": 3719
                },
                "xp_per_min": {
                    "pct": 0.44594594594594594,
                    "raw": 525
                }
            },
            "buyback_count": 0,
            "camps_stacked": 3,
            "courier_kills": 0,
            "creeps_stacked": 8,
            "deaths": 0,
            "denies": 0,
            "gold": 1612,
            "gold_per_min": 440,
            "gold_spent": 10455,
            "hero_damage": 11335,
            "hero_healing": 0,
            "hero_id": 65,
            "hero_kills": 5,
            "hero_variant": 1,
            "is_roaming": false,
            "item_uses": {
                "ancient_janggo": 7,
                "blink": 17,
                "blood_grenade": 3,
                "boots_of_bearing": 1,
                "clarity": 4,
                "famango": 2,
                "iron_talon": 1,
                "magic_stick": 1,
                "magic_wand": 10,
                "smoke_of_deceit": 2,
                "tango": 6,
                "tpscroll": 3,
                "ward_dispenser": 12,
                "ward_observer": 2,
                "ward_sentry": 4
            },
            "kda": 24,
            "kill_streaks": {
                "3": 1,
                "4": 1,
                "5": 1
            },
            "kills": 5,
            "kills_per_min": 0.19206145966709345,
            "lane": 3,
            "lane_efficiency": 0.47433306386418755,
            "lane_efficiency_pct": 47,
            "lane_kills": 25,
            "lane_role": 3,
            "last_hits": 44,
            "leaver_status": 0,
            "level": 15,
            "life_state": {
                "0": 1564
            },
            "life_state_dead": 0,
            "lose": 0,
            "multi_kills": {},
            "necronomicon_kills": 0,
            "net_worth": 10887,
            "neutral_kills": 11,
            "obs": {
                "103": {
                    "159": 1
                },
                "104": {
                    "142": 1
                },
                "135": {
                    "103": 1
                },
                "156": {
                    "102": 1
                }
            },
            "obs_left_log": [
                {
                    "attackername": "npc_dota_hero_batrider",
                    "ehandle": 11111665,
                    "entityleft": true,
                    "key": "[104,142]",
                    "player_slot": 2,
                    "slot": 2,
                    "time": 802,
                    "type": "obs_left_log",
                    "x": 104.2,
                    "y": 142,
                    "z": 129
                },
                {
                    "attackername": "npc_dota_hero_batrider",
                    "ehandle": 150045,
                    "entityleft": true,
                    "key": "[135,103]",
                    "player_slot": 2,
                    "slot": 2,
                    "time": 968,
                    "type": "obs_left_log",
                    "x": 134.7,
                    "y": 102.6,
                    "z": 130
                },
                {
                    "attackername": "npc_dota_hero_batrider",
                    "ehandle": 14470194,
                    "entityleft": true,
                    "key": "[103,159]",
                    "player_slot": 2,
                    "slot": 2,
                    "time": 1232,
                    "type": "obs_left_log",
                    "x": 102.7,
                    "y": 158.6,
                    "z": 130
                },
                {
                    "attackername": "npc_dota_hero_batrider",
                    "ehandle": 12356447,
                    "entityleft": true,
                    "key": "[156,102]",
                    "player_slot": 2,
                    "slot": 2,
                    "time": 1552,
                    "type": "obs_left_log",
                    "x": 156.3,
                    "y": 101.7,
                    "z": 129
                }
            ],
            "obs_log": [
                {
                    "ehandle": 11111665,
                    "entityleft": false,
                    "key": "[104,142]",
                    "player_slot": 2,
                    "slot": 2,
                    "time": 442,
                    "type": "obs_log",
                    "x": 104.2,
                    "y": 142,
                    "z": 129
                },
                {
                    "ehandle": 150045,
                    "entityleft": false,
                    "key": "[135,103]",
                    "player_slot": 2,
                    "slot": 2,
                    "time": 608,
                    "type": "obs_log",
                    "x": 134.7,
                    "y": 102.6,
                    "z": 130
                },
                {
                    "ehandle": 14470194,
                    "entityleft": false,
                    "key": "[103,159]",
                    "player_slot": 2,
                    "slot": 2,
                    "time": 872,
                    "type": "obs_log",
                    "x": 102.7,
                    "y": 158.6,
                    "z": 130
                },
                {
                    "ehandle": 12356447,
                    "entityleft": false,
                    "key": "[156,102]",
                    "player_slot": 2,
                    "slot": 2,
                    "time": 1192,
                    "type": "obs_log",
                    "x": 156.3,
                    "y": 101.7,
                    "z": 129
                }
            ],
            "obs_placed": 4,
            "observer_kills": 1,
            "observer_uses": 2,
            "observers_placed": 4,
            "pings": 8,
            "player_slot": 2,
            "purchase": {
                "ancient_janggo": 1,
                "belt_of_strength": 1,
                "blink": 1,
                "blood_grenade": 3,
                "boots": 1,
                "boots_of_bearing": 1,
                "branches": 2,
                "clarity": 4,
                "fluffy_hat": 1,
                "force_staff": 1,
                "magic_stick": 1,
                "magic_wand": 1,
                "recipe_ancient_janggo": 1,
                "recipe_boots_of_bearing": 1,
                "recipe_force_staff": 1,
                "recipe_magic_wand": 1,
                "ring_of_regen": 1,
                "robe": 1,
                "smoke_of_deceit": 2,
                "staff_of_wizardry": 1,
                "tango": 2,
                "tpscroll": 3,
                "tranquil_boots": 1,
                "ward_dispenser": 5,
                "ward_observer": 4,
                "ward_sentry": 7,
                "wind_lace": 2
            },
            "purchase_tpscroll": 3,
            "purchase_ward_observer": 4,
            "purchase_ward_sentry": 7,
            "rank_tier": null,
            "roshan_kills": 0,
            "rune_pickups": 4,
            "runes": {
                "3": 1,
                "5": 1,
                "8": 2
            },
            "sen": {
                "102": {
                    "164": 1
                },
                "108": {
                    "163": 1
                },
                "122": {
                    "156": 1
                },
                "124": {
                    "126": 1
                },
                "134": {
                    "103": 1
                },
                "158": {
                    "92": 1
                },
                "164": {
                    "134": 1
                }
            },
            "sen_left_log": [
                {
                    "attackername": "npc_dota_hero_monkey_king",
                    "ehandle": 13782310,
                    "entityleft": true,
                    "key": "[102,164]",
                    "player_slot": 2,
                    "slot": 2,
                    "time": 340,
                    "type": "sen_left_log",
                    "x": 102.1,
                    "y": 163.7,
                    "z": 129
                },
                {
                    "attackername": "npc_dota_hero_sven",
                    "ehandle": 2788308,
                    "entityleft": true,
                    "key": "[108,163]",
                    "player_slot": 2,
                    "slot": 2,
                    "time": 988,
                    "type": "sen_left_log",
                    "x": 107.8,
                    "y": 163,
                    "z": 130
                },
                {
                    "attackername": "npc_dota_hero_batrider",
                    "ehandle": 4230275,
                    "entityleft": true,
                    "key": "[134,103]",
                    "player_slot": 2,
                    "slot": 2,
                    "time": 1027,
                    "type": "sen_left_log",
                    "x": 133.9,
                    "y": 103,
                    "z": 130
                },
                {
                    "attackername": "npc_dota_hero_batrider",
                    "ehandle": 13913582,
                    "entityleft": true,
                    "key": "[124,126]",
                    "player_slot": 2,
                    "slot": 2,
                    "time": 1079,
                    "type": "sen_left_log",
                    "x": 123.7,
                    "y": 125.6,
                    "z": 128
                },
                {
                    "attackername": "npc_dota_hero_batrider",
                    "ehandle": 3951539,
                    "entityleft": true,
                    "key": "[122,156]",
                    "player_slot": 2,
                    "slot": 2,
                    "time": 1569,
                    "type": "sen_left_log",
                    "x": 122.1,
                    "y": 156,
                    "z": 132.1
                },
                {
                    "attackername": "npc_dota_hero_batrider",
                    "ehandle": 5540282,
                    "entityleft": true,
                    "key": "[158,92]",
                    "player_slot": 2,
                    "slot": 2,
                    "time": 1608,
                    "type": "sen_left_log",
                    "x": 158,
                    "y": 92.1,
                    "z": 132.2
                },
                {
                    "attackername": "npc_dota_hero_batrider",
                    "ehandle": 4492692,
                    "entityleft": true,
                    "key": "[164,134]",
                    "player_slot": 2,
                    "slot": 2,
                    "time": 1696,
                    "type": "sen_left_log",
                    "x": 163.8,
                    "y": 134.1,
                    "z": 132.1
                }
            ],
            "sen_log": [
                {
                    "ehandle": 13782310,
                    "entityleft": false,
                    "key": "[102,164]",
                    "player_slot": 2,
                    "slot": 2,
                    "time": 278,
                    "type": "sen_log",
                    "x": 102.1,
                    "y": 163.7,
                    "z": 129
                },
                {
                    "ehandle": 4230275,
                    "entityleft": false,
                    "key": "[134,103]",
                    "player_slot": 2,
                    "slot": 2,
                    "time": 607,
                    "type": "sen_log",
                    "x": 133.9,
                    "y": 103,
                    "z": 130
                },
                {
                    "ehandle": 13913582,
                    "entityleft": false,
                    "key": "[124,126]",
                    "player_slot": 2,
                    "slot": 2,
                    "time": 659,
                    "type": "sen_log",
                    "x": 123.7,
                    "y": 125.6,
                    "z": 128
                },
                {
                    "ehandle": 2788308,
                    "entityleft": false,
                    "key": "[108,163]",
                    "player_slot": 2,
                    "slot": 2,
                    "time": 901,
                    "type": "sen_log",
                    "x": 107.8,
                    "y": 163,
                    "z": 130
                },
                {
                    "ehandle": 3951539,
                    "entityleft": false,
                    "key": "[122,156]",
                    "player_slot": 2,
                    "slot": 2,
                    "time": 1149,
                    "type": "sen_log",
                    "x": 122.1,
                    "y": 156,
                    "z": 132.1
                },
                {
                    "ehandle": 5540282,
                    "entityleft": false,
                    "key": "[158,92]",
                    "player_slot": 2,
                    "slot": 2,
                    "time": 1188,
                    "type": "sen_log",
                    "x": 158,
                    "y": 92.1,
                    "z": 132.2
                },
                {
                    "ehandle": 4492692,
                    "entityleft": false,
                    "key": "[164,134]",
                    "player_slot": 2,
                    "slot": 2,
                    "time": 1276,
                    "type": "sen_log",
                    "x": 163.8,
                    "y": 134.1,
                    "z": 132.1
                }
            ],
            "sen_placed": 7,
            "sentry_kills": 2,
            "sentry_uses": 4,
            "stuns": 24.666382,
            "teamfight_participation": 0.61538464,
            "total_gold": 11454,
            "total_xp": 13667,
            "tower_damage": 3719,
            "tower_kills": 3,
            "win": 1,
            "xp_per_min": 525
        },
        {
            "abandons": 0,
            "account_id": 147472490,
            "actions_per_min": 317,
            "ancient_kills": 30,
            "assists": 13,
            "benchmarks": {
                "gold_per_min": {
                    "pct": 0.9308803301237965,
                    "raw": 821
                },
                "hero_damage_per_min": {
                    "pct": 0.4855570839064649,
                    "raw": 731.6389244558259
                },
                "hero_healing_per_min": {
                    "pct": 0.9652682255845942,
                    "raw": 0
                },
                "kills_per_min": {
                    "pct": 0.8208390646492435,
                    "raw": 0.4609475032010243
                },
                "last_hits_per_min": {
                    "pct": 0.9406808803301238,
                    "raw": 10.140845070422536
                },
                "tower_damage": {
                    "pct": 0.936726272352132,
                    "raw": 14096
                },
                "xp_per_min": {
                    "pct": 0.5347317744154058,
                    "raw": 844
                }
            },
            "buyback_count": 0,
            "camps_stacked": 0,
            "courier_kills": 0,
            "creeps_stacked": 0,
            "deaths": 1,
            "denies": 7,
            "gold": 1732,
            "gold_per_min": 821,
            "gold_spent": 20310,
            "hero_damage": 19047,
            "hero_healing": 0,
            "hero_id": 44,
            "hero_kills": 12,
            "hero_variant": 2,
            "is_roaming": false,
            "item_uses": {
                "bfury": 25,
                "magic_stick": 1,
                "magic_wand": 8,
                "nullifier": 4,
                "quelling_blade": 32,
                "satanic": 1,
                "tango": 6,
                "tpscroll": 1
            },
            "kda": 12.5,
            "kill_streaks": {
                "3": 2,
                "4": 2,
                "5": 1,
                "6": 1,
                "7": 1,
                "8": 1
            },
            "kills": 12,
            "kills_per_min": 0.4609475032010243,
            "lane": 1,
            "lane_efficiency": 0.8932902182700081,
            "lane_efficiency_pct": 89,
            "lane_kills": 120,
            "lane_role": 1,
            "last_hits": 264,
            "leaver_status": 0,
            "level": 20,
            "life_state": {
                "0": 1536,
                "1": 1,
                "2": 27
            },
            "life_state_dead": 28,
            "lose": 0,
            "multi_kills": {
                "2": 2
            },
            "necronomicon_kills": 0,
            "net_worth": 21912,
            "neutral_kills": 136,
            "obs": {},
            "obs_left_log": [],
            "obs_log": [],
            "obs_placed": 0,
            "observer_kills": 0,
            "observer_uses": 0,
            "observers_placed": 0,
            "player_slot": 3,
            "purchase": {
                "belt_of_strength": 1,
                "bfury": 1,
                "blade_of_alacrity": 1,
                "boots": 1,
                "boots_of_elves": 2,
                "branches": 2,
                "broadsword": 1,
                "circlet": 1,
                "claymore": 2,
                "cornucopia": 1,
                "gloves": 1,
                "helm_of_iron_will": 1,
                "lifesteal": 1,
                "magic_stick": 1,
                "magic_wand": 1,
                "nullifier": 1,
                "ogre_axe": 1,
                "power_treads": 1,
                "quelling_blade": 1,
                "reaver": 1,
                "recipe_bfury": 1,
                "recipe_magic_wand": 1,
                "recipe_sange": 1,
                "recipe_wraith_band": 1,
                "recipe_yasha": 1,
                "relic": 1,
                "sange": 1,
                "sange_and_yasha": 1,
                "satanic": 1,
                "slippers": 1,
                "tango": 2,
                "wraith_band": 1,
                "yasha": 1
            },
            "rank_tier": 52,
            "roshan_kills": 0,
            "rune_pickups": 2,
            "runes": {
                "5": 1,
                "8": 1
            },
            "sen": {},
            "sen_left_log": [],
            "sen_log": [],
            "sen_placed": 0,
            "sentry_kills": 0,
            "sentry_uses": 0,
            "stuns": 0,
            "teamfight_participation": 0.64102566,
            "total_gold": 21373,
            "total_xp": 21972,
            "tower_damage": 14096,
            "tower_kills": 4,
            "win": 1,
            "xp_per_min": 844
        },
        {
            "abandons": 0,
            "account_id": 905210268,
            "actions_per_min": 288,
            "ancient_kills": 0,
            "assists": 20,
            "benchmarks": {
                "gold_per_min": {
                    "pct": 0.7382425742574258,
                    "raw": 393
                },
                "hero_damage_per_min": {
                    "pct": 0.7506188118811881,
                    "raw": 369.75672215108835
                },
                "hero_healing_per_min": {
                    "pct": 0.8960396039603961,
                    "raw": 425.14724711907814
                },
                "kills_per_min": {
                    "pct": 0.24814356435643564,
                    "raw": 0.03841229193341869
                },
                "last_hits_per_min": {
                    "pct": 0.6126237623762376,
                    "raw": 1.76696542893726
                },
                "tower_damage": {
                    "pct": 0.8285891089108911,
                    "raw": 2121
                },
                "xp_per_min": {
                    "pct": 0.551980198019802,
                    "raw": 535
                }
            },
            "buyback_count": 0,
            "camps_stacked": 0,
            "courier_kills": 0,
            "creeps_stacked": 0,
            "deaths": 3,
            "denies": 2,
            "gold": 2554,
            "gold_per_min": 393,
            "gold_spent": 8295,
            "hero_damage": 9626,
            "hero_healing": 11068,
            "hero_id": 57,
            "hero_kills": 1,
            "hero_variant": 2,
            "is_roaming": false,
            "item_uses": {
                "arcane_boots": 11,
                "blood_grenade": 2,
                "branches": 1,
                "enchanted_mango": 4,
                "famango": 2,
                "flask": 5,
                "guardian_greaves": 4,
                "magic_stick": 8,
                "mekansm": 2,
                "smoke_of_deceit": 1,
                "soul_ring": 3,
                "tango": 3,
                "tpscroll": 6,
                "trusty_shovel": 18,
                "ward_dispenser": 6,
                "ward_observer": 3,
                "ward_sentry": 2
            },
            "kda": 5.25,
            "kill_streaks": {},
            "kills": 1,
            "kills_per_min": 0.03841229193341869,
            "lane": 1,
            "lane_efficiency": 0.4033953112368634,
            "lane_efficiency_pct": 40,
            "lane_kills": 38,
            "lane_role": 1,
            "last_hits": 46,
            "leaver_status": 0,
            "level": 15,
            "life_state": {
                "0": 1488,
                "1": 8,
                "2": 68
            },
            "life_state_dead": 76,
            "lose": 0,
            "multi_kills": {},
            "necronomicon_kills": 0,
            "net_worth": 9809,
            "neutral_kills": 4,
            "obs": {
                "136": {
                    "154": 1
                },
                "153": {
                    "152": 1
                },
                "158": {
                    "92": 3
                }
            },
            "obs_left_log": [
                {
                    "attackername": "npc_dota_hero_pugna",
                    "ehandle": 2820216,
                    "entityleft": true,
                    "key": "[158,92]",
                    "player_slot": 4,
                    "slot": 4,
                    "time": 266,
                    "type": "obs_left_log",
                    "x": 158.1,
                    "y": 92.3,
                    "z": 132.2
                },
                {
                    "attackername": "npc_dota_hero_windrunner",
                    "ehandle": 1969634,
                    "entityleft": true,
                    "key": "[158,92]",
                    "player_slot": 4,
                    "slot": 4,
                    "time": 499,
                    "type": "obs_left_log",
                    "x": 158.1,
                    "y": 91.9,
                    "z": 132.2
                },
                {
                    "attackername": "npc_dota_hero_pugna",
                    "ehandle": 609576,
                    "entityleft": true,
                    "key": "[158,92]",
                    "player_slot": 4,
                    "slot": 4,
                    "time": 773,
                    "type": "obs_left_log",
                    "x": 158.1,
                    "y": 91.9,
                    "z": 132.2
                },
                {
                    "attackername": "npc_dota_creep_badguys_melee",
                    "ehandle": 15486351,
                    "entityleft": true,
                    "key": "[153,152]",
                    "player_slot": 4,
                    "slot": 4,
                    "time": 1266,
                    "type": "obs_left_log",
                    "x": 152.9,
                    "y": 151.8,
                    "z": 129
                },
                {
                    "attackername": "npc_dota_hero_omniknight",
                    "ehandle": 11341247,
                    "entityleft": true,
                    "key": "[136,154]",
                    "player_slot": 4,
                    "slot": 4,
                    "time": 1431,
                    "type": "obs_left_log",
                    "x": 136,
                    "y": 154,
                    "z": 131.1
                }
            ],
            "obs_log": [
                {
                    "ehandle": 2820216,
                    "entityleft": false,
                    "key": "[158,92]",
                    "player_slot": 4,
                    "slot": 4,
                    "time": -38,
                    "type": "obs_log",
                    "x": 158.1,
                    "y": 92.3,
                    "z": 132.2
                },
                {
                    "ehandle": 1969634,
                    "entityleft": false,
                    "key": "[158,92]",
                    "player_slot": 4,
                    "slot": 4,
                    "time": 481,
                    "type": "obs_log",
                    "x": 158.1,
                    "y": 91.9,
                    "z": 132.2
                },
                {
                    "ehandle": 609576,
                    "entityleft": false,
                    "key": "[158,92]",
                    "player_slot": 4,
                    "slot": 4,
                    "time": 723,
                    "type": "obs_log",
                    "x": 158.1,
                    "y": 91.9,
                    "z": 132.2
                },
                {
                    "ehandle": 11341247,
                    "entityleft": false,
                    "key": "[136,154]",
                    "player_slot": 4,
                    "slot": 4,
                    "time": 1071,
                    "type": "obs_log",
                    "x": 136,
                    "y": 154,
                    "z": 131.1
                },
                {
                    "ehandle": 15486351,
                    "entityleft": false,
                    "key": "[153,152]",
                    "player_slot": 4,
                    "slot": 4,
                    "time": 1077,
                    "type": "obs_log",
                    "x": 152.9,
                    "y": 151.8,
                    "z": 129
                }
            ],
            "obs_placed": 5,
            "observer_kills": 1,
            "observer_uses": 3,
            "observers_placed": 5,
            "pings": 31,
            "player_slot": 4,
            "purchase": {
                "aghanims_shard": 1,
                "arcane_boots": 1,
                "blood_grenade": 2,
                "boots": 1,
                "branches": 1,
                "buckler": 1,
                "chainmail": 1,
                "gauntlets": 2,
                "guardian_greaves": 1,
                "headdress": 1,
                "magic_stick": 1,
                "mekansm": 1,
                "quelling_blade": 1,
                "recipe_arcane_boots": 1,
                "recipe_buckler": 1,
                "recipe_guardian_greaves": 1,
                "recipe_headdress": 1,
                "recipe_mekansm": 1,
                "recipe_ring_of_basilius": 1,
                "recipe_soul_ring": 1,
                "ring_of_basilius": 1,
                "ring_of_protection": 2,
                "ring_of_regen": 1,
                "smoke_of_deceit": 1,
                "sobi_mask": 1,
                "soul_ring": 1,
                "tango": 1,
                "tpscroll": 3,
                "ward_dispenser": 5,
                "ward_observer": 5,
                "ward_sentry": 5
            },
            "purchase_tpscroll": 3,
            "purchase_ward_observer": 5,
            "purchase_ward_sentry": 5,
            "rank_tier": 75,
            "roshan_kills": 0,
            "rune_pickups": 3,
            "runes": {
                "5": 2,
                "8": 1
            },
            "sen": {
                "136": {
                    "154": 1
                },
                "158": {
                    "89": 1,
                    "92": 1
                },
                "160": {
                    "121": 1
                },
                "165": {
                    "93": 1
                }
            },
            "sen_left_log": [
                {
                    "attackername": "npc_dota_hero_omniknight",
                    "ehandle": 2935524,
                    "entityleft": true,
                    "key": "[158,89]",
                    "player_slot": 4,
                    "slot": 4,
                    "time": 480,
                    "type": "sen_left_log",
                    "x": 157.7,
                    "y": 89.4,
                    "z": 129
                },
                {
                    "attackername": "npc_dota_hero_sven",
                    "ehandle": 2346393,
                    "entityleft": true,
                    "key": "[165,93]",
                    "player_slot": 4,
                    "slot": 4,
                    "time": 501,
                    "type": "sen_left_log",
                    "x": 165.1,
                    "y": 93.3,
                    "z": 129
                },
                {
                    "attackername": "npc_dota_hero_pugna",
                    "ehandle": 14453810,
                    "entityleft": true,
                    "key": "[158,92]",
                    "player_slot": 4,
                    "slot": 4,
                    "time": 776,
                    "type": "sen_left_log",
                    "x": 158.1,
                    "y": 92,
                    "z": 132.2
                },
                {
                    "attackername": "npc_dota_hero_omniknight",
                    "ehandle": 13028614,
                    "entityleft": true,
                    "key": "[160,121]",
                    "player_slot": 4,
                    "slot": 4,
                    "time": 1433,
                    "type": "sen_left_log",
                    "x": 159.9,
                    "y": 120.8,
                    "z": 130
                },
                {
                    "attackername": "npc_dota_hero_omniknight",
                    "ehandle": 15714979,
                    "entityleft": true,
                    "key": "[136,154]",
                    "player_slot": 4,
                    "slot": 4,
                    "time": 1491,
                    "type": "sen_left_log",
                    "x": 136,
                    "y": 154,
                    "z": 131.1
                }
            ],
            "sen_log": [
                {
                    "ehandle": 2935524,
                    "entityleft": false,
                    "key": "[158,89]",
                    "player_slot": 4,
                    "slot": 4,
                    "time": 60,
                    "type": "sen_log",
                    "x": 157.7,
                    "y": 89.4,
                    "z": 129
                },
                {
                    "ehandle": 2346393,
                    "entityleft": false,
                    "key": "[165,93]",
                    "player_slot": 4,
                    "slot": 4,
                    "time": 483,
                    "type": "sen_log",
                    "x": 165.1,
                    "y": 93.3,
                    "z": 129
                },
                {
                    "ehandle": 14453810,
                    "entityleft": false,
                    "key": "[158,92]",
                    "player_slot": 4,
                    "slot": 4,
                    "time": 720,
                    "type": "sen_log",
                    "x": 158.1,
                    "y": 92,
                    "z": 132.2
                },
                {
                    "ehandle": 13028614,
                    "entityleft": false,
                    "key": "[160,121]",
                    "player_slot": 4,
                    "slot": 4,
                    "time": 1013,
                    "type": "sen_log",
                    "x": 159.9,
                    "y": 120.8,
                    "z": 130
                },
                {
                    "ehandle": 15714979,
                    "entityleft": false,
                    "key": "[136,154]",
                    "player_slot": 4,
                    "slot": 4,
                    "time": 1071,
                    "type": "sen_log",
                    "x": 136,
                    "y": 154,
                    "z": 131.1
                }
            ],
            "sen_placed": 5,
            "sentry_kills": 3,
            "sentry_uses": 2,
            "stuns": 0,
            "teamfight_participation": 0.53846157,
            "total_gold": 10231,
            "total_xp": 13927,
            "tower_damage": 2121,
            "tower_kills": 1,
            "win": 1,
            "xp_per_min": 535
        },
        {
            "abandons": 0,
            "account_id": 1451182328,
            "actions_per_min": 275,
            "ancient_kills": 0,
            "assists": 2,
            "benchmarks": {
                "gold_per_min": {
                    "pct": 0.16060727127447064,
                    "raw": 352
                },
                "hero_damage_per_min": {
                    "pct": 0.20655213743507791,
                    "raw": 373.48271446863
                },
                "hero_healing_per_min": {
                    "pct": 0.9500599280862965,
                    "raw": 0
                },
                "kills_per_min": {
                    "pct": 0.06951658010387535,
                    "raw": 0.03841229193341869
                },
                "last_hits_per_min": {
                    "pct": 0.5936875749101078,
                    "raw": 5.800256081946223
                },
                "tower_damage": {
                    "pct": 0.1809828206152617,
                    "raw": 0
                },
                "xp_per_min": {
                    "pct": 0.14622453056332402,
                    "raw": 421
                }
            },
            "buyback_count": 0,
            "camps_stacked": 2,
            "courier_kills": 0,
            "creeps_stacked": 4,
            "deaths": 9,
            "denies": 5,
            "gold": 557,
            "gold_per_min": 352,
            "gold_spent": 7840,
            "hero_damage": 9723,
            "hero_healing": 0,
            "hero_id": 114,
            "hero_kills": 1,
            "hero_variant": 1,
            "is_roaming": false,
            "item_uses": {
                "clarity": 2,
                "gungir": 3,
                "ironwood_tree": 1,
                "magic_wand": 15,
                "power_treads": 6,
                "quelling_blade": 5,
                "tango": 3,
                "tpscroll": 6
            },
            "kda": 0.3,
            "kill_streaks": {},
            "kills": 1,
            "kills_per_min": 0.03841229193341869,
            "lane": 3,
            "lane_efficiency": 0.7342360549717057,
            "lane_efficiency_pct": 73,
            "lane_kills": 81,
            "lane_role": 1,
            "last_hits": 151,
            "leaver_status": 0,
            "level": 14,
            "life_state": {
                "0": 1226,
                "1": 31,
                "2": 307
            },
            "life_state_dead": 338,
            "lose": 1,
            "multi_kills": {},
            "necronomicon_kills": 0,
            "net_worth": 8307,
            "neutral_kills": 70,
            "obs": {},
            "obs_left_log": [],
            "obs_log": [],
            "obs_placed": 0,
            "observer_kills": 0,
            "observer_uses": 0,
            "observers_placed": 0,
            "pings": 2,
            "player_slot": 128,
            "purchase": {
                "boots": 1,
                "boots_of_elves": 1,
                "branches": 2,
                "clarity": 2,
                "gloves": 2,
                "gungir": 1,
                "javelin": 1,
                "maelstrom": 1,
                "magic_stick": 1,
                "magic_wand": 1,
                "mithril_hammer": 1,
                "orb_of_venom": 1,
                "power_treads": 1,
                "quelling_blade": 1,
                "recipe_gungir": 1,
                "recipe_magic_wand": 1,
                "recipe_rod_of_atos": 1,
                "rod_of_atos": 1,
                "staff_of_wizardry": 1,
                "tango": 1,
                "vitality_booster": 1
            },
            "rank_tier": 73,
            "roshan_kills": 0,
            "rune_pickups": 0,
            "runes": {},
            "sen": {},
            "sen_left_log": [],
            "sen_log": [],
            "sen_placed": 0,
            "sentry_kills": 1,
            "sentry_uses": 0,
            "stuns": 25.00005,
            "teamfight_participation": 0.22222222,
            "total_gold": 9163,
            "total_xp": 10960,
            "tower_damage": 0,
            "tower_kills": 0,
            "win": 0,
            "xp_per_min": 421
        },
        {
            "abandons": 0,
            "account_id": 224631583,
            "actions_per_min": 230,
            "ancient_kills": 0,
            "assists": 5,
            "benchmarks": {
                "gold_per_min": {
                    "pct": 0.01509433962264151,
                    "raw": 213
                },
                "hero_damage_per_min": {
                    "pct": 0.17735849056603772,
                    "raw": 254.55825864276568
                },
                "hero_healing_per_min": {
                    "pct": 0.8231805929919137,
                    "raw": 0
                },
                "kills_per_min": {
                    "pct": 0.12237196765498652,
                    "raw": 0.03841229193341869
                },
                "last_hits_per_min": {
                    "pct": 0.045283018867924525,
                    "raw": 0.88348271446863
                },
                "tower_damage": {
                    "pct": 0.1477088948787062,
                    "raw": 0
                },
                "xp_per_min": {
                    "pct": 0.008086253369272238,
                    "raw": 206
                }
            },
            "buyback_count": 0,
            "camps_stacked": 1,
            "courier_kills": 0,
            "creeps_stacked": 2,
            "deaths": 10,
            "denies": 0,
            "gold": 22,
            "gold_per_min": 213,
            "gold_spent": 5835,
            "hero_damage": 6627,
            "hero_healing": 0,
            "hero_id": 18,
            "hero_kills": 1,
            "hero_variant": 1,
            "is_roaming": true,
            "item_uses": {
                "arcane_boots": 7,
                "blood_grenade": 3,
                "dust": 4,
                "enchanted_mango": 2,
                "faerie_fire": 1,
                "famango": 2,
                "magic_stick": 7,
                "magic_wand": 4,
                "royal_jelly": 5,
                "smoke_of_deceit": 3,
                "tango": 9,
                "tpscroll": 6,
                "ward_dispenser": 23,
                "ward_observer": 1,
                "ward_sentry": 5
            },
            "kda": 0.55,
            "kill_streaks": {},
            "kills": 1,
            "kills_per_min": 0.03841229193341869,
            "lane": 3,
            "lane_efficiency": 0.4646321746160065,
            "lane_efficiency_pct": 46,
            "lane_kills": 19,
            "lane_role": 1,
            "last_hits": 23,
            "leaver_status": 0,
            "level": 9,
            "life_state": {
                "0": 1302,
                "1": 11,
                "2": 251
            },
            "life_state_dead": 262,
            "lose": 1,
            "multi_kills": {},
            "necronomicon_kills": 0,
            "net_worth": 3942,
            "neutral_kills": 0,
            "obs": {
                "103": {
                    "157": 1
                },
                "118": {
                    "148": 1
                },
                "128": {
                    "114": 1
                },
                "149": {
                    "118": 1
                }
            },
            "obs_left_log": [
                {
                    "attackername": "npc_dota_hero_sven",
                    "ehandle": 5343621,
                    "entityleft": true,
                    "key": "[103,157]",
                    "player_slot": 129,
                    "slot": 6,
                    "time": 696,
                    "type": "obs_left_log",
                    "x": 102.9,
                    "y": 157.4,
                    "z": 130
                },
                {
                    "attackername": "npc_dota_hero_sven",
                    "ehandle": 4278730,
                    "entityleft": true,
                    "key": "[128,114]",
                    "player_slot": 129,
                    "slot": 6,
                    "time": 1276,
                    "type": "obs_left_log",
                    "x": 127.5,
                    "y": 114,
                    "z": 130
                },
                {
                    "attackername": "npc_dota_hero_sven",
                    "ehandle": 13536625,
                    "entityleft": true,
                    "key": "[149,118]",
                    "player_slot": 129,
                    "slot": 6,
                    "time": 1282,
                    "type": "obs_left_log",
                    "x": 148.8,
                    "y": 117.8,
                    "z": 130
                },
                {
                    "attackername": "npc_dota_hero_sven",
                    "ehandle": 14634365,
                    "entityleft": true,
                    "key": "[118,148]",
                    "player_slot": 129,
                    "slot": 6,
                    "time": 1333,
                    "type": "obs_left_log",
                    "x": 117.8,
                    "y": 147.7,
                    "z": 130
                }
            ],
            "obs_log": [
                {
                    "ehandle": 5343621,
                    "entityleft": false,
                    "key": "[103,157]",
                    "player_slot": 129,
                    "slot": 6,
                    "time": 336,
                    "type": "obs_log",
                    "x": 102.9,
                    "y": 157.4,
                    "z": 130
                },
                {
                    "ehandle": 4278730,
                    "entityleft": false,
                    "key": "[128,114]",
                    "player_slot": 129,
                    "slot": 6,
                    "time": 916,
                    "type": "obs_log",
                    "x": 127.5,
                    "y": 114,
                    "z": 130
                },
                {
                    "ehandle": 13536625,
                    "entityleft": false,
                    "key": "[149,118]",
                    "player_slot": 129,
                    "slot": 6,
                    "time": 922,
                    "type": "obs_log",
                    "x": 148.8,
                    "y": 117.8,
                    "z": 130
                },
                {
                    "ehandle": 14634365,
                    "entityleft": false,
                    "key": "[118,148]",
                    "player_slot": 129,
                    "slot": 6,
                    "time": 973,
                    "type": "obs_log",
                    "x": 117.8,
                    "y": 147.7,
                    "z": 130
                }
            ],
            "obs_placed": 4,
            "observer_kills": 1,
            "observer_uses": 1,
            "observers_placed": 4,
            "pings": 12,
            "player_slot": 129,
            "purchase": {
                "arcane_boots": 1,
                "blood_grenade": 3,
                "boots": 1,
                "branches": 2,
                "chainmail": 1,
                "dust": 6,
                "enchanted_mango": 3,
                "faerie_fire": 1,
                "flask": 1,
                "headdress": 1,
                "magic_stick": 1,
                "magic_wand": 1,
                "mekansm": 1,
                "recipe_arcane_boots": 1,
                "recipe_headdress": 1,
                "recipe_magic_wand": 1,
                "recipe_mekansm": 1,
                "recipe_ring_of_basilius": 1,
                "ring_of_basilius": 1,
                "ring_of_regen": 1,
                "smoke_of_deceit": 4,
                "sobi_mask": 1,
                "tango": 3,
                "ward_dispenser": 16,
                "ward_observer": 7,
                "ward_sentry": 17
            },
            "purchase_ward_observer": 7,
            "purchase_ward_sentry": 17,
            "rank_tier": 80,
            "roshan_kills": 0,
            "rune_pickups": 1,
            "runes": {
                "5": 1
            },
            "sen": {
                "103": {
                    "157": 1
                },
                "106": {
                    "164": 1
                },
                "114": {
                    "167": 1
                },
                "122": {
                    "125": 1,
                    "156": 1
                },
                "128": {
                    "114": 1
                },
                "134": {
                    "126": 2
                },
                "149": {
                    "118": 1,
                    "156": 1
                },
                "152": {
                    "180": 1
                },
                "156": {
                    "165": 1,
                    "166": 1
                },
                "158": {
                    "92": 1
                },
                "166": {
                    "152": 1
                }
            },
            "sen_left_log": [
                {
                    "attackername": "npc_dota_hero_batrider",
                    "ehandle": 9079440,
                    "entityleft": true,
                    "key": "[106,164]",
                    "player_slot": 129,
                    "slot": 6,
                    "time": 290,
                    "type": "sen_left_log",
                    "x": 105.6,
                    "y": 164.2,
                    "z": 130
                },
                {
                    "attackername": "npc_dota_creep_goodguys_melee",
                    "ehandle": 10734919,
                    "entityleft": true,
                    "key": "[122,125]",
                    "player_slot": 129,
                    "slot": 6,
                    "time": 662,
                    "type": "sen_left_log",
                    "x": 122.2,
                    "y": 125.2,
                    "z": 128
                },
                {
                    "attackername": "npc_dota_hero_sven",
                    "ehandle": 2608388,
                    "entityleft": true,
                    "key": "[134,126]",
                    "player_slot": 129,
                    "slot": 6,
                    "time": 692,
                    "type": "sen_left_log",
                    "x": 134,
                    "y": 125.8,
                    "z": 129
                },
                {
                    "attackername": "npc_dota_hero_omniknight",
                    "ehandle": 12568853,
                    "entityleft": true,
                    "key": "[158,92]",
                    "player_slot": 129,
                    "slot": 6,
                    "time": 723,
                    "type": "sen_left_log",
                    "x": 158,
                    "y": 92.1,
                    "z": 132.2
                },
                {
                    "attackername": "npc_dota_hero_sven",
                    "ehandle": 9981435,
                    "entityleft": true,
                    "key": "[103,157]",
                    "player_slot": 129,
                    "slot": 6,
                    "time": 755,
                    "type": "sen_left_log",
                    "x": 102.9,
                    "y": 157.1,
                    "z": 130
                },
                {
                    "attackername": "npc_dota_hero_sven",
                    "ehandle": 2002063,
                    "entityleft": true,
                    "key": "[128,114]",
                    "player_slot": 129,
                    "slot": 6,
                    "time": 1113,
                    "type": "sen_left_log",
                    "x": 127.6,
                    "y": 114,
                    "z": 130
                },
                {
                    "attackername": "npc_dota_hero_batrider",
                    "ehandle": 5392708,
                    "entityleft": true,
                    "key": "[122,156]",
                    "player_slot": 129,
                    "slot": 6,
                    "time": 1152,
                    "type": "sen_left_log",
                    "x": 122,
                    "y": 156,
                    "z": 132.1
                },
                {
                    "attackername": "npc_dota_hero_sven",
                    "ehandle": 6621545,
                    "entityleft": true,
                    "key": "[149,118]",
                    "player_slot": 129,
                    "slot": 6,
                    "time": 1344,
                    "type": "sen_left_log",
                    "x": 148.8,
                    "y": 117.8,
                    "z": 130
                },
                {
                    "attackername": "npc_dota_hero_sven",
                    "ehandle": 2624471,
                    "entityleft": true,
                    "key": "[114,167]",
                    "player_slot": 129,
                    "slot": 6,
                    "time": 1402,
                    "type": "sen_left_log",
                    "x": 114.1,
                    "y": 167,
                    "z": 130
                },
                {
                    "attackername": "npc_dota_hero_sven",
                    "ehandle": 1739081,
                    "entityleft": true,
                    "key": "[134,126]",
                    "player_slot": 129,
                    "slot": 6,
                    "time": 1448,
                    "type": "sen_left_log",
                    "x": 133.7,
                    "y": 126.2,
                    "z": 129
                },
                {
                    "attackername": "npc_dota_hero_sven",
                    "ehandle": 11419901,
                    "entityleft": true,
                    "key": "[166,152]",
                    "player_slot": 129,
                    "slot": 6,
                    "time": 1679,
                    "type": "sen_left_log",
                    "x": 166.3,
                    "y": 151.5,
                    "z": 130
                },
                {
                    "attackername": "npc_dota_hero_sven",
                    "ehandle": 16747988,
                    "entityleft": true,
                    "key": "[149,156]",
                    "player_slot": 129,
                    "slot": 6,
                    "time": 1683,
                    "type": "sen_left_log",
                    "x": 149.1,
                    "y": 155.8,
                    "z": 129
                }
            ],
            "sen_log": [
                {
                    "ehandle": 9079440,
                    "entityleft": false,
                    "key": "[106,164]",
                    "player_slot": 129,
                    "slot": 6,
                    "time": 45,
                    "type": "sen_log",
                    "x": 105.6,
                    "y": 164.2,
                    "z": 130
                },
                {
                    "ehandle": 2608388,
                    "entityleft": false,
                    "key": "[134,126]",
                    "player_slot": 129,
                    "slot": 6,
                    "time": 272,
                    "type": "sen_log",
                    "x": 134,
                    "y": 125.8,
                    "z": 129
                },
                {
                    "ehandle": 10734919,
                    "entityleft": false,
                    "key": "[122,125]",
                    "player_slot": 129,
                    "slot": 6,
                    "time": 285,
                    "type": "sen_log",
                    "x": 122.2,
                    "y": 125.2,
                    "z": 128
                },
                {
                    "ehandle": 9981435,
                    "entityleft": false,
                    "key": "[103,157]",
                    "player_slot": 129,
                    "slot": 6,
                    "time": 335,
                    "type": "sen_log",
                    "x": 102.9,
                    "y": 157.1,
                    "z": 130
                },
                {
                    "ehandle": 12568853,
                    "entityleft": false,
                    "key": "[158,92]",
                    "player_slot": 129,
                    "slot": 6,
                    "time": 497,
                    "type": "sen_log",
                    "x": 158,
                    "y": 92.1,
                    "z": 132.2
                },
                {
                    "ehandle": 2002063,
                    "entityleft": false,
                    "key": "[128,114]",
                    "player_slot": 129,
                    "slot": 6,
                    "time": 693,
                    "type": "sen_log",
                    "x": 127.6,
                    "y": 114,
                    "z": 130
                },
                {
                    "ehandle": 6621545,
                    "entityleft": false,
                    "key": "[149,118]",
                    "player_slot": 129,
                    "slot": 6,
                    "time": 924,
                    "type": "sen_log",
                    "x": 148.8,
                    "y": 117.8,
                    "z": 130
                },
                {
                    "ehandle": 5392708,
                    "entityleft": false,
                    "key": "[122,156]",
                    "player_slot": 129,
                    "slot": 6,
                    "time": 979,
                    "type": "sen_log",
                    "x": 122,
                    "y": 156,
                    "z": 132.1
                },
                {
                    "ehandle": 2624471,
                    "entityleft": false,
                    "key": "[114,167]",
                    "player_slot": 129,
                    "slot": 6,
                    "time": 982,
                    "type": "sen_log",
                    "x": 114.1,
                    "y": 167,
                    "z": 130
                },
                {
                    "ehandle": 1739081,
                    "entityleft": false,
                    "key": "[134,126]",
                    "player_slot": 129,
                    "slot": 6,
                    "time": 1028,
                    "type": "sen_log",
                    "x": 133.7,
                    "y": 126.2,
                    "z": 129
                },
                {
                    "ehandle": 11419901,
                    "entityleft": false,
                    "key": "[166,152]",
                    "player_slot": 129,
                    "slot": 6,
                    "time": 1259,
                    "type": "sen_log",
                    "x": 166.3,
                    "y": 151.5,
                    "z": 130
                },
                {
                    "ehandle": 16747988,
                    "entityleft": false,
                    "key": "[149,156]",
                    "player_slot": 129,
                    "slot": 6,
                    "time": 1263,
                    "type": "sen_log",
                    "x": 149.1,
                    "y": 155.8,
                    "z": 129
                },
                {
                    "ehandle": 2706921,
                    "entityleft": false,
                    "key": "[156,165]",
                    "player_slot": 129,
                    "slot": 6,
                    "time": 1332,
                    "type": "sen_log",
                    "x": 155.8,
                    "y": 164.7,
                    "z": 130
                },
                {
                    "ehandle": 5868455,
                    "entityleft": false,
                    "key": "[156,166]",
                    "player_slot": 129,
                    "slot": 6,
                    "time": 1351,
                    "type": "sen_log",
                    "x": 155.9,
                    "y": 166.3,
                    "z": 130
                },
                {
                    "ehandle": 15699386,
                    "entityleft": false,
                    "key": "[152,180]",
                    "player_slot": 129,
                    "slot": 6,
                    "time": 1365,
                    "type": "sen_log",
                    "x": 152.2,
                    "y": 179.7,
                    "z": 130
                }
            ],
            "sen_placed": 15,
            "sentry_kills": 2,
            "sentry_uses": 5,
            "stuns": 36.833286,
            "teamfight_participation": 0.5555556,
            "total_gold": 5545,
            "total_xp": 5362,
            "tower_damage": 0,
            "tower_kills": 0,
            "win": 0,
            "xp_per_min": 206
        },
        {
            "abandons": 0,
            "account_id": 1101610460,
            "actions_per_min": 373,
            "ancient_kills": 0,
            "assists": 3,
            "benchmarks": {
                "gold_per_min": {
                    "pct": 0.2496021220159151,
                    "raw": 413
                },
                "hero_damage_per_min": {
                    "pct": 0.5297082228116711,
                    "raw": 665.416133162612
                },
                "hero_healing_per_min": {
                    "pct": 0.9530503978779841,
                    "raw": 4.225352112676057
                },
                "kills_per_min": {
                    "pct": 0.33076923076923076,
                    "raw": 0.15364916773367476
                },
                "last_hits_per_min": {
                    "pct": 0.6220159151193634,
                    "raw": 5.377720870678617
                },
                "tower_damage": {
                    "pct": 0.2262599469496021,
                    "raw": 495
                },
                "xp_per_min": {
                    "pct": 0.11750663129973475,
                    "raw": 439
                }
            },
            "buyback_count": 0,
            "camps_stacked": 0,
            "courier_kills": 0,
            "creeps_stacked": 0,
            "deaths": 6,
            "denies": 3,
            "gold": 952,
            "gold_per_min": 413,
            "gold_spent": 9140,
            "hero_damage": 17323,
            "hero_healing": 110,
            "hero_id": 21,
            "hero_kills": 4,
            "hero_variant": 2,
            "is_roaming": false,
            "item_uses": {
                "arcane_ring": 10,
                "bottle": 50,
                "gungir": 2,
                "magic_wand": 8,
                "power_treads": 3,
                "tango": 3,
                "tpscroll": 6,
                "ward_observer": 2
            },
            "kda": 1,
            "kill_streaks": {},
            "kills": 4,
            "kills_per_min": 0.15364916773367476,
            "lane": 2,
            "lane_efficiency": 0.7791026677445433,
            "lane_efficiency_pct": 77,
            "lane_kills": 113,
            "lane_role": 2,
            "last_hits": 140,
            "leaver_status": 0,
            "level": 14,
            "life_state": {
                "0": 1309,
                "1": 11,
                "2": 244
            },
            "life_state_dead": 255,
            "lose": 1,
            "multi_kills": {
                "2": 1
            },
            "necronomicon_kills": 0,
            "net_worth": 9612,
            "neutral_kills": 28,
            "obs": {
                "124": {
                    "133": 2
                }
            },
            "obs_left_log": [
                {
                    "attackername": "npc_dota_hero_windrunner",
                    "ehandle": 13109359,
                    "entityleft": true,
                    "key": "[124,133]",
                    "player_slot": 130,
                    "slot": 7,
                    "time": 301,
                    "type": "obs_left_log",
                    "x": 124,
                    "y": 133.4,
                    "z": 129
                },
                {
                    "attackername": "npc_dota_hero_batrider",
                    "ehandle": 14453070,
                    "entityleft": true,
                    "key": "[124,133]",
                    "player_slot": 130,
                    "slot": 7,
                    "time": 668,
                    "type": "obs_left_log",
                    "x": 123.8,
                    "y": 132.8,
                    "z": 129
                }
            ],
            "obs_log": [
                {
                    "ehandle": 13109359,
                    "entityleft": false,
                    "key": "[124,133]",
                    "player_slot": 130,
                    "slot": 7,
                    "time": -59,
                    "type": "obs_log",
                    "x": 124,
                    "y": 133.4,
                    "z": 129
                },
                {
                    "ehandle": 14453070,
                    "entityleft": false,
                    "key": "[124,133]",
                    "player_slot": 130,
                    "slot": 7,
                    "time": 348,
                    "type": "obs_log",
                    "x": 123.8,
                    "y": 132.8,
                    "z": 129
                }
            ],
            "obs_placed": 2,
            "observer_kills": 1,
            "observer_uses": 2,
            "observers_placed": 2,
            "pings": 21,
            "player_slot": 130,
            "purchase": {
                "belt_of_strength": 1,
                "boots": 1,
                "bottle": 1,
                "bracer": 1,
                "branches": 2,
                "circlet": 1,
                "dust": 1,
                "faerie_fire": 1,
                "gauntlets": 1,
                "gloves": 2,
                "gungir": 1,
                "infused_raindrop": 1,
                "javelin": 1,
                "maelstrom": 1,
                "magic_stick": 1,
                "magic_wand": 1,
                "mithril_hammer": 1,
                "power_treads": 1,
                "recipe_bracer": 1,
                "recipe_gungir": 1,
                "recipe_magic_wand": 1,
                "recipe_rod_of_atos": 1,
                "rod_of_atos": 1,
                "staff_of_wizardry": 1,
                "tango": 1,
                "tpscroll": 2,
                "vitality_booster": 1,
                "ward_observer": 2
            },
            "purchase_tpscroll": 2,
            "purchase_ward_observer": 2,
            "rank_tier": 80,
            "roshan_kills": 0,
            "rune_pickups": 11,
            "runes": {
                "0": 1,
                "1": 1,
                "2": 1,
                "4": 1,
                "5": 5,
                "7": 2
            },
            "sen": {},
            "sen_left_log": [],
            "sen_log": [],
            "sen_placed": 0,
            "sentry_kills": 0,
            "sentry_uses": 0,
            "stuns": 30.167046,
            "teamfight_participation": 0.7777778,
            "total_gold": 10751,
            "total_xp": 11428,
            "tower_damage": 495,
            "tower_kills": 0,
            "win": 0,
            "xp_per_min": 439
        },
        {
            "abandons": 0,
            "account_id": 221771983,
            "actions_per_min": 258,
            "ancient_kills": 9,
            "assists": 5,
            "benchmarks": {
                "gold_per_min": {
                    "pct": 0.09221128021486123,
                    "raw": 269
                },
                "hero_damage_per_min": {
                    "pct": 0.4762757385854969,
                    "raw": 610.2944942381563
                },
                "hero_healing_per_min": {
                    "pct": 0.4610564010743062,
                    "raw": 50.28169014084507
                },
                "kills_per_min": {
                    "pct": 0.09579230080572963,
                    "raw": 0.03841229193341869
                },
                "last_hits_per_min": {
                    "pct": 0.4798567591763653,
                    "raw": 2.151088348271447
                },
                "tower_damage": {
                    "pct": 0.20590868397493287,
                    "raw": 1034
                },
                "xp_per_min": {
                    "pct": 0.11638316920322292,
                    "raw": 322
                }
            },
            "buyback_count": 1,
            "camps_stacked": 4,
            "courier_kills": 0,
            "creeps_stacked": 14,
            "deaths": 8,
            "denies": 0,
            "gold": 1193,
            "gold_per_min": 269,
            "gold_spent": 5420,
            "hero_damage": 15888,
            "hero_healing": 1309,
            "hero_id": 45,
            "hero_kills": 1,
            "hero_variant": 1,
            "is_roaming": false,
            "item_uses": {
                "arcane_boots": 8,
                "blood_grenade": 1,
                "clarity": 1,
                "dust": 2,
                "famango": 1,
                "magic_stick": 2,
                "magic_wand": 10,
                "tango": 6,
                "tpscroll": 8,
                "ward_dispenser": 5,
                "ward_observer": 2,
                "ward_sentry": 1
            },
            "kda": 0.67,
            "kill_streaks": {},
            "kills": 1,
            "kills_per_min": 0.03841229193341869,
            "lane": 1,
            "lane_efficiency": 0.40137429264349234,
            "lane_efficiency_pct": 40,
            "lane_kills": 35,
            "lane_role": 3,
            "last_hits": 56,
            "leaver_status": 0,
            "level": 12,
            "life_state": {
                "0": 1360,
                "1": 12,
                "2": 192
            },
            "life_state_dead": 204,
            "lose": 1,
            "multi_kills": {},
            "necronomicon_kills": 0,
            "net_worth": 5873,
            "neutral_kills": 13,
            "obs": {
                "134": {
                    "92": 1
                },
                "158": {
                    "92": 1
                },
                "175": {
                    "92": 1
                }
            },
            "obs_left_log": [
                {
                    "attackername": "npc_dota_hero_omniknight",
                    "ehandle": 6638141,
                    "entityleft": true,
                    "key": "[158,92]",
                    "player_slot": 131,
                    "slot": 8,
                    "time": 71,
                    "type": "obs_left_log",
                    "x": 158,
                    "y": 92,
                    "z": 132.2
                },
                {
                    "attackername": "npc_dota_hero_pugna",
                    "ehandle": 5836252,
                    "entityleft": true,
                    "key": "[175,92]",
                    "player_slot": 131,
                    "slot": 8,
                    "time": 680,
                    "type": "obs_left_log",
                    "x": 175.3,
                    "y": 92,
                    "z": 129
                },
                {
                    "attackername": "npc_dota_hero_pugna",
                    "ehandle": 13107886,
                    "entityleft": true,
                    "key": "[134,92]",
                    "player_slot": 131,
                    "slot": 8,
                    "time": 1142,
                    "type": "obs_left_log",
                    "x": 133.9,
                    "y": 92.1,
                    "z": 132.2
                }
            ],
            "obs_log": [
                {
                    "ehandle": 6638141,
                    "entityleft": false,
                    "key": "[158,92]",
                    "player_slot": 131,
                    "slot": 8,
                    "time": 38,
                    "type": "obs_log",
                    "x": 158,
                    "y": 92,
                    "z": 132.2
                },
                {
                    "ehandle": 5836252,
                    "entityleft": false,
                    "key": "[175,92]",
                    "player_slot": 131,
                    "slot": 8,
                    "time": 319,
                    "type": "obs_log",
                    "x": 175.3,
                    "y": 92,
                    "z": 129
                },
                {
                    "ehandle": 13107886,
                    "entityleft": false,
                    "key": "[134,92]",
                    "player_slot": 131,
                    "slot": 8,
                    "time": 782,
                    "type": "obs_log",
                    "x": 133.9,
                    "y": 92.1,
                    "z": 132.2
                }
            ],
            "obs_placed": 3,
            "observer_kills": 2,
            "observer_uses": 2,
            "observers_placed": 3,
            "pings": 9,
            "player_slot": 131,
            "purchase": {
                "aether_lens": 1,
                "arcane_boots": 1,
                "blood_grenade": 1,
                "boots": 1,
                "branches": 2,
                "circlet": 1,
                "clarity": 1,
                "dust": 2,
                "energy_booster": 1,
                "magic_stick": 1,
                "magic_wand": 1,
                "mantle": 1,
                "null_talisman": 1,
                "recipe_aether_lens": 1,
                "recipe_arcane_boots": 1,
                "recipe_magic_wand": 1,
                "recipe_null_talisman": 1,
                "recipe_ring_of_basilius": 1,
                "ring_of_basilius": 1,
                "smoke_of_deceit": 1,
                "sobi_mask": 1,
                "tango": 2,
                "tpscroll": 2,
                "void_stone": 1,
                "ward_dispenser": 4,
                "ward_observer": 2,
                "ward_sentry": 3
            },
            "purchase_tpscroll": 2,
            "purchase_ward_observer": 2,
            "purchase_ward_sentry": 3,
            "rank_tier": 72,
            "roshan_kills": 0,
            "rune_pickups": 1,
            "runes": {
                "8": 1
            },
            "sen": {
                "158": {
                    "83": 1,
                    "92": 2
                }
            },
            "sen_left_log": [
                {
                    "attackername": "npc_dota_hero_omniknight",
                    "ehandle": 11881071,
                    "entityleft": true,
                    "key": "[158,83]",
                    "player_slot": 131,
                    "slot": 8,
                    "time": 64,
                    "type": "sen_left_log",
                    "x": 158,
                    "y": 83.3,
                    "z": 129
                },
                {
                    "attackername": "npc_dota_hero_omniknight",
                    "ehandle": 2428148,
                    "entityleft": true,
                    "key": "[158,92]",
                    "player_slot": 131,
                    "slot": 8,
                    "time": 488,
                    "type": "sen_left_log",
                    "x": 158.1,
                    "y": 92,
                    "z": 132.2
                },
                {
                    "attackername": "npc_dota_hero_pugna",
                    "ehandle": 4803797,
                    "entityleft": true,
                    "key": "[158,92]",
                    "player_slot": 131,
                    "slot": 8,
                    "time": 1190,
                    "type": "sen_left_log",
                    "x": 158,
                    "y": 92.1,
                    "z": 132.2
                }
            ],
            "sen_log": [
                {
                    "ehandle": 11881071,
                    "entityleft": false,
                    "key": "[158,83]",
                    "player_slot": 131,
                    "slot": 8,
                    "time": 42,
                    "type": "sen_log",
                    "x": 158,
                    "y": 83.3,
                    "z": 129
                },
                {
                    "ehandle": 2428148,
                    "entityleft": false,
                    "key": "[158,92]",
                    "player_slot": 131,
                    "slot": 8,
                    "time": 263,
                    "type": "sen_log",
                    "x": 158.1,
                    "y": 92,
                    "z": 132.2
                },
                {
                    "ehandle": 4803797,
                    "entityleft": false,
                    "key": "[158,92]",
                    "player_slot": 131,
                    "slot": 8,
                    "time": 770,
                    "type": "sen_log",
                    "x": 158,
                    "y": 92.1,
                    "z": 132.2
                }
            ],
            "sen_placed": 3,
            "sentry_kills": 1,
            "sentry_uses": 1,
            "stuns": 0,
            "teamfight_participation": 0.6666667,
            "total_gold": 7002,
            "total_xp": 8382,
            "tower_damage": 1034,
            "tower_kills": 0,
            "win": 0,
            "xp_per_min": 322
        },
        {
            "abandons": 0,
            "actions_per_min": 256,
            "ancient_kills": 33,
            "assists": 3,
            "benchmarks": {
                "gold_per_min": {
                    "pct": 0.07558257345491388,
                    "raw": 356
                },
                "hero_damage_per_min": {
                    "pct": 0.39594731509625125,
                    "raw": 681.8181818181818
                },
                "hero_healing_per_min": {
                    "pct": 0.9564336372847011,
                    "raw": 0
                },
                "kills_per_min": {
                    "pct": 0.07558257345491388,
                    "raw": 0.07682458386683738
                },
                "last_hits_per_min": {
                    "pct": 0.4869300911854103,
                    "raw": 4.609475032010243
                },
                "tower_damage": {
                    "pct": 0.16170212765957448,
                    "raw": 0
                },
                "xp_per_min": {
                    "pct": 0.09564336372847011,
                    "raw": 434
                }
            },
            "buyback_count": 0,
            "camps_stacked": 3,
            "courier_kills": 0,
            "creeps_stacked": 14,
            "deaths": 6,
            "denies": 2,
            "gold": 588,
            "gold_per_min": 356,
            "gold_spent": 8465,
            "hero_damage": 17750,
            "hero_healing": 0,
            "hero_id": 2,
            "hero_kills": 2,
            "hero_variant": 2,
            "is_roaming": false,
            "item_uses": {
                "blade_mail": 5,
                "blink": 3,
                "magic_stick": 1,
                "magic_wand": 5,
                "phase_boots": 69,
                "seeds_of_serenity": 5,
                "tango": 3,
                "tpscroll": 3
            },
            "kda": 0.71,
            "kill_streaks": {},
            "kills": 2,
            "kills_per_min": 0.07682458386683738,
            "lane": 1,
            "lane_efficiency": 0.6883589329021828,
            "lane_efficiency_pct": 68,
            "lane_kills": 42,
            "lane_role": 3,
            "last_hits": 120,
            "leaver_status": 0,
            "level": 14,
            "life_state": {
                "0": 1366,
                "1": 8,
                "2": 190
            },
            "life_state_dead": 198,
            "lose": 1,
            "multi_kills": {},
            "necronomicon_kills": 0,
            "net_worth": 9063,
            "neutral_kills": 71,
            "obs": {},
            "obs_left_log": [],
            "obs_log": [],
            "obs_placed": 0,
            "observer_kills": 0,
            "observer_uses": 0,
            "observers_placed": 0,
            "player_slot": 132,
            "purchase": {
                "blade_mail": 1,
                "blades_of_attack": 1,
                "blink": 1,
                "boots": 1,
                "branches": 2,
                "broadsword": 1,
                "chainmail": 2,
                "magic_stick": 1,
                "magic_wand": 1,
                "phase_boots": 1,
                "recipe_blade_mail": 1,
                "recipe_magic_wand": 1,
                "ring_of_health": 1,
                "ring_of_protection": 1,
                "tango": 1,
                "vanguard": 1,
                "vitality_booster": 1
            },
            "rank_tier": null,
            "roshan_kills": 0,
            "rune_pickups": 2,
            "runes": {
                "5": 2
            },
            "sen": {},
            "sen_left_log": [],
            "sen_log": [],
            "sen_placed": 0,
            "sentry_kills": 0,
            "sentry_uses": 0,
            "stuns": 42.40032,
            "teamfight_participation": 0.5555556,
            "total_gold": 9267,
            "total_xp": 11298,
            "tower_damage": 0,
            "tower_kills": 0,
            "win": 0,
            "xp_per_min": 434
        }
    ],
    "radiant_score": 39,
    "radiant_win": true,
    "replay_url": "http://replay271.valve.net/570/7909411511_1229465605.dem.bz2"
}